date,open,high,low,close,volume,open_pct_change,high_pct_change,low_pct_change,close_pct_change
2024-10-28 09:31:00-04:00,75.75499725341797,75.8499984741211,75.4000015258789,75.44000244140625,26472.0,-0.059374401751821626,-0.2485605900677701,-0.2513491483217334,-0.4158073043788679
2024-10-28 09:32:00-04:00,75.4800033569336,76.0199966430664,75.4800033569336,76.0199966430664,18047.0,-0.363004298666203,0.2241241560516416,0.1061032220632363,0.7688151947113697
2024-10-28 09:33:00-04:00,76.0,76.26000213623047,75.94999694824219,76.25900268554688,6836.0,0.68891974024885,0.3157136329418053,0.6226729867592429,0.3143989121739521
2024-10-28 09:34:00-04:00,76.38999938964844,76.5,76.36000061035156,76.43000030517578,10076.0,0.5131570916426798,0.314710014485442,0.5398336781880175,0.22423269857594352
2024-10-28 09:35:00-04:00,76.37999725341797,76.52999877929688,76.25,76.52999877929688,9354.0,-0.01309351526428415,0.03921409058416092,-0.144055276941224,0.13083667895041895
2024-10-28 09:36:00-04:00,76.58000183105469,76.58000183105469,76.4800033569336,76.52999877929688,10263.0,0.26185465413559594,0.06533784470847959,0.30164374679815253,0.0
2024-10-28 09:37:00-04:00,76.49500274658203,76.49500274658203,76.3499984741211,76.36000061035156,3581.0,-0.11099383969743748,-0.11099383969743748,-0.16998545646731422,-0.2221327213601132
2024-10-28 09:38:00-04:00,76.44000244140625,76.62000274658203,76.44000244140625,76.50499725341797,8383.0,-0.07190052055817686,0.16340936729437594,0.11788339107257073,0.1898855970500657
2024-10-28 09:39:00-04:00,76.62000274658203,76.7300033569336,76.62000274658203,76.7300033569336,3964.0,0.23547919862216826,0.14356644010491415,0.23547919862216826,0.29410641342852983
2024-10-28 09:40:00-04:00,76.74500274658203,76.83000183105469,76.74500274658203,76.82499694824219,5169.0,0.16314277671514166,0.1303251267381178,0.16314277671514166,0.12380240734084502
2024-10-28 09:41:00-04:00,76.87000274658203,77.0,76.7699966430664,76.79499816894531,10049.0,0.16287705456570212,0.22126534542994403,0.03256745793196458,-0.03904820109148499
2024-10-28 09:42:00-04:00,76.68000030517578,76.69499969482422,76.63999938964844,76.66500091552734,1613.0,-0.24717371486590034,-0.3961042924360836,-0.16933341031962756,-0.1692782818120242
2024-10-28 09:43:00-04:00,76.69999694824219,76.81999969482422,76.69999694824219,76.70999908447266,6480.0,0.026078042497168497,0.16298324597090463,0.07828491528125703,0.05869453910904987
2024-10-28 09:44:00-04:00,76.79000091552734,76.8499984741211,76.79000091552734,76.81999969482422,1855.0,0.11734546397164092,0.03905074123411456,0.11734546397164092,0.14339800764491262
2024-10-28 09:45:00-04:00,76.80000305175781,76.80999755859375,76.62999725341797,76.69999694824219,8117.0,0.013025310732150963,-0.05205063932540721,-0.20836523011034114,-0.15621289645763037
2024-10-28 09:46:00-04:00,76.66000366210938,76.66000366210938,76.66000366210938,76.66000366210938,517.0,-0.18229086469447875,-0.19527913195147573,0.039157522859056826,-0.052142487254336345
2024-10-28 09:48:00-04:00,76.72100067138672,76.79000091552734,76.72100067138672,76.79000091552734,12259.0,0.07956823162467153,0.16957637256442837,0.07956823162467153,0.16957637256442837
2024-10-28 09:49:00-04:00,76.73069763183594,76.86499786376953,76.73069763183594,76.86499786376953,4498.0,0.012639251788115757,0.09766499198859968,0.012639251788115757,0.09766499198859968
2024-10-28 09:50:00-04:00,76.87999725341797,76.87999725341797,76.75,76.76000213623047,4470.0,0.19457612948912129,0.019513940109683325,0.025155992008141226,-0.13659758076771666
2024-10-28 09:52:00-04:00,76.74500274658203,76.76000213623047,76.72000122070312,76.72000122070312,13903.0,-0.17559119622618802,-0.15608106331216343,-0.03908635739006128,-0.052111665469145585
2024-10-28 09:53:00-04:00,76.7699966430664,76.7699966430664,76.75499725341797,76.75499725341797,511.0,0.03256745793196458,0.013020461904367231,0.04561526610795674,0.04561526610795674
2024-10-28 09:55:00-04:00,76.7249984741211,76.83000183105469,76.7249984741211,76.79499816894531,19489.0,-0.05861426457334229,0.07816229075436887,-0.03908381261200633,0.052115063460012045
2024-10-28 09:56:00-04:00,76.75,76.83999633789062,76.75,76.81999969482422,10145.0,0.0325858929633549,0.01300859898183404,0.0325858929633549,0.032556190474686275
2024-10-28 09:57:00-04:00,76.80000305175781,76.80000305175781,76.70999908447266,76.7300033569336,3082.0,0.06515055603624198,-0.0520474857350961,-0.05211845671314608,-0.11715222370235479
2024-10-28 09:58:00-04:00,76.91999816894531,76.91999816894531,76.90499877929688,76.90499877929688,377.0,0.15624363596264956,0.15624363596264956,0.2542037506863881,0.2280664859992676
2024-10-28 09:59:00-04:00,76.91999816894531,76.91999816894531,76.79499816894531,76.83000183105469,4447.0,0.0,0.0,-0.1430344088129365,-0.09751895121592469
2024-10-28 10:00:00-04:00,76.80999755859375,76.83999633789062,76.70999908447266,76.72000122070312,30958.0,-0.143006517121802,-0.10400654310855906,-0.11068309981030477,-0.1431740306260143
2024-10-28 10:01:00-04:00,76.6709976196289,76.70999908447266,76.61000061035156,76.66999816894531,3806.0,-0.18096594633896235,-0.16917915098060288,-0.13035911265097955,-0.06517603097263569
2024-10-28 10:02:00-04:00,76.6500015258789,76.7300033569336,76.6500015258789,76.7300033569336,5509.0,-0.02738466226064329,0.02607778998786614,0.05221369952832511,0.07826423558281448
2024-10-28 10:03:00-04:00,76.75,76.77999877929688,76.75,76.7699966430664,7197.0,0.1304611508550657,0.06515759178415959,0.1304611508550657,0.05212209615939045
2024-10-28 10:05:00-04:00,76.80999755859375,76.83999633789062,76.78500366210938,76.83999633789062,11532.0,0.07817271478012255,0.07814217185155847,0.04560737734120579,0.09118105755516748
2024-10-28 10:06:00-04:00,76.83499908447266,76.91999816894531,76.79000091552734,76.91999816894531,2008.0,0.032549832930062195,0.10411482934342686,0.00650811119311534,0.10411482934342686
2024-10-28 10:07:00-04:00,76.91500091552734,77.05999755859375,76.91500091552734,77.05999755859375,5662.0,0.1041216008432988,0.18200649113504497,0.16278161024831928,0.18200649113504497
2024-10-28 10:08:00-04:00,77.05000305175781,77.08499908447266,77.02999877929688,77.08499908447266,4343.0,0.17552120473707244,0.03244423393589102,0.14951291997751248,0.03244423393589102
2024-10-28 10:09:00-04:00,77.09500122070312,77.0999984741211,77.06999969482422,77.08999633789062,5690.0,0.05840125524081419,0.019458247164272358,0.05192900968615799,0.006482783261740899
2024-10-28 10:10:00-04:00,77.01000213623047,77.01000213623047,76.91999816894531,76.9800033569336,4250.0,-0.1102523939643274,-0.11672677000225118,-0.1946302406550804,-0.14268126369461065
2024-10-28 10:11:00-04:00,76.95999908447266,76.9800033569336,76.9000015258789,76.94000244140625,6542.0,-0.06493059391085021,-0.03895439353943653,-0.02599667647220638,-0.05196273549361585
2024-10-28 10:12:00-04:00,76.98500061035156,76.98500061035156,76.93000030517578,76.93499755859375,1418.0,0.03248639056174785,0.00649162535730774,0.03901011534672705,-0.006504916368199609
2024-10-28 10:13:00-04:00,76.93000030517578,76.9800033569336,76.91000366210938,76.9800033569336,3293.0,-0.07144288463951654,-0.006491203972658344,-0.025993296486526152,0.058498472435219995
2024-10-28 10:14:00-04:00,76.98999786376953,76.98999786376953,76.92500305175781,76.95999908447266,3926.0,0.07798980677986567,0.012983250714593275,0.019502521043079923,-0.02598632318601135
2024-10-28 10:15:00-04:00,77.0199966430664,77.0199966430664,76.95500183105469,76.97000122070312,3062.0,0.038964515039929815,0.038964515039929815,0.03899743660287225,0.012996538915621692
2024-10-28 10:16:00-04:00,76.97000122070312,77.05999755859375,76.94999694824219,77.05999755859375,8443.0,-0.064912262454353,0.051935753402743146,-0.006503648487321545,0.11692391381490364
2024-10-28 10:17:00-04:00,77.06999969482422,77.11000061035156,77.0,77.04000091552734,12421.0,0.12991876384977896,0.06488846787178204,0.06498122643390225,-0.025949446794626407
2024-10-28 10:18:00-04:00,77.05000305175781,77.16000366210938,77.04000091552734,77.11000061035156,4255.0,-0.025946079078220663,0.06484639004282755,0.05194924094460429,0.0908614927211282
2024-10-28 10:19:00-04:00,77.12999725341797,77.12999725341797,77.11000061035156,77.12999725341797,1652.0,0.10382115313665174,-0.03888855270510749,0.0908614927211282,0.02593261951513437
2024-10-28 10:20:00-04:00,77.16000366210938,77.16000366210938,77.16000366210938,77.16000366210938,12722.0,0.03890368178389725,0.03890368178389725,0.06484639004282755,0.03890368178389725
2024-10-28 10:21:00-04:00,77.19000244140625,77.20500183105469,77.18000030517578,77.19000244140625,5644.0,0.03887866494698411,0.058317997420487266,0.02591581404527421,0.03887866494698411
2024-10-28 10:22:00-04:00,77.1500015258789,77.2969970703125,77.1500015258789,77.2969970703125,17489.0,-0.05182136839250173,0.11915709743666181,-0.03886859183500624,0.13861202943667994
2024-10-28 10:23:00-04:00,77.30000305175781,77.36000061035156,77.30000305175781,77.3550033569336,8976.0,0.19442841595873617,0.08150839285743228,0.19442841595873617,0.07504338954891221
2024-10-28 10:24:00-04:00,77.4000015258789,77.40499877929688,77.30999755859375,77.36000061035156,8349.0,0.12936412700286226,0.058167229304917356,0.012929503805114706,0.006460155388920974
2024-10-28 10:25:00-04:00,77.3499984741211,77.375,77.29000091552734,77.29000091552734,10464.0,-0.06460342477008219,-0.03875560980551862,-0.025865533175384314,-0.09048564409506188
2024-10-28 10:26:00-04:00,77.27999877929688,77.45999908447266,77.27999877929688,77.43000030517578,14188.0,-0.09049734480297555,0.10985342096627715,-0.012941048145931333,0.18113518953304375
2024-10-28 10:27:00-04:00,77.41999816894531,77.52999877929688,77.4000015258789,77.48999786376953,14367.0,0.18115863335901317,0.09036882991424466,0.15528305962420053,0.07748619186009886
2024-10-28 10:28:00-04:00,77.4800033569336,77.4800033569336,77.38999938964844,77.44999694824219,9576.0,0.07750605710081793,-0.0644852613832736,-0.012922656373748342,-0.051620746715808075
2024-10-28 10:29:00-04:00,77.41999816894531,77.43000030517578,77.4000015258789,77.41999816894531,11676.0,-0.077446031735251,-0.06453671862591825,0.012924326540053599,-0.03873309293598304
2024-10-28 10:30:00-04:00,77.43000030517578,77.55999755859375,77.43000030517578,77.50499725341797,18114.0,0.012919318608917152,0.16789003345680786,0.0387581120225855,0.10978957179406112
2024-10-28 10:31:00-04:00,77.44000244140625,77.44999694824219,77.36000061035156,77.44000244140625,6776.0,0.012917649736587933,-0.1418264747474529,-0.090403841596709,-0.08385886628601291
2024-10-28 10:32:00-04:00,77.44000244140625,77.45999908447266,77.41000366210938,77.44000244140625,4467.0,0.0,0.01291431455723302,0.06463682958026684,0.0
2024-10-28 10:33:00-04:00,77.41000366210938,77.41000366210938,77.32499694824219,77.32499694824219,3923.0,-0.03873809187903143,-0.06454353595946039,-0.10981360269434193,-0.1485091548790729
2024-10-28 10:34:00-04:00,77.25,77.26000213623047,77.19999694824219,77.22000122070312,37341.0,-0.2066963629245966,-0.1937753762855432,-0.161655357172108,-0.13578497469497464
2024-10-28 10:35:00-04:00,77.27999877929688,77.27999877929688,77.11060333251953,77.19999694824219,9408.0,0.03883337125809572,0.025882270920907224,-0.11579484359641734,-0.025905558332950385
2024-10-28 10:36:00-04:00,77.22000122070312,77.23999786376953,77.16000366210938,77.19000244140625,7134.0,-0.07763659360955355,-0.05176101987472981,0.06406424986304948,-0.012946252889933785
2024-10-28 10:37:00-04:00,77.18000030517578,77.24500274658203,77.1500015258789,77.20999908447266,9684.0,-0.051801236590265365,0.006479651671309483,-0.012962850901698797,0.025905742238552243
2024-10-28 10:38:00-04:00,77.22000122070312,77.23500061035156,77.19000244140625,77.19000244140625,2221.0,0.05182808417876217,-0.012948586801508899,0.05184823685833173,-0.025899032901854913
2024-10-28 10:39:00-04:00,77.16999816894531,77.19999694824219,77.1500015258789,77.19999694824219,3932.0,-0.06475401575674056,-0.045320983793306624,-0.05182136839250173,0.012947929161577498
2024-10-28 10:40:00-04:00,77.2300033569336,77.2699966430664,77.2300033569336,77.2699966430664,1106.0,0.07775714579767445,0.09067318340847397,0.10369647371666346,0.09067318340847397
2024-10-28 10:41:00-04:00,77.28500366210938,77.31999969482422,77.26499938964844,77.2699966430664,5089.0,0.0712162408197603,0.06471211845497926,0.04531403754199914,0.0
2024-10-28 10:42:00-04:00,77.26499938964844,77.31999969482422,77.26499938964844,77.31500244140625,2997.0,-0.025883769829904146,0.0,0.0,0.05824485608267871
2024-10-28 10:43:00-04:00,77.30000305175781,77.31999969482422,77.23999786376953,77.23999786376953,5603.0,0.04530338754402674,0.0,-0.03235815191406921,-0.09701167337291539
2024-10-28 10:44:00-04:00,77.25,77.26100158691406,77.22000122070312,77.23100280761719,9397.0,-0.06468699842654413,-0.07630381291130472,-0.0258889741318713,-0.011645593476339311
2024-10-28 10:45:00-04:00,77.26010131835938,77.33000183105469,77.26010131835938,77.30000305175781,12579.0,0.013076140271039982,0.08930798555983888,0.05192967757361444,0.0893426753922899
2024-10-28 10:46:00-04:00,77.29000091552734,77.31999969482422,77.18000030517578,77.22000122070312,7471.0,0.03869991969691622,-0.012934354058757869,-0.10367707499311374,-0.10349524954238465
2024-10-28 10:47:00-04:00,77.20999908447266,77.25990295410156,77.19999694824219,77.25990295410156,3529.0,-0.10350864291245321,-0.07772470377632734,0.025909099491228105,0.05167279560691629
2024-10-28 10:48:00-04:00,77.22000122070312,77.23999786376953,77.18000030517578,77.22000122070312,4195.0,0.012954457128699914,-0.025763804471590213,-0.025902388415655064,-0.05164610861877472
2024-10-28 10:49:00-04:00,77.2249984741211,77.27999877929688,77.2249984741211,77.2699966430664,1843.0,0.006471449545419894,0.05178782578152408,0.05830288775250381,0.06474413568109405
2024-10-28 10:50:00-04:00,77.23999786376953,77.23999786376953,77.16999816894531,77.16999816894531,4667.0,0.019422971764071484,-0.05176101987472981,-0.0712208562803851,-0.12941436322693178
2024-10-28 10:51:00-04:00,77.13999938964844,77.19499969482422,77.11000061035156,77.19499969482422,4168.0,-0.12946462569491946,-0.05825759993504098,-0.07774725932012672,0.032397986875909446
2024-10-28 10:52:00-04:00,77.18499755859375,77.30000305175781,77.1500015258789,77.2750015258789,9439.0,0.05833312069141172,0.13602352140515972,0.05187513320026316,0.10363602742529121
2024-10-28 10:53:00-04:00,77.27030181884766,77.31999969482422,77.27030181884766,77.29000091552734,4820.0,0.11051922388045643,0.025868877460477613,0.15593038313601593,0.019410403561637146
2024-10-28 10:54:00-04:00,77.3499984741211,77.36000061035156,77.33100128173828,77.36000061035156,1970.0,0.1031400853853004,0.05173424170359375,0.07855471178686013,0.09056759476653298
2024-10-28 10:55:00-04:00,77.36799621582031,77.37999725341797,77.3499984741211,77.37000274658203,4333.0,0.023267927671954958,0.025848814514795038,0.024566075788423625,0.01292933835517207
2024-10-28 10:56:00-04:00,77.36000061035156,77.36000061035156,77.30999755859375,77.36000061035156,8855.0,-0.01033451279576214,-0.025842134629339153,-0.05171417752609653,-0.012927666893369771
2024-10-28 10:57:00-04:00,77.37999725341797,77.37999725341797,77.37000274658203,77.37000274658203,688.0,0.025848814514795038,0.025848814514795038,0.0776163366746907,0.01292933835517207
2024-10-28 10:58:00-04:00,77.36000061035156,77.36000061035156,77.29000091552734,77.3499984741211,9527.0,-0.025842134629339153,-0.025842134629339153,-0.1034016133057758,-0.025855333786739543
2024-10-28 10:59:00-04:00,77.36000061035156,77.41000366210938,77.31999969482422,77.33000183105469,12077.0,0.0,0.06463682958026684,0.03881327331030082,-0.025852157027639322
2024-10-28 11:00:00-04:00,77.33000183105469,77.33000183105469,77.2300033569336,77.2300033569336,11788.0,-0.038778152869944904,-0.10334818146229274,-0.11639464335985172,-0.12931394252332362
2024-10-28 11:01:00-04:00,77.20999908447266,77.30999755859375,77.20999908447266,77.25,13446.0,-0.15518265064082826,-0.025868708117504635,-0.02590220327776116,0.025892324481691098
2024-10-28 11:02:00-04:00,77.2300033569336,77.30000305175781,77.2249984741211,77.26000213623047,11724.0,0.02590891425739983,-0.012927832300557718,0.019426745015271862,0.012947749165648226
2024-10-28 11:03:00-04:00,77.25499725341797,77.2699966430664,77.23999786376953,77.2699966430664,6278.0,0.03236293590311856,-0.038818120966066516,0.019422971764071484,0.012936197980306652
2024-10-28 11:04:00-04:00,77.2699966430664,77.30000305175781,77.2300033569336,77.26499938964844,9021.0,0.01941542965724352,0.03883319528279472,-0.01293954830703381,-0.006467262372289451
2024-10-28 11:05:00-04:00,77.26000213623047,77.2699966430664,77.23999786376953,77.23999786376953,2647.0,-0.012934524744590004,-0.038818120966066516,0.012941222842810518,-0.03235815191406921
2024-10-28 11:06:00-04:00,77.23999786376953,77.33499908447266,77.23999786376953,77.33499908447266,5238.0,-0.025892145881212247,0.08412377925486325,0.0,0.12299485154139145
2024-10-28 11:07:00-04:00,77.33999633789062,77.33999633789062,77.30000305175781,77.30000305175781,2165.0,0.12946462569491946,0.006461826439685403,0.07768667743117685,-0.045252515845528585
2024-10-28 11:08:00-04:00,77.29000091552734,77.33000183105469,77.25,77.25,5982.0,-0.06464368338583437,-0.012922817829308375,-0.06468699842654413,-0.06468699842654413
2024-10-28 11:09:00-04:00,77.25,77.29000091552734,77.25,77.29000091552734,2208.0,-0.051754321456232155,-0.05172755021360942,0.0,0.05178112042374394
2024-10-28 11:10:00-04:00,77.29000091552734,77.29499816894531,77.23999786376953,77.23999786376953,3393.0,0.05178112042374394,0.006465588509207976,-0.012947749165659328,-0.06469536960216349
2024-10-28 11:11:00-04:00,77.23999786376953,77.23999786376953,77.23999786376953,77.23999786376953,1154.0,-0.06469536960216349,-0.07115635743411008,0.0,0.0
2024-10-28 11:12:00-04:00,77.25499725341797,77.33000183105469,77.25499725341797,77.31999969482422,4617.0,0.019419199978343293,0.11652507738788564,0.019419199978343293,0.10357565156304815
2024-10-28 11:13:00-04:00,77.31500244140625,77.37999725341797,77.31500244140625,77.37999725341797,2527.0,0.07767159422897851,0.06465203825096744,0.07767159422897851,0.07759642890656782
2024-10-28 11:14:00-04:00,77.37999725341797,77.37999725341797,77.30999755859375,77.30999755859375,4229.0,0.08406494206731896,0.0,-0.006473365652792662,-0.09046226067309648
2024-10-28 11:15:00-04:00,77.31999969482422,77.31999969482422,77.25499725341797,77.25499725341797,7204.0,-0.07753626353494969,-0.07753626353494969,-0.07114255195015406,-0.07114255195015406
2024-10-28 11:16:00-04:00,77.23999786376953,77.25,77.18499755859375,77.18499755859375,6390.0,-0.10346848340719861,-0.09053245615687766,-0.0906086302671194,-0.0906086302671194
2024-10-28 11:17:00-04:00,77.18000030517578,77.20999908447266,77.16999816894531,77.19999694824219,3607.0,-0.07767679991339538,-0.05178112042374394,-0.019433037666483077,0.01943303766649418
2024-10-28 11:18:00-04:00,77.22000122070312,77.2300033569336,77.17669677734375,77.19000244140625,8056.0,0.05182808417876217,0.02590891425739983,0.008680327274035449,-0.012946252889933785
2024-10-28 11:19:00-04:00,77.19000244140625,77.22000122070312,77.18000030517578,77.20999908447266,6691.0,-0.03884845742379017,-0.01295110163888058,0.004280473212747715,0.025905742238552243
2024-10-28 11:20:00-04:00,77.18000030517578,77.19000244140625,77.1500015258789,77.16999816894531,4585.0,-0.012957813076974745,-0.03884845742379017,-0.03886859183500624,-0.05180794715925474
2024-10-28 11:21:00-04:00,77.17500305175781,77.19000244140625,77.16999816894531,77.18000030517578,2824.0,-0.0064748035737305365,0.0,0.025919173909150217,0.012961172045855562
2024-10-28 11:22:00-04:00,77.16000366210938,77.16999816894531,77.1500015258789,77.1500015258789,4855.0,-0.019435554331470595,-0.02591562615394949,-0.025912457614196693,-0.03886859183500624
2024-10-28 11:23:00-04:00,77.1500015258789,77.16000366210938,77.08999633789062,77.0999984741211,5190.0,-0.012962850901698797,-0.012951285568330029,-0.07777729980751324,-0.06481276833292249
2024-10-28 11:24:00-04:00,77.12000274658203,77.12000274658203,77.08999633789062,77.08999633789062,2095.0,-0.038883705383740974,-0.05184151584869401,0.0,-0.012972939595878863
2024-10-28 11:25:00-04:00,77.0999984741211,77.13999938964844,77.0999984741211,77.12000274658203,2733.0,-0.025939149051479315,0.02592925616473618,0.012974622785844048,0.03892386835755435
2024-10-28 11:26:00-04:00,77.13999938964844,77.13999938964844,77.12999725341797,77.13999938964844,1922.0,0.051881862929947786,0.0,0.03890892333409113,0.02592925616473618
2024-10-28 11:27:00-04:00,77.1500015258789,77.1500015258789,77.12000274658203,77.13500213623047,3861.0,0.01296621248327856,0.01296621248327856,-0.01295800232313793,-0.006478161080514244
2024-10-28 11:28:00-04:00,77.09500122070312,77.1500015258789,77.09500122070312,77.1500015258789,3422.0,-0.07129008955020222,0.0,-0.0324189898709748,0.01944563328324378
2024-10-28 11:29:00-04:00,77.1500015258789,77.18000030517578,77.1500015258789,77.18000030517578,3441.0,0.07134094857632611,0.038883705383740974,0.07134094857632611,0.038883705383740974
2024-10-28 11:30:00-04:00,77.18000030517578,77.22000122070312,77.16999816894531,77.22000122070312,3397.0,0.038883705383740974,0.05182808417876217,0.025919173909150217,0.05182808417876217
2024-10-28 11:31:00-04:00,77.20500183105469,77.26000213623047,77.18000030517578,77.26000213623047,6492.0,0.0323937882612757,0.05180123659027647,0.012961172045855562,0.05180123659027647
2024-10-28 11:32:00-04:00,77.30000305175781,77.30500030517578,77.16999816894531,77.20999908447266,8871.0,0.12305060352308939,0.0582425157922728,-0.012959492343767032,-0.06472048974273115
2024-10-28 11:33:00-04:00,77.19499969482422,77.2249984741211,77.13500213623047,77.2249984741211,2386.0,-0.1358387487556567,-0.10348855926377576,-0.04534927244422837,0.019426745015271862
2024-10-28 11:34:00-04:00,77.2249984741211,77.2249984741211,77.20999908447266,77.20999908447266,1783.0,0.0388610394655986,0.0,0.0972281664162411,-0.019422971764082586
2024-10-28 11:35:00-04:00,77.2300033569336,77.25,77.13999938964844,77.16000366210938,3535.0,0.00648091021222541,0.03237491275223103,-0.09066143718980957,-0.06475252293239864
2024-10-28 11:36:00-04:00,77.18000030517578,77.22000122070312,77.16999816894531,77.22000122070312,3349.0,-0.06474562939834394,-0.03883337125809572,0.038888747127607814,0.07775732989396822
2024-10-28 11:37:00-04:00,77.22000122070312,77.25910186767578,77.22000122070312,77.25,2873.0,0.05182808417876217,0.05063538766452158,0.06479597375179669,0.03884845742379017
2024-10-28 11:38:00-04:00,77.2699966430664,77.27999877929688,77.23999786376953,77.23999786376953,3566.0,0.06474413568109405,0.02704783140876632,0.025895678257303878,-0.012947749165659328
2024-10-28 11:39:00-04:00,77.24500274658203,77.25,77.2300033569336,77.23999786376953,2987.0,-0.03234618554447399,-0.038818296804776775,-0.01293954830703381,0.0
2024-10-28 11:40:00-04:00,77.26000213623047,77.27999877929688,77.25,77.2699966430664,2863.0,0.019417941763366642,0.03883337125809572,0.025892324481691098,0.03883839995668659
2024-10-28 11:41:00-04:00,77.2699966430664,77.30000305175781,77.2699966430664,77.30000305175781,1622.0,0.012936197980306652,0.025885446139906065,0.025885622092425287,0.03883319528279472
2024-10-28 11:42:00-04:00,77.31999969482422,77.31999969482422,77.29010009765625,77.31999969482422,3662.0,0.06471211845497926,0.025868877460477613,0.026017154734336856,0.025868877460477613
2024-10-28 11:43:00-04:00,77.29000091552734,77.29000091552734,77.18000030517578,77.2699966430664,9176.0,-0.03879821445328391,-0.03879821445328391,-0.14245005808164457,-0.0646702689539147
2024-10-28 11:44:00-04:00,77.2750015258789,77.27999877929688,77.26000213623047,77.2699966430664,2468.0,-0.01940663665515041,-0.012941048145931333,0.10365616835754654,0.0
2024-10-28 11:45:00-04:00,77.2699966430664,77.30000305175781,77.26000213623047,77.30000305175781,3692.0,-0.006476716549563832,0.025885446139906065,0.0,0.03883319528279472
2024-10-28 11:46:00-04:00,77.27999877929688,77.30999755859375,77.27999877929688,77.30999755859375,2183.0,0.012944398427605641,0.012929503805114706,0.025882270920907224,0.012929503805114706
2024-10-28 11:47:00-04:00,77.33499908447266,77.34500122070312,77.29000091552734,77.29000091552734,4011.0,0.07117016827711264,0.04527701877476975,0.012942723069953033,-0.025865533175384314
2024-10-28 11:48:00-04:00,77.26000213623047,77.26499938964844,77.23999786376953,77.23999786376953,4946.0,-0.09697672351463016,-0.10343503754871586,-0.06469536960216349,-0.06469536960216349
2024-10-28 11:49:00-04:00,77.26000213623047,77.27999877929688,77.26000213623047,77.26499938964844,5918.0,0.0,0.01941291628411168,0.025898851649652777,0.032368625803180784
2024-10-28 11:50:00-04:00,77.25,77.26000213623047,77.23500061035156,77.26000213623047,2720.0,-0.012946072940600573,-0.025875573734823742,-0.03236024487136557,-0.006467680654165253
2024-10-28 11:51:00-04:00,77.27999877929688,77.27999877929688,77.23999786376953,77.23999786376953,3049.0,0.03883337125809572,0.025882270920907224,0.006470192760388294,-0.025892145881212247
2024-10-28 11:52:00-04:00,77.20500183105469,77.2300033569336,77.18000030517578,77.20760345458984,4697.0,-0.09704574201193639,-0.06469387053960052,-0.07767679991339538,-0.04193994054326744
2024-10-28 11:53:00-04:00,77.22000122070312,77.22000122070312,77.22000122070312,77.22000122070312,195.0,0.01942800245151588,-0.01295110163888058,0.05182808417876217,0.016057701001659375
2024-10-28 11:54:00-04:00,77.22000122070312,77.22000122070312,77.22000122070312,77.22000122070312,5850.0,0.0,0.0,0.0,0.0
2024-10-28 11:55:00-04:00,77.18499755859375,77.25,77.16000366210938,77.23999786376953,5458.0,-0.04532978704484547,0.03884845742379017,-0.07769691484758035,0.025895678257303878
2024-10-28 11:56:00-04:00,77.23999786376953,77.23999786376953,77.19999694824219,77.19999694824219,3222.0,0.07125776629588465,-0.012947749165659328,0.051831628090570625,-0.05178782578152408
2024-10-28 11:57:00-04:00,77.2249984741211,77.2249984741211,77.19000244140625,77.20999908447266,2481.0,-0.019419199978343293,-0.019419199978343293,-0.012946252889933785,0.01295613552572128
2024-10-28 11:58:00-04:00,77.20500183105469,77.22000122070312,77.16999816894531,77.18000030517578,4090.0,-0.025894002540005623,-0.006471030775923037,-0.02591562615394949,-0.03885349003055483
2024-10-28 11:59:00-04:00,77.19000244140625,77.22000122070312,77.19000244140625,77.19000244140625,3108.0,-0.019428002451526982,0.0,0.02592234409173333,0.012959492343767032
2024-10-28 12:00:00-04:00,77.16999816894531,77.18000030517578,77.15499877929688,77.18000030517578,1585.0,-0.02591562615394949,-0.051801236590265365,-0.04534740381171298,-0.012957813076974745
2024-10-28 12:01:00-04:00,77.18000030517578,77.18000030517578,77.12999725341797,77.12999725341797,6429.0,0.012961172045855562,0.0,-0.03240428523682004,-0.0647875765225403
2024-10-28 12:02:00-04:00,77.16000366210938,77.22000122070312,77.1500015258789,77.22000122070312,5501.0,-0.025909099491239207,0.05182808417876217,0.025935787855946302,0.11669126214206571
2024-10-28 12:03:00-04:00,77.2300033569336,77.2699966430664,77.2300033569336,77.25499725341797,5651.0,0.09072018079567812,0.06474413568109405,0.10369647371666346,0.045319906969210066
2024-10-28 12:04:00-04:00,77.26000213623047,77.30500030517578,77.26000213623047,77.27999877929688,6984.0,0.03884342612059388,0.04530045765507307,0.03884342612059388,0.03236234129539994
2024-10-28 12:05:00-04:00,77.2699966430664,77.30000305175781,77.23999786376953,77.30000305175781,5286.0,0.012936197980306652,-0.006464333999411931,-0.025892145881212247,0.025885446139906065
2024-10-28 12:06:00-04:00,77.31999969482422,77.33999633789062,77.31999969482422,77.31999969482422,2870.0,0.06471211845497926,0.051737754920955226,0.10357565156304815,0.025868877460477613
2024-10-28 12:07:00-04:00,77.31999969482422,77.33000183105469,77.30999755859375,77.33000183105469,4661.0,0.0,-0.012922817829308375,-0.012936027250320947,0.012936027250320947
2024-10-28 12:08:00-04:00,77.3550033569336,77.37000274658203,77.33999633789062,77.37000274658203,5503.0,0.0452711617272783,0.05172755021360942,0.03880323405021091,0.05172755021360942
2024-10-28 12:10:00-04:00,77.43000030517578,77.44000244140625,77.41999816894531,77.44000244140625,9900.0,0.09695164499721187,0.09047394641239492,0.103441731113052,0.09047394641239492
2024-10-28 12:11:00-04:00,77.42500305175781,77.42500305175781,77.37999725341797,77.38999938964844,3010.0,-0.006453898228431232,-0.019369045939510166,-0.05166741988298362,-0.06457005446978137
2024-10-28 12:12:00-04:00,77.4000015258789,77.4000015258789,77.38999938964844,77.38999938964844,2281.0,-0.03229128174808693,-0.03229128174808693,0.012925997138135692,0.0
2024-10-28 12:13:00-04:00,77.4000015258789,77.41500091552734,77.37000274658203,77.41000366210938,4347.0,0.0,0.019379056011281648,-0.025838794707477852,0.025848653080129402
2024-10-28 12:14:00-04:00,77.4000015258789,77.43000030517578,77.4000015258789,77.41999816894531,4550.0,0.0,0.019375301260793343,0.038773139759507025,0.012911130814008409
2024-10-28 12:15:00-04:00,77.41999816894531,77.46499633789062,77.41999816894531,77.46499633789062,2977.0,0.025835455648826056,0.04519699415848066,0.025835455648826056,0.0581221519110775
2024-10-28 12:16:00-04:00,77.45999908447266,77.4800033569336,77.45999908447266,77.47000122070312,1729.0,0.05166741988298362,0.019372645391357857,0.05166741988298362,0.006460831406585044
2024-10-28 12:17:00-04:00,77.47000122070312,77.4800033569336,77.43000030517578,77.43000030517578,5266.0,0.012912646977381037,0.0,-0.03872809146842071,-0.05163407112048768
2024-10-28 12:18:00-04:00,77.38500213623047,77.43000030517578,77.38500213623047,77.41999816894531,1882.0,-0.10971870805901451,-0.06453671862591825,-0.0581146438950797,-0.012917649736599035
2024-10-28 12:19:00-04:00,77.4000015258789,77.45999908447266,77.4000015258789,77.45999908447266,3520.0,0.019382812217316747,0.038743095930060534,0.019382812217316747,0.05166741988298362
2024-10-28 12:20:00-04:00,77.44999694824219,77.45999908447266,77.44000244140625,77.44000244140625,2843.0,0.06459356767138935,0.0,0.05168076839632274,-0.025815444491028572
2024-10-28 12:21:00-04:00,77.44999694824219,77.44999694824219,77.44000244140625,77.44000244140625,1551.0,0.0,-0.01291264697739214,0.0,0.0
2024-10-28 12:22:00-04:00,77.43000030517578,77.44000244140625,77.41000366210938,77.41000366210938,2409.0,-0.025818778378738916,-0.012904463821494794,-0.03873809187903143,-0.03873809187903143
2024-10-28 12:23:00-04:00,77.41000366210938,77.41999816894531,77.30999755859375,77.31500244140625,12162.0,-0.0258254461934615,-0.025831962590749935,-0.12919015474039952,-0.12272473350835034
2024-10-28 12:24:00-04:00,77.31999969482422,77.33000183105469,77.31999969482422,77.33000183105469,3491.0,-0.11626916810134613,-0.1162443038221661,0.012937700874826596,0.019400361087495988
2024-10-28 12:26:00-04:00,77.18000030517578,77.18000030517578,77.08999633789062,77.12999725341797,37164.0,-0.18106491231376642,-0.1939758467956798,-0.297469422971286,-0.2586377510680471
2024-10-28 12:27:00-04:00,77.16000366210938,77.19000244140625,77.1500015258789,77.1500015258789,6869.0,-0.025909099491239207,0.012959492343767032,0.07783783997767912,0.025935787855946302
2024-10-28 12:28:00-04:00,77.16000366210938,77.21060180664062,77.1500015258789,77.19000244140625,8536.0,0.0,0.026686571554401795,0.0,0.05184823685833173
2024-10-28 12:29:00-04:00,77.18000030517578,77.19000244140625,77.1449966430664,77.16500091552734,3846.0,0.02591581404527421,-0.026679451723432557,-0.006487210257311027,-0.03238959073473824
2024-10-28 12:30:00-04:00,77.16000366210938,77.16000366210938,77.04000091552734,77.04000091552734,4053.0,-0.025909099491239207,-0.03886355531552699,-0.13610179805290112,-0.1619905378305364
2024-10-28 12:31:00-04:00,77.03500366210938,77.05999755859375,77.02999877929688,77.05000305175781,6650.0,-0.16200102911786418,-0.1296087335007967,-0.012983042720149385,0.012983042720149385
2024-10-28 12:32:00-04:00,77.04000091552734,77.08000183105469,77.02999877929688,77.06999969482422,4093.0,0.0064869905632702896,0.025959347384785225,0.0,0.025952812815566162
2024-10-28 12:33:00-04:00,77.05999755859375,77.12999725341797,77.05999755859375,77.12999725341797,2450.0,0.025956182280340023,0.06486172959994096,0.038944281153141524,0.0778481365399264
2024-10-28 12:34:00-04:00,77.12999725341797,77.13999938964844,77.06999969482422,77.12999725341797,5148.0,0.09083791466641955,0.012967893927973151,0.01297967369238151,0.0
2024-10-28 12:35:00-04:00,77.0999984741211,77.0999984741211,77.05999755859375,77.08999633789062,5922.0,-0.03889379017908423,-0.051854959610886375,-0.012977989191742534,-0.05186168410704628
2024-10-28 12:36:00-04:00,77.08000183105469,77.08000183105469,77.0,77.01000213623047,5205.0,-0.025935983738212265,-0.025935983738212265,-0.07785824097402694,-0.10376729207449698
2024-10-28 12:37:00-04:00,76.98999786376953,77.05000305175781,76.96499633789062,77.05000305175781,3657.0,-0.11676695011298976,-0.03891901736410297,-0.045459301440742284,0.051942493725132266
2024-10-28 12:38:00-04:00,77.04000091552734,77.04000091552734,76.9800033569336,76.9800033569336,2546.0,0.06494746479444036,-0.012981357344987732,0.019498499002179592,-0.09084969766607331
2024-10-28 12:39:00-04:00,76.95500183105469,76.97530364990234,76.94000244140625,76.94000244140625,5197.0,-0.1103311052213729,-0.08397879654225004,-0.05196273549361585,-0.05196273549361585
2024-10-28 12:40:00-04:00,76.94999694824219,77.02999877929688,76.94999694824219,77.02999877929688,2171.0,-0.006503648487321545,0.07105542531316011,0.012990000674295565,0.11696950225490443
2024-10-28 12:41:00-04:00,77.03500366210938,77.08000183105469,77.03500366210938,77.08000183105469,2924.0,0.11047006788624802,0.06491373821915225,0.11047006788624802,0.06491373821915225
2024-10-28 12:42:00-04:00,77.12000274658203,77.13999938964844,77.11000061035156,77.12000274658203,3178.0,0.11033826238975308,0.07783803472820594,0.09735437746085651,0.051895322492367946
2024-10-28 12:43:00-04:00,77.11000061035156,77.1500015258789,77.0999984741211,77.1500015258789,1569.0,-0.012969574525734107,0.01296621248327856,-0.012971256842564394,0.038898830690459185
2024-10-28 12:44:00-04:00,77.15499877929688,77.22000122070312,77.15499877929688,77.20999908447266,3214.0,0.058355814536548145,0.0907319422420727,0.07133632459699335,0.07776741076748195
2024-10-28 12:45:00-04:00,77.19999694824219,77.19999694824219,77.16000366210938,77.16000366210938,3278.0,0.058321780386560995,-0.025905558332950385,0.006486790087079086,-0.06475252293239864
2024-10-28 12:46:00-04:00,77.16000366210938,77.16999816894531,77.0999984741211,77.125,3330.0,-0.05180477683131013,-0.038858523941376344,-0.0777672176521027,-0.04536503427690075
2024-10-28 12:47:00-04:00,77.11499786376953,77.11499786376953,77.05999755859375,77.06939697265625,8993.0,-0.05832788517861065,-0.0712716165359617,-0.05188186292995889,-0.07209468699351795
2024-10-28 12:48:00-04:00,77.06999969482422,77.06999969482422,77.05999755859375,77.05999755859375,2970.0,-0.05835203292724467,-0.05835203292724467,0.0,-0.012196039454981378
2024-10-28 12:49:00-04:00,77.05999755859375,77.0999984741211,77.05000305175781,77.0999984741211,3471.0,-0.012977989191742534,0.0389240682699743,-0.012969773102233795,0.05190879417940053
2024-10-28 12:50:00-04:00,77.09200286865234,77.11000061035156,77.06999969482422,77.08000183105469,3651.0,0.041532975697622376,0.012972939595878863,0.025952812815566162,-0.025935983738212265
2024-10-28 12:51:00-04:00,77.11000061035156,77.11000061035156,77.06999969482422,77.06999969482422,4224.0,0.023345795970408645,0.0,0.0,-0.012976305128264976
2024-10-28 12:52:00-04:00,77.08999633789062,77.08999633789062,77.05999755859375,77.08000183105469,2350.0,-0.025942513685117685,-0.025942513685117685,-0.012977989191742534,0.012977989191731432
2024-10-28 12:53:00-04:00,77.08999633789062,77.0999984741211,77.06999969482422,77.0999984741211,2824.0,0.0,0.012974622785844048,0.01297967369238151,0.025942712235837995
2024-10-28 12:54:00-04:00,77.0999984741211,77.0999984741211,77.08000183105469,77.08000183105469,1114.0,0.012974622785844048,0.0,0.012977989191731432,-0.025935983738212265
2024-10-28 12:55:00-04:00,77.08000183105469,77.08999633789062,77.05999755859375,77.05999755859375,2872.0,-0.025935983738212265,-0.012972939595878863,-0.02595261025652995,-0.02595261025652995
2024-10-28 12:56:00-04:00,77.04000091552734,77.06999969482422,77.04000091552734,77.06500244140625,2052.0,-0.05189532249235684,-0.025939348834258524,-0.025949446794626407,0.006494787141275715
2024-10-28 12:57:00-04:00,77.05999755859375,77.05999755859375,77.04000091552734,77.04499816894531,2239.0,0.025956182280340023,-0.012977989191742534,0.0,-0.025957661489917072
2024-10-28 12:58:00-04:00,77.0250015258789,77.02999877929688,77.0,77.00499725341797,2041.0,-0.04541400703813592,-0.03892912048701902,-0.05192226772063879,-0.05191889996496446
2024-10-28 12:59:00-04:00,77.01000213623047,77.04499816894531,77.01000213623047,77.02999877929688,2411.0,-0.019473403896519415,0.019472140576581864,0.012989787312300827,0.03246740701337014
2024-10-28 13:00:00-04:00,77.0199966430664,77.02999877929688,77.0199966430664,77.02999877929688,1702.0,0.012978193168011742,-0.01946834967215816,0.012978193168011742,0.0
2024-10-28 13:01:00-04:00,77.02999877929688,77.04000091552734,77.0199966430664,77.0250015258789,5304.0,0.012986414783711098,0.01298472853299426,0.0,-0.006487412043565399
2024-10-28 13:02:00-04:00,77.01000213623047,77.06999969482422,76.94999694824219,77.06500244140625,6921.0,-0.025959552620147264,0.03893922500048941,-0.0908850920217752,0.05193237875353862
2024-10-28 13:03:00-04:00,77.06999969482422,77.11000061035156,77.05999755859375,77.08000183105469,2891.0,0.07790878707887305,0.05190205746170573,0.14295076636006154,0.01946329614386233
2024-10-28 13:04:00-04:00,77.09020233154297,77.09020233154297,77.05999755859375,77.05999755859375,1694.0,0.02621336032015975,-0.02567537109569029,0.0,-0.02595261025652995
2024-10-28 13:05:00-04:00,77.04000091552734,77.05000305175781,77.0250015258789,77.02999877929688,2019.0,-0.06512035835594121,-0.052145770239742095,-0.04541400703813592,-0.03892912048701902
2024-10-28 13:06:00-04:00,77.02999877929688,77.05000305175781,77.02999877929688,77.05000305175781,2669.0,-0.012983042720149385,0.0,0.006487832936019622,0.025969457066010726
2024-10-28 13:07:00-04:00,77.04000091552734,77.06999969482422,77.04000091552734,77.05999755859375,5079.0,0.01298472853299426,0.025952812815566162,0.01298472853299426,0.012971455470567328
2024-10-28 13:08:00-04:00,77.05999755859375,77.08000183105469,77.05999755859375,77.06999969482422,2475.0,0.025956182280340023,0.012977989191731432,0.025956182280340023,0.01297967369238151
2024-10-28 13:09:00-04:00,77.08000183105469,77.08000183105469,77.05500030517578,77.05999755859375,5806.0,0.025959347384785225,0.0,-0.006484886551116897,-0.012977989191742534
2024-10-28 13:10:00-04:00,77.06950378417969,77.06999969482422,76.98999786376953,76.98999786376953,5449.0,-0.013619676473297648,-0.012976305128264976,-0.08435849866823553,-0.09083791466641955
2024-10-28 13:11:00-04:00,77.01000213623047,77.04000091552734,76.98999786376953,76.98999786376953,5371.0,-0.0772051784786898,-0.0389240682699632,0.0,0.0
2024-10-28 13:12:00-04:00,76.97000122070312,76.97000122070312,76.90499877929688,76.91500091552734,4616.0,-0.05194249372514337,-0.0908614927211282,-0.11040276247709091,-0.09741128759983564
2024-10-28 13:13:00-04:00,76.91000366210938,76.93499755859375,76.87999725341797,76.91500091552734,8214.0,-0.07794927587659872,-0.04547701903889756,-0.03250962392009615,0.0
2024-10-28 13:14:00-04:00,76.91000366210938,76.91000366210938,76.8550033569336,76.90499877929688,7659.0,0.0,-0.032487030970973496,-0.03251027234300041,-0.013004142379791084
2024-10-28 13:15:00-04:00,76.91000366210938,76.95500183105469,76.91000366210938,76.95500183105469,3118.0,0.0,0.05850756312923977,0.07156372750429796,0.0650192478401923
2024-10-28 13:16:00-04:00,76.94999694824219,76.94999694824219,76.92500305175781,76.94999694824219,3943.0,0.052000109515693005,-0.006503648487321545,0.019502521043079923,-0.006503648487321545
2024-10-28 13:17:00-04:00,76.94000244140625,76.94000244140625,76.87999725341797,76.91000366210938,6491.0,-0.012988313492279246,-0.012988313492279246,-0.05850607286886911,-0.051973083455369995
2024-10-28 13:18:00-04:00,76.90499877929688,76.94000244140625,76.90499877929688,76.94000244140625,4624.0,-0.045494750453167754,0.0,0.03252019611355017,0.03900504208615985
2024-10-28 13:19:00-04:00,76.94000244140625,76.98999786376953,76.93000030517578,76.98999786376953,7867.0,0.04551545759701181,0.0649797514646,0.03250962392009615,0.0649797514646
2024-10-28 13:20:00-04:00,77.01000213623047,77.06999969482422,77.01000213623047,77.0199966430664,8817.0,0.09097958487527258,0.10391197983437017,0.10399302058667903,0.038964515039929815
2024-10-28 13:21:00-04:00,77.06999969482422,77.07499694824219,77.02400207519531,77.02999877929688,5305.0,0.07790878707887305,0.0064840449432335134,0.01817937745292042,0.012986414783711098
2024-10-28 13:22:00-04:00,77.0199966430664,77.04000091552734,77.01000213623047,77.03459930419922,6671.0,-0.06488004665344826,-0.04540516912163728,-0.01817607315597325,0.005972380858421111
2024-10-28 13:23:00-04:00,77.02999877929688,77.02999877929688,77.0,77.00499725341797,3088.0,0.012986414783711098,-0.012983042720149385,-0.012988100185706841,-0.038426954963910465
2024-10-28 13:24:00-04:00,77.01000213623047,77.05000305175781,77.01000213623047,77.04000091552734,3757.0,-0.025959552620147264,0.025969457066010726,0.012989787312300827,0.04545635135104753
2024-10-28 13:25:00-04:00,77.04499816894531,77.05000305175781,76.98999786376953,76.98999786376953,3930.0,0.0454434901234535,0.0,-0.025976200371413682,-0.06490531044078818
2024-10-28 13:26:00-04:00,76.9800033569336,76.9800033569336,76.94999694824219,76.94999694824219,2686.0,-0.08435954774013155,-0.09084969766607331,-0.051955989917185086,-0.051955989917185086
2024-10-28 13:27:00-04:00,76.94999694824219,76.96499633789062,76.94999694824219,76.95999908447266,4355.0,-0.03897948477902258,-0.019494697828714713,0.0,0.012998228235394649
2024-10-28 13:28:00-04:00,76.95999908447266,76.9800033569336,76.94999694824219,76.94999694824219,4064.0,0.012998228235394649,0.019498499002179592,0.0,-0.01299653891561059
2024-10-28 13:29:00-04:00,76.94000244140625,76.94499969482422,76.93000030517578,76.94000244140625,4977.0,-0.025983164376675028,-0.045471110136319215,-0.025986541727684997,-0.012988313492279246
2024-10-28 13:30:00-04:00,76.94999694824219,76.95999908447266,76.91000366210938,76.95999908447266,5136.0,0.012990000674295565,0.019493650929791606,-0.025993296486526152,0.025989917379631855
2024-10-28 13:31:00-04:00,77.01000213623047,77.06999969482422,77.01000213623047,77.06999969482422,6539.0,0.0779794546692969,0.14293218770808913,0.130020113586804,0.14293218770808913
2024-10-28 13:32:00-04:00,77.08999633789062,77.12000274658203,77.07499694824219,77.08000183105469,10564.0,0.10387508043259164,0.06488004665343716,0.08439788366287893,0.012977989191731432
2024-10-28 13:33:00-04:00,77.07499694824219,77.07499694824219,77.04499816894531,77.05999755859375,4594.0,-0.019456985810062388,-0.058358138922443015,-0.038921544579517686,-0.02595261025652995
2024-10-28 13:34:00-04:00,77.05999755859375,77.08999633789062,77.04000091552734,77.08999633789062,4372.0,-0.019460772289758843,0.019460772289758843,-0.006486149051510015,0.03892912048701902
2024-10-28 13:35:00-04:00,77.08000183105469,77.08499908447266,77.05000305175781,77.06999969482422,4636.0,0.025959347384785225,-0.006482363024207238,0.012983042720149385,-0.025939348834258524
2024-10-28 13:36:00-04:00,77.06999969482422,77.08000183105469,77.06999969482422,77.08000183105469,2617.0,-0.012976305128264976,-0.006482783261752001,0.025952812815566162,0.012977989191731432
2024-10-28 13:37:00-04:00,77.08999633789062,77.11000061035156,77.04000091552734,77.04000091552734,5396.0,0.025946079078220663,0.03891901736410297,-0.0389240682699632,-0.05189532249235684
2024-10-28 13:38:00-04:00,77.0,77.04000091552734,76.97000122070312,77.02999877929688,5582.0,-0.11674191486035213,-0.09077900955796192,-0.0908614927211282,-0.012983042720149385
2024-10-28 13:39:00-04:00,77.04000091552734,77.05740356445312,77.02999877929688,77.05000305175781,3138.0,0.05194924094460429,0.02258910789068036,0.07794927587660982,0.025969457066010726
2024-10-28 13:40:00-04:00,77.05000305175781,77.05999755859375,77.03289794921875,77.05999755859375,4185.0,0.012983042720149385,0.003366313969377366,0.0037636894298476165,0.012971455470567328
2024-10-28 13:41:00-04:00,77.06500244140625,77.0999984741211,77.06500244140625,77.08999633789062,3838.0,0.019467085080271396,0.05190879417940053,0.04167633964473616,0.03892912048701902
2024-10-28 13:42:00-04:00,77.0999984741211,77.0999984741211,77.07080078125,77.07080078125,3127.0,0.04541105768660625,0.0,0.007523959852151485,-0.024900191402899008
2024-10-28 13:43:00-04:00,77.07499694824219,77.08999633789062,77.04000091552734,77.04000091552734,4783.0,-0.032427401262913325,-0.012972939595878863,-0.03996307993486825,-0.03996307993486825
2024-10-28 13:44:00-04:00,77.04000091552734,77.04000091552734,77.0250015258789,77.02999877929688,4075.0,-0.04540516912163728,-0.0648533204543833,-0.019469612500244704,-0.012983042720149385
2024-10-28 13:45:00-04:00,77.02999877929688,77.02999877929688,77.01000213623047,77.0199966430664,3049.0,-0.012983042720149385,-0.012983042720149385,-0.019473403896519415,-0.012984728533005363
2024-10-28 13:46:00-04:00,77.0199966430664,77.05000305175781,77.0199966430664,77.02999877929688,2379.0,-0.012984728533005363,0.025969457066010726,0.012978193168011742,0.012986414783711098
2024-10-28 13:47:00-04:00,77.0199966430664,77.0199966430664,76.9800033569336,76.98999786376953,6181.0,0.0,-0.03894407203495209,-0.0519258476706419,-0.05192900968614689
2024-10-28 13:48:00-04:00,76.9749984741211,77.02999877929688,76.9749984741211,77.01000213623047,3786.0,-0.05842400792854807,0.012986414783711098,-0.006501536235703487,0.025982949754510543
2024-10-28 13:49:00-04:00,77.0199966430664,77.0199966430664,76.98500061035156,76.98500061035156,3376.0,0.05845816152947325,-0.012984728533005363,0.012994006403044267,-0.032465296955419554
2024-10-28 13:50:00-04:00,76.98500061035156,76.98999786376953,76.9800033569336,76.98500061035156,1617.0,-0.045437593144836974,-0.03894933861903205,-0.006491203972658344,0.0
2024-10-28 13:51:00-04:00,76.98500061035156,77.04000091552734,76.98500061035156,77.01000213623047,9498.0,0.0,0.06494746479444036,0.00649162535730774,0.03247584033343465
2024-10-28 13:52:00-04:00,77.00499725341797,77.01000213623047,76.98999786376953,77.01000213623047,3586.0,0.025974726125688186,-0.03893922500048941,0.0064912039726472415,0.0
2024-10-28 13:53:00-04:00,77.0199966430664,77.0199966430664,77.01000213623047,77.01000213623047,1849.0,0.019478462675714958,0.012978193168011742,0.025982949754510543,0.0
2024-10-28 13:56:00-04:00,76.95999908447266,76.97699737548828,76.95999908447266,76.97000122070312,12725.0,-0.0778986772380641,-0.05582870611822166,-0.06493059391085021,-0.05194249372514337
2024-10-28 13:57:00-04:00,76.97000122070312,76.9800033569336,76.95999908447266,76.97000122070312,2507.0,0.012996538915621692,0.0039050385800987186,0.0,0.0
2024-10-28 13:58:00-04:00,76.9800033569336,76.98500061035156,76.94000244140625,76.94000244140625,5299.0,0.012994850034875327,0.00649162535730774,-0.025983164376675028,-0.03897463793830491
2024-10-28 13:59:00-04:00,76.94999694824219,76.95999908447266,76.93000030517578,76.94999694824219,8544.0,-0.03897948477902258,-0.032475840333423545,-0.01299991670533629,0.012990000674295565
2024-10-28 14:00:00-04:00,76.95999908447266,76.95999908447266,76.91999816894531,76.91999816894531,5934.0,0.012998228235394649,0.0,-0.013001606903406682,-0.03898476996309075
2024-10-28 14:01:00-04:00,76.88999938964844,76.91000366210938,76.87000274658203,76.91000366210938,5132.0,-0.09095594550019293,-0.06496286766896064,-0.06499665048544934,-0.012993378931169808
2024-10-28 14:02:00-04:00,76.91999816894531,76.95999908447266,76.91999816894531,76.95999908447266,1745.0,0.03901518992717179,0.06500509684399525,0.0650389236072968,0.06500509684399525
2024-10-28 14:03:00-04:00,76.94999694824219,76.98500061035156,76.93499755859375,76.9800033569336,7654.0,0.038999974013242955,0.03248639056174785,0.019499987006610375,0.02599307783122118
2024-10-28 14:04:00-04:00,76.9749984741211,77.05750274658203,76.9749984741211,77.05750274658203,47044.0,0.032490613216951125,0.09417696389641961,0.051993132900118866,0.10067470286938551
2024-10-28 14:05:00-04:00,77.05999755859375,77.05999755859375,76.98999786376953,77.0199966430664,8706.0,0.11042427561882562,0.003237597797478564,0.019486053843165152,-0.048672876979893864
2024-10-28 14:06:00-04:00,77.04000091552734,77.05500030517578,77.02999877929688,77.05000305175781,4718.0,-0.025949446794626407,-0.006484886551116897,0.051955989917185086,0.03895924435113329
2024-10-28 14:07:00-04:00,77.05999755859375,77.05999755859375,77.02999877929688,77.05500030517578,2730.0,0.025956182280340023,0.006485307115933203,0.0,0.006485727735294766
2024-10-28 14:08:00-04:00,77.05999755859375,77.08000183105469,77.05500030517578,77.05999755859375,5481.0,0.0,0.025959347384785225,0.032456869109576125,0.006485307115933203
2024-10-28 14:09:00-04:00,77.05999755859375,77.07499694824219,77.05999755859375,77.06999969482422,2313.0,0.0,-0.006493101574478466,0.006485307115933203,0.01297967369238151
2024-10-28 14:10:00-04:00,77.06500244140625,77.06999969482422,77.05999755859375,77.05999755859375,6085.0,0.006494787141275715,-0.00648362454210849,0.0,-0.012977989191742534
2024-10-28 14:11:00-04:00,77.06500244140625,77.11000061035156,77.05500030517578,77.0999984741211,8312.0,0.0,0.05190205746170573,-0.006484886551116897,0.05190879417940053
2024-10-28 14:12:00-04:00,77.11000061035156,77.11000061035156,77.05000305175781,77.05500030517578,10186.0,0.058389888431564785,0.0,-0.006485307115922101,-0.05836338500112559
2024-10-28 14:13:00-04:00,77.05000305175781,77.05000305175781,77.01000213623047,77.0250015258789,7264.0,-0.07780775271540863,-0.07780775271540863,-0.05191552750553052,-0.03893164516003411
2024-10-28 14:14:00-04:00,77.01000213623047,77.02999877929688,77.01000213623047,77.0199966430664,8007.0,-0.05191552750553052,-0.02596271468996436,0.0,-0.006497738024480171
2024-10-28 14:15:00-04:00,77.0199966430664,77.0199966430664,76.98999786376953,77.01499938964844,10146.0,0.012978193168011742,-0.012984728533005363,-0.025976200371413682,-0.006488254525804926
2024-10-28 14:16:00-04:00,77.01499938964844,77.05000305175781,76.98500061035156,77.0199966430664,12617.0,-0.006488254525804926,0.03895924435113329,-0.006490782642720738,0.006488675527593912
2024-10-28 14:17:00-04:00,77.0250015258789,77.08499908447266,77.01000213623047,77.08499908447266,4070.0,0.012987257430019383,0.04541989789583756,0.03247584033343465,0.08439683749597027
2024-10-28 14:18:00-04:00,77.08999633789062,77.11000061035156,77.08000183105469,77.0999984741211,7798.0,0.08438144852211948,0.032433711066803816,0.0908968872645799,0.019458247164272358
2024-10-28 14:19:00-04:00,77.0999984741211,77.0999984741211,77.07499694824219,77.08999633789062,3630.0,0.012974622785844048,-0.012971256842564394,-0.006493101574478466,-0.012972939595878863
2024-10-28 14:20:00-04:00,77.08999633789062,77.08999633789062,77.05999755859375,77.06999969482422,3981.0,-0.012972939595878863,-0.012972939595878863,-0.019460772289758843,-0.025939348834258524
2024-10-28 14:21:00-04:00,77.06500244140625,77.06500244140625,77.05999755859375,77.06500244140625,1562.0,-0.03242171185846576,-0.03242171185846576,0.0,-0.006484044943244616
2024-10-28 14:22:00-04:00,77.06500244140625,77.08000183105469,77.05999755859375,77.08000183105469,5442.0,0.0,0.01946329614386233,0.0,0.01946329614386233
2024-10-28 14:23:00-04:00,77.05999755859375,77.08000183105469,77.05999755859375,77.07499694824219,4286.0,-0.006494365346065845,0.0,0.0,-0.006493101574478466
2024-10-28 14:24:00-04:00,77.07019805908203,77.07019805908203,77.05500030517578,77.06999969482422,3123.0,0.013237089036399752,-0.012718956590251906,-0.006484886551116897,-0.00648362454210849
2024-10-28 14:25:00-04:00,77.06999969482422,77.08999633789062,77.05999755859375,77.08999633789062,3713.0,-0.0002573812742268089,0.025688631023657038,0.006485307115933203,0.025946079078220663
2024-10-28 14:26:00-04:00,77.1050033569336,77.12000274658203,77.0999984741211,77.12000274658203,5164.0,0.04541801251847222,0.03892386835755435,0.05190879417940053,0.03892386835755435
2024-10-28 14:27:00-04:00,77.125,77.1500015258789,77.07499694824219,77.07499694824219,7455.0,0.025934300234498053,0.038898830690459185,-0.032427401262913325,-0.058358138922443015
2024-10-28 14:28:00-04:00,77.06999969482422,77.11000061035156,77.05500030517578,77.05500030517578,7860.0,-0.07131319957961457,-0.05184823685833173,-0.025944396831878436,-0.025944396831878436
2024-10-28 14:29:00-04:00,77.05000305175781,77.0999984741211,77.05000305175781,77.08000183105469,10479.0,-0.025946079078220663,-0.012971256842564394,-0.006485307115922101,0.03244633804411201
2024-10-28 14:30:00-04:00,77.08000183105469,77.11000061035156,77.06999969482422,77.0999984741211,4824.0,0.03893417016054279,0.012972939595878863,0.025952812815566162,0.025942712235837995
2024-10-28 14:31:00-04:00,77.0999984741211,77.12999725341797,77.0999984741211,77.12999725341797,6263.0,0.025942712235837995,0.02593261951513437,0.0389240682699743,0.03890892333409113
2024-10-28 14:32:00-04:00,77.13999938964844,77.13999938964844,77.12000274658203,77.125,8519.0,0.051881862929947786,0.012967893927973151,0.025945879191757726,-0.006479001161574516
2024-10-28 14:33:00-04:00,77.11000061035156,77.12000274658203,77.06999969482422,77.06999969482422,9020.0,-0.038888747127607814,-0.02592253464431815,-0.0648379797419385,-0.07131319957961457
2024-10-28 14:34:00-04:00,77.07499694824219,77.07499694824219,77.01000213623047,77.0199966430664,4990.0,-0.04539445186396707,-0.058358138922443015,-0.0778481365399264,-0.06488004665344826
2024-10-28 14:35:00-04:00,77.0199966430664,77.03500366210938,77.0,77.0199966430664,5676.0,-0.07135946461692688,-0.05188879366374577,-0.012988100185706841,0.0
2024-10-28 14:36:00-04:00,77.03500366210938,77.04000091552734,77.01499938964844,77.01499938964844,4770.0,0.01948457504161727,0.0064869905632702896,0.019479726816151732,-0.006488254525804926
2024-10-28 14:37:00-04:00,77.02999877929688,77.02999877929688,76.99500274658203,77.02999877929688,38715.0,-0.006496894365648487,-0.012983042720149385,-0.025964608485207208,0.019475932957613296
2024-10-28 14:38:00-04:00,77.0250015258789,77.05999755859375,77.0199966430664,77.05999755859375,3325.0,-0.006487412043565399,0.038944281153141524,0.03246171256936492,0.038944281153141524
2024-10-28 14:39:00-04:00,77.07499694824219,77.08499908447266,77.05999755859375,77.08499908447266,2330.0,0.06490804462560007,0.03244423393589102,0.051935753402743146,0.03244423393589102
2024-10-28 14:40:00-04:00,77.09500122070312,77.12000274658203,77.08000183105469,77.08000183105469,7704.0,0.025954295495300705,0.045409174969335275,0.025959347384785225,-0.006482783261752001
2024-10-28 14:41:00-04:00,77.0999984741211,77.0999984741211,77.08000183105469,77.08499908447266,4196.0,0.00648194219967646,-0.025939149051479315,0.0,0.00648320355378651
2024-10-28 14:42:00-04:00,77.08999633789062,77.08999633789062,77.05999755859375,77.05999755859375,4659.0,-0.012972939595878863,-0.012972939595878863,-0.02595261025652995,-0.032433711066803816
2024-10-28 14:43:00-04:00,77.06999969482422,77.06999969482422,77.04499816894531,77.05500030517578,3676.0,-0.025939348834258524,-0.025939348834258524,-0.01946456024350951,-0.006484886551116897
2024-10-28 14:44:00-04:00,77.05999755859375,77.08000183105469,77.05500030517578,77.05500030517578,5109.0,-0.012977989191742534,0.012977989191731432,0.012982200620648143,0.0
2024-10-28 14:45:00-04:00,77.05500030517578,77.06999969482422,77.05500030517578,77.05999755859375,4414.0,-0.006484886551116897,-0.012976305128264976,0.0,0.006485307115933203
2024-10-28 14:46:00-04:00,77.06500244140625,77.06500244140625,77.00499725341797,77.05000305175781,4333.0,0.012980515464100506,-0.006484044943244616,-0.06489267608821292,-0.012969773102233795
2024-10-28 14:47:00-04:00,77.04499816894531,77.05999755859375,77.03500366210938,77.03500366210938,4628.0,-0.025957661489917072,-0.006494365346065845,0.03896683301300996,-0.019467085080271396
2024-10-28 14:48:00-04:00,77.02999877929688,77.03500366210938,77.0199966430664,77.02059936523438,7288.0,-0.01946834967215816,-0.032434333345743305,-0.01948077929455616,-0.018698378906012447
2024-10-28 14:49:00-04:00,77.04000091552734,77.12000274658203,77.04000091552734,77.12000274658203,31449.0,0.01298472853299426,0.11033826238975308,0.025972829567422195,0.12906077356822365
2024-10-28 14:50:00-04:00,77.12000274658203,77.19000244140625,77.12000274658203,77.19000244140625,16990.0,0.10384453544127759,0.09076723590666358,0.10384453544127759,0.09076723590666358
2024-10-28 14:51:00-04:00,77.19499969482422,77.26000213623047,77.19000244140625,77.25,7710.0,0.09724707672615907,0.09068492370802872,0.09076723590666358,0.07772711063105397
2024-10-28 14:52:00-04:00,77.25499725341797,77.26000213623047,77.23999786376953,77.25,4777.0,0.0777220789311972,0.0,0.06476929755407923,0.0
2024-10-28 14:53:00-04:00,77.2699966430664,77.27999877929688,77.26000213623047,77.27999877929688,4956.0,0.01941542965724352,0.025882270920907224,0.025898851649652777,0.03883337125809572
2024-10-28 14:54:00-04:00,77.29000091552734,77.33999633789062,77.2699966430664,77.30000305175781,9093.0,0.025888796855189078,0.07763659360955355,0.012936197980306652,0.025885446139906065
2024-10-28 14:55:00-04:00,77.29000091552734,77.30000305175781,77.2699966430664,77.30000305175781,4882.0,0.0,-0.051711000810095165,0.0,0.0
2024-10-28 14:56:00-04:00,77.31999969482422,77.33000183105469,77.2699966430664,77.30000305175781,11715.0,0.03881327331030082,0.03880825111584052,0.0,0.0
2024-10-28 14:57:00-04:00,77.30000305175781,77.30000305175781,77.2750015258789,77.28500366210938,6838.0,-0.02586218720296296,-0.03879319615485155,0.006477136055305088,-0.01940412555792026
2024-10-28 14:58:00-04:00,77.2750015258789,77.2750015258789,77.23999786376953,77.23999786376953,4194.0,-0.032343499213272064,-0.032343499213272064,-0.045297523672838125,-0.05823354623440968
2024-10-28 14:59:00-04:00,77.23999786376953,77.2699966430664,77.20999908447266,77.22000122070312,6493.0,-0.045297523672838125,-0.006476716549563832,-0.03883839995669769,-0.0258889741318713
2024-10-28 15:00:00-04:00,77.18000030517578,77.26000213623047,77.12999725341797,77.24500274658203,13518.0,-0.07767679991339538,-0.012934524744590004,-0.10361589431850948,0.03237700787837028
2024-10-28 15:01:00-04:00,77.26000213623047,77.26000213623047,77.20999908447266,77.25250244140625,3424.0,0.10365616835754654,0.0,0.10372336821409256,0.009708970881683321
2024-10-28 15:02:00-04:00,77.25,77.2699966430664,77.23999786376953,77.25,7036.0,-0.012946072940600573,0.012936197980306652,0.038853490030543725,-0.003239301417001794
2024-10-28 15:03:00-04:00,77.22000122070312,77.22000122070312,77.19000244140625,77.19000244140625,3744.0,-0.03883337125809572,-0.06470224477196362,-0.06472737408856899,-0.07766674251618033
2024-10-28 15:04:00-04:00,77.19999694824219,77.2300033569336,77.19999694824219,77.20500183105469,3901.0,-0.025905558332950385,0.012952779166486295,0.012947929161577498,0.019431777657774596
2024-10-28 15:05:00-04:00,77.19999694824219,77.20500183105469,77.16500091552734,77.16500091552734,2542.0,0.0,-0.03237281469917752,-0.045331650386337685,-0.05181130053578675
2024-10-28 15:06:00-04:00,77.16999816894531,77.19000244140625,77.1500015258789,77.1500015258789,4197.0,-0.038858523941376344,-0.019428002451526982,-0.01943807357024374,-0.01943807357024374
2024-10-28 15:07:00-04:00,77.12999725341797,77.12999725341797,77.08999633789062,77.0999984741211,2429.0,-0.05183480170593002,-0.07773699454645122,-0.07777729980751324,-0.06481276833292249
2024-10-28 15:08:00-04:00,77.0999984741211,77.0999984741211,77.07499694824219,77.0999984741211,8921.0,-0.03889379017908423,-0.03889379017908423,-0.019456985810062388,0.0
2024-10-28 15:09:00-04:00,77.12000274658203,77.125,77.11499786376953,77.12000274658203,3033.0,0.025945879191757726,0.03242740126292443,0.05189869232717914,0.025945879191757726
2024-10-28 15:10:00-04:00,77.12999725341797,77.18000030517578,77.12999725341797,77.16999816894531,9745.0,0.012959681638990972,0.07131319957962567,0.01945067764241859,0.06482808685519537
2024-10-28 15:11:00-04:00,77.17500305175781,77.19499969482422,77.17500305175781,77.19000244140625,4206.0,0.058350576873444915,0.01943429591750867,0.058350576873444915,0.02592234409173333
2024-10-28 15:12:00-04:00,77.18499755859375,77.19499969482422,77.16500091552734,77.16500091552734,4530.0,0.012950445663384436,0.0,-0.012960331499778377,-0.03238959073473824
2024-10-28 15:13:00-04:00,77.16500091552734,77.16500091552734,77.12999725341797,77.12999725341797,5058.0,-0.02590742203655294,-0.0388610394655986,-0.04536209640908506,-0.04536209640908506
2024-10-28 15:14:00-04:00,77.12000274658203,77.13500213623047,77.11499786376953,77.13500213623047,6219.0,-0.05831422071072012,-0.03887614714048748,-0.019446895089536564,0.006488892766398635
2024-10-28 15:15:00-04:00,77.12999725341797,77.12999725341797,77.08999633789062,77.0999984741211,6872.0,0.012959681638990972,-0.006488471736421086,-0.03242109391362602,-0.04537973830291975
2024-10-28 15:16:00-04:00,77.12000274658203,77.12000274658203,77.0999984741211,77.11000061035156,4984.0,-0.01295800232313793,-0.01295800232313793,0.012974622785844048,0.012972939595878863
2024-10-28 15:17:00-04:00,77.11000061035156,77.11000061035156,77.08499908447266,77.08499908447266,3229.0,-0.012969574525734107,-0.012969574525734107,-0.019454461667045564,-0.032423195021413775
2024-10-28 15:18:00-04:00,77.08999633789062,77.12000274658203,77.06999969482422,77.06999969482422,6217.0,-0.025942513685117685,0.012971256842564394,-0.019458247164272358,-0.019458247164272358
2024-10-28 15:19:00-04:00,77.05999755859375,77.05999755859375,77.0,77.0199966430664,6355.0,-0.038913971620113674,-0.07780755426767261,-0.09082612573166893,-0.06488004665344826
2024-10-28 15:20:00-04:00,77.0199966430664,77.0999984741211,77.01499938964844,77.08370208740234,7713.0,-0.05190879417940053,0.05190879417940053,0.019479726816151732,0.0827128630388918
2024-10-28 15:21:00-04:00,77.08999633789062,77.10369873046875,77.06999969482422,77.0999984741211,4541.0,0.0908850920217752,0.004799294968726997,0.07141505630288147,0.02114115731011168
2024-10-28 15:22:00-04:00,77.0999984741211,77.11000061035156,77.08000183105469,77.08000183105469,6538.0,0.012974622785844048,0.008173252368659512,0.012977989191731432,-0.025935983738212265
2024-10-28 15:23:00-04:00,77.06999969482422,77.12999725341797,77.06999969482422,77.11499786376953,3637.0,-0.038908923334080026,0.02593261951513437,-0.012976305128264976,0.04540222091788948
2024-10-28 15:24:00-04:00,77.12000274658203,77.12999725341797,77.11000061035156,77.11000061035156,5940.0,0.06488004665343716,0.0,0.05190205746170573,-0.006480261371200058
2024-10-28 15:25:00-04:00,77.11499786376953,77.11499786376953,77.07039642333984,77.08000183105469,6270.0,-0.006489733706238621,-0.019446895089536564,-0.051360636361352796,-0.03890387635769876
2024-10-28 15:26:00-04:00,77.08000183105469,77.13999938964844,77.08000183105469,77.12999725341797,5881.0,-0.04538161665603724,0.03242109391363712,0.012463161162523662,0.06486172959994096
2024-10-28 15:27:00-04:00,77.12000274658203,77.13999938964844,77.11000061035156,77.12999725341797,3923.0,0.051895322492367946,0.0,0.03891901736410297,0.0
2024-10-28 15:28:00-04:00,77.12999725341797,77.1500015258789,77.12000274658203,77.1449966430664,7890.0,0.012959681638990972,0.01296621248327856,0.012971256842564394,0.019446895089547667
2024-10-28 15:29:00-04:00,77.1449966430664,77.16000366210938,77.1449966430664,77.16000366210938,8260.0,0.019446895089547667,0.012964531474590757,0.03240909698423167,0.019453003689151593
2024-10-28 15:30:00-04:00,77.1500015258789,77.15499877929688,77.125,77.15499877929688,8505.0,0.0064876311235861905,-0.006486369329916641,-0.025920855449546032,-0.006486369329916641
2024-10-28 15:31:00-04:00,77.16000366210938,77.26000213623047,77.16000366210938,77.26000213623047,10347.0,0.012964531474590757,0.13609404263481562,0.04538562348055386,0.13609404263481562
2024-10-28 15:32:00-04:00,77.25499725341797,77.27999877929688,77.24500274658203,77.2750015258789,11240.0,0.12311247641274559,0.025882270920907224,0.11015951326918128,0.019414171930765
2024-10-28 15:33:00-04:00,77.2750015258789,77.29000091552734,77.25,77.27999877929688,8880.0,0.02589382327633505,0.012942723069953033,0.006469354961846641,0.006466843506047759
2024-10-28 15:34:00-04:00,77.26000213623047,77.27999877929688,77.25499725341797,77.25499725341797,3324.0,-0.019410403561637146,-0.012941048145931333,0.0064689364633885305,-0.03235187147234697
2024-10-28 15:35:00-04:00,77.25,77.25,77.18000030517578,77.19000244140625,6712.0,-0.012946072940600573,-0.038818296804776775,-0.0970771482861843,-0.08413023664801678
2024-10-28 15:36:00-04:00,77.19000244140625,77.23500061035156,77.19000244140625,77.2249984741211,5901.0,-0.07766674251618033,-0.01941668562904786,0.012959492343767032,0.04533751989632684
2024-10-28 15:37:00-04:00,77.22000122070312,77.22000122070312,77.18099975585938,77.18499755859375,7122.0,0.03886355531552699,-0.019420456438024036,-0.011663020160812554,-0.05179788451630252
2024-10-28 15:38:00-04:00,77.19000244140625,77.19999694824219,77.16000366210938,77.16000366210938,9121.0,-0.03884845742379017,-0.025905558332950385,-0.027203707928658005,-0.0323818064066117
2024-10-28 15:39:00-04:00,77.16000366210938,77.16000366210938,77.11000061035156,77.12000274658203,7110.0,-0.03886355531552699,-0.05180477683131013,-0.0648043667503928,-0.05184151584869401
2024-10-28 15:40:00-04:00,77.1449966430664,77.16999816894531,77.13999938964844,77.1500015258789,8036.0,-0.01944922023161544,0.012952963143586516,0.03890387635769876,0.038898830690459185
2024-10-28 15:41:00-04:00,77.1500015258789,77.1864013671875,77.1500015258789,77.18000030517578,7814.0,0.0064876311235861905,0.021255926696128746,0.01296621248327856,0.038883705383740974
2024-10-28 15:42:00-04:00,77.18000030517578,77.19000244140625,77.1500015258789,77.16999816894531,7882.0,0.038883705383740974,0.0046654257161327095,0.0,-0.012959492343767032
2024-10-28 15:43:00-04:00,77.1449966430664,77.16999816894531,77.1449966430664,77.16500091552734,9531.0,-0.045353280605042734,-0.02591562615394949,-0.006487210257311027,-0.006475642784165014
2024-10-28 15:44:00-04:00,77.16999816894531,77.18499755859375,77.0999984741211,77.11000061035156,11129.0,0.03240848657313222,0.01943681483003168,-0.05832934202266715,-0.07127623213014633
2024-10-28 15:45:00-04:00,77.12999725341797,77.1500015258789,77.12010192871094,77.13500213623047,5800.0,-0.05183480170593002,-0.04534045970303602,0.026074520087826514,0.032423195021413775
2024-10-28 15:46:00-04:00,77.13999938964844,77.16999816894531,77.13999938964844,77.16000366210938,11456.0,0.012967893927973151,0.025919173909150217,0.02580061545547352,0.032412685793081764
2024-10-28 15:47:00-04:00,77.17500305175781,77.20500183105469,77.17500305175781,77.19999694824219,10107.0,0.04537679853038323,0.04535915892176501,0.04537679853038323,0.051831628090570625
2024-10-28 15:48:00-04:00,77.19000244140625,77.19000244140625,77.15499877929688,77.18499755859375,11070.0,0.019435554331459493,-0.019428002451526982,-0.02592066299954565,-0.019429261970693723
2024-10-28 15:49:00-04:00,77.18499755859375,77.19999694824219,77.16999816894531,77.19000244140625,11273.0,-0.0064838484961859955,0.012947929161577498,0.0194405934621944,0.006484268926354453
2024-10-28 15:50:00-04:00,77.18000030517578,77.18000030517578,77.08499908447266,77.11000061035156,23441.0,-0.006474384370069863,-0.025902388415655064,-0.11014524619602506,-0.10364273678500346
2024-10-28 15:51:00-04:00,77.11499786376953,77.13999938964844,77.06999969482422,77.13999938964844,15076.0,-0.08422187244003787,-0.05182808417877327,-0.019458247164272358,0.03890387635769876
2024-10-28 15:52:00-04:00,77.1449966430664,77.16000366210938,77.09500122070312,77.0999984741211,20767.0,0.03890135528483718,0.025932424966579326,0.03244002332671858,-0.051854959610886375
2024-10-28 15:53:00-04:00,77.11000061035156,77.19000244140625,77.0999984741211,77.19000244140625,21647.0,-0.04536396945710175,0.03887866494698411,0.00648194219967646,0.11673666545579664
2024-10-28 15:54:00-04:00,77.18499755859375,77.28500366210938,77.16000366210938,77.22000122070312,34003.0,0.09725969089424691,0.12307451444277806,0.07782774212170551,0.03886355531552699
2024-10-28 15:55:00-04:00,77.19999694824219,77.30000305175781,77.1500015258789,77.18000030517578,52291.0,0.01943303766649418,0.019407891489553464,-0.012962850901698797,-0.051801236590265365
2024-10-28 15:56:00-04:00,77.18499755859375,77.2249984741211,77.18000030517578,77.19999694824219,34661.0,-0.019429261970693723,-0.0970304976398273,0.038883705383740974,0.025909099491228105
2024-10-28 15:57:00-04:00,77.20999908447266,77.20999908447266,77.12999725341797,77.13999938964844,59238.0,0.03239169096289629,-0.019422971764082586,-0.0647875765225403,-0.07771704788275269
2024-10-28 15:58:00-04:00,77.12999725341797,77.1449966430664,77.0999984741211,77.13999938964844,116978.0,-0.10361589431850948,-0.08418914930322652,-0.03889379017908423,0.0
2024-10-28 15:59:00-04:00,77.1500015258789,77.26000213623047,77.12999725341797,77.19000244140625,252406.0,0.025935787855946302,0.1490770603000513,0.03890892333409113,0.06482117209418714
2024-10-29 09:30:00-04:00,76.97000122070312,77.02999877929688,76.69000244140625,76.9281005859375,39119.0,-0.23331212134247714,-0.29770042787214956,-0.5704587419678941,-0.33929504752582273
2024-10-29 09:31:00-04:00,76.8949966430664,77.01000213623047,76.82499694824219,76.97000122070312,7701.0,-0.0974465070120667,-0.025959552620147264,0.17602621272450047,0.05446726806781488
2024-10-29 09:32:00-04:00,76.9000015258789,76.98999786376953,76.9000015258789,76.95999908447266,5650.0,0.006508723624421009,-0.025976200371413682,0.09763043360386803,-0.012994850034875327
2024-10-29 09:33:00-04:00,76.91000366210938,76.91999816894531,76.80999755859375,76.80999755859375,4134.0,0.013006678845250974,-0.090920504957126,-0.11704026722920702,-0.19490842991598534
2024-10-29 09:34:00-04:00,76.80500030517578,76.8499984741211,76.77999877929688,76.83499908447266,2705.0,-0.13652756720037296,-0.09100324556752248,-0.039055826390299586,0.032549832930062195
2024-10-29 09:35:00-04:00,76.80000305175781,76.97000122070312,76.75,76.97000122070312,2602.0,-0.006506416767282364,0.15615191797622163,-0.039071085925779236,0.1757039602252597
2024-10-29 09:36:00-04:00,77.0199966430664,77.08999633789062,76.96499633789062,77.08999633789062,2838.0,0.28644997730056243,0.15589855175319745,0.28012552168159566,0.15589855175319745
2024-10-29 09:37:00-04:00,77.19999694824219,77.19999694824219,77.16999816894531,77.19000244140625,2709.0,0.23370593744629353,0.14269116043206242,0.26635722836221287,0.12972643438364795
2024-10-29 09:38:00-04:00,77.20999908447266,77.38500213623047,77.20999908447266,77.36499786376953,3882.0,0.01295613552572128,0.2396440353648055,0.051834801705941125,0.22670736731238428
2024-10-29 09:39:00-04:00,77.37999725341797,77.4000015258789,77.30500030517578,77.36000061035156,3554.0,0.22017636441016286,0.019382812217316747,0.12304263933378135,-0.006459320824603321
2024-10-29 09:40:00-04:00,77.34500122070312,77.38999938964844,77.34500122070312,77.38999938964844,2116.0,-0.045226200513071024,-0.012922656373748342,0.05174427963188233,0.038778152869944904
2024-10-29 09:41:00-04:00,77.38999938964844,77.38999938964844,77.2699966430664,77.30999755859375,5144.0,0.05817850958060866,0.0,-0.09697404674245957,-0.1033748955751923
2024-10-29 09:42:00-04:00,77.30999755859375,77.41000366210938,77.30000305175781,77.38999938964844,2163.0,-0.1033748955751923,0.025848653080129402,0.03883319528279472,0.10348186985007501
2024-10-29 09:43:00-04:00,77.4000015258789,77.4000015258789,77.33000183105469,77.33000183105469,2294.0,0.11641957072492382,-0.012920986639053389,0.03880825111584052,-0.0775262424950629
2024-10-29 09:44:00-04:00,77.44999694824219,77.48999786376953,77.44999694824219,77.48999786376953,1298.0,0.06459356767138935,0.1162743360677343,0.1551727846194284,0.20690033483303782
2024-10-29 09:45:00-04:00,77.49500274658203,77.56999969482422,77.47000122070312,77.56999969482422,2357.0,0.05810949013971278,0.10324149343161615,0.025828629114488244,0.10324149343161615
2024-10-29 09:46:00-04:00,77.58000183105469,77.5999984741211,77.56999969482422,77.56999969482422,2866.0,0.10968331048468727,0.038673171863989886,0.12908025370519383,0.0
2024-10-29 09:47:00-04:00,77.58999633789062,77.66000366210938,77.58999633789062,77.62000274658203,6863.0,0.01288283913385424,0.07732627470127262,0.02577883607719489,0.06446184343757988
2024-10-29 09:48:00-04:00,77.62000274658203,77.66999816894531,77.55999755859375,77.55999755859375,6572.0,0.038673037901348906,0.012869567814366434,-0.0386632049397706,-0.07730634612856946
2024-10-29 09:49:00-04:00,77.55000305175781,77.55000305175781,77.54000091552734,77.55000305175781,2367.0,-0.09018254618304855,-0.1544935239041645,-0.02578216051554172,-0.012886161875380608
2024-10-29 09:50:00-04:00,77.55500030517578,77.6500015258789,77.55110168457031,77.6500015258789,4119.0,0.0064439113105274615,0.12894709243835845,0.014316183791462933,0.12894709243835845
2024-10-29 09:51:00-04:00,77.61499786376953,77.61499786376953,77.5,77.51499938964844,6309.0,0.07736130276276842,-0.04507876551388401,-0.06589420841262017,-0.17385979855450984
2024-10-29 09:52:00-04:00,77.44000244140625,77.44000244140625,77.4000015258789,77.41999816894531,1605.0,-0.22546598876473922,-0.22546598876473922,-0.12903028918850312,-0.12255850022726555
2024-10-29 09:53:00-04:00,77.44000244140625,77.44499969482422,77.38999938964844,77.41999816894531,4791.0,0.0,0.006453064644151851,-0.012922656373748342,0.0
2024-10-29 09:54:00-04:00,77.4000015258789,77.4000015258789,77.30999755859375,77.30999755859375,5107.0,-0.05165407317440085,-0.05810338836933493,-0.1033748955751923,-0.1420829410400115
2024-10-29 09:55:00-04:00,77.30999755859375,77.3499984741211,77.29000091552734,77.33999633789062,5281.0,-0.11628419316640493,-0.06460342477008219,-0.025865533175384314,0.03880323405021091
2024-10-29 09:56:00-04:00,77.31999969482422,77.38999938964844,77.30000305175781,77.38999938964844,7229.0,0.012937700874826596,0.05171417752609653,0.012941048145931333,0.0646535481322763
2024-10-29 09:57:00-04:00,77.37000274658203,77.37000274658203,77.30000305175781,77.36000061035156,5919.0,0.0646702689539147,-0.025838794707477852,0.0,-0.03876312124753145
2024-10-29 09:58:00-04:00,77.41999816894531,77.43000030517578,77.4000015258789,77.43000030517578,2586.0,0.06461861262565538,0.07754627951903625,0.12936412700286226,0.09048564409506188
2024-10-29 09:59:00-04:00,77.44000244140625,77.44000244140625,77.4000015258789,77.41999816894531,3268.0,0.025838637217856508,0.012917649736587933,0.0,-0.012917649736599035
2024-10-29 10:00:00-04:00,77.41999816894531,77.55000305175781,77.31999969482422,77.45500183105469,19980.0,-0.025831962590749935,0.14204623822784423,-0.10336153679265658,0.04521268785486754
2024-10-29 10:01:00-04:00,77.4800033569336,77.54000091552734,77.44499969482422,77.44499969482422,9997.0,0.07750605710081793,-0.012897660653599097,0.16166580508711892,-0.012913480077481054
2024-10-29 10:02:00-04:00,77.44999694824219,77.5199966430664,77.44000244140625,77.44000244140625,12526.0,-0.03872793932799823,-0.02579864872935822,-0.006452648250576676,-0.006452648250576676
2024-10-29 10:03:00-04:00,77.45999908447266,77.5999984741211,77.45999908447266,77.58999633789062,4823.0,0.01291431455723302,0.10320154091729705,0.025822110583662017,0.19369045939514606
2024-10-29 10:04:00-04:00,77.5999984741211,77.5999984741211,77.56999969482422,77.57360076904297,5213.0,0.18073765982848933,0.0,0.14200956836005751,-0.02113103443935893
2024-10-29 10:05:00-04:00,77.55500030517578,77.56999969482422,77.54000091552734,77.55000305175781,2749.0,-0.05798733225531594,-0.03865822150355136,-0.038673171863989886,-0.030419778186407953
2024-10-29 10:06:00-04:00,77.5999984741211,77.5999984741211,77.55000305175781,77.56999969482422,3299.0,0.05802097707208187,0.038673171863989886,0.01289932436467911,0.02578548327465402
2024-10-29 10:07:00-04:00,77.55999755859375,77.61000061035156,77.54000091552734,77.61000061035156,4974.0,-0.05154757256945475,0.01288935106591449,-0.012897660653599097,0.05156750765078488
2024-10-29 10:08:00-04:00,77.62999725341797,77.62999725341797,77.55500030517578,77.58999633789062,2791.0,0.09025231695158897,0.025765549425527112,0.019344066896231915,-0.025775379852621683
2024-10-29 10:09:00-04:00,77.55999755859375,77.5999984741211,77.5199966430664,77.5999984741211,5919.0,-0.0901709355929925,-0.038643282697725656,-0.04513398487736575,0.012891012633775567
2024-10-29 10:10:00-04:00,77.58000183105469,77.66999816894531,77.55999755859375,77.66999816894531,2891.0,0.02579199728032222,0.090205794072995,0.051600770458648526,0.090205794072995
2024-10-29 10:11:00-04:00,77.68000030517578,77.75,77.68000030517578,77.68309783935547,12522.0,0.12889723093698624,0.10300223115837781,0.15472247338761402,0.01686580496842449
2024-10-29 10:12:00-04:00,77.70999908447266,77.7300033569336,77.61000061035156,77.62999725341797,6283.0,0.03861840779997294,-0.025719155069336974,-0.09011289205614892,-0.06835539186054174
2024-10-29 10:13:00-04:00,77.62000274658203,77.63999938964844,77.58999633789062,77.63999938964844,2365.0,-0.11581049922906317,-0.11579050996802787,-0.025775379852621683,0.012884370197530082
2024-10-29 10:14:00-04:00,77.5999984741211,77.61000061035156,77.58000183105469,77.58999633789062,3206.0,-0.025772058429640587,-0.038638304395544054,-0.012881179672197263,-0.0644037250784435
2024-10-29 10:15:00-04:00,77.58999633789062,77.69000244140625,77.56999969482422,77.69000244140625,3596.0,-0.012889351065903387,0.10308185855627539,-0.012892673362208118,0.12889046041466568
2024-10-29 10:16:00-04:00,77.69999694824219,77.70999908447266,77.66500091552734,77.66500091552734,3742.0,0.14177164008686294,0.025739017168247003,0.12247160123357581,-0.03218113668842504
2024-10-29 10:17:00-04:00,77.70999908447266,77.70999908447266,77.62999725341797,77.63999938964844,4897.0,0.01287276270696136,0.0,-0.04507005948206633,-0.03219149627784468
2024-10-29 10:18:00-04:00,77.69000244140625,77.69000244140625,77.63999938964844,77.66000366210938,5329.0,-0.025732393902966333,-0.025732393902966333,0.012884370197530082,0.02576542068288834
2024-10-29 10:19:00-04:00,77.63999938964844,77.70999908447266,77.63500213623047,77.68499755859375,6749.0,-0.06436227337683897,0.025739017168247003,-0.006436441856327857,0.032183743633495965
2024-10-29 10:20:00-04:00,77.68250274658203,77.68250274658203,77.66000366210938,77.68000030517578,4198.0,0.05474414897954638,-0.035383268838717896,0.03220393532679111,-0.006432713619120012
2024-10-29 10:21:00-04:00,77.66999816894531,77.68000030517578,77.61000061035156,77.66000366210938,13824.0,-0.016097032400608224,-0.0032213707305661643,-0.06438713546211838,-0.02574233134378101
2024-10-29 10:22:00-04:00,77.66000366210938,77.7300033569336,77.61000061035156,77.7300033569336,31526.0,-0.01286791176974278,0.06437056071237901,0.0,0.09013609518844223
2024-10-29 10:23:00-04:00,77.70999908447266,77.70999908447266,77.625,77.69000244140625,9572.0,0.0643773113645496,-0.02573558677089194,0.019326619675918977,-0.051461358291293724
2024-10-29 10:24:00-04:00,77.69999694824219,77.83999633789062,77.69999694824219,77.83999633789062,7742.0,-0.012871105840051023,0.16728510481214265,0.09661442607689086,0.19306717952223273
2024-10-29 10:25:00-04:00,77.81999969482422,77.91500091552734,77.81999969482422,77.91500091552734,6384.0,0.15444369536072866,0.0963573755979441,0.15444369536072866,0.0963573755979441
2024-10-29 10:26:00-04:00,77.88999938964844,77.88999938964844,77.83999633789062,77.85600280761719,3897.0,0.08995077756197567,-0.03208820584628125,0.025696020489363036,-0.07572111559636108
2024-10-29 10:27:00-04:00,77.8499984741211,77.8499984741211,77.69999694824219,77.69999694824219,10571.0,-0.051355650071627235,-0.051355650071627235,-0.1798553394590674,-0.20037743237408812
2024-10-29 10:28:00-04:00,77.69999694824219,77.76000213623047,77.66999816894531,77.70999908447266,5994.0,-0.1926801911611764,-0.11560223462373509,-0.03860846907993709,0.01287276270696136
2024-10-29 10:29:00-04:00,77.72000122070312,77.7300033569336,77.68000030517578,77.69000244140625,7186.0,0.025745525413944925,-0.038578676019473956,0.012877734603145008,-0.025732393902966333
2024-10-29 10:30:00-04:00,77.69999694824219,77.73999786376953,77.69999694824219,77.70999908447266,5342.0,-0.025738898799210208,0.012857978134950265,0.02574233134378101,0.025739017168247003
2024-10-29 10:31:00-04:00,77.69000244140625,77.7300033569336,77.68000030517578,77.72000122070312,5088.0,-0.012862943666003268,-0.012856325071497476,-0.02573570637296463,0.012871105840051023
2024-10-29 10:32:00-04:00,77.73999786376953,77.91999816894531,77.73999786376953,77.91999816894531,3275.0,0.06435245307270243,0.24442918282052695,0.07723681559994588,0.25733008891013487
2024-10-29 10:33:00-04:00,77.90499877929688,77.93000030517578,77.87000274658203,77.88999938964844,4292.0,0.21224713154288644,0.012836417435213576,0.1672303658154517,-0.038499460987961864
2024-10-29 10:34:00-04:00,77.88999938964844,77.91000366210938,77.86499786376953,77.87000274658203,3400.0,-0.0192534367286612,-0.025659749760165163,-0.006427228247041228,-0.025672927491460218
2024-10-29 10:35:00-04:00,77.88500213623047,77.91000366210938,77.88500213623047,77.88999938964844,3508.0,-0.006415783100688355,0.0,0.025690968997316155,0.02567952017606956
2024-10-29 10:36:00-04:00,77.8499984741211,77.94999694824219,77.8499984741211,77.9000015258789,12291.0,-0.04494275040032303,0.05133267135535302,-0.04494275040032303,0.01284136129009461
2024-10-29 10:37:00-04:00,77.91000366210938,78.0,77.90499877929688,78.0,3185.0,0.07707795653744132,0.06414759937838355,0.07064907675504717,0.12836774346900448
2024-10-29 10:38:00-04:00,78.0,78.05000305175781,77.98300170898438,77.99500274658203,10071.0,0.11551319941009996,0.06410647661259095,0.10012570555129052,-0.006406735151243126
2024-10-29 10:39:00-04:00,77.98999786376953,78.0,77.97000122070312,78.0,5826.0,-0.012823251577520622,-0.06406540653771664,-0.016670925709894036,0.006407145640086043
2024-10-29 10:40:00-04:00,77.9800033569336,78.05000305175781,77.95999908447266,78.02999877929688,10085.0,-0.012815113616737595,0.06410647661259095,-0.012828185294178063,0.038459973457527497
2024-10-29 10:41:00-04:00,78.0199966430664,78.12999725341797,78.0199966430664,78.11000061035156,8249.0,0.05128659196096397,0.1024909654482764,0.0769594141846186,0.1025270182061222
2024-10-29 10:42:00-04:00,78.12000274658203,78.15499877929688,78.08999633789062,78.13999938964844,7761.0,0.1281800920514664,0.031999906255997246,0.08972019717516933,0.038405811115693744
2024-10-29 10:43:00-04:00,78.125,78.13999938964844,78.08999633789062,78.08999633789062,4815.0,0.00639689355128592,-0.019191849379707193,0.0,-0.06399162035882755
2024-10-29 10:44:00-04:00,78.08000183105469,78.11499786376953,78.06999969482422,78.08000183105469,5987.0,-0.05759765624999691,-0.031995810179408224,-0.02560717634033649,-0.012798703168959147
2024-10-29 10:45:00-04:00,78.08699798583984,78.08699798583984,78.0199966430664,78.06999969482422,11424.0,0.008960239012667515,-0.035844432817522254,-0.06404899699407052,-0.012810112699679355
2024-10-29 10:46:00-04:00,78.08000183105469,78.12000274658203,78.0250015258789,78.0250015258789,7344.0,-0.008959436225763895,0.042266653339861904,0.006414871863413829,-0.057638233791734717
2024-10-29 10:47:00-04:00,78.02999877929688,78.05000305175781,78.0199966430664,78.04000091552734,3890.0,-0.06404079224537895,-0.08960534096663642,-0.006414460384007725,0.01922382487036245
2024-10-29 10:48:00-04:00,78.02999877929688,78.04000091552734,77.96499633789062,77.96499633789062,4925.0,0.0,-0.012815036309266059,-0.07049513912106287,-0.09611042639262601
2024-10-29 10:49:00-04:00,77.9800033569336,78.01000213623047,77.9800033569336,78.01000213623047,3901.0,-0.06407205324286958,-0.03844026005246359,0.01924840601277289,0.05772564670534219
2024-10-29 10:50:00-04:00,78.0,78.0,77.93000030517578,77.93000030517578,8550.0,0.02564329598047088,-0.0128216074305465,-0.06412291562611916,-0.10255329940253022
2024-10-29 10:51:00-04:00,77.91999816894531,77.91999816894531,77.9000015258789,77.91500091552734,5505.0,-0.10256645007010734,-0.10256645007010734,-0.0384945196707287,-0.01924725983536435
2024-10-29 10:52:00-04:00,77.91500091552734,77.94000244140625,77.9000015258789,77.91000366210938,14435.0,-0.006413313058772907,0.025672834870404948,0.0,-0.0064137243909967445
2024-10-29 10:53:00-04:00,77.9000015258789,77.93499755859375,77.88999938964844,77.93499755859375,6971.0,-0.019250965118644547,-0.006421455806682186,-0.012839712496215405,0.03208047145366599
2024-10-29 10:54:00-04:00,77.91999816894531,77.93000030517578,77.8949966430664,77.91000366210938,7700.0,0.025669631161395756,-0.0064120787508947785,0.006415783100699457,-0.032070183187704604
2024-10-29 10:55:00-04:00,77.91999816894531,77.94000244140625,77.9000015258789,77.93000030517578,10145.0,0.0,0.012834769910563537,0.006425165964674129,0.02566633567766541
2024-10-29 10:56:00-04:00,77.94999694824219,77.9800033569336,77.94000244140625,77.9800033569336,10136.0,0.03849946098797297,0.051322702430511846,0.05134905615380436,0.06416405949185577
2024-10-29 10:57:00-04:00,77.98999786376953,78.02100372314453,77.9749984741211,78.02100372314453,18859.0,0.051316121992805996,0.052578051354101873,0.04490124662384076,0.052578051354101873
2024-10-29 10:58:00-04:00,78.0199966430664,78.02999877929688,77.95999908447266,77.9800033569336,17555.0,0.03846490590919682,0.011529018755340736,-0.01923615253858202,-0.05255042136657062
2024-10-29 10:59:00-04:00,77.97000122070312,77.97000122070312,77.83000183105469,77.83999633789062,29496.0,-0.06408026725763794,-0.07689037489728712,-0.1667486594979506,-0.17954220699648582
2024-10-29 11:00:00-04:00,77.83999633789062,77.86000061035156,77.68399810791016,77.76000213623047,25474.0,-0.16673705370929826,-0.14108068312093103,-0.18759311282230406,-0.10276747870453518
2024-10-29 11:01:00-04:00,77.73999786376953,77.81999969482422,77.7300033569336,77.7699966430664,10842.0,-0.12846669941635191,-0.05137543695578062,0.059221010946841623,0.012853017697223024
2024-10-29 11:02:00-04:00,77.80000305175781,77.8550033569336,77.79000091552734,77.8550033569336,4765.0,0.07718702037198266,0.04498029073072285,0.07718712981168441,0.1093052816465212
2024-10-29 11:03:00-04:00,77.8550033569336,77.91000366210938,77.83999633789062,77.8499984741211,6387.0,0.0706944768873452,0.0706445351028151,0.06426972846751422,-0.006428466504015962
2024-10-29 11:04:00-04:00,77.86000061035156,77.87999725341797,77.86000061035156,77.87999725341797,2001.0,0.006418667012386692,-0.03851419237707043,0.025699220711805637,0.038534078207907996
2024-10-29 11:05:00-04:00,77.875,77.87999725341797,77.8499984741211,77.87999725341797,4114.0,0.019264564000587292,0.0,-0.012846308954617136,0.0
2024-10-29 11:06:00-04:00,77.875,77.9000015258789,77.81999969482422,77.88999938964844,5568.0,0.0,0.025686021014936777,-0.038534078207907996,0.012843010507457286
2024-10-29 11:07:00-04:00,77.8499984741211,77.87000274658203,77.8499984741211,77.86000061035156,2737.0,-0.032104688127010395,-0.03850934365760006,0.03854893268377957,-0.038514288781543726
2024-10-29 11:08:00-04:00,77.83999633789062,77.83999633789062,77.7699966430664,77.79499816894531,6203.0,-0.012847959443174073,-0.03853397667014091,-0.10276407530217524,-0.08348630991098505
2024-10-29 11:09:00-04:00,77.73999786376953,77.75,77.73100280761719,77.73100280761719,3438.0,-0.12846669941635191,-0.1156170890604491,-0.050139947450666966,-0.08226153716097695
2024-10-29 11:10:00-04:00,77.7300033569336,77.7699966430664,77.72000122070312,77.75,6654.0,-0.012856325071497476,0.025719155069325872,-0.014153409214712198,0.024439659462305308
2024-10-29 11:11:00-04:00,77.76000213623047,77.79129791259766,77.75,77.79129791259766,2982.0,0.038593564905853306,0.027390086731027274,0.03859853168515226,0.05311628629922627
2024-10-29 11:12:00-04:00,77.80000305175781,77.80000305175781,77.78500366210938,77.79000091552734,4166.0,0.05144150518059387,0.011190376550773706,0.04502078727894876,-0.0016672778384130282
2024-10-29 11:13:00-04:00,77.77999877929688,77.77999877929688,77.72000122070312,77.72000122070312,5427.0,-0.025712431460478413,-0.025712431460478413,-0.08356680381299553,-0.08998546599868762
2024-10-29 11:14:00-04:00,77.73500061035156,77.80000305175781,77.7300033569336,77.76000213623047,4188.0,-0.05785313660520153,0.025719044452165996,0.012869449399599553,0.05146798108475181
2024-10-29 11:15:00-04:00,77.76000213623047,77.77999877929688,77.76000213623047,77.77999877929688,1980.0,0.03216250811424182,-0.025712431460478413,0.038593564905853306,0.02571584685835404
2024-10-29 11:16:00-04:00,77.76000213623047,77.77999877929688,77.76000213623047,77.77999877929688,1787.0,0.0,0.0,0.0,0.0
2024-10-29 11:17:00-04:00,77.76899719238281,77.7699966430664,77.76000213623047,77.76499938964844,2561.0,0.011567715927518485,-0.012859522226082998,0.0,-0.01928437886840051
2024-10-29 11:18:00-04:00,77.7750015258789,77.7750015258789,77.73999786376953,77.73999786376953,7105.0,0.007720728970239676,0.006435493157441741,-0.025725658322250933,-0.032150101041772405
2024-10-29 11:19:00-04:00,77.73999786376953,77.75,77.7300033569336,77.75,7120.0,-0.04500631491177742,-0.03214596642674428,-0.012856325071497476,0.012866139060085935
2024-10-29 11:20:00-04:00,77.75,77.76000213623047,77.69000244140625,77.69000244140625,7015.0,0.012866139060085935,0.012864483897701007,-0.051461358291293724,-0.07716727793408706
2024-10-29 11:21:00-04:00,77.75,77.80999755859375,77.75,77.79000091552734,3624.0,0.0,0.0642945228778391,0.07722687180888865,0.1287147264495303
2024-10-29 11:22:00-04:00,77.81999969482422,77.86000061035156,77.81999969482422,77.8499984741211,4053.0,0.09003176183179917,0.06426301674171686,0.09003176183179917,0.07712759723310647
2024-10-29 11:23:00-04:00,77.8499984741211,77.86000061035156,77.8499984741211,77.86000061035156,3261.0,0.03854893268377957,0.0,0.03854893268377957,0.012847959443185175
2024-10-29 11:24:00-04:00,77.9000015258789,77.9000015258789,77.86000061035156,77.87999725341797,6556.0,0.06422999709425614,0.05137543695579172,0.012847959443185175,0.025682819046557448
2024-10-29 11:25:00-04:00,77.87999725341797,77.93499755859375,77.87999725341797,77.93000030517578,9966.0,-0.02567942499243081,0.044924302990190235,0.025682819046557448,0.06420525619061923
2024-10-29 11:26:00-04:00,77.93000030517578,77.93000030517578,77.85289764404297,77.93000030517578,5379.0,0.06420525619061923,-0.0064120787508947785,-0.0347966234344077,0.0
2024-10-29 11:27:00-04:00,77.90499877929688,77.91000366210938,77.87000274658203,77.88999938964844,2557.0,-0.03208202974592789,-0.025659749760165163,0.021971054458713724,-0.05132928958129224
2024-10-29 11:28:00-04:00,77.91000366210938,77.91000366210938,77.9000015258789,77.9000015258789,2776.0,0.00642434104476397,0.0,0.03852417906611283,0.01284136129009461
2024-10-29 11:29:00-04:00,77.91999816894531,77.94000244140625,77.91999816894531,77.91999816894531,2681.0,0.012828271551978965,0.038504399803374056,0.025669631161395756,0.025669631161395756
2024-10-29 11:30:00-04:00,77.93000030517578,77.9800033569336,77.92500305175781,77.97000122070312,3448.0,0.012836417435213576,0.051322702430511846,0.006423104376418465,0.06417229585837791
2024-10-29 11:31:00-04:00,77.9800033569336,77.98999786376953,77.95999908447266,77.97000122070312,11880.0,0.06416405949185577,0.012816756098588122,0.044909889437660944,0.0
2024-10-29 11:32:00-04:00,77.98999786376953,78.04000091552734,77.98999786376953,78.04000091552734,6851.0,0.012816756098588122,0.06411469820162274,0.0384797070923204,0.08977772698255393
2024-10-29 11:33:00-04:00,78.02999877929688,78.07499694824219,78.0199966430664,78.05000305175781,4038.0,0.05128980205539868,0.04484371130739628,0.03846490590919682,0.012816678771310208
2024-10-29 11:34:00-04:00,78.04000091552734,78.04000091552734,78.0,78.0,2997.0,0.012818321654428644,-0.04482361073678831,-0.02563015114943612,-0.06406540653771664
2024-10-29 11:35:00-04:00,77.98100280761719,77.98999786376953,77.95999908447266,77.98999786376953,5160.0,-0.07559982985394509,-0.06407361759508401,-0.05128322503505922,-0.012823251577520622
2024-10-29 11:36:00-04:00,77.97000122070312,77.97000122070312,77.95500183105469,77.97000122070312,2431.0,-0.01410803467249977,-0.025640009762961657,-0.006410022417457917,-0.025640009762961657
2024-10-29 11:37:00-04:00,77.9800033569336,78.02999877929688,77.97000122070312,78.0199966430664,6446.0,0.012828185294178063,0.07694954168837587,0.019241086904142612,0.0641213563941978
2024-10-29 11:38:00-04:00,78.02999877929688,78.05500030517578,78.02999877929688,78.05000305175781,4576.0,0.06411313184284673,0.03204091537873932,0.07694954168837587,0.038459894876297085
2024-10-29 11:39:00-04:00,78.04000091552734,78.06999969482422,78.04000091552734,78.0521011352539,6054.0,0.012818321654428644,0.0192164366021208,0.012818321654428644,0.002688127372274529
2024-10-29 11:40:00-04:00,78.0999984741211,78.11000061035156,78.0999984741211,78.11000061035156,1777.0,0.07688052010492719,0.051237243094282015,0.07688052010492719,0.07418054639851679
2024-10-29 11:41:00-04:00,78.0999984741211,78.16999816894531,78.0999984741211,78.16999816894531,6245.0,0.0,0.07681162223138749,0.0,0.07681162223138749
2024-10-29 11:42:00-04:00,78.19000244140625,78.20500183105469,78.16000366210938,78.18000030517578,45529.0,0.1152419578023256,0.0447788959054618,0.07683122811861232,0.012795364544904153
2024-10-29 11:43:00-04:00,78.19999694824219,78.19999694824219,78.0999984741211,78.0999984741211,13328.0,0.01278233344912394,-0.006399696560732693,-0.07677224306140706,-0.10233030281708855
2024-10-29 11:44:00-04:00,78.08999633789062,78.12000274658203,78.08999633789062,78.12000274658203,1858.0,-0.14066574762703343,-0.10229437951654319,-0.01280683281162931,0.02561366562325862
2024-10-29 11:45:00-04:00,78.12999725341797,78.13500213623047,78.11000061035156,78.11000061035156,7132.0,0.05122412268310228,0.019200446903577806,0.025616946342754687,-0.012803553352291885
2024-10-29 11:46:00-04:00,78.11000061035156,78.11000061035156,77.9800033569336,77.98999786376953,15433.0,-0.02559406600456393,-0.031997856524423884,-0.16642843733474244,-0.15363301196303913
2024-10-29 11:47:00-04:00,77.9800033569336,78.0250015258789,77.9800033569336,78.0199966430664,6982.0,-0.16642843733474244,-0.10881972066121293,0.0,0.03846490590919682
2024-10-29 11:48:00-04:00,78.0199966430664,78.0199966430664,77.95999908447266,77.9800033569336,8106.0,0.05128659196096397,-0.006414460384007725,-0.02565307976376552,-0.05126030229888334
2024-10-29 11:49:00-04:00,77.97000122070312,77.9800033569336,77.95999908447266,77.97000122070312,2260.0,-0.06408026725763794,-0.05126030229888334,0.0,-0.01282653988188276
2024-10-29 11:50:00-04:00,77.9800033569336,77.9800033569336,77.96499633789062,77.9800033569336,1848.0,0.012828185294178063,0.0,0.006410022417457917,0.012828185294178063
2024-10-29 11:51:00-04:00,77.9800033569336,78.0,77.94999694824219,77.94999694824219,8935.0,0.0,0.02564329598047088,-0.01923862034628465,-0.038479619645637175
2024-10-29 11:52:00-04:00,77.94000244140625,77.94000244140625,77.91999816894531,77.94000244140625,3170.0,-0.0512963757442364,-0.0769199469150661,-0.038484644607228446,-0.012821689836084449
2024-10-29 11:53:00-04:00,77.94000244140625,77.95999908447266,77.91000366210938,77.93000030517578,3233.0,0.0,0.02565645681296136,-0.012826626117556916,-0.012833122808775244
2024-10-29 11:54:00-04:00,77.91000366210938,77.98999786376953,77.91000366210938,77.98999786376953,2339.0,-0.038489579621747705,0.0384797070923204,0.0,0.0769890393414574
2024-10-29 11:55:00-04:00,77.98999786376953,78.01000213623047,77.97000122070312,77.97000122070312,7355.0,0.10267513528441352,0.025649792292448126,0.07700879960672591,-0.025640009762961657
2024-10-29 11:56:00-04:00,77.95999908447266,77.95999908447266,77.91000366210938,77.91000366210938,5041.0,-0.03846490590918572,-0.06409825713180606,-0.07694954168837587,-0.07694954168837587
2024-10-29 11:57:00-04:00,77.91000366210938,77.91999816894531,77.88999938964844,77.91000366210938,3432.0,-0.06412958305592742,-0.051309538221011586,-0.02567612825138399,0.0
2024-10-29 11:58:00-04:00,77.94000244140625,77.9800033569336,77.91999816894531,77.96499633789062,4350.0,0.038504399803374056,0.07700871329356929,0.038514288781543726,0.07058487125704005
2024-10-29 11:59:00-04:00,77.95999908447266,77.98500061035156,77.94999694824219,77.9800033569336,7741.0,0.02565645681296136,0.006408378049305163,0.03849946098797297,0.01924840601277289
2024-10-29 12:00:00-04:00,77.9800033569336,78.05999755859375,77.9800033569336,78.05500030517578,9845.0,0.025659662257382365,0.09616842681954285,0.038494432156710445,0.0961745896558952
2024-10-29 12:01:00-04:00,78.05999755859375,78.08000183105469,78.02749633789062,78.05999755859375,11336.0,0.10258296770520037,0.025626791040989083,0.06090405092655793,0.006402220739776254
2024-10-29 12:02:00-04:00,78.05999755859375,78.05999755859375,78.02999877929688,78.02999877929688,5263.0,0.0,-0.02562022539935871,0.003207127645632468,-0.03843041280440218
2024-10-29 12:03:00-04:00,78.04000091552734,78.04000091552734,77.9800033569336,78.00499725341797,12075.0,-0.02561701728390764,-0.02561701728390764,-0.06407205324286958,-0.03204091537873932
2024-10-29 12:04:00-04:00,78.01499938964844,78.02999877929688,78.0,78.00499725341797,5112.0,-0.032036808797542005,-0.012816678771310208,0.02564329598047088,0.0
2024-10-29 12:05:00-04:00,78.01000213623047,78.01000213623047,77.9800033569336,78.0,3967.0,-0.006405503373796417,-0.025626865794226017,-0.025636721880006874,-0.0064063247149803715
2024-10-29 12:06:00-04:00,78.0,78.0199966430664,77.98999786376953,78.0,3194.0,-0.0128216074305465,0.012811827409620058,0.012816756098588122,0.0
2024-10-29 12:07:00-04:00,77.98999786376953,78.0,77.98999786376953,78.0,1106.0,-0.012823251577520622,-0.02563015114943612,0.0,0.0
2024-10-29 12:09:00-04:00,77.94999694824219,77.96399688720703,77.94999694824219,77.96399688720703,8568.0,-0.05128980205540978,-0.0461578369140625,-0.05128980205540978,-0.0461578369140625
2024-10-29 12:10:00-04:00,77.9800033569336,78.0199966430664,77.95999908447266,78.00499725341797,7669.0,0.038494432156710445,0.07182771291265322,0.01283147738557755,0.0525888459390389
2024-10-29 12:11:00-04:00,78.01000213623047,78.05999755859375,78.01000213623047,78.05999755859375,2949.0,0.03846983586235364,0.05127008106695641,0.06413936934970277,0.07050869445850427
2024-10-29 12:12:00-04:00,78.08999633789062,78.16999816894531,78.08999633789062,78.16000366210938,7792.0,0.10254351938161488,0.14091802945419563,0.10254351938161488,0.12811440769078253
2024-10-29 12:13:00-04:00,78.16999816894531,78.22000122070312,78.16999816894531,78.22000122070312,3110.0,0.10244824536618236,0.0639670627210931,0.10244824536618236,0.07676248180989997
2024-10-29 12:14:00-04:00,78.19999694824219,78.2249984741211,78.19999694824219,78.20999908447266,4483.0,0.03837633363128479,0.006388715597016592,0.03837633363128479,-0.012787184958296116
2024-10-29 12:15:00-04:00,78.20999908447266,78.28500366210938,78.19999694824219,78.27999877929688,9141.0,0.012790456036837483,0.0767084553004338,0.0,0.08950223199544194
2024-10-29 12:16:00-04:00,78.29000091552734,78.29000091552734,78.23999786376953,78.23999786376953,6503.0,0.10229105228383162,0.006383410850352433,0.05115206788794957,-0.051099790688702296
2024-10-29 12:17:00-04:00,78.2300033569336,78.31999969482422,78.2300033569336,78.30999755859375,6110.0,-0.0766350209377098,0.0383175104688549,-0.012774165527640324,0.08946791505044516
2024-10-29 12:18:00-04:00,78.30000305175781,78.41000366210938,78.30000305175781,78.38999938964844,5057.0,0.08947934529011103,0.11491824264027173,0.08947934529011103,0.10216043104180894
2024-10-29 12:19:00-04:00,78.38999938964844,78.4000015258789,78.33999633789062,78.37000274658203,7876.0,0.1149378472324436,-0.012756199162511361,0.051076991793186366,-0.025509176198623695
2024-10-29 12:20:00-04:00,78.36000061035156,78.38999938964844,78.33999633789062,78.33999633789062,6672.0,-0.0382686306039659,-0.01275782657627067,0.0,-0.03828813020261279
2024-10-29 12:21:00-04:00,78.33000183105469,78.38999938964844,78.33000183105469,78.3499984741211,7942.0,-0.03828328109138912,0.0,-0.012757859718082187,0.012767598542295922
2024-10-29 12:22:00-04:00,78.33000183105469,78.36000061035156,78.31999969482422,78.3499984741211,3256.0,0.0,-0.0382686306039659,-0.012769227622444479,0.0
2024-10-29 12:23:00-04:00,78.3499984741211,78.36080169677734,78.31999969482422,78.3550033569336,4486.0,0.025528715178047,0.001022315492016368,0.0,0.00638785310780321
2024-10-29 12:24:00-04:00,78.3499984741211,78.37000274658203,78.33999633789062,78.37000274658203,7981.0,0.0,0.01174190361181715,0.0255319754141059,0.01914286134365728
2024-10-29 12:25:00-04:00,78.36000061035156,78.44000244140625,78.36000061035156,78.43000030517578,5514.0,0.012765968634664837,0.08931950028197022,0.025535197084591843,0.07655679021443262
2024-10-29 12:26:00-04:00,78.41999816894531,78.47000122070312,78.41999816894531,78.45999908447266,4427.0,0.07656656218277824,0.03824423554714684,0.07656656218277824,0.038249112814159325
2024-10-29 12:27:00-04:00,78.4800033569336,78.4800033569336,78.33000183105469,78.33000183105469,7332.0,0.07651771153960318,0.012746445870881473,-0.11476197397599641,-0.16568602464296367
2024-10-29 12:28:00-04:00,78.33999633789062,78.36000061035156,78.33000183105469,78.33000183105469,1827.0,-0.1783983346766771,-0.15290869195844214,0.0,0.0
2024-10-29 12:29:00-04:00,78.33000183105469,78.37000274658203,78.31999969482422,78.37000274658203,3109.0,-0.012757859718082187,0.012764339143145342,-0.012769227622444479,0.051067170422913755
2024-10-29 12:30:00-04:00,78.37000274658203,78.4000015258789,78.37000274658203,78.37000274658203,3599.0,0.051067170422913755,0.03827839510721631,0.0638445505013463,0.0
2024-10-29 12:31:00-04:00,78.33999633789062,78.33999633789062,78.30000305175781,78.30000305175781,3050.0,-0.03828813020261279,-0.07653722808727004,-0.08931950028198132,-0.08931950028198132
2024-10-29 12:32:00-04:00,78.33000183105469,78.33000183105469,78.29000091552734,78.30999755859375,6561.0,-0.012757859718082187,-0.012757859718082187,-0.012774119847547283,0.0127643760490459
2024-10-29 12:33:00-04:00,78.30000305175781,78.30999755859375,78.27999877929688,78.30999755859375,3944.0,-0.03829794280048038,-0.025538455244877856,-0.01277575183740165,0.0
2024-10-29 12:34:00-04:00,78.31500244140625,78.31500244140625,78.22000122070312,78.26000213623047,5841.0,0.019156307872081335,0.006391116036952305,-0.0766448128888042,-0.06384296248492793
2024-10-29 12:35:00-04:00,78.25370025634766,78.31999969482422,78.25370025634766,78.2699966430664,7069.0,-0.07827642616043962,0.006380965667096561,0.04308237678167792,0.01277090028510841
2024-10-29 12:36:00-04:00,78.26000213623047,78.30999755859375,78.2300033569336,78.30999755859375,3246.0,0.008053139803188003,-0.012770858362409765,-0.030282145555338147,0.05110632073968002
2024-10-29 12:37:00-04:00,78.30500030517578,78.33999633789062,78.29000091552734,78.33999633789062,3428.0,0.057498297619495986,0.038307726001951536,0.07669379524375408,0.038307726001951536
2024-10-29 12:38:00-04:00,78.3499984741211,78.39129638671875,78.3499984741211,78.37000274658203,3562.0,0.05746525607552844,0.06548385400333423,0.0766350209377098,0.038302795626887765
2024-10-29 12:39:00-04:00,78.36499786376953,78.41000366210938,78.3499984741211,78.3499984741211,7957.0,0.019144084161526465,0.02386396992126727,0.0,-0.025525420135075194
2024-10-29 12:40:00-04:00,78.31999969482422,78.31999969482422,78.29000091552734,78.29000091552734,4810.0,-0.05742125971027745,-0.1147863322045084,-0.07657633664609476,-0.07657633664609476
2024-10-29 12:41:00-04:00,78.36000061035156,78.36000061035156,78.30999755859375,78.33999633789062,16635.0,0.05107369213892543,0.05107369213892543,0.02554175863145325,0.06385926910030815
2024-10-29 12:42:00-04:00,78.33000183105469,78.3499984741211,78.31999969482422,78.31999969482422,6475.0,-0.03828328109138912,-0.01276433914313424,0.012772489518964036,-0.02552545826037811
2024-10-29 12:43:00-04:00,78.33000183105469,78.33000183105469,78.26000213623047,78.26000213623047,7939.0,0.0,-0.02552219968837699,-0.07660566755303133,-0.07660566755303133
2024-10-29 12:44:00-04:00,78.23999786376953,78.25,78.22000122070312,78.23999786376953,8187.0,-0.11490356846828309,-0.10213434084584971,-0.05111284747694178,-0.025561298127896315
2024-10-29 12:45:00-04:00,78.20999908447266,78.20999908447266,78.18000030517578,78.18000030517578,11369.0,-0.03834199912570169,-0.05111938086561629,-0.051138986068888226,-0.07668399825140337
2024-10-29 12:46:00-04:00,78.17500305175781,78.19999694824219,78.13999938964844,78.16999816894531,9712.0,-0.04474623849188841,-0.01278882028838968,-0.051165151408549825,-0.012793727540838518
2024-10-29 12:47:00-04:00,78.17500305175781,78.22000122070312,78.12000274658203,78.12000274658203,6713.0,0.0,0.025580912073652762,-0.02559078989327057,-0.06395730271763211
2024-10-29 12:48:00-04:00,78.12999725341797,78.13500213623047,78.0999984741211,78.12000274658203,7525.0,-0.05757057445849867,-0.10866668773479304,-0.02560710670458377,0.0
2024-10-29 12:49:00-04:00,78.12999725341797,78.2300033569336,78.12000274658203,78.19000244140625,14733.0,0.0,0.12158599616787225,0.02561366562325862,0.08960534096662531
2024-10-29 12:50:00-04:00,78.19000244140625,78.22000122070312,78.16999816894531,78.19999694824219,4673.0,0.07680172801447505,-0.012785550046356953,0.06399823426206375,0.01278233344912394
2024-10-29 12:51:00-04:00,78.20500183105469,78.2300033569336,78.19999694824219,78.2300033569336,1399.0,0.01918325768013318,0.012787184958296116,0.03837633363128479,0.038371368110490245
2024-10-29 12:52:00-04:00,78.23500061035156,78.26000213623047,78.12000274658203,78.12999725341797,10637.0,0.03835915682437463,0.03834689762187704,-0.10229437951654319,-0.127835995429193
2024-10-29 12:53:00-04:00,78.12999725341797,78.12999725341797,78.12000274658203,78.12999725341797,1950.0,-0.13421532065496233,-0.1661191914947735,0.0,0.0
2024-10-29 12:54:00-04:00,78.13500213623047,78.1500015258789,78.12999725341797,78.13999938964844,2850.0,0.006405840251422212,0.02560383100496111,0.012793787102594045,0.012801915502480554
2024-10-29 12:55:00-04:00,78.1500015258789,78.1500015258789,78.12999725341797,78.12999725341797,1896.0,0.019196761039674826,0.0,0.0,-0.012800276821856027
2024-10-29 12:56:00-04:00,78.11000061035156,78.13999938964844,78.0999984741211,78.0999984741211,5457.0,-0.05118479174194279,-0.01279863856068486,-0.038395981507044485,-0.038395981507044485
2024-10-29 12:57:00-04:00,78.1050033569336,78.16000366210938,78.1050033569336,78.16000366210938,2649.0,-0.006397712685857204,0.025600553643712054,0.0064083007814019766,0.07683122811861232
2024-10-29 12:58:00-04:00,78.16999816894531,78.18000030517578,78.1500015258789,78.16000366210938,2290.0,0.08321465875200662,0.02558424018612726,0.05761240254951172,0.0
2024-10-29 12:59:00-04:00,78.16000366210938,78.2300033569336,78.16000366210938,78.22000122070312,21866.0,-0.012785604541443174,0.06395887894938834,0.012798638560695963,0.07676248180989997
2024-10-29 13:00:00-04:00,78.2300033569336,78.30999755859375,78.2300033569336,78.27999877929688,7039.0,0.0895594825287338,0.10225514281927417,0.0895594825287338,0.07670360222120642
2024-10-29 13:01:00-04:00,78.26010131835938,78.2699966430664,78.25,78.26000213623047,6343.0,0.038473680345441075,-0.05108021552090447,0.025561347575520088,-0.025545022200090806
2024-10-29 13:02:00-04:00,78.30000305175781,78.33999633789062,78.26000213623047,78.27999877929688,10775.0,0.05098604873525758,0.0894336244109395,0.012782282722634264,0.025551549349045466
2024-10-29 13:03:00-04:00,78.26000213623047,78.30000305175781,78.26000213623047,78.2699966430664,3498.0,-0.05108673559169885,-0.051050916520745115,0.0,-0.012777384244311296
2024-10-29 13:04:00-04:00,78.2699966430664,78.27999877929688,78.20999908447266,78.20999908447266,5320.0,0.01277090028510841,-0.025548239695105668,-0.06389349654088994,-0.07665460734253005
2024-10-29 13:05:00-04:00,78.21499633789062,78.21499633789062,78.18499755859375,78.18499755859375,4501.0,-0.07026997257530976,-0.0830383781552202,-0.031967173215152744,-0.031967173215152744
2024-10-29 13:06:00-04:00,78.20999908447266,78.2300033569336,78.20999908447266,78.22000122070312,5143.0,-0.006389124403183288,0.019186881986343884,0.031977395484550364,0.044770305304608904
2024-10-29 13:07:00-04:00,78.23999786376953,78.25,78.23999786376953,78.25,1315.0,0.03835670585352613,0.025561347575520088,0.03835670585352613,0.03835180111060321
2024-10-29 13:08:00-04:00,78.23999786376953,78.2699966430664,78.23999786376953,78.2699966430664,4058.0,0.0,0.02555481542032556,0.0,0.02555481542032556
2024-10-29 13:09:00-04:00,78.26000213623047,78.26000213623047,78.2300033569336,78.23999786376953,3176.0,0.025567833598061362,-0.01276926953441837,-0.012774165527640324,-0.03832730367125947
2024-10-29 13:10:00-04:00,78.26000213623047,78.26000213623047,78.2249984741211,78.23999786376953,3321.0,0.0,0.0,-0.006397651281775385,0.0
2024-10-29 13:11:00-04:00,78.26000213623047,78.26499938964844,78.25,78.26000213623047,2787.0,0.0,0.006385450142554205,0.03196104361340435,0.025567833598061362
2024-10-29 13:12:00-04:00,78.27999877929688,78.27999877929688,78.25,78.25,2958.0,0.025551549349045466,0.019164875442934104,0.0,-0.012780649063948157
2024-10-29 13:13:00-04:00,78.25,78.30000305175781,78.25,78.26000213623047,3517.0,-0.0383224064444021,0.025554768488622592,0.0,0.012782282722634264
2024-10-29 13:14:00-04:00,78.26000213623047,78.29000091552734,78.26000213623047,78.26000213623047,3307.0,0.012782282722634264,-0.012774119847547283,0.012782282722634264,0.0
2024-10-29 13:15:00-04:00,78.26000213623047,78.27999877929688,78.26000213623047,78.26200103759766,1764.0,0.0,-0.01277575183740165,0.0,0.0025541800570128004
2024-10-29 13:16:00-04:00,78.26010131835938,78.29000091552734,78.26000213623047,78.2699966430664,18434.0,0.00012673412497221648,0.012777384244300194,0.0,0.010216459281320311
2024-10-29 13:17:00-04:00,78.26000213623047,78.26000213623047,78.2300033569336,78.25,7101.0,-0.0001267339643562515,-0.0383175104688549,-0.03833219841299362,-0.02554828660283892
2024-10-29 13:18:00-04:00,78.24749755859375,78.30000305175781,78.24749755859375,78.30000305175781,3556.0,-0.015978248524639582,0.05111284747694178,0.022362521934637947,0.06390166358825056
2024-10-29 13:19:00-04:00,78.30999755859375,78.30999755859375,78.2750015258789,78.2874984741211,3339.0,0.07987475887416551,0.0127643760490459,0.03514996407976145,-0.015970085759065
2024-10-29 13:20:00-04:00,78.27999877929688,78.29000091552734,78.27999877929688,78.27999877929688,2100.0,-0.038307726001940434,-0.0255352364829875,0.00638422653536086,-0.009579683819760376
2024-10-29 13:21:00-04:00,78.2699966430664,78.2699966430664,78.20999908447266,78.20999908447266,6253.0,-0.012777384244311296,-0.0255515036748033,-0.0894221971331044,-0.0894221971331044
2024-10-29 13:22:00-04:00,78.19999694824219,78.2300033569336,78.19000244140625,78.2300033569336,5150.0,-0.0894336244109395,-0.051096573205688944,-0.025567885565125348,0.02557764057677936
2024-10-29 13:23:00-04:00,78.2249984741211,78.26000213623047,78.2249984741211,78.23999786376953,3226.0,0.03197126196239353,0.03834689762187704,0.04475768208482833,0.012775797529163135
2024-10-29 13:24:00-04:00,78.2699966430664,78.30999755859375,78.2699966430664,78.29000091552734,8993.0,0.057524026619448776,0.06388374776205019,0.057524026619448776,0.06390983272377415
2024-10-29 13:25:00-04:00,78.29000091552734,78.29499816894531,78.25,78.25,4939.0,0.0255580341368411,-0.019153863000975768,-0.02554828660283892,-0.05109326230625655
2024-10-29 13:26:00-04:00,78.25,78.25,78.19999694824219,78.19999694824219,7089.0,-0.05109326230625655,-0.05747259722544973,-0.06390166358826166,-0.06390166358826166
2024-10-29 13:27:00-04:00,78.19000244140625,78.22000122070312,78.16999816894531,78.18000030517578,7243.0,-0.07667419628594185,-0.03833709814297093,-0.03836161185112319,-0.02557115581429681
2024-10-29 13:28:00-04:00,78.19999694824219,78.20999908447266,78.19000244140625,78.20999908447266,2878.0,0.01278233344912394,-0.012787184958296116,0.02559072908983051,0.03837142386771131
2024-10-29 13:29:00-04:00,78.23999786376953,78.23999786376953,78.22270202636719,78.22270202636719,3165.0,0.05115206788794957,0.03835670585352613,0.04182067264346667,0.016242094416618613
2024-10-29 13:30:00-04:00,78.2300033569336,78.2300033569336,78.19000244140625,78.19499969482422,5799.0,-0.012774165527640324,-0.012774165527640324,-0.04180319026810819,-0.03541469525513152
2024-10-29 13:31:00-04:00,78.19000244140625,78.19999694824219,78.1500015258789,78.1500015258789,4540.0,-0.05113244766823399,-0.03835665013907086,-0.051158606315837574,-0.057546095173510725
2024-10-29 13:32:00-04:00,78.13999938964844,78.15499877929688,78.12999725341797,78.15499877929688,4675.0,-0.06395069727140879,-0.057542417776690336,-0.02559727712136972,0.006394438029944105
2024-10-29 13:33:00-04:00,78.16000366210938,78.16000366210938,78.08999633789062,78.08999633789062,5122.0,0.025600553643712054,0.0064037910443071056,-0.05119789700951394,-0.08317118856314698
2024-10-29 13:34:00-04:00,78.0999984741211,78.13999938964844,78.08000183105469,78.08999633789062,7084.0,-0.07677224306140706,-0.02559400143763435,-0.012798703168959147,0.0
2024-10-29 13:35:00-04:00,78.08000183105469,78.13999938964844,78.08000183105469,78.125,5267.0,-0.025603896872072873,0.0,0.0,0.044824771098617155
2024-10-29 13:36:00-04:00,78.125,78.15499877929688,78.12000274658203,78.15499877929688,3049.0,0.05763085026904147,0.0191955333575633,0.051230679545688496,0.03839843749999794
2024-10-29 13:37:00-04:00,78.1500015258789,78.1500015258789,78.11000061035156,78.13999938964844,4697.0,0.03200195312500487,-0.006394029167711146,-0.012803553352291885,-0.019191849379707193
2024-10-29 13:38:00-04:00,78.1449966430664,78.15499877929688,78.125,78.15499877929688,6918.0,-0.006404200530751858,0.006394438029944105,0.01920290555783577,0.0191955333575633
2024-10-29 13:39:00-04:00,78.16999816894531,78.16999816894531,78.13999938964844,78.16999816894531,5016.0,0.03199376409612764,0.019191849379707193,0.01919921874999897,0.019191849379707193
2024-10-29 13:40:00-04:00,78.16000366210938,78.16000366210938,78.12000274658203,78.12000274658203,5987.0,-0.012785604541443174,-0.012785604541443174,-0.02559078989327057,-0.06395730271763211
2024-10-29 13:41:00-04:00,78.11000061035156,78.12000274658203,78.0999984741211,78.11000061035156,7184.0,-0.06397524234259544,-0.05117824162377271,-0.02560710670458377,-0.012803553352291885
2024-10-29 13:42:00-04:00,78.11000061035156,78.12999725341797,78.0999984741211,78.12999725341797,4964.0,0.0,0.012793787102594045,0.0,0.025600618243704076
2024-10-29 13:43:00-04:00,78.11000061035156,78.12000274658203,78.05999755859375,78.08999633789062,10370.0,0.0,-0.01279215050209448,-0.051217562495342595,-0.05119789700951394
2024-10-29 13:44:00-04:00,78.0999984741211,78.12999725341797,78.08999633789062,78.0999984741211,5580.0,-0.012805192871989668,0.012793787102594045,0.03843041280440218,0.012808473171377344
2024-10-29 13:45:00-04:00,78.12000274658203,78.1500015258789,78.11000061035156,78.11000061035156,3776.0,0.02561366562325862,0.02560383100496111,0.025616946342754687,0.012806832811640412
2024-10-29 13:46:00-04:00,78.16000366210938,78.19999694824219,78.12999725341797,78.19000244140625,6184.0,0.0512044471594697,0.0639736678018199,0.025600618243704076,0.10242200797536682
2024-10-29 13:47:00-04:00,78.16999816894531,78.18000030517578,78.16000366210938,78.18000030517578,3633.0,0.012787239467315636,-0.02557115581429681,0.03840574650741946,-0.012792090955571211
2024-10-29 13:48:00-04:00,78.19010162353516,78.25,78.19000244140625,78.25,6306.0,0.025717609134900954,0.08953657527626113,0.03838124090496109,0.08953657527626113
2024-10-29 13:49:00-04:00,78.23999786376953,78.25499725341797,78.23999786376953,78.25499725341797,2169.0,0.06381401123458641,0.006386266348834546,0.06394093976496151,0.006386266348834546
2024-10-29 13:50:00-04:00,78.25,78.29000091552734,78.2300033569336,78.29000091552734,3492.0,0.012783916799041783,0.04473025792335328,-0.012774165527640324,0.04473025792335328
2024-10-29 13:51:00-04:00,78.29000091552734,78.30000305175781,78.27999877929688,78.29010009765625,5875.0,0.05111938086561629,0.01277575183740165,0.06390824519739713,0.00012668556359507477
2024-10-29 13:52:00-04:00,78.30000305175781,78.30000305175781,78.29000091552734,78.29000091552734,2377.0,0.01277575183740165,0.0,0.012777384244300194,-0.00012668540311233656
2024-10-29 13:53:00-04:00,78.29000091552734,78.31999969482422,78.26000213623047,78.31999969482422,11501.0,-0.012774119847547283,0.025538495896593183,-0.0383175104688549,0.0383175104688549
2024-10-29 13:54:00-04:00,78.33499908447266,78.38999938964844,78.33499908447266,78.38999938964844,3966.0,0.05747626570329345,0.0893765259154522,0.09583049603250071,0.0893765259154522
2024-10-29 13:55:00-04:00,78.41000366210938,78.41999816894531,78.4000015258789,78.40499877929688,3943.0,0.09574848855979923,0.0382686306039659,0.08298007552940412,0.01913431530198295
2024-10-29 13:56:00-04:00,78.41000366210938,78.41000366210938,78.36000061035156,78.36000061035156,4589.0,0.0,-0.012744844515810705,-0.051021574934717595,-0.05739196434653149
2024-10-29 13:57:00-04:00,78.36000061035156,78.36000061035156,78.31999969482422,78.31999969482422,4243.0,-0.06377126568350988,-0.06377126568350988,-0.05104762023452336,-0.05104762023452336
2024-10-29 13:58:00-04:00,78.33000183105469,78.36499786376953,78.30000305175781,78.36499786376953,9753.0,-0.03828328109138912,0.00637730140256032,-0.0255319754141059,0.05745425066476795
2024-10-29 13:59:00-04:00,78.3499984741211,78.375,78.33000183105469,78.36000061035156,6196.0,0.025528715178047,0.012763525174674939,0.038312615744140466,-0.006376894728765681
2024-10-29 14:00:00-04:00,78.36499786376953,78.37000274658203,78.33999633789062,78.37000274658203,5107.0,0.019144084161526465,-0.00637608091607067,0.012759487555613624,0.012764339143145342
2024-10-29 14:01:00-04:00,78.37000274658203,78.41000366210938,78.37000274658203,78.38999938964844,3874.0,0.006386630445898156,0.05104110517475391,0.038302795626887765,0.025515685039678715
2024-10-29 14:02:00-04:00,78.37629699707031,78.41999816894531,78.37629699707031,78.41999816894531,2239.0,0.008031453703827296,0.012746469033464436,0.008031453703827296,0.0382686306039659
2024-10-29 14:03:00-04:00,78.44000244140625,78.45999908447266,78.43499755859375,78.44999694824219,3114.0,0.08128151849062792,0.05100856473008175,0.07489580877446667,0.03825399132533214
2024-10-29 14:04:00-04:00,78.44999694824219,78.44999694824219,78.41000366210938,78.41999816894531,5736.0,0.012741594243825816,-0.012748070796819722,-0.03186574521877317,-0.03823936324263144
2024-10-29 14:05:00-04:00,78.41999816894531,78.4800033569336,78.41999816894531,78.47000122070312,4748.0,-0.03823936324263144,0.03824908841132402,0.012746469033464436,0.06376313813485357
2024-10-29 14:06:00-04:00,78.47000122070312,78.48500061035156,78.44000244140625,78.44000244140625,6113.0,0.06376313813485357,0.006367549954400253,0.025509146809521432,-0.03822961492315757
2024-10-29 14:07:00-04:00,78.44000244140625,78.44999694824219,78.43000030517578,78.44999694824219,4830.0,-0.03822961492315757,-0.044599174157056165,-0.012751320651649412,0.012741594243825816
2024-10-29 14:08:00-04:00,78.44999694824219,78.45999908447266,78.43000030517578,78.43000030517578,2407.0,0.012741594243825816,0.012749696137115407,0.0,-0.025489667105527136
2024-10-29 14:09:00-04:00,78.43000030517578,78.44999694824219,78.41000366210938,78.41000366210938,4157.0,-0.025489667105527136,-0.012748070796819722,-0.025496165993366127,-0.025496165993366127
2024-10-29 14:10:00-04:00,78.41500091552734,78.45500183105469,78.38999938964844,78.45500183105469,6265.0,-0.019124556407079663,0.006379710652892889,-0.02551239832501162,0.05738830103774184
2024-10-29 14:11:00-04:00,78.45999908447266,78.45999908447266,78.40399932861328,78.40399932861328,4374.0,0.05738464377982311,0.006369579123499669,0.017859343122661464,-0.06500860525276986
2024-10-29 14:12:00-04:00,78.41000366210938,78.41000366210938,78.3499984741211,78.37000274658203,7490.0,-0.06372090612626335,-0.06372090612626335,-0.06887512748661173,-0.04336077537162586
2024-10-29 14:13:00-04:00,78.36489868164062,78.36489868164062,78.33999633789062,78.3499984741211,2907.0,-0.057524522844198955,-0.057524522844198955,-0.012765968634664837,-0.025525420135075194
2024-10-29 14:14:00-04:00,78.36000061035156,78.37000274658203,78.36000061035156,78.36009979248047,6457.0,-0.006250338316593496,0.006513203012148416,0.025535197084591843,0.012892557187105247
2024-10-29 14:15:00-04:00,78.3499984741211,78.37999725341797,78.33000183105469,78.37999725341797,4807.0,-0.01276433914313424,0.012752974972141118,-0.03828328109138912,0.025392337414320565
2024-10-29 14:16:00-04:00,78.38999938964844,78.38999938964844,78.36000061035156,78.37000274658203,1899.0,0.051054136957717766,0.012761082649870303,0.03829794280048038,-0.01275134879582529
2024-10-29 14:17:00-04:00,78.36000061035156,78.37999725341797,78.36000061035156,78.36000061035156,3505.0,-0.0382686306039659,-0.012759454405342208,0.0,-0.012762710067537597
2024-10-29 14:18:00-04:00,78.36000061035156,78.36499786376953,78.36000061035156,78.36000061035156,2557.0,0.0,-0.019136757047777397,0.0,0.0
2024-10-29 14:19:00-04:00,78.3499984741211,78.3499984741211,78.33499908447266,78.3499984741211,6234.0,-0.01276433914313424,-0.019140419903429517,-0.0319059796888288,-0.01276433914313424
2024-10-29 14:20:00-04:00,78.36000061035156,78.37000274658203,78.36000061035156,78.37000274658203,2545.0,0.012765968634664837,0.025531937269329674,0.03191616285327381,0.025531937269329674
2024-10-29 14:21:00-04:00,78.37999725341797,78.4197006225586,78.37999725341797,78.4083023071289,4778.0,0.02551894194824378,0.06341441142634352,0.02551894194824378,0.04887017890087275
2024-10-29 14:22:00-04:00,78.41000366210938,78.45999908447266,78.41000366210938,78.45999908447266,4474.0,0.038283247949588706,0.051388186379375256,0.038283247949588706,0.06593278495081734
2024-10-29 14:23:00-04:00,78.44999694824219,78.46499633789062,78.44000244140625,78.45999908447266,6972.0,0.0510053363919738,0.0063691734339510475,0.03825886735848716,0.0
2024-10-29 14:24:00-04:00,78.44999694824219,78.48999786376953,78.44999694824219,78.4800033569336,7605.0,0.0,0.03186328559965368,0.012741594243825816,0.025496141593639443
2024-10-29 14:25:00-04:00,78.47000122070312,78.47000122070312,78.43499755859375,78.44000244140625,6482.0,0.02549939227420861,-0.025476676787672403,-0.01911968162131572,-0.05096956398614738
2024-10-29 14:26:00-04:00,78.45999908447266,78.4800033569336,78.44000244140625,78.45999908447266,5246.0,-0.012746445870870371,0.012746445870881473,0.006380930666516349,0.02549291489548633
2024-10-29 14:27:00-04:00,78.47000122070312,78.5,78.47000122070312,78.5,5387.0,0.01274807079680862,0.02547992126791243,0.03824423554714684,0.05098255925835016
2024-10-29 14:28:00-04:00,78.5,78.51499938964844,78.48999786376953,78.51499938964844,4162.0,0.038229614923168675,0.01910750273685924,0.025483169052287202,0.01910750273685924
2024-10-29 14:29:00-04:00,78.5,78.51000213623047,78.4800033569336,78.51000213623047,4184.0,0.0,-0.006364711783501953,-0.012733478287618727,-0.006364711783501953
2024-10-29 14:30:00-04:00,78.52999877929688,78.52999877929688,78.5,78.5199966430664,5962.0,0.03821500547371848,0.025470185355125352,0.02547992126791243,0.012730233809699065
2024-10-29 14:31:00-04:00,78.5,78.56999969482422,78.49259948730469,78.56999969482422,15187.0,-0.038200407186028684,0.05093711466845896,-0.009427404707407216,0.0636819331324201
2024-10-29 14:32:00-04:00,78.5999984741211,78.61000061035156,78.58000183105469,78.58000183105469,3932.0,0.1273865912370553,0.05091118198130573,0.1113510628019565,0.012730223074086666
2024-10-29 14:33:00-04:00,78.55000305175781,78.56999969482422,78.55000305175781,78.55000305175781,6813.0,-0.06360740882169758,-0.05088527568599677,-0.0381760990046498,-0.0381760990046498
2024-10-29 14:34:00-04:00,78.54000091552734,78.5625991821289,78.52999877929688,78.55999755859375,6078.0,-0.012733463834335712,-0.009419005630717514,-0.025466927668682526,0.012723751047283294
2024-10-29 14:35:00-04:00,78.56999969482422,78.58309936523438,78.56999969482422,78.58309936523438,2044.0,0.03819554233153166,0.02609407443094902,0.05093711466845896,0.02940657759491483
2024-10-29 14:36:00-04:00,78.58999633789062,78.61000061035156,78.58999633789062,78.5999984741211,6839.0,0.025450735833110194,0.034232863471261865,0.025450735833110194,0.021504762503932184
2024-10-29 14:37:00-04:00,78.58999633789062,78.61000061035156,78.55999755859375,78.55999755859375,8842.0,0.0,0.0,-0.038171244044726826,-0.050891751022763554
2024-10-29 14:38:00-04:00,78.55999755859375,78.58999633789062,78.55999755859375,78.58499908447266,4046.0,-0.038171244044726826,-0.025447490529983963,0.0,0.03182475388987527
2024-10-29 14:39:00-04:00,78.5999984741211,78.62000274658203,78.58499908447266,78.62000274658203,10785.0,0.050917663913496725,0.03818095188907744,0.03182475388987527,0.044542422239834956
2024-10-29 14:40:00-04:00,78.62000274658203,78.62000274658203,78.58999633789062,78.62000274658203,7474.0,0.025450728815878954,0.0,0.006359042407821924,0.0
2024-10-29 14:41:00-04:00,78.61000061035156,78.63999938964844,78.61000061035156,78.625,5976.0,-0.012722126534014944,0.025434548928804368,0.02545396792605903,0.006356211197400263
2024-10-29 14:42:00-04:00,78.62999725341797,78.63999938964844,78.5999984741211,78.62999725341797,8922.0,0.025437785156023907,0.0,-0.01272374526498643,0.006355807208868747
2024-10-29 14:43:00-04:00,78.63999938964844,78.66500091552734,78.62999725341797,78.66500091552734,6902.0,0.012720509449115625,0.03179237801749224,0.03816638661482408,0.044516931619065225
2024-10-29 14:44:00-04:00,78.66500091552734,78.66500091552734,78.63999938964844,78.63999938964844,10265.0,0.03179237801749224,0.0,0.012720509449115625,-0.03178227367689468
2024-10-29 14:45:00-04:00,78.64099884033203,78.66999816894531,78.63999938964844,78.66000366210938,4016.0,-0.030511758616880158,0.006352575300083707,0.0,0.025437783082660204
2024-10-29 14:46:00-04:00,78.66500091552734,78.68000030517578,78.62999725341797,78.63999938964844,12397.0,0.03052107113243885,0.012714041519346075,-0.012718891541330102,-0.025431313920176724
2024-10-29 14:47:00-04:00,78.63999938964844,78.63999938964844,78.62999725341797,78.62999725341797,3611.0,-0.03178227367689468,-0.05084000428595692,0.0,-0.012718891541330102
2024-10-29 14:48:00-04:00,78.62999725341797,78.62999725341797,78.58999633789062,78.61000061035156,10038.0,-0.012718891541330102,-0.012718891541330102,-0.05087233489075027,-0.025431315992496817
2024-10-29 14:49:00-04:00,78.62000274658203,78.65499877929688,78.62000274658203,78.6500015258789,4481.0,-0.01271080654337009,0.031796422169927396,0.03818095188907744,0.05088527568599677
2024-10-29 14:50:00-04:00,78.6500015258789,78.69000244140625,78.6500015258789,78.68000030517578,10435.0,0.038156675462830414,0.04450278132683838,0.038156675462830414,0.03814212169723774
2024-10-29 14:51:00-04:00,78.69000244140625,78.72000122070312,78.66999816894531,78.72000122070312,13371.0,0.05085939574227538,0.03812273270573652,0.0254248476522001,0.05084000428596802
2024-10-29 14:52:00-04:00,78.7300033569336,78.75,78.72000122070312,78.75,5803.0,0.05083354210990709,0.03810820481666699,0.06356050962454951,0.03810820481666699
2024-10-29 14:53:00-04:00,78.73999786376953,78.75,78.69999694824219,78.72000122070312,11886.0,0.012694660751666476,0.0,-0.025411931085783657,-0.03809368799603252
2024-10-29 14:54:00-04:00,78.70999908447266,78.70999908447266,78.69000244140625,78.69499969482422,6170.0,-0.038098526937702104,-0.05079481336806024,-0.012699500919310935,-0.031760067951236426
2024-10-29 14:55:00-04:00,78.69000244140625,78.69000244140625,78.62999725341797,78.6500015258789,10603.0,-0.02540546728370119,-0.02540546728370119,-0.07625516091827045,-0.05718046778043773
2024-10-29 14:56:00-04:00,78.66000366210938,78.66500091552734,78.62999725341797,78.62999725341797,6041.0,-0.03812273270573652,-0.031772175757049936,0.0,-0.02543454809006418
2024-10-29 14:57:00-04:00,78.63999938964844,78.63999938964844,78.58000183105469,78.62999725341797,9512.0,-0.025431313920176724,-0.03178227367689468,-0.06358314143410926,0.0
2024-10-29 14:58:00-04:00,78.62999725341797,78.63500213623047,78.5999984741211,78.5999984741211,8062.0,-0.012718891541330102,-0.006354594934832036,0.02544749631006038,-0.038151825441623544
2024-10-29 14:59:00-04:00,78.58999633789062,78.58999633789062,78.55000305175781,78.55999755859375,5374.0,-0.05087233489075027,-0.05723379807617279,-0.06360740882169758,-0.050891751022763554
2024-10-29 15:00:00-04:00,78.56500244140625,78.56999969482422,78.54920196533203,78.56999969482422,4769.0,-0.03180289814102011,-0.025444260081697312,-0.001019842641192259,0.012731843866231607
2024-10-29 15:01:00-04:00,78.57009887695312,78.57499694824219,78.54000091552734,78.55999755859375,4096.0,0.006486903059244042,0.006360256379500662,-0.01171374065487285,-0.012730223074097768
2024-10-29 15:02:00-04:00,78.55000305175781,78.55000305175781,78.54000091552734,78.55000305175781,5561.0,-0.025576937642379782,-0.031808969080637794,0.0,-0.01272213231483521
2024-10-29 15:03:00-04:00,78.55000305175781,78.58000183105469,78.55000305175781,78.58000183105469,8635.0,0.0,0.03819067871595472,0.012735085451831551,0.03819067871595472
2024-10-29 15:04:00-04:00,78.58000183105469,78.58999633789062,78.56999969482422,78.58999633789062,4580.0,0.03819067871595472,0.012718893615493165,0.025457214881630108,0.012718893615493165
2024-10-29 15:05:00-04:00,78.61000061035156,78.70999908447266,78.61000061035156,78.70999908447266,10070.0,0.0381760990046498,0.15269468402325792,0.05091118198130573,0.15269468402325792
2024-10-29 15:06:00-04:00,78.69499969482422,78.7699966430664,78.68000030517578,78.7300033569336,15408.0,0.10812757131750672,0.07622609489470467,0.0890468061070182,0.02541516032730229
2024-10-29 15:07:00-04:00,78.75,78.83000183105469,78.74500274658203,78.83000183105469,6711.0,0.06989047002867732,0.07617772063668315,0.08261621905709671,0.1270144415817409
2024-10-29 15:08:00-04:00,78.80999755859375,78.83999633789062,78.7750015258789,78.80999755859375,12347.0,0.07618737599206504,0.012678557153100734,0.038096105467699815,-0.025376470881999236
2024-10-29 15:09:00-04:00,78.80999755859375,78.87000274658203,78.80000305175781,78.87000274658203,5908.0,0.0,0.03805988087925982,0.03173789323340781,0.0761390557634023
2024-10-29 15:10:00-04:00,78.86499786376953,78.86499786376953,78.80999755859375,78.83000183105469,9288.0,0.06978848734882082,-0.0063457368304931094,0.012683383818368199,-0.05071752774736815
2024-10-29 15:11:00-04:00,78.84500122070312,78.91000366210938,78.83999633789062,78.91000366210938,7217.0,-0.025355536179627602,0.05706688589224296,0.038064687509442585,0.10148652695218807
2024-10-29 15:12:00-04:00,78.91000366210938,78.91000366210938,78.83999633789062,78.87000274658203,10187.0,0.08244332601923254,0.0,0.0,-0.05069181811044876
2024-10-29 15:13:00-04:00,78.86000061035156,78.87999725341797,78.8499984741211,78.8499984741211,9468.0,-0.06336718975697986,-0.038026114939615496,0.012686626959745873,-0.02536360056334397
2024-10-29 15:14:00-04:00,78.8499984741211,78.88999938964844,78.83999633789062,78.88999938964844,13001.0,-0.012683408766234194,0.012680193431457987,-0.01268501765887553,0.050730394802056544
2024-10-29 15:15:00-04:00,78.91000366210938,78.93000030517578,78.9000015258789,78.91000366210938,14646.0,0.07610043011982981,0.050704672121715255,0.07611008469750047,0.025357171524542643
2024-10-29 15:16:00-04:00,78.88999938964844,78.91000366210938,78.87000274658203,78.91000366210938,11024.0,-0.025350743293073297,-0.02533465474355845,-0.038021265800658455,0.0
2024-10-29 15:17:00-04:00,78.91000366210938,78.94999694824219,78.91000366210938,78.94000244140625,8332.0,0.025357171524542643,0.05068214963475093,0.05071752774736815,0.03801644646390656
2024-10-29 15:18:00-04:00,78.94000244140625,78.97000122070312,78.93000030517578,78.94200134277344,8452.0,0.03801644646390656,0.02533790149992221,0.025341074817375464,0.002532177990066664
2024-10-29 15:19:00-04:00,78.94999694824219,78.97000122070312,78.92859649658203,78.97000122070312,11663.0,0.01266088995037773,0.0,-0.0017785488259480786,0.03546892332777496
2024-10-29 15:20:00-04:00,78.95999908447266,79.0199966430664,78.94999694824219,79.0199966430664,12664.0,0.012668950749961105,0.06330938532412844,0.02711368579964013,0.06330938532412844
2024-10-29 15:21:00-04:00,79.01000213623047,79.08999633789062,79.01000213623047,79.05000305175781,14185.0,0.06332706729683668,0.08858478587439045,0.07600404092178437,0.03797318396119298
2024-10-29 15:22:00-04:00,79.0199966430664,79.05000305175781,79.0199966430664,79.05000305175781,13761.0,0.012649672909392784,-0.05056680741513109,0.012649672909392784,0.0
2024-10-29 15:23:00-04:00,79.05999755859375,79.11000061035156,79.05999755859375,79.11000061035156,11880.0,0.05062125693073849,0.07589823691021014,0.05062125693073849,0.07589823691021014
2024-10-29 15:24:00-04:00,79.12999725341797,79.20999908447266,79.12999725341797,79.18000030517578,13178.0,0.08853996583080281,0.1264043399691328,0.08853996583080281,0.08848400238168352
2024-10-29 15:25:00-04:00,79.16000366210938,79.20999908447266,79.12000274658203,79.20999908447266,8763.0,0.03792039647785295,0.0,-0.01263049056343668,0.037886813818199805
2024-10-29 15:26:00-04:00,79.20999908447266,79.23999786376953,79.20999908447266,79.21099853515625,14006.0,0.06315742805758084,0.03787246514783682,0.11374663140353292,0.0012617733810671439
2024-10-29 15:27:00-04:00,79.20999908447266,79.25499725341797,79.20999908447266,79.25,12021.0,0.0,0.018929063670891644,0.0,0.04923743617049059
2024-10-29 15:28:00-04:00,79.25,79.25499725341797,79.2300033569336,79.23500061035156,9975.0,0.05049983081641951,0.0,0.025254731337143177,-0.018926674635255658
2024-10-29 15:29:00-04:00,79.23999786376953,79.23999786376953,79.20999908447266,79.20999908447266,13484.0,-0.012620992088918648,-0.018925481254483678,-0.025248354932938533,-0.03155363877871409
2024-10-29 15:30:00-04:00,79.20999908447266,79.26000213623047,79.20999908447266,79.2300033569336,12267.0,-0.03785812734176108,0.025245170368792813,0.0,0.025254731337143177
2024-10-29 15:31:00-04:00,79.22000122070312,79.22000122070312,79.13999938964844,79.19000244140625,31045.0,0.01262736566858269,-0.050467971800693956,-0.08837229596425633,-0.050487080439887144
2024-10-29 15:32:00-04:00,79.19000244140625,79.29000091552734,79.19000244140625,79.29000091552734,10796.0,-0.03786768345698244,0.08836113828021297,0.06318303278172177,0.12627663977544668
2024-10-29 15:33:00-04:00,79.30000305175781,79.33999633789062,79.28099822998047,79.28099822998047,18021.0,0.1389071940399944,0.06305388042124882,0.11490817750832161,-0.011354124660012399
2024-10-29 15:34:00-04:00,79.27999877929688,79.38999938964844,79.27999877929688,79.38999938964844,14900.0,-0.025226067706307642,0.06302376363223061,-0.0012606434150796986,0.13748711810082082
2024-10-29 15:35:00-04:00,79.41000366210938,79.44000244140625,79.34500122070312,79.38500213623047,19636.0,0.16398194350937256,0.06298406870164364,0.08199097175469738,-0.006294562862307895
2024-10-29 15:36:00-04:00,79.38500213623047,79.41999816894531,79.36000061035156,79.37000274658203,18734.0,-0.031484101153411714,-0.025181611085289823,0.01890401338164871,-0.018894487931986337
2024-10-29 15:37:00-04:00,79.37000274658203,79.38999938964844,79.34500122070312,79.34500122070312,23877.0,-0.018894487931986337,-0.037772324337082,-0.018900440439861832,-0.031499968519255184
2024-10-29 15:38:00-04:00,79.36000061035156,79.4000015258789,79.33999633789062,79.39009857177734,17440.0,-0.012601909895859631,0.012598735744262513,-0.006307748107003963,0.056837041250745735
2024-10-29 15:39:00-04:00,79.41000366210938,79.43499755859375,79.38999938964844,79.4000015258789,17607.0,0.06300787723443335,0.04407560710617542,0.06302376363223061,0.012473789905431687
2024-10-29 15:40:00-04:00,79.4000015258789,79.4000015258789,79.23100280761719,79.25,31930.0,-0.012595561981121328,-0.0440561890733715,-0.20027280923745616,-0.1889187947055837
2024-10-29 15:41:00-04:00,79.25,79.26000213623047,79.20999908447266,79.2300033569336,18300.0,-0.1889187947055837,-0.17632164604279854,-0.02650947533193726,-0.025232357181581566
2024-10-29 15:42:00-04:00,79.22000122070312,79.30999755859375,79.22000122070312,79.26000213623047,27628.0,-0.037853349270500214,0.06307774541483013,0.01262736566858269,0.03786290297342898
2024-10-29 15:43:00-04:00,79.26000213623047,79.29000091552734,79.22000122070312,79.28199768066406,23347.0,0.050493454823241635,-0.0252132690479967,0.0,0.02775112773247823
2024-10-29 15:44:00-04:00,79.28500366210938,79.29000091552734,79.2699966430664,79.2699966430664,20269.0,0.03154368559810106,0.0,0.06310959554771678,-0.015137153387578817
2024-10-29 15:45:00-04:00,79.2750015258789,79.31500244140625,79.25,79.30999755859375,30507.0,-0.01261542002708449,0.03153175128038921,-0.025225992069166647,0.05046160870607608
2024-10-29 15:46:00-04:00,79.30999755859375,79.31999969482422,79.19000244140625,79.22000122070312,26336.0,0.044145105066206725,0.00630051473762272,-0.07570669854101153,-0.11347414028620717
2024-10-29 15:47:00-04:00,79.22000122070312,79.29000091552734,79.22000122070312,79.2699966430664,22493.0,-0.11347414028620717,-0.037819943787564814,0.03788202850363298,0.06310959554771678
2024-10-29 15:48:00-04:00,79.2699966430664,79.41999816894531,79.2699966430664,79.36000061035156,34561.0,0.06310959554771678,0.16395163566269577,0.06310959554771678,0.11354102573060132
2024-10-29 15:49:00-04:00,79.3499984741211,79.3499984741211,79.30999755859375,79.33000183105469,27321.0,0.10092321741215216,-0.0881386255830785,0.05046160870607608,-0.037800880879734766
2024-10-29 15:50:00-04:00,79.33000183105469,79.33000183105469,79.12999725341797,79.26000213623047,109360.0,-0.025200558854365784,-0.025200558854365784,-0.2269579002858957,-0.08823861491052964
2024-10-29 15:51:00-04:00,79.25,79.25,79.11000061035156,79.13500213623047,41770.0,-0.10084687912280677,-0.10084687912280677,-0.025270622722717295,-0.1577088022091555
2024-10-29 15:52:00-04:00,79.1449966430664,79.16000366210938,79.06999969482422,79.12000274658203,42186.0,-0.13249634944302313,-0.11356004781151174,-0.050563664794245344,-0.018954178610641748
2024-10-29 15:53:00-04:00,79.13999938964844,79.2300033569336,79.11000061035156,79.20500183105469,58169.0,-0.006314048430000607,0.08842810963349823,0.05058924457028713,0.10743058837461295
2024-10-29 15:54:00-04:00,79.19499969482422,79.23999786376953,79.16999816894531,79.19999694824219,73879.0,0.06949747990896427,0.012614548040490448,0.07584067517489856,-0.00631889741404823
2024-10-29 15:55:00-04:00,79.19000244140625,79.19999694824219,78.9000015258789,78.9000015258789,91375.0,-0.006310061793324273,-0.05048071252615749,-0.3410340398016021,-0.37878211353887803
2024-10-29 15:56:00-04:00,78.87999725341797,78.91999816894531,78.81999969482422,78.83999633789062,55888.0,-0.3914701078809313,-0.3535338258660037,-0.10139648860265638,-0.07605220130267876
2024-10-29 15:57:00-04:00,78.83499908447266,78.84500122070312,78.76000213623047,78.7699966430664,62326.0,-0.057046362211132795,-0.09502908005857291,-0.07611971431876752,-0.08878703459627157
2024-10-29 15:58:00-04:00,78.76000213623047,78.98999786376953,78.7300033569336,78.96499633789062,137321.0,-0.09513153943444541,0.18390086983515186,-0.03808885028340203,0.24755579933286587
2024-10-29 15:59:00-04:00,78.9625015258789,79.08999633789062,78.94999694824219,79.06999969482422,308818.0,0.25710942630268185,0.12659637526963863,0.2794278952475304,0.13297456063225965
2024-10-30 09:30:00-04:00,77.08999633789062,77.63999938964844,77.01000213623047,77.2699966430664,53701.0,-2.3713853434273346,-1.833350632673525,-2.4572449487028303,-2.2764677611041395
2024-10-30 09:31:00-04:00,77.12000274658203,77.45999908447266,77.12000274658203,77.45999908447266,5701.0,0.03892386835755435,-0.2318396530020861,0.14283938098971216,0.24589420170926246
2024-10-30 09:32:00-04:00,77.37000274658203,77.52999877929688,77.37000274658203,77.52999877929688,6876.0,0.32417011293619513,0.09036882991424466,0.32417011293619513,0.09036882991424466
2024-10-30 09:33:00-04:00,77.57499694824219,77.58999633789062,77.41999816894531,77.41999816894531,3765.0,0.26495307533023205,0.07738624988831155,0.06461861262565538,-0.14188135184253214
2024-10-30 09:34:00-04:00,77.44000244140625,77.47200012207031,77.30000305175781,77.30000305175781,3135.0,-0.17401806270904707,-0.15207658382462297,-0.15499240509622147,-0.15499240509622147
2024-10-30 09:35:00-04:00,77.2300033569336,77.58999633789062,77.2300033569336,77.55000305175781,9764.0,-0.27117649516029685,0.15230820894567287,-0.09055587588703284,0.32341525243226865
2024-10-30 09:36:00-04:00,77.52999877929688,77.52999877929688,77.37000274658203,77.42500305175781,4070.0,0.38844414000189786,-0.0773264098795301,0.18127590776009228,-0.161186325056073
2024-10-30 09:37:00-04:00,77.48999786376953,77.5999984741211,77.48999786376953,77.5199966430664,7391.0,-0.05159411344918263,0.09028723839334951,0.1550925590380725,0.12269110437759245
2024-10-30 09:38:00-04:00,77.51000213623047,77.67500305175781,77.47000122070312,77.63999938964844,14045.0,0.025815296183262504,0.0966553854530483,-0.02580545053254557,0.15480231137596778
2024-10-30 09:39:00-04:00,77.63999938964844,77.65499877929688,77.61000061035156,77.65499877929688,7247.0,0.16771674601361308,-0.02575380968778962,0.1807143248256704,0.019319152197772027
2024-10-30 09:40:00-04:00,77.6449966430664,77.6449966430664,77.4800033569336,77.49500274658203,5825.0,0.006436441856338959,-0.012880221991751206,-0.16750064733362935,-0.20603442821442997
2024-10-30 09:41:00-04:00,77.51000213623047,77.61000061035156,77.51000213623047,77.56999969482422,7649.0,-0.1738611793062561,-0.04507184522876129,0.03871809240725277,0.09677649601154137
2024-10-30 09:42:00-04:00,77.55000305175781,77.55000305175781,77.48500061035156,77.51000213623047,4562.0,0.05160742410641461,-0.0773064787036537,-0.03225587045522227,-0.07734634372797977
2024-10-30 09:43:00-04:00,77.44999694824219,77.55999755859375,77.33999633789062,77.3550033569336,11596.0,-0.12895693047088042,0.012887822621054923,-0.1871385059285524,-0.19997261646884645
2024-10-30 09:44:00-04:00,77.3550033569336,77.5,77.3499984741211,77.45999908447266,16101.0,-0.12265151071868541,-0.07735631831141676,0.012932682575739207,0.1357323029960833
2024-10-30 09:45:00-04:00,77.44000244140625,77.44000244140625,77.23999786376953,77.37000274658203,14947.0,0.10988181860771551,-0.07741620463709298,-0.14221152232907208,-0.11618427440527324
2024-10-30 09:46:00-04:00,77.36000061035156,77.56999969482422,77.33499908447266,77.56999969482422,6384.0,-0.1033081463488017,0.16786834881148405,0.12299485154139145,0.2584941723438483
2024-10-30 09:47:00-04:00,77.58999633789062,77.5999984741211,77.51000213623047,77.5999984741211,20652.0,0.29730574679995847,0.038673171863989886,0.22629217537930568,0.038673171863989886
2024-10-30 09:48:00-04:00,77.61000061035156,77.66999816894531,77.59500122070312,77.6500015258789,4400.0,0.02578202526757334,0.090205794072995,0.10966208506002495,0.06443692363535813
2024-10-30 09:49:00-04:00,77.63999938964844,77.63999938964844,77.55000305175781,77.56999969482422,13019.0,0.038653239351837954,-0.0386233809760439,-0.057991066740659125,-0.1030287565777166
2024-10-30 09:50:00-04:00,77.58000183105469,77.5999984741211,77.4800033569336,77.5199966430664,18690.0,-0.07727660879109921,-0.05152101473699933,-0.09026394851009423,-0.06446184343757988
2024-10-30 09:51:00-04:00,77.56999969482422,77.56999969482422,77.54499816894531,77.54499816894531,5218.0,-0.012892673362208118,-0.03865822150355136,0.08388591790877697,0.0322517117667287
2024-10-30 09:52:00-04:00,77.56999969482422,77.61499786376953,77.56999969482422,77.61000061035156,5350.0,0.0,0.058009757795973727,0.032241313391279114,0.08382544708380735
2024-10-30 09:53:00-04:00,77.61000061035156,77.73999786376953,77.61000061035156,77.69000244140625,10873.0,0.05156750765078488,0.16105134760089346,0.05156750765078488,0.10308185855627539
2024-10-30 09:54:00-04:00,77.7300033569336,77.73999786376953,77.63999938964844,77.72000122070312,15678.0,0.15462278783442418,0.0,0.038653239351837954,0.03861343590445543
2024-10-30 09:55:00-04:00,77.7699966430664,77.77999877929688,77.70999908447266,77.76000213623047,7685.0,0.05145154304080357,0.05145474225178859,0.09015931913254338,0.05146798108475181
2024-10-30 09:56:00-04:00,77.76499938964844,77.87000274658203,77.76499938964844,77.77999877929688,19900.0,-0.006425682954447343,0.11571608215183993,0.0707763554545826,0.02571584685835404
2024-10-30 09:57:00-04:00,77.76000213623047,77.83999633789062,77.70999908447266,77.83999633789062,9947.0,-0.006426095875000648,-0.03853397667014091,-0.07072629795854546,0.07713751547360204
2024-10-30 09:58:00-04:00,77.87000274658203,77.89189910888672,77.81999969482422,77.89189910888672,6253.0,0.1414616863806728,0.06667879424195888,0.1415527109091652,0.06667879424195888
2024-10-30 09:59:00-04:00,77.9000015258789,77.91000366210938,77.81999969482422,77.83999633789062,5614.0,0.03852417906611283,0.023243178597232017,0.0,-0.0666343632519939
2024-10-30 10:00:00-04:00,77.83499908447266,77.83499908447266,77.69000244140625,77.79000091552734,11001.0,-0.08344344047882535,-0.09627079208212042,-0.1670486429295348,-0.06422844901772251
2024-10-30 10:01:00-04:00,77.80000305175781,77.80000305175781,77.68000030517578,77.7300033569336,8353.0,-0.044961820680256004,-0.044961820680256004,-0.012874418736197324,-0.07712759723309537
2024-10-30 10:02:00-04:00,77.7300033569336,77.875,77.7300033569336,77.875,8113.0,-0.0899738972730546,0.0963971019285026,0.06437056071237901,0.1865388354617581
2024-10-30 10:03:00-04:00,77.8550033569336,77.93000030517578,77.83999633789062,77.90499877929688,6329.0,0.1608130639413563,0.07062639508927937,0.1415064662379395,0.03852170696228008
2024-10-30 10:04:00-04:00,77.93000030517578,78.0199966430664,77.93000030517578,78.0199966430664,2367.0,0.09632900264400224,0.1154835590121861,0.11562689044133379,0.14761294598735208
2024-10-30 10:05:00-04:00,77.98999786376953,78.01499938964844,77.94000244140625,78.01499938964844,5875.0,0.0769890393414574,-0.006405093095340764,0.012834769910563537,-0.006405093095340764
2024-10-30 10:06:00-04:00,78.02999877929688,78.06999969482422,77.93000030517578,77.93000030517578,5944.0,0.05128980205539868,0.07049965468957087,-0.012833122808775244,-0.10895223372127116
2024-10-30 10:07:00-04:00,77.91999816894531,77.95500183105469,77.91999816894531,77.94999694824219,2305.0,-0.14097220565476576,-0.14730096608051024,-0.012834769910563537,0.025659749760165163
2024-10-30 10:08:00-04:00,77.91000366210938,77.91000366210938,77.87999725341797,77.87999725341797,3155.0,-0.012826626117556916,-0.057723260712416735,-0.05133587842316434,-0.08980076660002334
2024-10-30 10:09:00-04:00,77.8499984741211,77.9749984741211,77.8499984741211,77.9749984741211,3772.0,-0.07701859218043339,0.08342293538272649,-0.03851923517570466,0.12198410895418732
2024-10-30 10:10:00-04:00,77.98999786376953,77.98999786376953,77.91999816894531,77.94999694824219,2638.0,0.17983223171800233,0.01923615253858202,0.08991611585900117,-0.03206351570138599
2024-10-30 10:11:00-04:00,77.9749984741211,78.04000091552734,77.95999908447266,77.9800033569336,9251.0,-0.01923245295459841,0.06411469820162274,0.05133587842316434,0.038494432156710445
2024-10-30 10:12:00-04:00,77.9749984741211,78.04000091552734,77.95500183105469,78.0250015258789,5805.0,0.0,0.0,-0.006410022417457917,0.05770475379354156
2024-10-30 10:13:00-04:00,78.02999877929688,78.02999877929688,77.95999908447266,77.9800033569336,4340.0,0.07053582077853893,-0.012816678771310208,0.00641043332767488,-0.05767147461110955
2024-10-30 10:14:00-04:00,77.98999786376953,77.98999786376953,77.95999908447266,77.9749984741211,3102.0,-0.0512635091030611,-0.0512635091030611,0.0,-0.006418161832577596
2024-10-30 10:15:00-04:00,77.98999786376953,78.03500366210938,77.98999786376953,78.02999877929688,6391.0,0.0,0.0577071413932595,0.0384797070923204,0.07053582077853893
2024-10-30 10:16:00-04:00,78.08999633789062,78.125,78.08000183105469,78.08000183105469,2020.0,0.12821961387377012,0.11532816514023825,0.11540450025704363,0.06408183075747864
2024-10-30 10:17:00-04:00,78.06500244140625,78.06500244140625,77.9800033569336,78.02999877929688,7360.0,-0.032006527924821615,-0.07679687499999588,-0.12807181323774008,-0.06404079224537895
2024-10-30 10:18:00-04:00,78.04000091552734,78.04000091552734,78.02999877929688,78.02999877929688,1493.0,-0.032026548513430786,-0.032026548513430786,0.06411313184284673,0.0
2024-10-30 10:19:00-04:00,78.05000305175781,78.06999969482422,78.02999877929688,78.04000091552734,3044.0,0.012816678771310208,0.03844026005246359,0.0,0.012818321654428644
2024-10-30 10:20:00-04:00,78.06999969482422,78.06999969482422,78.02999877929688,78.03500366210938,4278.0,0.02562029760990736,0.0,0.0,-0.006403451254921588
2024-10-30 10:21:00-04:00,78.0199966430664,78.06999969482422,77.9800033569336,78.06999969482422,3356.0,-0.06404899699407052,0.0,-0.06407205324286958,0.04484658303647304
2024-10-30 10:22:00-04:00,78.06999969482422,78.06999969482422,77.9800033569336,77.9800033569336,23278.0,0.0640900460257221,0.0,0.0,-0.11527646758348054
2024-10-30 10:23:00-04:00,77.95999908447266,78.01499938964844,77.94999694824219,78.01000213623047,2999.0,-0.14089997538305754,-0.07044998769153432,-0.038479619645637175,0.03846983586235364
2024-10-30 10:24:00-04:00,78.0,78.0,77.87999725341797,77.87999725341797,9362.0,0.051309538221011586,-0.019226289515839046,-0.08980076660002334,-0.16665155653433628
2024-10-30 10:25:00-04:00,77.9000015258789,77.94000244140625,77.88999938964844,77.91999816894531,4142.0,-0.12820317195012532,-0.0769199469150661,0.012843010507457286,0.051362245683161944
2024-10-30 10:26:00-04:00,77.94000244140625,77.94750213623047,77.87999725341797,77.89749908447266,4589.0,0.05134905615380436,0.0096223949054286,-0.012841361290083508,-0.028874595740968623
2024-10-30 10:27:00-04:00,77.88500213623047,77.9800033569336,77.88500213623047,77.9800033569336,3976.0,-0.07056749224139125,0.04169629534289676,0.006426403427073346,0.10591389124248174
2024-10-30 10:28:00-04:00,77.9800033569336,78.06500244140625,77.97000122070312,78.05000305175781,8028.0,0.12197627026697688,0.10900112953777796,0.10913408505013322,0.08976621160659004
2024-10-30 10:29:00-04:00,78.02999877929688,78.02999877929688,77.9000015258789,77.91000366210938,5105.0,0.06411313184284673,-0.04483912254489297,-0.08977772698255393,-0.1793714082952702
2024-10-30 10:30:00-04:00,77.91000366210938,77.91000366210938,77.8499984741211,77.86000061035156,4332.0,-0.15378074979457423,-0.15378074979457423,-0.06418876865001977,-0.06418052805474694
2024-10-30 10:31:00-04:00,77.86000061035156,77.9000015258789,77.81999969482422,77.81999969482422,8620.0,-0.06418052805474694,-0.012838064125686444,-0.038534078207907996,-0.05137543695578062
2024-10-30 10:32:00-04:00,77.80999755859375,77.80999755859375,77.75,77.7750015258789,3873.0,-0.06422174591039775,-0.11553782480383523,-0.08995077756197567,-0.05782339902566935
2024-10-30 10:33:00-04:00,77.77999877929688,77.80999755859375,77.76000213623047,77.80000305175781,3615.0,-0.038553887981152,0.0,0.012864483897701007,0.032145966426733175
2024-10-30 10:34:00-04:00,77.79499816894531,77.80000305175781,77.79499816894531,77.80000305175781,489.0,0.01928437886840051,-0.01284475922057604,0.04500518486809657,0.0
2024-10-30 10:35:00-04:00,77.80999755859375,77.8499984741211,77.80999755859375,77.83000183105469,3455.0,0.019280660712750475,0.06426146581257619,0.019280660712750475,0.038558840771396596
2024-10-30 10:36:00-04:00,77.81009674072266,77.83000183105469,77.66000366210938,77.66000366210938,9454.0,0.000127467076227461,-0.025686118764733923,-0.1927694399057489,-0.21842241416661912
2024-10-30 10:37:00-04:00,77.6500015258789,77.74500274658203,77.6500015258789,77.7300033569336,6554.0,-0.20575120909721578,-0.10921120708330401,-0.012879391911935212,0.09013609518844223
2024-10-30 10:38:00-04:00,77.72000122070312,77.72000122070312,77.6729965209961,77.68000030517578,2147.0,0.09014770566473373,-0.03215837030761115,0.029613644127901573,-0.06432915167673414
2024-10-30 10:39:00-04:00,77.68000030517578,77.69000244140625,77.62000274658203,77.62999725341797,5789.0,-0.05146798108475181,-0.03859853168515226,-0.06822676707178843,-0.06437056071236791
2024-10-30 10:40:00-04:00,77.63999938964844,77.69000244140625,77.62000274658203,77.62000274658203,2957.0,-0.051494484256175976,0.0,0.0,-0.01287454230265439
2024-10-30 10:41:00-04:00,77.62000274658203,77.62999725341797,77.61000061035156,77.625,3226.0,-0.025755594054099884,-0.0772366921130363,-0.012886029214820294,0.006438100027228444
2024-10-30 10:42:00-04:00,77.62000274658203,77.66999816894531,77.62000274658203,77.62999725341797,8618.0,0.0,0.05152765289526684,0.012887689926310841,0.0064376855626102625
2024-10-30 10:43:00-04:00,77.64350128173828,77.7300033569336,77.64350128173828,77.69999694824219,3943.0,0.030273813868531008,0.07725658478550113,0.030273813868531008,0.0901709355929814
2024-10-30 10:44:00-04:00,77.69000244140625,77.69000244140625,77.6500015258789,77.6500015258789,1319.0,0.059890601145395905,-0.051461358291293724,0.008371910119087111,-0.06434417545291282
2024-10-30 10:45:00-04:00,77.63999938964844,77.63999938964844,77.56500244140625,77.56999969482422,9438.0,-0.06436227337683897,-0.06436227337683897,-0.10946436935268533,-0.1030287565777166
2024-10-30 10:46:00-04:00,77.58000183105469,77.58499908447266,77.58000183105469,77.58499908447266,321.0,-0.07727660879109921,-0.07084016693477135,0.01933783172347603,0.01933658593198384
2024-10-30 10:47:00-04:00,77.56999969482422,77.66999816894531,77.56999969482422,77.63999938964844,3274.0,-0.012892673362208118,0.10955608104101788,-0.012892673362208118,0.07089038580241347
2024-10-30 10:48:00-04:00,77.62999725341797,77.62999725341797,77.62999725341797,77.62999725341797,1453.0,0.07734634372797977,-0.051501115579188905,0.07734634372797977,-0.01288271034144417
2024-10-30 10:49:00-04:00,77.62000274658203,77.6449966430664,77.62000274658203,77.6449966430664,1233.0,-0.01287454230265439,0.019321641348857277,-0.01287454230265439,0.019321641348857277
2024-10-30 10:50:00-04:00,77.66000366210938,77.66999816894531,77.55999755859375,77.58000183105469,5284.0,0.05153428769892887,0.03219979001845008,-0.07730634612856946,-0.08370766285238362
2024-10-30 10:51:00-04:00,77.56999969482422,77.59500122070312,77.55000305175781,77.58000183105469,2631.0,-0.11589487901231266,-0.09655845244009864,-0.012886161875380608,0.0
2024-10-30 10:52:00-04:00,77.57499694824219,77.57499694824219,77.52999877929688,77.54499816894531,3762.0,0.006442250145188844,-0.025780362325200645,-0.02579532130718709,-0.04511943965354037
2024-10-30 10:53:00-04:00,77.56999969482422,77.6500015258789,77.56999969482422,77.6500015258789,5553.0,-0.006441835146064889,0.09668653636785152,0.051594113449193735,0.13540958077633558
2024-10-30 10:54:00-04:00,77.63999938964844,77.63999938964844,77.5801010131836,77.5801010131836,4754.0,0.09024067951477477,-0.012881050912971759,0.013022197240064592,-0.09001997594554334
2024-10-30 10:55:00-04:00,77.58999633789062,77.6500015258789,77.58999633789062,77.62000274658203,4326.0,-0.0644037250784435,0.012882710341455272,0.012754977858753236,0.05143294849752067
2024-10-30 10:56:00-04:00,77.63999938964844,77.66999816894531,77.63999938964844,77.66000366210938,2773.0,0.06444523020732174,0.025752276462931434,0.06444523020732174,0.05153428769892887
2024-10-30 10:57:00-04:00,77.66000366210938,77.66000366210938,77.56999969482422,77.58000183105469,4261.0,0.02576542068288834,-0.01286791176974278,-0.09015931913254338,-0.10301548710036634
2024-10-30 10:58:00-04:00,77.54499816894531,77.55000305175781,77.48999786376953,77.48999786376953,8087.0,-0.1480884467433663,-0.1416438387386143,-0.10313501530156977,-0.116014391803132
2024-10-30 10:59:00-04:00,77.5,77.51000213623047,77.47000122070312,77.48999786376953,3099.0,-0.05802846090379177,-0.05158080458185221,-0.02580545053254557,0.0
2024-10-30 11:00:00-04:00,77.4800033569336,77.52999877929688,77.41000366210938,77.41500091552734,22000.0,-0.025802120085682834,0.025798790498376967,-0.07744618258469504,-0.09678274656044206
2024-10-30 11:01:00-04:00,77.41999816894531,77.4800033569336,77.41000366210938,77.4800033569336,5711.0,-0.077446031735251,-0.0644852613832736,0.0,0.08396620892270334
2024-10-30 11:02:00-04:00,77.44999694824219,77.44999694824219,77.41000366210938,77.41500091552734,9059.0,0.03874810127406647,-0.03872793932799823,0.0,-0.08389576482953354
2024-10-30 11:03:00-04:00,77.41999816894531,77.43000030517578,77.33000183105469,77.33000183105469,12504.0,-0.03873309293598304,-0.025818778378738916,-0.10334818146229274,-0.10979665887417278
2024-10-30 11:04:00-04:00,77.33999633789062,77.36000061035156,77.33000183105469,77.3499984741211,6733.0,-0.10333483976595614,-0.090403841596709,0.0,0.02585884209609368
2024-10-30 11:05:00-04:00,77.3499984741211,77.3499984741211,77.2300033569336,77.2300033569336,9533.0,0.012932682575739207,-0.012929338355160969,-0.12931394252332362,-0.1551326691074828
2024-10-30 11:06:00-04:00,77.25,77.25,77.19999694824219,77.2031021118164,3009.0,-0.12928051207984348,-0.12928051207984348,-0.03885330491664174,-0.0348326349189132
2024-10-30 11:07:00-04:00,77.18000030517578,77.19999694824219,77.16000366210938,77.19000244140625,5552.0,-0.09061449168183966,-0.06472886958940327,-0.05180477683131013,-0.01696780317348434
2024-10-30 11:08:00-04:00,77.19000244140625,77.20999908447266,77.1500015258789,77.1500015258789,8861.0,0.012959492343767032,0.01295613552572128,-0.012962850901698797,-0.05182136839250173
2024-10-30 11:09:00-04:00,77.15499877929688,77.16999816894531,77.1500015258789,77.1500015258789,7910.0,-0.04534740381171298,-0.05180794715925474,0.0,0.0
2024-10-30 11:10:00-04:00,77.16000366210938,77.18000030517578,77.11000061035156,77.11000061035156,6069.0,0.006486790087079086,0.012961172045855562,-0.05184823685833173,-0.05184823685833173
2024-10-30 11:11:00-04:00,77.08999633789062,77.13999938964844,77.08999633789062,77.13500213623047,5436.0,-0.0907300685538015,-0.05182808417877327,-0.025942513685117685,0.032423195021413775
2024-10-30 11:12:00-04:00,77.11009979248047,77.12000274658203,77.05000305175781,77.05500030517578,3885.0,0.026077903158450155,-0.02592253464431815,-0.05187869766852815,-0.10371663815267329
2024-10-30 11:13:00-04:00,77.04000091552734,77.04000091552734,76.9800033569336,77.00499725341797,9639.0,-0.09090751683862308,-0.10373681043240879,-0.09084969766607331,-0.06489267608821292
2024-10-30 11:14:00-04:00,77.00499725341797,77.01000213623047,76.94999694824219,76.95500183105469,5093.0,-0.045435697940543474,-0.03893922500048941,-0.03897948477902258,-0.06492490636517134
2024-10-30 11:15:00-04:00,76.95999908447266,77.01499938964844,76.95999908447266,76.97000122070312,5565.0,-0.05843538802712267,0.006489096584005871,0.012998228235394649,0.01949111726533559
2024-10-30 11:16:00-04:00,76.97000122070312,76.9800033569336,76.91000366210938,76.91999816894531,11404.0,0.012996538915621692,-0.0454405414428205,-0.06496286766896064,-0.06496433800804446
2024-10-30 11:17:00-04:00,76.91000366210938,76.94499969482422,76.88009643554688,76.94000244140625,9802.0,-0.07794927587659872,-0.045471110136319215,-0.03888600330055336,0.026006595082073147
2024-10-30 11:18:00-04:00,76.98500061035156,77.05999755859375,76.9800033569336,77.0250015258789,12678.0,0.09751260521539962,0.1494546289240839,0.12995160778768167,0.11047450191776775
2024-10-30 11:19:00-04:00,77.0199966430664,77.12000274658203,77.0199966430664,77.12000274658203,5098.0,0.045458248278751334,0.07786814156418576,0.051952824615209,0.12333816140361886
2024-10-30 11:20:00-04:00,77.16000366210938,77.16000366210938,77.11000061035156,77.13999938964844,5883.0,0.18178008977565163,0.051868405216204394,0.11685792158919739,0.02592925616473618
2024-10-30 11:21:00-04:00,77.12999725341797,77.1449966430664,77.11509704589844,77.11509704589844,4380.0,-0.03888855270510749,-0.01944922023161544,0.006609305546012578,-0.0322820118577094
2024-10-30 11:22:00-04:00,77.18000030517578,77.18000030517578,77.08999633789062,77.11499786376953,6246.0,0.06482957803501943,0.045373859138697625,-0.032549667924131054,-0.00012861570912736653
2024-10-30 11:23:00-04:00,77.13999938964844,77.13999938964844,77.11000061035156,77.11000061035156,1066.0,-0.05182808417877327,-0.05182808417877327,0.0259492455717103,-0.006480261371200058
2024-10-30 11:24:00-04:00,77.13999938964844,77.18000030517578,77.13999938964844,77.18000030517578,3551.0,0.0,0.051854959610886375,0.03890387635769876,0.09077900955796192
2024-10-30 11:25:00-04:00,77.16999816894531,77.21990203857422,77.15239715576172,77.21990203857422,4353.0,0.038888747127607814,0.05169957662691793,0.016071773673020928,0.05169957662691793
2024-10-30 11:26:00-04:00,77.19999694824219,77.23999786376953,77.1884994506836,77.1884994506836,7066.0,0.03887362966006336,0.026024152666326295,0.046793484392959606,-0.04066644357427762
2024-10-30 11:27:00-04:00,77.18000030517578,77.19999694824219,77.12000274658203,77.12999725341797,6524.0,-0.025902388415655064,-0.05178782578152408,-0.0887395202511021,-0.07579133897143153
2024-10-30 11:28:00-04:00,77.1500015258789,77.19000244140625,77.13500213623047,77.13500213623047,4980.0,-0.03886859183500624,-0.012946252889933785,0.019449415345240695,0.006488892766398635
2024-10-30 11:29:00-04:00,77.12999725341797,77.1500015258789,77.12999725341797,77.13999938964844,2512.0,-0.025929062949181514,-0.05182136839250173,-0.006488471736421086,0.006478580773405795
2024-10-30 11:30:00-04:00,77.13999938964844,77.1500015258789,77.05999755859375,77.06999969482422,3693.0,0.012967893927973151,0.0,-0.09075547428613051,-0.09074370673849419
2024-10-30 11:31:00-04:00,77.05010223388672,77.06999969482422,77.05010223388672,77.06999969482422,1669.0,-0.11653766719342817,-0.10369647371666346,-0.012841065430224674,0.0
2024-10-30 11:32:00-04:00,77.05000305175781,77.0999984741211,77.04000091552734,77.0999984741211,5010.0,-0.00012872420156462283,0.0389240682699743,-0.013110064836396873,0.0389240682699743
2024-10-30 11:33:00-04:00,77.08999633789062,77.08999633789062,77.0199966430664,77.02999877929688,3066.0,0.05190562563111012,-0.012972939595878863,-0.025966085440309872,-0.09079078626403891
2024-10-30 11:34:00-04:00,77.05000305175781,77.05000305175781,77.04000091552734,77.04000091552734,2202.0,-0.05187869766852815,-0.05187869766852815,0.025972829567422195,0.01298472853299426
2024-10-30 11:35:00-04:00,77.0199966430664,77.0199966430664,76.98999786376953,77.0199966430664,8990.0,-0.03894407203495209,-0.03894407203495209,-0.06490531044078818,-0.025966085440309872
2024-10-30 11:36:00-04:00,77.05999755859375,77.11000061035156,77.05999755859375,77.1050033569336,9643.0,0.051935753402743146,0.11685792158919739,0.0909205049571149,0.11036966706339246
2024-10-30 11:37:00-04:00,77.08999633789062,77.08999633789062,77.05000305175781,77.06999969482422,5019.0,0.03892912048701902,-0.025942513685117685,-0.012969773102233795,-0.04539739392440678
2024-10-30 11:38:00-04:00,77.06999969482422,77.0999984741211,77.06050109863281,77.0999984741211,5208.0,-0.025939348834258524,0.012974622785844048,0.013624979181314778,0.0389240682699743
2024-10-30 11:39:00-04:00,77.11000061035156,77.11000061035156,77.04000091552734,77.05000305175781,8922.0,0.05190205746170573,0.012972939595878863,-0.026602711912326882,-0.06484490707229229
2024-10-30 11:40:00-04:00,77.04650115966797,77.05000305175781,77.01000213623047,77.04499816894531,7475.0,-0.08234917673579645,-0.07780775271540863,-0.03893922500048941,-0.0064956296096929655
2024-10-30 11:41:00-04:00,77.02999877929688,77.02999877929688,77.0,77.0,1752.0,-0.02141872781075138,-0.02596271468996436,-0.012988100185706841,-0.058405049016474475
2024-10-30 11:42:00-04:00,77.0199966430664,77.05000305175781,77.0199966430664,77.04499816894531,4488.0,-0.012984728533005363,0.025969457066010726,0.025969666320002638,0.0584391804484552
2024-10-30 11:43:00-04:00,77.05000305175781,77.0999984741211,77.02999877929688,77.0999984741211,5908.0,0.03895924435113329,0.06488698297610895,0.012986414783711098,0.07138724963711152
2024-10-30 11:44:00-04:00,77.11000061035156,77.15989685058594,77.11000061035156,77.1500015258789,4506.0,0.07786834032108558,0.07768920577209126,0.10385801937229378,0.06485480252582665
2024-10-30 11:45:00-04:00,77.13500213623047,77.13500213623047,77.04000091552734,77.04000091552734,4422.0,0.032423195021413775,-0.03226379942378177,-0.09077900955796192,-0.14258017910040444
2024-10-30 11:46:00-04:00,77.01000213623047,77.04000091552734,77.01000213623047,77.02999877929688,4061.0,-0.16205353800241573,-0.12316227143591707,-0.03893922500048941,-0.012983042720149385
2024-10-30 11:47:00-04:00,77.02999877929688,77.05000305175781,77.02999877929688,77.05000305175781,2507.0,0.025966293353718584,0.012983042720149385,0.025966293353718584,0.025969457066010726
2024-10-30 11:48:00-04:00,77.05000305175781,77.05000305175781,76.98999786376953,77.0,5557.0,0.025969457066010726,0.0,-0.05192900968614689,-0.06489688485050715
2024-10-30 11:49:00-04:00,77.01000213623047,77.01499938964844,76.97000122070312,76.97000122070312,5218.0,-0.05191552750553052,-0.04542979977023576,-0.025973040162685646,-0.038959453632303465
2024-10-30 11:50:00-04:00,76.9800033569336,77.05000305175781,76.97000122070312,77.05000305175781,4797.0,-0.03895439353943653,0.04545044781767427,0.0,0.10393897594633827
2024-10-30 11:51:00-04:00,77.08000183105469,77.08000183105469,77.04000091552734,77.04000091552734,5048.0,0.1299018832948473,0.03893417016054279,0.09094412591146295,-0.012981357344987732
2024-10-30 11:52:00-04:00,77.04000091552734,77.04000091552734,77.0,77.01000213623047,3345.0,-0.05189532249235684,-0.05189532249235684,-0.05192226772063879,-0.03893922500048941
2024-10-30 11:53:00-04:00,77.01000213623047,77.05999755859375,77.01000213623047,77.04000091552734,3508.0,-0.03893922500048941,0.025956182280340023,0.012989787312300827,0.038954393539425425
2024-10-30 11:54:00-04:00,77.04000091552734,77.05000305175781,77.01000213623047,77.0199966430664,2896.0,0.038954393539425425,-0.012969773102233795,0.0,-0.025966085440309872
2024-10-30 11:55:00-04:00,77.0199966430664,77.0199966430664,76.97000122070312,76.9800033569336,4646.0,-0.025966085440309872,-0.03894407203495209,-0.05194249372514337,-0.0519258476706419
2024-10-30 11:56:00-04:00,76.9800033569336,77.0,76.94999694824219,76.9800033569336,7476.0,-0.0519258476706419,-0.02596292383532095,-0.025989700069739552,0.0
2024-10-30 11:57:00-04:00,76.9800033569336,76.9800033569336,76.93499755859375,76.93499755859375,1981.0,0.0,-0.025969666320002638,-0.019492384981545374,-0.05846427172933044
2024-10-30 11:58:00-04:00,76.93499755859375,76.95999908447266,76.93000030517578,76.94000244140625,3614.0,-0.05846427172933044,-0.02598632318601135,-0.006495422858965316,0.006505339535101129
2024-10-30 11:59:00-04:00,76.91999816894531,76.94000244140625,76.83000183105469,76.83000183105469,16789.0,-0.01949618525303176,-0.025983164376675028,-0.12998631707319408,-0.14296933566558812
2024-10-30 12:00:00-04:00,76.81999969482422,76.81999969482422,76.7300033569336,76.7699966430664,8873.0,-0.13000321958076544,-0.1559692523709244,-0.13015550141595167,-0.07810124503215832
2024-10-30 12:01:00-04:00,76.76000213623047,76.80999755859375,76.76000213623047,76.79000091552734,6859.0,-0.07810148246822912,-0.013020224251758528,0.03909654370446436,0.026057409581436985
2024-10-30 12:02:00-04:00,76.81500244140625,76.81999969482422,76.79000091552734,76.80000305175781,3791.0,0.07165229760959235,0.013021919734912402,0.039081264280893535,0.013025310732150963
2024-10-30 12:03:00-04:00,76.79499816894531,76.80000305175781,76.78949737548828,76.79499816894531,2376.0,-0.02604214258301596,-0.026030516982356033,-0.0006557364670700672,-0.006516774236486889
2024-10-30 12:04:00-04:00,76.79989624023438,76.80000305175781,76.73999786376953,76.75,6324.0,0.006378112384730628,0.0,-0.06446130448894971,-0.058595182001719426
2024-10-30 12:05:00-04:00,76.76499938964844,76.80000305175781,76.73999786376953,76.75499725341797,9102.0,-0.045438668923170056,0.0,0.0,0.006511079371951389
2024-10-30 12:06:00-04:00,76.7699966430664,76.79000091552734,76.76000213623047,76.7699966430664,6029.0,0.00650980714871352,-0.013023614365914593,0.026067595801149146,0.019541906305997614
2024-10-30 12:07:00-04:00,76.76000213623047,76.79000091552734,76.76000213623047,76.79000091552734,2489.0,-0.013018766800798609,0.0,0.0,0.026057409581436985
2024-10-30 12:08:00-04:00,76.77999877929688,76.77999877929688,76.7699966430664,76.7699966430664,3946.0,0.02605086309261928,-0.013025310732150963,0.013020461904367231,-0.026050621464301926
2024-10-30 12:09:00-04:00,76.7699966430664,76.78500366210938,76.7249984741211,76.73500061035156,6512.0,-0.01302700754036712,0.006518472117833518,-0.05861426457334229,-0.0455855597826238
2024-10-30 12:10:00-04:00,76.73500061035156,76.77999877929688,76.73500061035156,76.7699966430664,4241.0,-0.0455855597826238,-0.006518047240744451,0.013036345949024586,0.0456063496924175
2024-10-30 12:11:00-04:00,76.7699966430664,76.77999877929688,76.76000213623047,76.76499938964844,4356.0,0.0456063496924175,0.0,0.032581645507323564,-0.0065093834003993045
2024-10-30 12:12:00-04:00,76.73999786376953,76.7699966430664,76.7300033569336,76.7300033569336,4253.0,-0.03907617638222449,-0.01302700754036712,-0.03908126428088243,-0.045588527314655014
2024-10-30 12:13:00-04:00,76.72090148925781,76.73500061035156,76.72000122070312,76.72000122070312,1597.0,-0.024884512696521366,-0.0455855597826238,-0.013035495624758031,-0.013035495624758031
2024-10-30 12:14:00-04:00,76.69999694824219,76.72000122070312,76.69999694824219,76.72000122070312,9514.0,-0.02724751744288545,-0.019546998799935267,-0.026074390175501172,0.0
2024-10-30 12:15:00-04:00,76.7300033569336,76.7300033569336,76.66500091552734,76.66500091552734,4807.0,0.039121786030382744,0.013037195087761688,-0.045627163112482716,-0.07168965628344681
2024-10-30 12:16:00-04:00,76.6500015258789,76.66000366210938,76.62999725341797,76.64469909667969,4692.0,-0.10426407865842258,-0.09122858303367565,-0.04565794259618894,-0.026481208641770948
2024-10-30 12:17:00-04:00,76.6500015258789,76.66999816894531,76.625,76.625,5756.0,0.0,0.013037446332497815,-0.006521275736759424,-0.0257018383682861
2024-10-30 12:18:00-04:00,76.62999725341797,76.66500091552734,76.62000274658203,76.62000274658203,5821.0,-0.026098202299684736,-0.006517873402001051,-0.006521701034867267,-0.006521701034867267
2024-10-30 12:19:00-04:00,76.61000061035156,76.62000274658203,76.58999633789062,76.59500122070312,5560.0,-0.02609505909321186,-0.05869453910903877,-0.03916263066532366,-0.03263054683200206
2024-10-30 12:20:00-04:00,76.61000061035156,76.63500213623047,76.58000183105469,76.61000061035156,9664.0,0.0,0.019576336610227507,-0.01304936325083883,0.019582726560996022
2024-10-30 12:21:00-04:00,76.5999984741211,76.62999725341797,76.5999984741211,76.61000061035156,4804.0,-0.013055914568305127,-0.006530805340887458,0.02611209530984926,0.0
2024-10-30 12:22:00-04:00,76.5999984741211,76.5999984741211,76.55000305175781,76.55000305175781,3498.0,0.0,-0.03914756671290487,-0.06526817670913232,-0.07831556992005106
2024-10-30 12:23:00-04:00,76.52999877929688,76.55999755859375,76.52999877929688,76.55999755859375,3839.0,-0.09138341542900275,-0.05222051739447453,-0.026132294792213795,0.013056180845838483
2024-10-30 12:24:00-04:00,76.58999633789062,76.58999633789062,76.56999969482422,76.58999633789062,3319.0,0.0783974383258279,0.039183359787742233,0.05226828193569677,0.039183359787742233
2024-10-30 12:25:00-04:00,76.58999633789062,76.6449966430664,76.58209991455078,76.5999984741211,9159.0,0.0,0.07181134326359473,0.015802820654031713,0.013059324596831345
2024-10-30 12:26:00-04:00,76.5999984741211,76.66000366210938,76.5999984741211,76.6500015258789,8533.0,0.013059324596831345,0.019579906974032113,0.0233717273230738,0.06527813675440974
2024-10-30 12:27:00-04:00,76.6500015258789,76.6500015258789,76.63999938964844,76.63999938964844,2525.0,0.06527813675440974,-0.013047398581600422,0.05222051739446343,-0.013049101149842368
2024-10-30 12:28:00-04:00,76.61000061035156,76.61000061035156,76.55999755859375,76.55999755859375,5974.0,-0.05218645105158348,-0.05218645105158348,-0.1043865236062258,-0.1043865236062258
2024-10-30 12:29:00-04:00,76.55999755859375,76.55999755859375,76.5199966430664,76.52999877929688,4760.0,-0.06526961409664134,-0.06526961409664134,-0.05224780146672048,-0.039183359787753336
2024-10-30 12:30:00-04:00,76.5199966430664,76.58999633789062,76.5199966430664,76.58999633789062,6104.0,-0.05224780146672048,0.039183359787742233,0.0,0.0783974383258279
2024-10-30 12:31:00-04:00,76.5999984741211,76.6500015258789,76.5999984741211,76.5999984741211,4721.0,0.10455022812907444,0.07834598623501776,0.10455022812907444,0.013059324596831345
2024-10-30 12:32:00-04:00,76.61000061035156,76.62000274658203,76.56999969482422,76.62000274658203,6367.0,0.013057619359946315,-0.039137349901741114,-0.03916289803453932,0.026115238719870426
2024-10-30 12:33:00-04:00,76.58999633789062,76.58999633789062,76.58000183105469,76.58999633789062,3795.0,-0.026111829136621356,-0.03916263066532366,0.013062735105573431,-0.03916263066532366
2024-10-30 12:34:00-04:00,76.58999633789062,76.62999725341797,76.58999633789062,76.62999725341797,5121.0,0.0,0.05222733704135507,0.013051066331892791,0.05222733704135507
2024-10-30 12:35:00-04:00,76.62000274658203,76.62000274658203,76.55999755859375,76.55999755859375,5840.0,0.039177973790494036,-0.01304255147352995,-0.03916801244451262,-0.09134764104549165
2024-10-30 12:36:00-04:00,76.56500244140625,76.56999969482422,76.5,76.5,3687.0,-0.07178322005245708,-0.06526109366400412,-0.07836671957549557,-0.07836671957549557
2024-10-30 12:37:00-04:00,76.51499938964844,76.5199966430664,76.4800033569336,76.5199966430664,7397.0,-0.06530797383057507,-0.06530371158038895,-0.02613940270118631,0.026139402701175207
2024-10-30 12:38:00-04:00,76.5,76.52999877929688,76.48999786376953,76.52670288085938,4491.0,-0.019603201683437987,0.013071271130771223,0.01306813074954949,0.008764033046482211
2024-10-30 12:39:00-04:00,76.52999877929688,76.61000061035156,76.52999877929688,76.58999633789062,6127.0,0.03921409058416092,0.10453656387137134,0.052295615955677555,0.08270767542382096
2024-10-30 12:40:00-04:00,76.5999984741211,76.62999725341797,76.5999984741211,76.62000274658203,3426.0,0.09146700109861072,0.026101870391714854,0.09146700109861072,0.039177973790494036
2024-10-30 12:42:00-04:00,76.5999984741211,76.5999984741211,76.5999984741211,76.5999984741211,4728.0,0.0,-0.03914756671290487,0.0,-0.026108420443549107
2024-10-30 12:43:00-04:00,76.62000274658203,76.62000274658203,76.62000274658203,76.62000274658203,3395.0,0.026115238719870426,0.026115238719870426,0.026115238719870426,0.026115238719870426
2024-10-30 12:44:00-04:00,76.66000366210938,76.67500305175781,76.66000366210938,76.67500305175781,2881.0,0.05220688344222957,0.07178322005245708,0.05220688344222957,0.07178322005245708
2024-10-30 12:45:00-04:00,76.69000244140625,76.73999786376953,76.69000244140625,76.73999786376953,5477.0,0.03913224349569866,0.08476662461669449,0.03913224349569866,0.08476662461669449
2024-10-30 12:46:00-04:00,76.75,76.75,76.72750091552734,76.7300033569336,5220.0,0.07823387232199774,0.01303379790056347,0.048896170201251365,-0.013023856025740077
2024-10-30 12:47:00-04:00,76.7300033569336,76.73999786376953,76.7300033569336,76.73999786376953,2788.0,-0.026054258066976477,-0.0130320993230848,0.003261466066772911,0.013025552454948297
2024-10-30 12:48:00-04:00,76.73999786376953,76.75,76.7300033569336,76.74500274658203,3847.0,0.013025552454948297,0.01303379790056347,0.0,0.006521869887698983
2024-10-30 12:49:00-04:00,76.73999786376953,76.81999969482422,76.73999786376953,76.80999755859375,4624.0,0.0,0.09120481410320735,0.013025552454948297,0.08468930834015787
2024-10-30 12:50:00-04:00,76.81999969482422,76.81999969482422,76.79000091552734,76.79000091552734,4799.0,0.10425049945492759,0.0,0.06515904762804947,-0.026033906655387185
2024-10-30 12:51:00-04:00,76.78500366210938,76.78500366210938,76.73999786376953,76.73999786376953,3202.0,-0.045555887599413314,-0.045555887599413314,-0.0651166182597418,-0.0651166182597418
2024-10-30 12:52:00-04:00,76.73500061035156,76.73500061035156,76.68000030517578,76.68000030517578,1955.0,-0.06512085612165874,-0.06512085612165874,-0.07818290365378955,-0.07818290365378955
2024-10-30 12:53:00-04:00,76.68000030517578,76.69999694824219,76.68000030517578,76.69999694824219,5745.0,-0.0716756431071941,-0.04561629221471186,0.0,0.026078042497168497
2024-10-30 12:54:00-04:00,76.69000244140625,76.69989776611328,76.68000030517578,76.68000030517578,3733.0,0.013043996075468023,-0.0001293117768641494,0.0,-0.026071243627168172
2024-10-30 12:55:00-04:00,76.68000030517578,76.7300033569336,76.65989685058594,76.7300033569336,12070.0,-0.013042294839027413,0.03925114856360157,-0.026217337649758754,0.06521003072352816
2024-10-30 12:56:00-04:00,76.73999786376953,76.74500274658203,76.69999694824219,76.69999694824219,4323.0,0.07824407714522863,0.019548271852221077,0.05230909419877694,-0.03910648687427409
2024-10-30 12:57:00-04:00,76.69999694824219,76.70999908447266,76.68499755859375,76.70999908447266,3385.0,-0.052125249727463796,-0.04561034706710432,-0.019555919485314543,0.013040595343460915
2024-10-30 12:58:00-04:00,76.69999694824219,76.69999694824219,76.69999694824219,76.69999694824219,2045.0,0.0,-0.01303889499393307,0.01955974457321652,-0.01303889499393307
2024-10-30 12:59:00-04:00,76.68000030517578,76.68000030517578,76.64009857177734,76.64009857177734,2127.0,-0.026071243627168172,-0.026071243627168172,-0.07809436616440513,-0.07809436616440513
2024-10-30 13:00:00-04:00,76.61000061035156,76.6500015258789,76.61000061035156,76.62999725341797,6655.0,-0.09128807322069665,-0.039122038572614315,-0.039271819826269816,-0.013180200114060181
2024-10-30 13:01:00-04:00,76.58999633789062,76.59500122070312,76.55999755859375,76.59500122070312,10098.0,-0.026111829136621356,-0.07175512600245959,-0.06526961409664134,-0.04566884244966429
2024-10-30 13:02:00-04:00,76.61000061035156,76.63999938964844,76.61000061035156,76.62999725341797,2541.0,0.02611864919366269,0.05874817968296586,0.06531224314569872,0.04568970841061226
2024-10-30 13:03:00-04:00,76.61000061035156,76.61000061035156,76.5999984741211,76.5999984741211,2706.0,0.0,-0.039142457640628514,-0.013055914568305127,-0.03914756671290487
2024-10-30 13:04:00-04:00,76.56999969482422,76.56999969482422,76.54000091552734,76.56999969482422,4668.0,-0.05221369952833621,-0.05221369952833621,-0.07832579606906753,-0.03916289803453932
2024-10-30 13:05:00-04:00,76.57499694824219,76.58000183105469,76.57499694824219,76.58000183105469,1668.0,0.006526385579053162,0.013062735105573431,0.04572254023549327,0.013062735105573431
2024-10-30 13:06:00-04:00,76.58499908447266,76.58499908447266,76.55999755859375,76.55999755859375,2573.0,0.01306188263674457,0.006525533165957498,-0.019587842306512115,-0.026122057955901834
2024-10-30 13:07:00-04:00,76.54000091552734,76.54000091552734,76.51000213623047,76.52999877929688,4237.0,-0.05875585229906388,-0.05875585229906388,-0.06530227789651732,-0.039183359787753336
2024-10-30 13:08:00-04:00,76.52999877929688,76.52999877929688,76.5199966430664,76.52999877929688,2055.0,-0.013067854861281702,-0.013067854861281702,0.01306300687085038,0.0
2024-10-30 13:09:00-04:00,76.52189636230469,76.55000305175781,76.52189636230469,76.52999877929688,6999.0,-0.010587243069937191,0.026139125545565634,0.0024826441735736893,0.0
2024-10-30 13:10:00-04:00,76.54000091552734,76.54000091552734,76.52999877929688,76.54000091552734,2451.0,0.023659310711465764,-0.013066147396112449,0.010588364085784008,0.013069562772782817
2024-10-30 13:11:00-04:00,76.52999877929688,76.52999877929688,76.5199966430664,76.5199966430664,3100.0,-0.013067854861281702,-0.013067854861281702,-0.013069562772782817,-0.026135709722574507
2024-10-30 13:12:00-04:00,76.54000091552734,76.55000305175781,76.52999877929688,76.55000305175781,2942.0,0.013069562772782817,0.026139125545565634,0.013071271130771223,0.03921381339229146
2024-10-30 13:13:00-04:00,76.55000305175781,76.6050033569336,76.55000305175781,76.6050033569336,5336.0,0.013067854861281702,0.07184886085320752,0.026139125545565634,0.07184886085320752
2024-10-30 13:14:00-04:00,76.61000061035156,76.625,76.58999633789062,76.58999633789062,4932.0,0.07837695127612676,0.026103573122027157,0.05224465648390186,-0.01959012908471225
2024-10-30 13:15:00-04:00,76.55999755859375,76.56999969482422,76.55999755859375,76.56999969482422,1645.0,-0.06526961409664134,-0.07177853856545902,-0.03916801244451262,-0.026108687847681278
2024-10-30 13:16:00-04:00,76.56999969482422,76.56999969482422,76.55000305175781,76.55999755859375,4310.0,0.013064441678967142,0.0,-0.013054476429796846,-0.013062735105562329
2024-10-30 13:17:00-04:00,76.55500030517578,76.56999969482422,76.41000366210938,76.44000244140625,107106.0,-0.019589120684626593,0.0,-0.18288619734446732,-0.15673343915099114
2024-10-30 13:18:00-04:00,76.47000122070312,76.4800033569336,76.43000030517578,76.44000244140625,4385.0,-0.11103008834670858,-0.11753472410775956,0.026170189907115393,0.0
2024-10-30 13:19:00-04:00,76.44499969482422,76.44499969482422,76.4000015258789,76.44000244140625,6153.0,-0.032694554047085767,-0.04576838464037669,-0.03925000546525226,0.0
2024-10-30 13:20:00-04:00,76.4800033569336,76.5,76.4800033569336,76.5,1654.0,0.045789341682400675,0.07194755104369399,0.1047144364618724,0.0784897392432038
2024-10-30 13:21:00-04:00,76.4800033569336,76.4800033569336,76.41500091552734,76.42500305175781,4103.0,0.0,-0.02613940270118631,-0.08499272823365711,-0.0980352264603801
2024-10-30 13:22:00-04:00,76.44000244140625,76.48999786376953,76.44000244140625,76.48999786376953,5821.0,-0.052302450015151436,0.01306813074954949,0.03271808621261307,0.08504391156871627
2024-10-30 13:23:00-04:00,76.45999908447266,76.45999908447266,76.43000030517578,76.44000244140625,4455.0,0.026159919450208236,-0.03921921837454212,-0.013084950171393661,-0.0653620391679488
2024-10-30 13:24:00-04:00,76.40499877929688,76.44989776611328,76.40499877929688,76.44499969482422,5461.0,-0.07193343687463827,-0.013211245723687703,-0.032711665287288305,0.006537484639412838
2024-10-30 13:25:00-04:00,76.44000244140625,76.44000244140625,76.41000366210938,76.41169738769531,4048.0,0.04581331413993084,-0.01294354210558124,0.00655046514292934,-0.043563748135067026
2024-10-30 13:26:00-04:00,76.38999938964844,76.43000030517578,76.38999938964844,76.41000366210938,2710.0,-0.06541476996437812,-0.013084950171393661,-0.026180174718215543,-0.0022165789320793827
2024-10-30 13:27:00-04:00,76.44000244140625,76.45500183105469,76.43000030517578,76.45500183105469,9090.0,0.06545758889557884,0.032711665287288305,0.052364073631294694,0.05889041589932642
2024-10-30 13:28:00-04:00,76.44999694824219,76.5,76.43000030517578,76.5,7373.0,0.013074969278803472,0.058855755500131224,0.0,0.058855755500131224
2024-10-30 13:29:00-04:00,76.51000213623047,76.5199966430664,76.5,76.51000213623047,3850.0,0.07848945766328885,0.026139402701175207,0.09158667348516669,0.01307468788296351
2024-10-30 13:30:00-04:00,76.48999786376953,76.51000213623047,76.44499969482422,76.47000122070312,4369.0,-0.026145957263623565,-0.013061300672234655,-0.07189582375919379,-0.052281942766274625
2024-10-30 13:31:00-04:00,76.47000122070312,76.5,76.46499633789062,76.47000122070312,3648.0,-0.026142820793406685,-0.013072978631811782,0.026158209361293316,0.0
2024-10-30 13:32:00-04:00,76.48999786376953,76.54000091552734,76.4800033569336,76.5199966430664,4443.0,0.02614965705138861,0.05228877846712443,0.019625998511330067,0.06537913111703819
2024-10-30 13:33:00-04:00,76.54000091552734,76.54000091552734,76.45999908447266,76.45999908447266,8938.0,0.06537201353682409,0.0,-0.026156212843742033,-0.0784076858675431
2024-10-30 13:34:00-04:00,76.47000122070312,76.47000122070312,76.41999816894531,76.41999816894531,5895.0,-0.09145504832365203,-0.09145504832365203,-0.052316133934493525,-0.052316133934493525
2024-10-30 13:35:00-04:00,76.43499755859375,76.44000244140625,76.42500305175781,76.4352035522461,5019.0,-0.04577437106133564,-0.03922947406564958,0.006549179445713982,0.019897125968482143
2024-10-30 13:36:00-04:00,76.43000030517578,76.45999908447266,76.41000366210938,76.44000244140625,10061.0,-0.006537912706983118,0.026159919450208236,-0.019626285965967938,0.0062783755875983616
2024-10-30 13:37:00-04:00,76.45999908447266,76.5,76.4000015258789,76.41000366210938,12779.0,0.03925000546525226,0.05231613393448242,-0.013090087359113323,-0.0392448696216019
2024-10-30 13:38:00-04:00,76.40499877929688,76.40499877929688,76.33999633789062,76.37000274658203,11104.0,-0.07193343687463827,-0.12418460222630712,-0.07854082040555932,-0.052350364625330936
2024-10-30 13:39:00-04:00,76.36499786376953,76.4000015258789,76.36499786376953,76.37999725341797,8336.0,-0.05235379381771654,-0.006540479677785704,0.03275023195998816,0.01308695361594836
2024-10-30 13:40:00-04:00,76.38999938964844,76.38999938964844,76.37999725341797,76.37999725341797,2774.0,0.03273950969462369,-0.01309180108730601,0.01964170767763118,0.0
2024-10-30 13:41:00-04:00,76.36000061035156,76.44000244140625,76.33000183105469,76.44000244140625,14527.0,-0.039270558367010544,0.06545758889557884,-0.06545617198362441,0.07856139060753442
2024-10-30 13:42:00-04:00,76.44999694824219,76.54000091552734,76.44999694824219,76.52999877929688,5328.0,0.11785795857945924,0.13081955903617715,0.15720570458401806,0.11773460886479459
2024-10-30 13:43:00-04:00,76.55000305175781,76.58000183105469,76.55000305175781,76.55000305175781,6831.0,0.13081243624291083,0.05226145159247242,0.13081243624291083,0.026139125545565634
2024-10-30 13:44:00-04:00,76.52999877929688,76.52999877929688,76.52749633789062,76.52999877929688,2748.0,-0.026132294792213795,-0.06529518224369646,-0.0294013232788104,-0.026132294792213795
2024-10-30 13:45:00-04:00,76.52999877929688,76.52999877929688,76.5,76.51000213623047,4868.0,0.0,0.0,-0.03593001105017812,-0.026129156390131136
2024-10-30 13:46:00-04:00,76.5199966430664,76.54000091552734,76.5199966430664,76.54000091552734,4819.0,-0.013069562772782817,0.013069562772782817,0.026139402701175207,0.039208964134473945
2024-10-30 13:47:00-04:00,76.5199966430664,76.55000305175781,76.5000991821289,76.55000305175781,7310.0,0.0,0.013067854861281702,-0.026002955842130415,0.013067854861281702
2024-10-30 13:48:00-04:00,76.55000305175781,76.55000305175781,76.52999877929688,76.54290008544922,2671.0,0.03921381339229146,0.0,0.03908439006958808,-0.009278858295791448
2024-10-30 13:49:00-04:00,76.5199966430664,76.58000183105469,76.51499938964844,76.58000183105469,6178.0,-0.039198442188326243,0.03918847563806338,-0.019599359581456977,0.04847183156642121
2024-10-30 13:50:00-04:00,76.5999984741211,76.63500213623047,76.58999633789062,76.58999633789062,4304.0,0.10455022812907444,0.07182071540965396,0.09801600841721214,0.013051066331892791
2024-10-30 13:51:00-04:00,76.58000183105469,76.58000183105469,76.55000305175781,76.55000305175781,3811.0,-0.026105278674593002,-0.07176917027810203,-0.05221737569535145,-0.05221737569535145
2024-10-30 13:52:00-04:00,76.55000305175781,76.55000305175781,76.4800033569336,76.48999786376953,5539.0,-0.039173124287794625,-0.039173124287794625,-0.09144309867223921,-0.07838691782638962
2024-10-30 13:53:00-04:00,76.48999786376953,76.77999877929688,76.47019958496094,76.6500015258789,100511.0,-0.07838691782638962,0.30045162425866856,-0.012818738941344776,0.20918246382271022
2024-10-30 13:54:00-04:00,76.68000030517578,76.68000030517578,76.5999984741211,76.5999984741211,2696.0,0.24840168219726344,-0.13024026531771593,0.1697378715691089,-0.06523555220142585
2024-10-30 13:55:00-04:00,76.61499786376953,76.63999938964844,76.60469818115234,76.63500213623047,6900.0,-0.08477105000984642,-0.05216603464808234,0.006135387891470501,0.04569668773715119
2024-10-30 13:56:00-04:00,76.63500213623047,76.63500213623047,76.63500213623047,76.63500213623047,777.0,0.026110125978862087,-0.006520424657840973,0.039558872755374175,0.0
2024-10-30 13:57:00-04:00,76.61000061035156,76.61000061035156,76.59420013427734,76.61000061035156,6060.0,-0.03262416021658776,-0.03262416021658776,-0.05324199232172866,-0.03262416021658776
2024-10-30 13:58:00-04:00,76.5999984741211,76.5999984741211,76.55999755859375,76.55999755859375,3416.0,-0.013055914568305127,-0.013055914568305127,-0.04465426314738119,-0.06526961409664134
2024-10-30 13:59:00-04:00,76.55999755859375,76.55999755859375,76.51000213623047,76.51000213623047,5438.0,-0.05222051739447453,-0.05222051739447453,-0.06530227789651732,-0.06530227789651732
2024-10-30 14:00:00-04:00,76.51000213623047,76.52999877929688,76.5,76.5199966430664,6909.0,-0.06530227789651732,-0.039183359787753336,-0.013072978631811782,0.01306300687085038
2024-10-30 14:01:00-04:00,76.47000122070312,76.47000122070312,76.38999938964844,76.4000015258789,5230.0,-0.052281942766274625,-0.0783974383258168,-0.14379164751838758,-0.1568153717350862
2024-10-30 14:02:00-04:00,76.38999938964844,76.41000366210938,76.37999725341797,76.41000366210938,5530.0,-0.10461858215981001,-0.07845894813128806,-0.01309351526428415,0.01309180108730601
2024-10-30 14:03:00-04:00,76.38999938964844,76.38999938964844,76.36000061035156,76.36000061035156,2579.0,0.0,-0.026180174718215543,-0.02618047104671062,-0.06544045198444426
2024-10-30 14:04:00-04:00,76.37000274658203,76.45999908447266,76.37000274658203,76.44999694824219,11703.0,-0.026177043102737496,0.09163463199830524,0.013098659180887928,0.11785795857945924
2024-10-30 14:05:00-04:00,76.44000244140625,76.44000244140625,76.40499877929688,76.42500305175781,2523.0,0.09165862551623327,-0.02615307782610765,0.04582431773765272,-0.03269312947297154
2024-10-30 14:06:00-04:00,76.38999938964844,76.41999816894531,76.38999938964844,76.40499877929688,4107.0,-0.06541476996437812,-0.026169900342787322,-0.01963142449850075,-0.026175036522257944
2024-10-30 14:07:00-04:00,76.41999816894531,76.5,76.41000366210938,76.47000122070312,12235.0,0.039270558367010544,0.10468703607899865,0.0261870305285683,0.08507616313693234
2024-10-30 14:08:00-04:00,76.47000122070312,76.4800033569336,76.43000030517578,76.45999908447266,4249.0,0.06543189342567146,-0.02613940270118631,0.026170189907115393,-0.013079817014260975
2024-10-30 14:09:00-04:00,76.46910095214844,76.50499725341797,76.46910095214844,76.48999786376953,4875.0,-0.0011772833010570416,0.032680302546173046,0.05115876856800483,0.03923460588031169
2024-10-30 14:10:00-04:00,76.46630096435547,76.46630096435547,76.43499755859375,76.43499755859375,915.0,-0.003661593713155664,-0.050580080323803234,-0.044597612800534314,-0.07190522514295417
2024-10-30 14:11:00-04:00,76.42500305175781,76.44999694824219,76.4000015258789,76.43180084228516,9470.0,-0.05400799054855465,-0.021321831849663297,-0.045785352041149974,-0.004182267823249486
2024-10-30 14:12:00-04:00,76.44999694824219,76.44999694824219,76.41000366210938,76.43000030517578,4623.0,0.03270382137563477,0.0,0.01309180108730601,-0.002355743407234101
2024-10-30 14:13:00-04:00,76.43000030517578,76.43000030517578,76.38999938964844,76.4000015258789,3428.0,-0.026156499495932906,-0.026156499495932906,-0.026180174718215543,-0.03925000546525226
2024-10-30 14:14:00-04:00,76.41999816894531,76.43000030517578,76.4000015258789,76.4000015258789,4778.0,-0.013086662554662176,0.0,0.01309351526428415,0.0
2024-10-30 14:15:00-04:00,76.4000015258789,76.4397964477539,76.37000274658203,76.4397964477539,13029.0,-0.02616676726712175,0.012817143188548208,-0.03926541714363019,0.05208759303692023
2024-10-30 14:16:00-04:00,76.41000366210938,76.41000366210938,76.36000061035156,76.37000274658203,3322.0,0.01309180108730601,-0.03897549055470462,-0.01309694365686509,-0.09130545136861734
2024-10-30 14:17:00-04:00,76.37999725341797,76.38500213623047,76.3550033569336,76.37000274658203,9885.0,-0.039270262077328866,-0.03272022599222213,-0.006544333915692313,0.0
2024-10-30 14:18:00-04:00,76.37000274658203,76.37000274658203,76.30999755859375,76.33999633789062,8422.0,-0.013085241156496341,-0.019636563761149528,-0.05894282805470885,-0.03929083097060637
2024-10-30 14:19:00-04:00,76.34500122070312,76.34500122070312,76.31999969482422,76.31999969482422,1926.0,-0.03273736412170436,-0.03273736412170436,0.013107242236243266,-0.026194189187411787
2024-10-30 14:20:00-04:00,76.33000183105469,76.4175033569336,76.33000183105469,76.40750122070312,8490.0,-0.019646852326427044,0.09496644845270463,0.013105524463385976,0.11465084673583092
2024-10-30 14:21:00-04:00,76.4000015258789,76.4000015258789,76.33999633789062,76.37000274658203,10101.0,0.09170665943274425,-0.022902908739297345,0.013093811864517413,-0.04907695386187072
2024-10-30 14:22:00-04:00,76.37000274658203,76.4000015258789,76.36000061035156,76.37000274658203,14712.0,-0.03926541714363019,0.0,0.026204183155043026,0.0
2024-10-30 14:23:00-04:00,76.37000274658203,76.41000366210938,76.37000274658203,76.37999725341797,9466.0,0.0,0.01309180108730601,0.013098659180887928,0.01308695361594836
2024-10-30 14:24:00-04:00,76.4000015258789,76.45999908447266,76.38999938964844,76.4375,8949.0,0.03928084092967854,0.065430467173333,0.026183897272802348,0.0752850859515597
2024-10-30 14:25:00-04:00,76.41999816894531,76.43000030517578,76.40499877929688,76.40499877929688,5730.0,0.026173616056324178,-0.03923460588030059,0.019635279183516374,-0.0425199943785759
2024-10-30 14:26:00-04:00,76.4000015258789,76.41000366210938,76.38999938964844,76.38999938964844,1774.0,-0.02616676726712175,-0.02616334291059008,-0.01963142449850075,-0.01963142449850075
2024-10-30 14:27:00-04:00,76.38999938964844,76.38999938964844,76.3499984741211,76.38999938964844,11838.0,-0.01309180108730601,-0.026180174718215543,-0.052364073631294694,0.0
2024-10-30 14:28:00-04:00,76.37999725341797,76.37999725341797,76.37999725341797,76.37999725341797,3654.0,-0.01309351526428415,-0.01309351526428415,0.03929113280471963,-0.01309351526428415
2024-10-30 14:29:00-04:00,76.36000061035156,76.37000274658203,76.33999633789062,76.3499984741211,5827.0,-0.02618047104671062,-0.013085241156496341,-0.05237093082711697,-0.03927570093691379
2024-10-30 14:30:00-04:00,76.33000183105469,76.43000030517578,76.31999969482422,76.43000030517578,7437.0,-0.03928598619314938,0.07856168185935708,-0.026194189187411787,0.10478301591820838
2024-10-30 14:31:00-04:00,76.44499969482422,76.45999908447266,76.44000244140625,76.44499969482422,7624.0,0.15065879865174825,0.03925000546525226,0.15723630380224396,0.01962500273262613
2024-10-30 14:32:00-04:00,76.42500305175781,76.45500183105469,76.42500305175781,76.44999694824219,4898.0,-0.026158209361282214,-0.006535774885962908,-0.019622434810795397,0.006537057280286973
2024-10-30 14:33:00-04:00,76.44999694824219,76.4800033569336,76.44999694824219,76.4800033569336,10788.0,0.03270382137563477,0.032700968256005325,0.03270382137563477,0.03924971862552251
2024-10-30 14:34:00-04:00,76.4800033569336,76.49500274658203,76.44499969482422,76.44499969482422,6316.0,0.03924971862552251,0.01961217179664576,-0.006536629977049735,-0.04576838464037669
2024-10-30 14:35:00-04:00,76.44499969482422,76.4800033569336,76.44000244140625,76.47000122070312,5127.0,-0.04576838464037669,-0.019608326178022217,-0.006537057280286973,0.03270524688170351
2024-10-30 14:36:00-04:00,76.47440338134766,76.47460174560547,76.45999908447266,76.47000122070312,5569.0,0.03846384543242376,-0.007062776008148752,0.026159919450208236,0.0
2024-10-30 14:37:00-04:00,76.4800033569336,76.4800033569336,76.45999908447266,76.45999908447266,3002.0,0.007322679665788812,0.0070632748714327676,0.0,-0.013079817014260975
2024-10-30 14:38:00-04:00,76.45999908447266,76.45999908447266,76.41000366210938,76.43000030517578,8053.0,-0.026156212843742033,-0.026156212843742033,-0.06538768370640824,-0.03923460588030059
2024-10-30 14:39:00-04:00,76.43000030517578,76.44000244140625,76.41999816894531,76.43000030517578,2365.0,-0.03923460588030059,-0.02615307782610765,0.013080102548013173,0.0
2024-10-30 14:40:00-04:00,76.44000244140625,76.44999694824219,76.44000244140625,76.44000244140625,3243.0,0.013086662554662176,0.013074969278803472,0.026176750772366475,0.013086662554662176
2024-10-30 14:41:00-04:00,76.44000244140625,76.45999908447266,76.43000030517578,76.44000244140625,3276.0,0.0,0.013083239541833436,-0.013084950171393661,0.0
2024-10-30 14:42:00-04:00,76.41999816894531,76.41999816894531,76.4000015258789,76.40499877929688,5266.0,-0.026169900342787322,-0.052316133934493525,-0.03925000546525226,-0.04579233515358272
2024-10-30 14:43:00-04:00,76.41000366210938,76.41000366210938,76.37999725341797,76.37999725341797,5191.0,-0.013078391880938511,-0.013078391880938511,-0.02618360217461202,-0.032722369319215794
2024-10-30 14:44:00-04:00,76.38999938964844,76.38999938964844,76.37999725341797,76.38999938964844,2279.0,-0.026180174718215543,-0.026180174718215543,0.0,0.013095229890214277
2024-10-30 14:45:00-04:00,76.4000015258789,76.44000244140625,76.4000015258789,76.44000244140625,3098.0,0.01309351526428415,0.06545758889557884,0.02619045978040635,0.06545758889557884
2024-10-30 14:46:00-04:00,76.44999694824219,76.45999908447266,76.44999694824219,76.44999694824219,4697.0,0.06543903319995437,0.026159919450208236,0.06543903319995437,0.013074969278803472
2024-10-30 14:47:00-04:00,76.44999694824219,76.45500183105469,76.44999694824219,76.45500183105469,2095.0,0.0,-0.006535774885962908,0.0,0.006546609564805905
2024-10-30 14:48:00-04:00,76.45999908447266,76.45999908447266,76.44999694824219,76.44999694824219,4907.0,0.013083239541833436,0.006536202077422892,0.0,-0.006546181011879426
2024-10-30 14:49:00-04:00,76.44000244140625,76.44999694824219,76.41999816894531,76.41999816894531,6309.0,-0.02615307782610765,-0.013081528054192937,-0.039239739037777444,-0.039239739037777444
2024-10-30 14:50:00-04:00,76.44000244140625,76.47000122070312,76.44000244140625,76.47000122070312,4455.0,0.0,0.026166479083689076,0.026176750772366475,0.06543189342567146
2024-10-30 14:51:00-04:00,76.47000122070312,76.4800033569336,76.46749877929688,76.4800033569336,3857.0,0.039244869621590794,0.013079817014260975,0.035971136855605934,0.013079817014260975
2024-10-30 14:52:00-04:00,76.4800033569336,76.4800033569336,76.44999694824219,76.44999694824219,3358.0,0.013079817014260975,0.0,-0.0228879345265387,-0.03923431926560195
2024-10-30 14:53:00-04:00,76.44999694824219,76.45999908447266,76.44000244140625,76.45999908447266,4667.0,-0.03923431926560195,-0.026156212843742033,-0.013073259954088368,0.013083239541833436
2024-10-30 14:54:00-04:00,76.45999908447266,76.47000122070312,76.44999694824219,76.47000122070312,2614.0,0.013083239541833436,0.013081528054192937,0.013074969278803472,0.013081528054192937
2024-10-30 14:55:00-04:00,76.47000122070312,76.55999755859375,76.47000122070312,76.54000091552734,7680.0,0.013081528054192937,0.11768842219694875,0.026166479083689076,0.09153876514556014
2024-10-30 14:56:00-04:00,76.54000091552734,76.54000091552734,76.4999008178711,76.50499725341797,6677.0,0.09153876514556014,-0.02611891810877509,0.03909977336298276,-0.045732508088169865
2024-10-30 14:57:00-04:00,76.5,76.5199966430664,76.47000122070312,76.51000213623047,14212.0,-0.05226145159247242,-0.026135709722574507,-0.03908449141541981,0.0065419031333613376
2024-10-30 14:58:00-04:00,76.51000213623047,76.51000213623047,76.47000122070312,76.47000122070312,4352.0,0.01307468788296351,-0.013061300672234655,0.0,-0.052281942766274625
2024-10-30 14:59:00-04:00,76.4800033569336,76.5,76.46499633789062,76.5,13335.0,-0.03920896413446284,-0.013072978631811782,-0.006544896995697158,0.03922947406564958
2024-10-30 15:00:00-04:00,76.48999786376953,76.53500366210938,76.4749984741211,76.52909851074219,6533.0,0.01306813074954949,0.04575642105799638,0.013080673130838605,0.03803726894404669
2024-10-30 15:01:00-04:00,76.52999877929688,76.52999877929688,76.44999694824219,76.45999908447266,4056.0,0.052295615955677555,-0.0065393383066880695,-0.032692417623736425,-0.09029170291328104
2024-10-30 15:02:00-04:00,76.45999908447266,76.45999908447266,76.37000274658203,76.43499755859375,15962.0,-0.09146700109859962,-0.09146700109859962,-0.10463597757147669,-0.03269883099433768
2024-10-30 15:03:00-04:00,76.43000030517578,76.43000030517578,76.30999755859375,76.31500244140625,24891.0,-0.03923460588030059,-0.03923460588030059,-0.07857167190028491,-0.15698975733663412
2024-10-30 15:04:00-04:00,76.3499984741211,76.3499984741211,76.23999786376953,76.23999786376953,8499.0,-0.10467333603983997,-0.10467333603983997,-0.09173069986074811,-0.09828287392679158
2024-10-30 15:05:00-04:00,76.2300033569336,76.2300033569336,76.15010070800781,76.16999816894531,14831.0,-0.15716453121891183,-0.15716453121891183,-0.11791337654856182,-0.09181492233157895
2024-10-30 15:06:00-04:00,76.1500015258789,76.27999877929688,76.11000061035156,76.27999877929688,14539.0,-0.10494795688266167,0.06558496676063452,-0.052659283813705215,0.1444146159851334
2024-10-30 15:07:00-04:00,76.2699966430664,76.30999755859375,76.26000213623047,76.2699966430664,11023.0,0.15757730109398072,0.039327189010140984,0.1970851723505307,-0.013112396946157734
2024-10-30 15:08:00-04:00,76.27999877929688,76.29000091552734,76.25,76.2699966430664,11981.0,0.013114116521184549,-0.02620448657602026,-0.013115835235100182,0.0
2024-10-30 15:09:00-04:00,76.25,76.25,76.19059753417969,76.19999694824219,4400.0,-0.039327189010152086,-0.0524327107711442,-0.0779048732069687,-0.09177880936825922
2024-10-30 15:10:00-04:00,76.19000244140625,76.20999908447266,76.16999816894531,76.20999908447266,13765.0,-0.07868532274589723,-0.05246021708503745,-0.027036623810616778,0.013126163557797277
2024-10-30 15:11:00-04:00,76.23500061035156,76.2699966430664,76.19999694824219,76.22000122070312,10140.0,0.059060463976123856,0.07872662290318022,0.03938398321914338,0.013124440822243066
2024-10-30 15:12:00-04:00,76.22000122070312,76.2300033569336,76.20999908447266,76.22000122070312,9830.0,-0.01967520106034293,-0.052436459804727775,0.013126163557797277,0.0
2024-10-30 15:13:00-04:00,76.19999694824219,76.19999694824219,76.1500015258789,76.16000366210938,6969.0,-0.02624543707762106,-0.03936299012201605,-0.07872662290318022,-0.07871629183003881
2024-10-30 15:14:00-04:00,76.16999816894531,76.18000030517578,76.16999816894531,76.17500305175781,2821.0,-0.03936847834423718,-0.0262423147864288,0.026259543881446135,0.019694575797268854
2024-10-30 15:15:00-04:00,76.17449951171875,76.22000122070312,76.16000366210938,76.20999908447266,20624.0,0.005909600737363796,0.052508421327246424,-0.013121316891417933,0.04594162299023097
2024-10-30 15:16:00-04:00,76.19999694824219,76.19999694824219,76.08999633789062,76.08999633789062,8144.0,0.03347240439632859,-0.02624543707762106,-0.0919213771697569,-0.15746325682147733
2024-10-30 15:17:00-04:00,76.07029724121094,76.07029724121094,76.05000305175781,76.05000305175781,5206.0,-0.17020959609663766,-0.17020959609663766,-0.052560504741272496,-0.052560504741272496
2024-10-30 15:18:00-04:00,76.05000305175781,76.06999969482422,76.02999877929688,76.02999877929688,6034.0,-0.026678204488639334,-0.0003911466071593317,-0.02630410474451228,-0.02630410474451228
2024-10-30 15:19:00-04:00,76.04000091552734,76.11000061035156,76.04000091552734,76.05999755859375,22215.0,-0.01315205237225614,0.05258435084503077,0.013155512812135228,0.03945650372028098
2024-10-30 15:20:00-04:00,76.05010223388672,76.08000183105469,75.97000122070312,76.0,44881.0,0.013284216514675151,-0.039415029636458154,-0.0920564097598886,-0.07888188340727798
2024-10-30 15:21:00-04:00,76.0,76.0,75.97000122070312,75.9800033569336,16463.0,-0.06588056086056504,-0.10515487530131651,0.0,-0.02631137245580062
2024-10-30 15:22:00-04:00,75.9800033569336,75.9800033569336,75.94999694824219,75.94999694824219,8798.0,-0.02631137245580062,-0.02631137245580062,-0.026331804843360285,-0.03949250772001811
2024-10-30 15:23:00-04:00,75.91999816894531,75.97000122070312,75.9000015258789,75.91500091552734,8327.0,-0.0789749741210155,-0.013164169240009738,-0.06582676020033817,-0.04607772761161533
2024-10-30 15:24:00-04:00,75.9000015258789,75.91999816894531,75.87999725341797,75.88999938964844,22717.0,-0.026339098457173193,-0.06581946946735417,-0.026356089669010707,-0.032933577787508383
2024-10-30 15:25:00-04:00,75.9000015258789,75.94000244140625,75.88999938964844,75.88999938964844,23703.0,0.0,0.026349147712600995,0.013181518967453343,0.0
2024-10-30 15:26:00-04:00,75.91000366210938,75.94499969482422,75.91000366210938,75.94499969482422,5148.0,0.013178044834494251,0.006580528387289952,0.02635956334409162,0.07247371935450442
2024-10-30 15:27:00-04:00,75.93000030517578,75.95500183105469,75.91000366210938,75.94000244140625,23417.0,0.026342566330805894,0.013170236711657068,0.0,-0.00658009538224702
2024-10-30 15:28:00-04:00,75.95999908447266,76.0,75.93000030517578,75.93000030517578,11031.0,0.03950846724127821,0.059243193812830164,0.026342566330805894,-0.013171103382814131
2024-10-30 15:29:00-04:00,75.91000366210938,75.91680145263672,75.88999938964844,75.88999938964844,5724.0,-0.06581809237212743,-0.10947177284642562,-0.05268130563226281,-0.05268130563226281
2024-10-30 15:30:00-04:00,75.88999938964844,75.9000015258789,75.8499984741211,75.8550033569336,13893.0,-0.026352616909330884,-0.022129392224579103,-0.05270907346034415,-0.0461141560104128
2024-10-30 15:31:00-04:00,75.86000061035156,75.87999725341797,75.8499984741211,75.87999725341797,17590.0,-0.03952929178829834,-0.026356089669010707,0.0,0.03294956875390387
2024-10-30 15:32:00-04:00,75.87650299072266,75.87999725341797,75.76000213623047,75.76000213623047,66314.0,0.02175373087045518,0.0,-0.11865041489925732,-0.15813800939759037
2024-10-30 15:33:00-04:00,75.77999877929688,75.79000091552734,75.72000122070312,75.7300033569336,19955.0,-0.12718589763892618,-0.11860350704818723,-0.05279951742268585,-0.03959712044745434
2024-10-30 15:34:00-04:00,75.73500061035156,75.7699966430664,75.69999694824219,75.73999786376953,9239.0,-0.059380007482401354,-0.026394342550850602,-0.026418742919231963,0.013197552347699038
2024-10-30 15:35:00-04:00,75.75,75.75,75.69000244140625,75.69999694824219,19013.0,0.019805096095004693,-0.02639124185342956,-0.013202783670873686,-0.052813462708689585
2024-10-30 15:36:00-04:00,75.69999694824219,75.7300033569336,75.62000274658203,75.7300033569336,27859.0,-0.06601062938325075,-0.02639820866852105,-0.09248208821027726,0.03963858639508544
2024-10-30 15:37:00-04:00,75.73999786376953,75.77999877929688,75.70999908447266,75.73999786376953,22601.0,0.052841370065959126,0.06601798514076496,0.11901128619662416,0.013197552347699038
2024-10-30 15:38:00-04:00,75.75,75.86000061035156,75.73999786376953,75.79000091552734,25318.0,0.013205883961675546,0.10557116962708335,0.03962327256590292,0.06601934667036513
2024-10-30 15:39:00-04:00,75.79000091552734,75.80000305175781,75.73999786376953,75.76000213623047,21263.0,0.05280648914500752,-0.07908984723309365,0.0,-0.03958144733408053
2024-10-30 15:40:00-04:00,75.76000213623047,75.80999755859375,75.76000213623047,75.80999755859375,25041.0,-0.03958144733408053,0.013185364688061973,0.026411767923351093,0.06599184391966606
2024-10-30 15:41:00-04:00,75.81999969482422,75.87999725341797,75.81999969482422,75.85749816894531,21683.0,0.07919424089490867,0.09233570383657685,0.07919424089490867,0.06265744872877566
2024-10-30 15:42:00-04:00,75.8550033569336,75.86000061035156,75.7699966430664,75.7699966430664,30336.0,0.04616679273312663,-0.0263529833819387,-0.0659496860446751,-0.11534987046900591
2024-10-30 15:43:00-04:00,75.76000213623047,75.80999755859375,75.75,75.7699966430664,30168.0,-0.12524054643581195,-0.06591491082982293,-0.02639124185342956,0.0
2024-10-30 15:44:00-04:00,75.75499725341797,75.76000213623047,75.7300033569336,75.73999786376953,19269.0,-0.006606233726735855,-0.06594832340501844,-0.02639820866852105,-0.039591897355084615
2024-10-30 15:45:00-04:00,75.73999786376953,75.86000061035156,75.7300033569336,75.81999969482422,26146.0,-0.01979986824930391,0.13199375831758342,0.0,0.10562692541737917
2024-10-30 15:46:00-04:00,75.82499694824219,75.9000015258789,75.82499694824219,75.8499984741211,17100.0,0.11222483082919954,0.0527299172231821,0.1254371941076915,0.03956578662307475
2024-10-30 15:47:00-04:00,75.8499984741211,75.87000274658203,75.83000183105469,75.87000274658203,29285.0,0.03297266981225899,-0.039524082600506105,0.006600571070136674,0.026373464552875703
2024-10-30 15:48:00-04:00,75.87999725341797,75.94000244140625,75.87999725341797,75.92500305175781,17170.0,0.03955013829974874,0.0922626760117895,0.06593092596076655,0.0724928208576614
2024-10-30 15:49:00-04:00,75.91999816894531,75.97000122070312,75.91500091552734,75.94499969482422,38482.0,0.05271602131686759,0.03950326354020817,0.04613028910962491,0.026337362216199978
2024-10-30 15:50:00-04:00,75.94000244140625,76.04000091552734,75.91999816894531,75.94000244140625,51942.0,0.026349147712600995,0.09214123166967347,0.006582695590728882,-0.00658009538224702
2024-10-30 15:51:00-04:00,75.93499755859375,75.93499755859375,75.8499984741211,75.875,47240.0,-0.006590574995524179,-0.13808963133791208,-0.09220191848325898,-0.08559710207595161
2024-10-30 15:52:00-04:00,75.875,75.87999725341797,75.79000091552734,75.80000305175781,43567.0,-0.07901173440804099,-0.07243077229750483,-0.07910027659950858,-0.09884276539332548
2024-10-30 15:53:00-04:00,75.80999755859375,75.80999755859375,75.76000213623047,75.7699966430664,41799.0,-0.08567043348435277,-0.09225052366625963,-0.03958144733408053,-0.03958628955583743
2024-10-30 15:54:00-04:00,75.7699966430664,75.80000305175781,75.66000366210938,75.68499755859375,89113.0,-0.052764697026175256,-0.013183626378843183,-0.13199375831758342,-0.11218039888937215
2024-10-30 15:55:00-04:00,75.66999816894531,75.79000091552734,75.62999725341797,75.68499755859375,71472.0,-0.13197634756692,-0.013195429851942109,-0.03965953904180308,0.0
2024-10-30 15:56:00-04:00,75.66999816894531,75.70999908447266,75.65499877929688,75.69499969482422,76805.0,0.0,-0.10555723721900057,0.033057684499349094,0.013215480680606184
2024-10-30 15:57:00-04:00,75.69000244140625,75.7300033569336,75.68000030517578,75.7300033569336,75394.0,0.026436200535218113,0.026422233130163342,0.033046760005706055,0.04624303091418369
2024-10-30 15:58:00-04:00,75.72000122070312,75.72000122070312,75.55999755859375,75.59500122070312,135109.0,0.03963374069131387,-0.013207626815125995,-0.15856599642987135,-0.17826770136820658
2024-10-30 15:59:00-04:00,75.59500122070312,75.63500213623047,75.5,75.58000183105469,384663.0,-0.16508187795145624,-0.1122544679111992,-0.07940386518305864,-0.019841774464224304
2024-10-31 09:30:00-04:00,75.6500015258789,75.66000366210938,75.17500305175781,75.26000213623047,92387.0,0.07275653718850084,0.033055497022238534,-0.43045953409561744,-0.4233920178243977
2024-10-31 09:31:00-04:00,75.27999877929688,75.27999877929688,74.94000244140625,74.94000244140625,28698.0,-0.48909813498874133,-0.5022533233140836,-0.3126047233942497,-0.4251922478622494
2024-10-31 09:32:00-04:00,74.92500305175781,74.97000122070312,74.86000061035156,74.94000244140625,16334.0,-0.47156712711942106,-0.41179272531949307,-0.10675450820439858,0.0
2024-10-31 09:33:00-04:00,74.8499984741211,74.86000061035156,74.61000061035156,74.61000061035156,16690.0,-0.10010620564794293,-0.14672616854805032,-0.33395671648636105,-0.4403547108404626
2024-10-31 09:34:00-04:00,74.56999969482422,74.86000061035156,74.56999969482422,74.81999969482422,14163.0,-0.37407987308600843,0.0,-0.0536133429836716,0.28146238138955226
2024-10-31 09:35:00-04:00,74.83999633789062,74.83999633789062,74.57499694824219,74.57499694824219,28473.0,0.36207140159763007,-0.02672224458700745,0.006701426094157803,-0.3274562250485835
2024-10-31 09:36:00-04:00,74.51499938964844,74.51499938964844,74.20999908447266,74.37999725341797,18191.0,-0.43425569768186234,-0.43425569768186234,-0.48943731640089805,-0.2614813312825981
2024-10-31 09:37:00-04:00,74.4000015258789,74.47000122070312,74.36000061035156,74.41999816894531,16135.0,-0.15432847710055153,-0.06038806859544055,0.20213115177127872,0.053779130148479126
2024-10-31 09:38:00-04:00,74.45999908447266,74.62000274658203,74.41000366210938,74.5999984741211,24370.0,0.08064187817642399,0.20142543765286902,0.06724455533537732,0.24187088095213305
2024-10-31 09:39:00-04:00,74.58999633789062,74.6500015258789,74.52999877929688,74.5999984741211,17274.0,0.1745866975777055,0.040202061367855535,0.161262076712676,0.0
2024-10-31 09:40:00-04:00,74.54000091552734,74.58989715576172,74.26000213623047,74.45999908447266,20793.0,-0.06702698058437262,-0.08051489469340645,-0.36226572855038164,-0.18766674599464128
2024-10-31 09:41:00-04:00,74.45999908447266,74.65499877929688,74.4000015258789,74.55000305175781,17698.0,-0.10732738136849385,0.0872794118474296,0.1885259704027531,0.12087559547651061
2024-10-31 09:42:00-04:00,74.5199966430664,74.57499694824219,74.41000366210938,74.56999969482422,7267.0,0.0805768994513123,-0.10716205527133704,0.013443731216855603,0.026823128434383392
2024-10-31 09:43:00-04:00,74.62000274658203,74.68000030517578,74.55999755859375,74.66999816894531,9471.0,0.13420035966269506,0.14080236169029536,0.2015775958908561,0.1341001401774733
2024-10-31 09:44:00-04:00,74.69999694824219,74.69999694824219,74.56999969482422,74.5999984741211,14222.0,0.10720208887129434,0.026776436776509982,0.013414882722617705,-0.09374540851847524
2024-10-31 09:45:00-04:00,74.41999816894531,74.41999816894531,74.41999816894531,74.41999816894531,33235.0,-0.3748310451617276,-0.3748310451617276,-0.20115532585863738,-0.2412872772889152
2024-10-31 09:46:00-04:00,74.38999938964844,74.41000366210938,74.32499694824219,74.41000366210938,12122.0,-0.040310104857532725,-0.013429867081227176,-0.1276554999201429,-0.013429867081227176
2024-10-31 09:48:00-04:00,74.5199966430664,74.61000061035156,74.3949966430664,74.3949966430664,52286.0,0.17475098062180727,0.2687769633104242,0.09418055526186908,-0.020168012773003063
2024-10-31 09:49:00-04:00,74.41000366210938,74.41999816894531,74.19000244140625,74.19000244140625,20856.0,-0.1476019671389328,-0.2546608227475211,-0.2755483714095508,-0.2755483714095508
2024-10-31 09:50:00-04:00,74.18000030517578,74.2699966430664,74.16999816894531,74.18299865722656,10634.0,-0.30910273567250623,-0.20156077609458922,-0.026963568948168426,-0.009440334208399292
2024-10-31 09:53:00-04:00,73.94000244140625,73.97000122070312,73.93000030517578,73.93000030517578,34160.0,-0.32353446047745926,-0.4039254556655325,-0.32357809046033026,-0.3410462729065422
2024-10-31 09:54:00-04:00,73.91100311279297,74.0999984741211,73.91100311279297,74.06999969482422,6249.0,-0.03922008068131255,0.17574320842592694,-0.025696188697954536,0.18936749502302952
2024-10-31 09:55:00-04:00,74.04000091552734,74.22000122070312,74.04000091552734,74.16999816894531,16771.0,0.17453125691924143,0.16194702976133346,0.17453125691924143,0.13500536591479761
2024-10-31 09:56:00-04:00,74.13999938964844,74.25499725341797,74.13999938964844,74.25,7791.0,0.13506006602455045,0.04715175443177344,0.13506006602455045,0.1078627922741271
2024-10-31 09:57:00-04:00,74.25,74.30000305175781,74.16999816894531,74.18000030517578,10822.0,0.1483687769856079,0.060609790592613955,0.040462340900782046,-0.09427568326494384
2024-10-31 09:58:00-04:00,74.19000244140625,74.19000244140625,74.08999633789062,74.08999633789062,10447.0,-0.08080479271885821,-0.14804926760896286,-0.10786279227411599,-0.1213318507884642
2024-10-31 09:59:00-04:00,74.05999755859375,74.2300033569336,74.05999755859375,74.1449966430664,11001.0,-0.17523234739771354,0.05391685430786719,-0.04048964877804151,0.0742344552494556
2024-10-31 10:00:00-04:00,74.12999725341797,74.12999725341797,73.93000030517578,73.94999694824219,10790.0,0.09451754946230295,-0.134724638276984,-0.17552964853275732,-0.2629977795574612
2024-10-31 10:01:00-04:00,73.9000015258789,73.9000015258789,73.80999755859375,73.83000183105469,8531.0,-0.3102599973837994,-0.3102599973837994,-0.16231941848595666,-0.16226520911351017
2024-10-31 10:02:00-04:00,73.83000183105469,73.98999786376953,73.83000183105469,73.97000122070312,5444.0,-0.09472218319197534,0.12178123955668418,0.027102388731359284,0.18962398235990996
2024-10-31 10:03:00-04:00,73.94999694824219,74.02999877929688,73.94999694824219,73.95999908447266,6656.0,0.16252893703305737,0.05406259857041462,0.16252893703305737,-0.013521881932410107
2024-10-31 10:04:00-04:00,73.94999694824219,73.94999694824219,73.80000305175781,73.83999633789062,15095.0,0.0,-0.10806677343491167,-0.2028315113918877,-0.16225358040495852
2024-10-31 10:05:00-04:00,73.83999633789062,74.0,73.83999633789062,73.87000274658203,16317.0,-0.14874998633002123,0.06761738177327725,0.05419144238349993,0.04063706687376101
2024-10-31 10:06:00-04:00,73.87000274658203,74.01000213623047,73.87000274658203,73.9800033569336,13342.0,0.04063706687376101,0.013516400311441856,0.04063706687376101,0.14891106844672208
2024-10-31 10:07:00-04:00,74.0,74.13569641113281,73.97000122070312,74.06999969482422,16083.0,0.17598111355692225,0.1698341727797592,0.13537088182349333,0.12164954556221907
2024-10-31 10:08:00-04:00,74.07250213623047,74.2699966430664,74.07250213623047,74.25,19752.0,0.09797585977089351,0.18115461030918656,0.1385709258291179,0.2430137787463149
2024-10-31 10:09:00-04:00,74.2300033569336,74.26000213623047,74.13009643554688,74.1449966430664,7296.0,0.21263116022927075,-0.013456991096916227,0.0777539541063188,-0.14141866253682966
2024-10-31 10:10:00-04:00,74.13009643554688,74.16000366210938,73.93000030517578,73.93000030517578,10742.0,-0.13459102366777387,-0.13465993973127421,-0.26992563073902076,-0.28996742548336174
2024-10-31 10:11:00-04:00,73.88999938964844,73.9000015258789,73.7300033569336,73.75,15666.0,-0.3238860563296253,-0.35059617501517204,-0.2705220443887768,-0.24347396785169284
2024-10-31 10:12:00-04:00,73.73999786376953,73.7699966430664,73.66999816894531,73.69999694824219,11835.0,-0.2030065328433639,-0.17592000017344622,-0.0813850335768862,-0.06780074814618509
2024-10-31 10:13:00-04:00,73.70999908447266,73.95999908447266,73.70999908447266,73.94499969482422,14049.0,-0.040681828269506504,0.25756059380830365,0.054297429783578544,0.33243250573551375
2024-10-31 10:14:00-04:00,73.94999694824219,74.02999877929688,73.94999694824219,74.01499938964844,8542.0,0.32559743148889986,0.09464534301071303,0.32559743148889986,0.09466454136604074
2024-10-31 10:15:00-04:00,74.04000091552734,74.12999725341797,74.04000091552734,74.07499694824219,9683.0,0.12170922379908244,0.13507831388626101,0.12170922379908244,0.08106135119707591
2024-10-31 10:16:00-04:00,74.08499908447266,74.12999725341797,74.06999969482422,74.12999725341797,11977.0,0.060775484047681516,0.0,0.04051698936511361,0.07424948692771327
2024-10-31 10:17:00-04:00,74.16999816894531,74.22000122070312,74.12999725341797,74.22000122070312,16077.0,0.11473184250936352,0.1214136929986287,0.08100115949905007,0.1214136929986287
2024-10-31 10:18:00-04:00,74.16000366210938,74.16000366210938,74.08000183105469,74.12000274658203,12775.0,-0.013475134262741495,-0.08083745298701484,-0.06744290329914193,-0.1347325147890155
2024-10-31 10:19:00-04:00,74.1050033569336,74.13999938964844,74.01010131835938,74.0199966430664,14706.0,-0.07416437764266037,-0.026974476096419675,-0.09435814115491548,-0.13492458150271558
2024-10-31 10:20:00-04:00,74.01000213623047,74.01000213623047,73.9800033569336,74.01000213623047,13079.0,-0.12819811942459403,-0.17534024074475907,-0.04066736957474282,-0.013502441622814665
2024-10-31 10:21:00-04:00,74.0199966430664,74.0999984741211,73.9800033569336,74.07499694824219,10118.0,0.013504265028307927,0.12160023685037213,0.0,0.08781895708107612
2024-10-31 10:22:00-04:00,74.07499694824219,74.13500213623047,74.06999969482422,74.12999725341797,13165.0,0.0743046577548423,0.04723841137674878,0.12164954556221907,0.07424948692771327
2024-10-31 10:23:00-04:00,74.18000030517578,74.18000030517578,74.12000274658203,74.13500213623047,7271.0,0.14175276579080354,0.06069760254761025,0.06750783308198116,0.006751494668733038
2024-10-31 10:24:00-04:00,74.13500213623047,74.1500015258789,74.04499816894531,74.12000274658203,11966.0,-0.0606607829066963,-0.04044052193780123,-0.10119343612703391,-0.02023253418254045
2024-10-31 10:25:00-04:00,74.095703125,74.12000274658203,74.02999877929688,74.04000091552734,8806.0,-0.053010062855674,-0.040456882912409675,-0.020257127448652934,-0.10793554788200987
2024-10-31 10:26:00-04:00,74.05500030517578,74.05500030517578,73.91999816894531,73.94999694824219,11572.0,-0.05493276682394521,-0.08769891931668106,-0.14858923701931426,-0.12156127251786719
2024-10-31 10:27:00-04:00,73.93499755859375,73.93499755859375,73.81999969482422,73.81999969482422,24524.0,-0.16204543391736825,-0.16204543391736825,-0.13527932440223767,-0.17579074886096002
2024-10-31 10:28:00-04:00,73.83999633789062,73.93000030517578,73.83999633789062,73.9198989868164,12803.0,-0.1284928975994526,-0.006758982326349194,0.027088381399442696,0.1353282205434514
2024-10-31 10:29:00-04:00,73.87999725341797,73.88999938964844,73.79000091552734,73.86000061035156,5475.0,0.054172423498366484,-0.05410647282865222,-0.06770778012298306,-0.08103146417384188
2024-10-31 10:30:00-04:00,73.87000274658203,73.87000274658203,73.81999969482422,73.8499984741211,5179.0,-0.013528028163911632,-0.02706271921989467,0.04065426063786237,-0.013542020238033192
2024-10-31 10:31:00-04:00,73.86000061035156,74.02999877929688,73.86000061035156,74.02999877929688,4808.0,-0.013540186623228756,0.21659134529035118,0.05418709793105769,0.243737723622095
2024-10-31 10:32:00-04:00,74.05999755859375,74.08999633789062,74.01499938964844,74.0250015258789,8636.0,0.27077842755143244,0.08104492716880518,0.20985483078259648,-0.006750308659153603
2024-10-31 10:33:00-04:00,74.02999877929688,74.02999877929688,73.95999908447266,73.95999908447266,3904.0,-0.040506049535227184,-0.08097929755608302,-0.0743096745650651,-0.08781146918791505
2024-10-31 10:34:00-04:00,73.94999694824219,73.96499633789062,73.91999816894531,73.94000244140625,4288.0,-0.10806677343491167,-0.08780554164270482,-0.05408452680165654,-0.02703710561646755
2024-10-31 10:35:00-04:00,73.95500183105469,73.95500183105469,73.9000015258789,73.9000015258789,5055.0,0.006767928355699837,-0.013512482026334371,-0.027051736420102834,-0.054099153646958165
2024-10-31 10:36:00-04:00,73.87000274658203,73.93000030517578,73.87000274658203,73.91999816894531,10134.0,-0.11493351682531072,-0.033806402893510334,-0.04059374651889103,0.027059056364708844
2024-10-31 10:37:00-04:00,73.9000015258789,73.90499877929688,73.86000061035156,73.86000061035156,4587.0,0.040610231733428925,-0.0338178354872154,-0.013540186623228756,-0.0811655304111647
2024-10-31 10:38:00-04:00,73.83000183105469,73.9000015258789,73.81999969482422,73.87999725341797,5320.0,-0.09472218319197534,-0.006761725864978807,-0.05415775141726087,0.027073710941194484
2024-10-31 10:39:00-04:00,73.86000061035156,73.91000366210938,73.83999633789062,73.87999725341797,6806.0,0.040632234258275446,0.013534690154193285,0.027088381399442696,0.0
2024-10-31 10:40:00-04:00,73.91400146484375,73.94999694824219,73.9000015258789,73.94000244140625,10573.0,0.07311244793655192,0.05411078900177113,0.08126380141419975,0.08121980267874473
2024-10-31 10:41:00-04:00,73.91999816894531,73.91999816894531,73.79000091552734,73.80999755859375,9755.0,0.008113082748484324,-0.04056630227837754,-0.14885061986505965,-0.17582482894225038
2024-10-31 10:42:00-04:00,73.77999877929688,73.80000305175781,73.77999877929688,73.77999877929688,4668.0,-0.18939311839329953,-0.1623310608223405,-0.01355486665722827,-0.04064324656434248
2024-10-31 10:43:00-04:00,73.76000213623047,73.80999755859375,73.73999786376953,73.73999786376953,6013.0,-0.027103067765321676,0.01354269162960886,-0.054216476266155667,-0.054216476266155667
2024-10-31 10:44:00-04:00,73.75499725341797,73.75499725341797,73.69000244140625,73.70999908447266,5744.0,-0.006785361534100698,-0.07451606421219337,-0.06779959833419502,-0.040681828269506504
2024-10-31 10:45:00-04:00,73.70999908447266,73.79000091552734,73.70999908447266,73.75499725341797,8616.0,-0.06101033234494624,0.047459376873271175,0.027136168277785977,0.06104757767497748
2024-10-31 10:46:00-04:00,73.75,73.76000213623047,73.72000122070312,73.73999786376953,4829.0,0.05426796367409281,-0.04065426063785127,0.013569578557448558,-0.020336777448315413
2024-10-31 10:47:00-04:00,73.69000244140625,73.73999786376953,73.63999938964844,73.66000366210938,8867.0,-0.0813526218220284,-0.027120759058529842,-0.10852120147851751,-0.10848142660370153
2024-10-31 10:48:00-04:00,73.63999938964844,73.66999816894531,73.63999938964844,73.63999938964844,8550.0,-0.06785595074118023,-0.09492771474381989,0.0,-0.027157577336944794
2024-10-31 10:49:00-04:00,73.62999725341797,73.66999816894531,73.61000061035156,73.66000366210938,9140.0,-0.013582477340268184,0.0,-0.04073707162617346,0.02716495468053637
2024-10-31 10:50:00-04:00,73.66999816894531,73.70999908447266,73.5999984741211,73.63999938964844,17183.0,0.054326927909098544,0.054297429783578544,-0.013588012698728669,-0.027157577336944794
2024-10-31 10:51:00-04:00,73.69999694824219,73.75499725341797,73.69000244140625,73.7300033569336,15575.0,0.04072048329373246,0.06104757767497748,0.12228800156401931,0.12222157527312927
2024-10-31 10:52:00-04:00,73.75499725341797,73.76000213623047,73.72000122070312,73.72000122070312,5608.0,0.07462728284020059,0.006785821976640349,0.040709429098928496,-0.01356589688739085
2024-10-31 10:53:00-04:00,73.73500061035156,73.83619689941406,73.73500061035156,73.80999755859375,5133.0,-0.027112255184147394,0.10330092323325157,0.020346431633289086,0.12207858979980113
2024-10-31 10:54:00-04:00,73.80999755859375,73.87000274658203,73.80999755859375,73.8499984741211,3713.0,0.1017114635130989,0.045784924721981035,0.1017114635130989,0.054194440930022125
2024-10-31 10:55:00-04:00,73.83999633789062,73.87000274658203,73.81500244140625,73.87000274658203,4998.0,0.04064324656434248,0.0,0.006780765449199144,0.027087708699080615
2024-10-31 10:56:00-04:00,73.86000061035156,73.94000244140625,73.86000061035156,73.91000366210938,6336.0,0.02709137791583327,0.0947606500900866,0.06096073624197729,0.05415041835665768
2024-10-31 10:57:00-04:00,73.88999938964844,73.88999938964844,73.7699966430664,73.77999877929688,7064.0,0.040615731179216574,-0.06762652164833405,-0.12185752307256603,-0.17589619316870087
2024-10-31 10:58:00-04:00,73.80000305175781,73.80000305175781,73.71499633789062,73.7300033569336,4760.0,-0.12179772450131576,-0.12179772450131576,-0.07455646967411411,-0.06776283978106035
2024-10-31 10:59:00-04:00,73.71499633789062,73.75,73.69999694824219,73.69999694824219,10027.0,-0.11518524437942324,-0.06775480987818439,-0.02034781305514377,-0.040697690662161445
2024-10-31 11:00:00-04:00,73.68499755859375,73.75,73.66999816894531,73.68000030517578,12755.0,-0.04069562611027644,0.0,-0.04070390846547811,-0.02713248832351134
2024-10-31 11:01:00-04:00,73.66999816894531,73.69999694824219,73.55999755859375,73.55999755859375,16280.0,-0.020356097096307924,-0.06780074814618509,-0.14931534286087844,-0.1628701765540086
2024-10-31 11:02:00-04:00,73.54000091552734,73.56999969482422,73.45999908447266,73.55000305175781,11904.0,-0.1764588796647537,-0.17638705400390142,-0.13594137770523984,-0.013586877606919234
2024-10-31 11:03:00-04:00,73.55999755859375,73.68000030517578,73.55899810791016,73.6500015258789,9924.0,0.027191518653069124,0.14951829659897165,0.13476589255556615,0.13595985040371072
2024-10-31 11:04:00-04:00,73.62000274658203,73.66999816894531,73.62000274658203,73.62999725341797,8120.0,0.08157312395298266,-0.013575103405316646,0.08293293851335815,-0.0271612655077913
2024-10-31 11:05:00-04:00,73.62000274658203,73.70999908447266,73.5999984741211,73.5999984741211,9546.0,0.0,0.054297429783578544,-0.027172333217373446,-0.04074260548133646
2024-10-31 11:06:00-04:00,73.58999633789062,73.63999938964844,73.56999969482422,73.61000061035156,7957.0,-0.04075849982605462,-0.09496634879074817,-0.040759211846208565,0.013589859290541462
2024-10-31 11:07:00-04:00,73.61499786376953,73.86000061035156,73.61499786376953,73.83999633789062,17961.0,0.0339740822436152,0.2987523391180913,0.06116374763078802,0.3124517397527615
2024-10-31 11:08:00-04:00,73.84500122070312,73.8499984741211,73.76000213623047,73.76000213623047,6216.0,0.312440893307131,-0.013542020238033192,0.19697653558217176,-0.10833451466344401
2024-10-31 11:09:00-04:00,73.76000213623047,73.8499984741211,73.75,73.79000091552734,13181.0,-0.11510472349863798,0.0,-0.013560379529264921,0.04067079504888049
2024-10-31 11:10:00-04:00,73.79000091552734,73.81999969482422,73.73999786376953,73.7750015258789,6600.0,0.04067079504888049,-0.04062123211470148,-0.013562218617579891,-0.020327130318931186
2024-10-31 11:11:00-04:00,73.7300033569336,73.7300033569336,73.66999816894531,73.68000030517578,5451.0,-0.08130852127571364,-0.12191321899576169,-0.09492771474381989,-0.12877156047200744
2024-10-31 11:12:00-04:00,73.69999694824219,73.7300033569336,73.66999816894531,73.70999908447266,5314.0,-0.040697690662161445,0.0,0.0,0.04071495544601955
2024-10-31 11:13:00-04:00,73.69999694824219,73.76000213623047,73.68000030517578,73.69499969482422,6725.0,0.0,0.04068734291473586,0.013576946489846087,-0.020349192558322127
2024-10-31 11:14:00-04:00,73.70999908447266,73.70999908447266,73.58999633789062,73.58999633789062,5633.0,0.013571420141977875,-0.06779155410741033,-0.12215522110798904,-0.14248369274498796
2024-10-31 11:15:00-04:00,73.5999984741211,73.6500015258789,73.5999984741211,73.62999725341797,6471.0,-0.14923431246485208,-0.0813967702332885,0.013591706384308289,0.05435645810292211
2024-10-31 11:16:00-04:00,73.62000274658203,73.69000244140625,73.62000274658203,73.65499877929688,5926.0,0.02717971858106072,0.05431217202798155,0.02717971858106072,0.033955625168435866
2024-10-31 11:17:00-04:00,73.68000030517578,73.69999694824219,73.62999725341797,73.68499755859375,7569.0,0.08149627323470465,0.013562907456665663,0.01357580339997888,0.04072877577090406
2024-10-31 11:18:00-04:00,73.72000122070312,73.7699966430664,73.68000030517578,73.71499633789062,17837.0,0.0542900588513362,0.0949792370729341,0.06791125033689394,0.04071219419261585
2024-10-31 11:19:00-04:00,73.69499969482422,73.70500183105469,73.61000061035156,73.625,9150.0,-0.03391416910596412,-0.08810466987845267,-0.09500501429734465,-0.12208687833084042
2024-10-31 11:20:00-04:00,73.57499694824219,73.69999694824219,73.5199966430664,73.69999694824219,24968.0,-0.16283702704249503,-0.006790424921188087,-0.12227138505483959,0.10186342715408081
2024-10-31 11:21:00-04:00,73.69999694824219,73.69999694824219,73.6449966430664,73.69000244140625,9845.0,0.16989467235444256,0.0,0.17002177054885603,-0.013561068181533464
2024-10-31 11:22:00-04:00,73.69000244140625,73.69000244140625,73.63999938964844,73.66999816894531,8229.0,-0.013561068181533464,-0.013561068181533464,-0.006785597998171244,-0.027146521642262833
2024-10-31 11:23:00-04:00,73.63999938964844,73.68000030517578,73.62999725341797,73.63999938964844,7284.0,-0.06785595074118023,-0.013573260821131417,-0.013582477340268184,-0.04072048329373246
2024-10-31 11:24:00-04:00,73.63999938964844,73.63999938964844,73.56500244140625,73.61000061035156,6911.0,0.0,-0.0542900588513362,-0.0882721912755513,-0.04073707162617346
2024-10-31 11:25:00-04:00,73.58999633789062,73.58999633789062,73.55000305175781,73.58000183105469,6175.0,-0.06790202630669873,-0.06790202630669873,-0.020389300823286938,-0.04075367347933234
2024-10-31 11:26:00-04:00,73.57499694824219,73.6500015258789,73.57499694824219,73.58999633789062,9460.0,-0.02038237585930691,0.08153987087153869,0.03398218279717646,0.01358318372821632
2024-10-31 11:27:00-04:00,73.58000183105469,73.58999633789062,73.51499938964844,73.58999633789062,12376.0,0.006802423404805857,-0.08147343753577285,-0.08154612447480725,0.0
2024-10-31 11:28:00-04:00,73.61000061035156,73.68000030517578,73.5999984741211,73.6500015258789,30841.0,0.04077028886972922,0.12230462259015251,0.11562141764041023,0.08153987087153869
2024-10-31 11:29:00-04:00,73.62999725341797,73.65249633789062,73.62000274658203,73.6500015258789,8469.0,0.027165660780603673,-0.03732894567214373,0.02717971858106072,0.0
2024-10-31 11:30:00-04:00,73.62000274658203,73.6500015258789,73.51000213623047,73.51000213623047,9216.0,-0.01357396062577898,-0.0033872742076113127,-0.14941674306941932,-0.1900874226041238
2024-10-31 11:31:00-04:00,73.48999786376953,73.52999877929688,73.47000122070312,73.4749984741211,11013.0,-0.17658907628679277,-0.16293651608393356,-0.05441560925710798,-0.04761755011856161
2024-10-31 11:32:00-04:00,73.48999786376953,73.5199966430664,73.4800033569336,73.5199966430664,5150.0,0.0,-0.01360279667689257,0.013613905082743294,0.06124283073127845
2024-10-31 11:33:00-04:00,73.52999877929688,73.58000183105469,73.5,73.55000305175781,14393.0,0.05443042140440557,0.08161750643107535,0.027213720948360276,0.040813941868211856
2024-10-31 11:34:00-04:00,73.58000183105469,73.58999633789062,73.54000091552734,73.54000091552734,10498.0,0.06800360749072976,0.01358318372821632,0.05442301432292407,-0.01359909696186934
2024-10-31 11:35:00-04:00,73.54000091552734,73.55000305175781,73.48500061035156,73.48999786376953,14316.0,-0.05436384144048567,-0.05434609066859997,-0.07478964439905367,-0.06799435835641576
2024-10-31 11:36:00-04:00,73.49500274658203,73.54000091552734,73.47370147705078,73.47370147705078,8348.0,-0.061188697831271455,-0.01359909696186934,-0.015376108330855676,-0.022174972366928447
2024-10-31 11:37:00-04:00,73.4800033569336,73.5,73.44999694824219,73.48999786376953,6861.0,-0.020408720440701078,-0.05439341178863355,-0.0322626032608353,0.02217989075157245
2024-10-31 11:38:00-04:00,73.46499633789062,73.46499633789062,73.38999938964844,73.4000015258789,5694.0,-0.020423269403069266,-0.047624030080783974,-0.08168490277273843,-0.12246066200389816
2024-10-31 11:39:00-04:00,73.40499877929688,73.43000030517578,73.37999725341797,73.41000366210938,10674.0,-0.08166822512016836,-0.047636336295298065,-0.013628745488014626,0.013626888314077767
2024-10-31 11:40:00-04:00,73.38999938964844,73.47000122070312,73.36000061035156,73.47000122070312,9565.0,-0.02043374415622301,0.05447489494907476,-0.02725080923258183,0.0817294041693728
2024-10-31 11:41:00-04:00,73.46499633789062,73.5,73.44000244140625,73.4800033569336,12258.0,0.10218960194290361,0.04083133088124136,0.10905374916723165,0.013613905082743294
2024-10-31 11:42:00-04:00,73.4749984741211,73.5250015258789,73.45999908447266,73.4800033569336,13977.0,0.013614832544828204,0.03401568146790268,0.027228543575219533,0.0
2024-10-31 11:43:00-04:00,73.48999786376953,73.55000305175781,73.48999786376953,73.54000091552734,13116.0,0.02041427691041875,0.03400411473655218,0.04083689037672755,0.0816515457985334
2024-10-31 11:44:00-04:00,73.52999877929688,73.63999938964844,73.5250015258789,73.63999938964844,14546.0,0.05443042140440557,0.12236075344183028,0.047630511806873166,0.13597834223031402
2024-10-31 11:45:00-04:00,73.625,73.76000213623047,73.5999984741211,73.73999786376953,23923.0,0.12920062869614668,0.16295864689930273,0.10200196761069869,0.13579369221878856
2024-10-31 11:46:00-04:00,73.75,73.80000305175781,73.73500061035156,73.77999877929688,13978.0,0.1697792869269854,0.054231174578145414,0.18342681933334326,0.05424588647431339
2024-10-31 11:47:00-04:00,73.76000213623047,73.76000213623047,73.69000244140625,73.69000244140625,8559.0,0.013562218617590993,-0.05420178031604328,-0.06102687810786156,-0.12197931604720491
2024-10-31 11:48:00-04:00,73.68000030517578,73.68000030517578,73.58999633789062,73.58999633789062,6464.0,-0.10846234915629083,-0.10846234915629083,-0.13571190148234935,-0.13571190148234935
2024-10-31 11:49:00-04:00,73.5999984741211,73.5999984741211,73.55999755859375,73.5999984741211,7466.0,-0.1085801177026724,-0.1085801177026724,-0.04076475171861382,0.013591706384308289
2024-10-31 11:50:00-04:00,73.5999984741211,73.5999984741211,73.55000305175781,73.58999633789062,9435.0,0.0,0.0,-0.013586877606919234,-0.01358985929053036
2024-10-31 11:51:00-04:00,73.55999755859375,73.55999755859375,73.5,73.51000213623047,8976.0,-0.05434907113675003,-0.05434907113675003,-0.06798511173768951,-0.10870254877152208
2024-10-31 11:52:00-04:00,73.5,73.51000213623047,73.43000030517578,73.45999908447266,14314.0,-0.08156275229068699,-0.06796550302147208,-0.09523768003295574,-0.0680221062504427
2024-10-31 11:53:00-04:00,73.47000122070312,73.51000213623047,73.44999694824219,73.5,11294.0,-0.04081466571003167,0.0,0.027232252462616735,0.05445264909593739
2024-10-31 11:54:00-04:00,73.51000213623047,73.51000213623047,73.44499969482422,73.45999908447266,6440.0,0.054445235963962446,0.0,-0.006803612832673167,-0.054423014322912966
2024-10-31 11:55:00-04:00,73.47000122070312,73.47000122070312,73.43499755859375,73.43499755859375,8025.0,-0.05441560925710798,-0.05441560925710798,-0.01361853941320712,-0.03403420390756251
2024-10-31 11:56:00-04:00,73.44000244140625,73.5,73.43000030517578,73.44000244140625,10652.0,-0.04083133088124136,0.04083133088124136,-0.006805002497589641,0.006815391814374294
2024-10-31 11:57:00-04:00,73.44999694824219,73.44999694824219,73.33000183105469,73.33499908447266,15752.0,0.013609077483223153,-0.06803136293579426,-0.13618204236075515,-0.14297842244405112
2024-10-31 11:58:00-04:00,73.33999633789062,73.45999908447266,73.29499816894531,73.30999755859375,37842.0,-0.14976257988013053,0.013617612860516992,-0.047734435067958714,-0.03409221543742014
2024-10-31 11:59:00-04:00,73.31500244140625,73.44000244140625,73.30999755859375,73.44000244140625,14368.0,-0.034079489681493325,-0.02722113165752882,0.02046441097367513,0.17733581658980757
2024-10-31 12:00:00-04:00,73.44000244140625,73.45999908447266,73.37999725341797,73.41999816894531,14035.0,0.1704971640693831,0.027228543575219533,0.09548451392085155,-0.02723893218399276
2024-10-31 12:01:00-04:00,73.37999725341797,73.45999908447266,73.37999725341797,73.38999938964844,7766.0,-0.08170640794321615,0.0,0.0,-0.04085913926046292
2024-10-31 12:02:00-04:00,73.375,73.41000366210938,73.33999633789062,73.33999633789062,11293.0,-0.0068101030321843226,-0.06805802203426747,-0.054512015569041505,-0.06813333175318403
2024-10-31 12:03:00-04:00,73.33000183105469,73.3499984741211,73.25,73.26000213623047,10293.0,-0.061326294985097896,-0.08173979702340572,-0.12271112951246499,-0.10907309197508708
2024-10-31 12:04:00-04:00,73.2699966430664,73.33999633789062,73.2300033569336,73.33000183105469,23832.0,-0.08182897380328846,-0.013636177830322893,-0.02729917142171301,0.09554967619855859
2024-10-31 12:05:00-04:00,73.30999755859375,73.34429931640625,73.19999694824219,73.19999694824219,8807.0,0.05459385472912359,0.005867164890216436,-0.04097556645621392,-0.17728743974672057
2024-10-31 12:06:00-04:00,73.19999694824219,73.2300033569336,73.18000030517578,73.22000122070312,6991.0,-0.15004858002299892,-0.15583482361674061,-0.027317819535632726,0.027328242206192677
2024-10-31 12:07:00-04:00,73.25,73.30000305175781,73.25,73.27999877929688,10058.0,0.06831018284489954,0.09558881826488008,0.09565413300396397,0.08194148810911628
2024-10-31 12:08:00-04:00,73.27999877929688,73.27999877929688,73.16000366210938,73.16000366210938,10182.0,0.04095396491041736,-0.02729095720066521,-0.12286189473122988,-0.163748798016361
2024-10-31 12:09:00-04:00,73.18000030517578,73.20999908447266,73.16999816894531,73.20500183105469,5452.0,-0.13646080211090483,-0.09552360260681736,0.013661162295863782,0.06150651543586072
2024-10-31 12:11:00-04:00,73.18000030517578,73.18000030517578,73.16500091552734,73.17500305175781,14681.0,0.0,-0.040976341581788756,-0.006829648138617639,-0.04097913878358117
2024-10-31 12:12:00-04:00,73.16000366210938,73.26000213623047,73.16000366210938,73.2300033569336,9208.0,-0.027325284207457834,0.10932198786699487,-0.006830114611411364,0.07516269611478332
2024-10-31 12:13:00-04:00,73.23999786376953,73.30000305175781,73.23999786376953,73.29000091552734,8214.0,0.10934144020768866,0.05460130270398267,0.10934144020768866,0.08193029611280878
2024-10-31 12:14:00-04:00,73.27999877929688,73.28150177001953,73.20999908447266,73.2249984741211,9718.0,0.054616216130631834,-0.025240492452938135,-0.04095955785344829,-0.08869210068801481
2024-10-31 12:15:00-04:00,73.2300033569336,73.2300033569336,73.20999908447266,73.20999908447266,4910.0,-0.06822519540953254,-0.07027477854855135,0.0,-0.020483973999319005
2024-10-31 12:16:00-04:00,73.2300033569336,73.25800323486328,73.19999694824219,73.20999908447266,9842.0,0.0,0.03823552730595203,-0.013662254276125552,0.0
2024-10-31 12:17:00-04:00,73.2300033569336,73.25,73.19999694824219,73.25,6169.0,0.0,-0.010924724275684916,0.0,0.054638595857903205
2024-10-31 12:18:00-04:00,73.2300033569336,73.33000183105469,73.2249984741211,73.33000183105469,8660.0,0.0,0.10921751679819902,0.03415509142246087,0.10921751679819902
2024-10-31 12:19:00-04:00,73.31999969482422,73.31999969482422,73.25,73.31999969482422,11850.0,0.12289544416919096,-0.013639896332628965,0.03414342970282647,-0.013639896332628965
2024-10-31 12:20:00-04:00,73.30999755859375,73.31999969482422,73.28500366210938,73.31999969482422,6815.0,-0.013641757054150272,0.0,0.04778656943258408,0.0
2024-10-31 12:21:00-04:00,73.3302993774414,73.34500122070312,73.30000305175781,73.31999969482422,9378.0,0.02769311079491299,0.03409918982946181,0.020467201881557706,0.0
2024-10-31 12:22:00-04:00,73.31999969482422,73.38999938964844,73.29010009765625,73.38999938964844,8962.0,-0.014045602847156946,0.06135137800313828,-0.013510168743879891,0.09547148815545192
2024-10-31 12:23:00-04:00,73.38999938964844,73.4000015258789,73.37000274658203,73.38999938964844,6004.0,0.09547148815545192,0.013628745488003524,0.10902243115962218,0.0
2024-10-31 12:24:00-04:00,73.37000274658203,73.37000274658203,73.29000091552734,73.30000305175781,8458.0,-0.027247095289151257,-0.040870270671999887,-0.10903888245855642,-0.12262752233149765
2024-10-31 12:25:00-04:00,73.30000305175781,73.30000305175781,73.30000305175781,73.30000305175781,1197.0,-0.09540642252119369,-0.09540642252119369,0.013647340845301947,0.0
2024-10-31 12:27:00-04:00,73.26000213623047,73.36000061035156,73.26000213623047,73.36000061035156,39470.0,-0.054571505950828936,0.08185205470099266,-0.054571505950828936,0.08185205470099266
2024-10-31 12:28:00-04:00,73.36499786376953,73.36499786376953,73.2750015258789,73.30999755859375,9145.0,0.1433193072309935,0.006811959346220142,0.02047418674728796,-0.06816119321400027
2024-10-31 12:29:00-04:00,73.30999755859375,73.41000366210938,73.30999755859375,73.38999938964844,9697.0,-0.07496804576742067,0.06134505506756316,0.04775985259104498,0.10912813220427253
2024-10-31 12:30:00-04:00,73.37000274658203,73.37000274658203,73.27999877929688,73.27999877929688,6532.0,0.08185130266895602,-0.054489733730922474,-0.04092044781872639,-0.1498850133075158
2024-10-31 12:31:00-04:00,73.27999877929688,73.30999755859375,73.23999786376953,73.26499938964844,10600.0,-0.12267134239591915,-0.08178436110399812,-0.054586403102729886,-0.020468599752043737
2024-10-31 12:32:00-04:00,73.2699966430664,73.3499984741211,73.22000122070312,73.33999633789062,11082.0,-0.013649203598642412,0.054564066102136266,-0.02730289957626475,0.10236395122769082
2024-10-31 12:33:00-04:00,73.3499984741211,73.3499984741211,73.29000091552734,73.29000091552734,8149.0,0.10918770945822498,0.0,0.0956018760682964,-0.06816938213760615
2024-10-31 12:34:00-04:00,73.30500030517578,73.31999969482422,73.25,73.2699966430664,11012.0,-0.061347198202310604,-0.040898132134870036,-0.054578953510242556,-0.027294681690603895
2024-10-31 12:35:00-04:00,73.25,73.26499938964844,73.19999694824219,73.20999908447266,9939.0,-0.07502940447010609,-0.07501405538011818,-0.06826355188780386,-0.0818855757371284
2024-10-31 12:36:00-04:00,73.19999694824219,73.19999694824219,73.1500015258789,73.1500015258789,5613.0,-0.06826355188780386,-0.08872236667955002,-0.06829976017435069,-0.08195268316356641
2024-10-31 12:37:00-04:00,73.16000366210938,73.16000366210938,73.12000274658203,73.13500213623047,5053.0,-0.05463563907125435,-0.05463563907125435,-0.04100995033644583,-0.020504975168222916
2024-10-31 12:38:00-04:00,73.12999725341797,73.18000030517578,73.12999725341797,73.1500015258789,7204.0,-0.04101477199207615,0.027332752959874362,0.013668635750163638,0.020509180570615904
2024-10-31 12:39:00-04:00,73.13999938964844,73.18499755859375,73.11000061035156,73.18499755859375,15637.0,0.013677200336559281,0.006828714672213465,-0.0273439680260279,0.04784146546117363
2024-10-31 12:40:00-04:00,73.20999908447266,73.20999908447266,73.16000366210938,73.16000366210938,4684.0,0.09570644709921972,0.03416209156650307,0.06839427074321058,-0.034151666759796306
2024-10-31 12:42:00-04:00,73.125,73.12999725341797,73.125,73.12999725341797,15096.0,-0.11610310823058079,-0.10927719171581751,-0.04784535314000804,-0.04101477199207615
2024-10-31 12:43:00-04:00,73.1500015258789,73.20500183105469,73.1500015258789,73.19000244140625,10052.0,0.0341901208600337,0.10256335355354196,0.0341901208600337,0.08205276937225392
2024-10-31 12:44:00-04:00,73.18000030517578,73.22000122070312,73.16000366210938,73.22000122070312,10267.0,0.04100995033644583,0.020489569391801687,0.013673460043506225,0.0409875369534074
2024-10-31 12:45:00-04:00,73.21499633789062,73.22000122070312,73.18000030517578,73.18810272216797,6515.0,0.0478218537427022,0.0,0.027332752959874362,-0.04356527998272686
2024-10-31 12:46:00-04:00,73.16999816894531,73.19499969482422,73.16999816894531,73.16999816894531,5103.0,-0.061460317142736365,-0.03414575998645919,-0.013667854863019802,-0.024737016740794537
2024-10-31 12:47:00-04:00,73.17500305175781,73.18000030517578,73.1449966430664,73.1449966430664,4843.0,0.006840075082337194,-0.020492369302516078,-0.0341690945805162,-0.0341690945805162
2024-10-31 12:48:00-04:00,73.13999938964844,73.13999938964844,73.08499908447266,73.08999633789062,7489.0,-0.04783554581421212,-0.05466099393349744,-0.08202551281329962,-0.07519353024810771
2024-10-31 12:49:00-04:00,73.09239959716797,73.15499877929688,73.08499908447266,73.13999938964844,8291.0,-0.06508038402746052,0.020507779291234485,0.0,0.06841298982511734
2024-10-31 12:50:00-04:00,73.12999725341797,73.16000366210938,73.12999725341797,73.1500015258789,9151.0,0.05143853048634739,0.006841477542218755,0.061569637420810785,0.013675329934281777
2024-10-31 12:51:00-04:00,73.16000366210938,73.16000366210938,73.13500213623047,73.13500213623047,5063.0,0.04103160100967784,0.0,0.006843816491830523,-0.020504975168222916
2024-10-31 12:52:00-04:00,73.13999938964844,73.16000366210938,73.0999984741211,73.0999984741211,9516.0,-0.027343181328043364,0.0,-0.04786170928685607,-0.04786170928685607
2024-10-31 12:53:00-04:00,73.11000061035156,73.125,73.0999984741211,73.12000274658203,4370.0,-0.04101555858246897,-0.04784535314000804,0.0,0.027365626372777285
2024-10-31 12:54:00-04:00,73.125,73.16000366210938,73.125,73.16000366210938,8197.0,0.02051619412284378,0.04786825587606014,0.0342018145017553,0.054705845219915616
2024-10-31 12:55:00-04:00,73.16500091552734,73.18000030517578,73.13500213623047,73.13500213623047,5719.0,0.05470210670406317,0.027332752959874362,0.013678135016026438,-0.034173762475975256
2024-10-31 12:56:00-04:00,73.13500213623047,73.1500015258789,73.11499786376953,73.12000274658203,6848.0,-0.04100154298024572,-0.040993139070477635,-0.027352528716240165,-0.0205091805706048
2024-10-31 12:57:00-04:00,73.1500015258789,73.18000030517578,73.13069915771484,73.17500305175781,4979.0,0.020509180570615904,0.04100995033644583,0.021474792319042812,0.0752192329182444
2024-10-31 12:58:00-04:00,73.18000030517578,73.18000030517578,73.16000366210938,73.16000366210938,4801.0,0.04100995033644583,0.0,0.04007141287043492,-0.020497969283073125
2024-10-31 12:59:00-04:00,73.15010070800781,73.17500305175781,73.13999938964844,73.17500305175781,5534.0,-0.04085760732889243,-0.006828714672213465,-0.027343181328043364,0.020502171811953573
2024-10-31 13:00:00-04:00,73.16010284423828,73.20500183105469,73.13999938964844,73.20500183105469,7016.0,0.013673441504047368,0.04099593856614625,0.0,0.04099593856614625
2024-10-31 13:01:00-04:00,73.20500183105469,73.27999877929688,73.20500183105469,73.2699966430664,7497.0,0.06137086344999432,0.10244784695896403,0.08887399774226701,0.08878466004511587
2024-10-31 13:02:00-04:00,73.2699966430664,73.2948989868164,73.26499938964844,73.27999877929688,11119.0,0.08878466004511587,0.02033325295816013,0.08195827756716234,0.01365106686055384
2024-10-31 13:03:00-04:00,73.26000213623047,73.29499816894531,73.23999786376953,73.29499816894531,6129.0,-0.013640654147462072,0.00013531927907095564,-0.03412478821700482,0.020468599752043737
2024-10-31 13:04:00-04:00,73.27999877929688,73.31500244140625,73.2699966430664,73.30000305175781,6354.0,0.027295444285169168,0.02729282073905548,0.040959557853459394,0.00682840976538035
2024-10-31 13:05:00-04:00,73.30000305175781,73.30000305175781,73.23999786376953,73.25,6223.0,0.027298407197284824,-0.020458827182645578,-0.04094278786856975,-0.06821698455115044
2024-10-31 13:06:00-04:00,73.26000213623047,73.26000213623047,73.22000122070312,73.23999786376953,8594.0,-0.054571505950828936,-0.054571505950828936,-0.02730289957626475,-0.013654793488693251
2024-10-31 13:07:00-04:00,73.2406997680664,73.2406997680664,73.19999694824219,73.20999908447266,8211.0,-0.026347758123412834,-0.026347758123412834,-0.027320775918371343,-0.04095955785344829
2024-10-31 13:08:00-04:00,73.21240234375,73.26000213623047,73.20999908447266,73.26000213623047,6691.0,-0.03863620146450364,0.026354701996544883,0.013664121103085236,0.06830085013402876
2024-10-31 13:09:00-04:00,73.27999877929688,73.33000183105469,73.2699966430664,73.32499694824219,9293.0,0.09232921388031556,0.09554967619855859,0.08195268316357751,0.08871800452703305
2024-10-31 13:10:00-04:00,73.33499908447266,73.36499786376953,73.33499908447266,73.34500122070312,5552.0,0.07505500285478472,0.04772403087547339,0.0887163155239401,0.027281654679178757
2024-10-31 13:11:00-04:00,73.33999633789062,73.33999633789062,73.2699966430664,73.2699966430664,7601.0,0.006814281694089708,-0.03407827520874873,-0.0886376794405841,-0.10226269873664373
2024-10-31 13:12:00-04:00,73.2300033569336,73.2699966430664,73.2249984741211,73.2300033569336,7773.0,-0.1499768018125791,-0.09544545721235087,-0.061414181802843526,-0.05458344201602072
2024-10-31 13:13:00-04:00,73.2249984741211,73.23500061035156,73.19999694824219,73.2300033569336,7685.0,-0.0068344702759404186,-0.04776311494230079,-0.03414342970282647,0.0
2024-10-31 13:14:00-04:00,73.22000122070312,73.2300033569336,73.19999694824219,73.22000122070312,6208.0,-0.006824518295800441,-0.006823586231063938,0.0,-0.013658522152071306
2024-10-31 13:15:00-04:00,73.19999694824219,73.19999694824219,73.1500015258789,73.1500015258789,9042.0,-0.027320775918371343,-0.04097556645621392,-0.06829976017435069,-0.0956018760682964
2024-10-31 13:16:00-04:00,73.1500015258789,73.16999816894531,73.13999938964844,73.1449966430664,7920.0,-0.06829976017435069,-0.04098194063871796,-0.013673460043506225,-0.006841944918800635
2024-10-31 13:17:00-04:00,73.13999938964844,73.16000366210938,73.11499786376953,73.1500015258789,8743.0,-0.013673460043506225,-0.013659296277224175,-0.03418310922551626,0.006842413072938314
2024-10-31 13:18:00-04:00,73.16999816894531,73.19499969482422,73.12999725341797,73.12999725341797,6498.0,0.04101555858246897,0.047834924771827936,0.02051479188494021,-0.027346920087023552
2024-10-31 13:19:00-04:00,73.12999725341797,73.1500015258789,73.11000061035156,73.13500213623047,8580.0,-0.05466846594007757,-0.06147710790753713,-0.0273439680260279,0.006843816491830523
2024-10-31 13:20:00-04:00,73.13999938964844,73.1500015258789,73.11499786376953,73.11499786376953,7963.0,0.013677200336559281,0.0,0.006835252874104469,-0.027352528716240165
2024-10-31 13:21:00-04:00,73.11000061035156,73.12000274658203,73.08999633789062,73.11000061035156,10850.0,-0.04101555858246897,-0.04100995033644583,-0.03419479807068582,-0.006834785699205703
2024-10-31 13:22:00-04:00,73.12000274658203,73.12999725341797,73.11000061035156,73.12999725341797,6622.0,0.013680941248761513,0.013668635750163638,0.027369371272722987,0.027351446996948248
2024-10-31 13:23:00-04:00,73.15019989013672,73.16000366210938,73.12200164794922,73.13999938964844,5743.0,0.04129806129704594,0.04103160100967784,0.01641504239839886,0.013677200336559281
2024-10-31 13:24:00-04:00,73.12000274658203,73.1510009765625,73.11080169677734,73.1510009765625,7243.0,-0.041281013038985126,-0.012305474434437524,-0.015316800579112666,0.015041819805672318
2024-10-31 13:25:00-04:00,73.1500015258789,73.16999816894531,73.12999725341797,73.13500213623047,5563.0,0.041026775396657555,0.025969832441385954,0.026255431748967162,-0.021870979369309484
2024-10-31 13:26:00-04:00,73.13500213623047,73.13999938964844,73.1083984375,73.11499786376953,8210.0,-0.020504975168222916,-0.04099874271912274,-0.029534823915178254,-0.027352528716240165
2024-10-31 13:27:00-04:00,73.11499786376953,73.11750030517578,73.05500030517578,73.05500030517578,7500.0,-0.027352528716240165,-0.030761668936851727,-0.07303966912893811,-0.08205916753979414
2024-10-31 13:28:00-04:00,73.06999969482422,73.08999633789062,73.04499816894531,73.08999633789062,8863.0,-0.06154437565484283,-0.03761612086075061,-0.013691241104218932,0.04790367882916424
2024-10-31 13:29:00-04:00,73.07350158691406,73.09500122070312,73.05500030517578,73.05999755859375,8274.0,0.004792516907725641,0.0068475619965369106,0.013693115861723726,-0.041043618552383254
2024-10-31 13:30:00-04:00,73.06999969482422,73.08999633789062,73.0250015258789,73.02999877929688,13341.0,-0.004792287236543569,-0.006847093137585247,-0.041063279955599885,-0.041060471255582875
2024-10-31 13:31:00-04:00,73.05000305175781,73.06999969482422,73.0,73.02999877929688,16878.0,-0.027366420076535558,-0.02735893291602176,-0.034236939892495766,0.0
2024-10-31 13:32:00-04:00,73.04000091552734,73.05000305175781,72.98989868164062,72.98999786376953,13556.0,-0.013692177703783504,-0.027366420076535558,-0.013837422410101219,-0.0547732660495126
2024-10-31 13:33:00-04:00,72.98500061035156,73.05000305175781,72.94999694824219,73.05000305175781,19247.0,-0.07530162169547827,0.0,-0.0546674733341912,0.08221015172555912
2024-10-31 13:34:00-04:00,73.05999755859375,73.05999755859375,73.01000213623047,73.02999877929688,10976.0,0.10275665906009923,0.013681733632320281,0.08225523029268267,-0.02738435540757811
2024-10-31 13:35:00-04:00,73.02999877929688,73.08999633789062,73.02999877929688,73.05999755859375,32985.0,-0.041060471255582875,0.041060471255582875,0.027388909027958874,0.04107733780407408
2024-10-31 13:36:00-04:00,73.08999633789062,73.12000274658203,73.07499694824219,73.0999984741211,16001.0,0.08215467560812595,0.04105405690908448,0.06161600670608891,0.05475077588834587
2024-10-31 13:37:00-04:00,73.11000061035156,73.11000061035156,73.05000305175781,73.06500244140625,15173.0,0.027369371272722987,-0.013679069823246959,-0.03420307564580005,-0.04787419075971133
2024-10-31 13:38:00-04:00,73.05999755859375,73.08499908447266,73.04000091552734,73.05000305175781,15300.0,-0.06839427074322169,-0.03419713537160529,-0.013692177703783504,-0.02052882932628286
2024-10-31 13:39:00-04:00,73.04499816894531,73.08999633789062,73.04499816894531,73.07749938964844,16631.0,-0.020530235627791438,0.006837591134378762,0.006841803608059749,0.037640433596064504
2024-10-31 13:40:00-04:00,73.08000183105469,73.08499908447266,72.98999786376953,72.98999786376953,15658.0,0.0479206831224932,-0.006837123639824583,-0.07529647005887208,-0.11973798585026563
2024-10-31 13:41:00-04:00,72.9800033569336,73.06999969482422,72.95999908447266,73.05000305175781,14688.0,-0.13683425234753965,-0.020523212473599894,-0.0410998495339987,0.08221015172555912
2024-10-31 13:42:00-04:00,73.05999755859375,73.12000274658203,73.05999755859375,73.06999969482422,12641.0,0.10961112356890901,0.0684317120112965,0.13705931383758418,0.027373911336092682
2024-10-31 13:43:00-04:00,73.06500244140625,73.06999969482422,73.0199966430664,73.0199966430664,10285.0,0.006850373637767859,-0.06838491504317368,-0.05475077588835697,-0.0684317120112854
2024-10-31 13:44:00-04:00,73.04000091552734,73.05999755859375,73.04000091552734,73.04000091552734,12661.0,-0.03421819618627531,-0.013688430644920313,0.027395608573810293,0.027395608573810293
2024-10-31 13:45:00-04:00,73.03500366210938,73.04730224609375,72.99500274658203,73.0,10955.0,-0.006841803608059749,-0.017376557520165647,-0.06160756897765074,-0.05476576536959099
2024-10-31 13:46:00-04:00,73.00499725341797,73.05999755859375,72.9800033569336,73.02999877929688,13656.0,-0.041084969106364166,0.017379577492437903,-0.020548515766904973,0.04109421821489878
2024-10-31 13:47:00-04:00,73.02999877929688,73.05000305175781,72.94000244140625,72.94000244140625,15054.0,0.034246321237607624,-0.01367986199003468,-0.054810788828973944,-0.12323201341218892
2024-10-31 13:48:00-04:00,72.94000244140625,72.95999908447266,72.90499877929688,72.91999816894531,12471.0,-0.12323201341218892,-0.12320871119113619,-0.04798966402214111,-0.02742565367612748
2024-10-31 13:49:00-04:00,72.91500091552734,73.01000213623047,72.91000366210938,73.0,19031.0,-0.03427683718407737,0.06853488539646513,0.0068649377906959685,0.10971178423417882
2024-10-31 13:50:00-04:00,72.98999786376953,73.0999984741211,72.98999786376953,73.05999755859375,17018.0,0.1028553072763172,0.12326576531622724,0.1097163594050432,0.08218843642979756
2024-10-31 13:51:00-04:00,73.05000305175781,73.05500030517578,72.9800033569336,73.0,12813.0,0.08221015172555912,-0.061557003946099975,-0.013692981406288052,-0.08212094251116575
2024-10-31 13:52:00-04:00,73.01000213623047,73.06999969482422,72.9800033569336,73.04000091552734,22438.0,-0.05475826674367079,0.02053163997779439,0.0,0.05479577469498231
2024-10-31 13:53:00-04:00,73.04000091552734,73.05999755859375,73.01499938964844,73.01499938964844,8940.0,0.04108858843874241,-0.013688430644920313,0.04795290641970151,-0.03422990904370371
2024-10-31 13:54:00-04:00,73.0199966430664,73.03500366210938,72.9800033569336,72.9800033569336,9905.0,-0.02738810543564396,-0.03421009761782612,-0.047929922628753285,-0.047929922628753285
2024-10-31 13:55:00-04:00,72.97000122070312,72.98500061035156,72.94000244140625,72.94000244140625,8240.0,-0.06846812470789887,-0.06846450229419654,-0.054810788828973944,-0.054810788828973944
2024-10-31 13:56:00-04:00,72.93499755859375,72.98999786376953,72.93499755859375,72.95999908447266,8374.0,-0.047969934937375225,0.006846959479589465,-0.006861643330102751,0.02741519385398572
2024-10-31 13:57:00-04:00,72.94999694824219,72.95999908447266,72.87999725341797,72.8949966430664,8562.0,0.020565421471885337,-0.0410998495339987,-0.07541003224357246,-0.089093259624351
2024-10-31 13:58:00-04:00,72.88999938964844,72.91000366210938,72.86499786376953,72.86499786376953,13534.0,-0.08224477190358348,-0.06852442844111906,-0.020580941566561428,-0.041153413373162806
2024-10-31 13:59:00-04:00,72.86000061035156,72.88999938964844,72.86000061035156,72.87110137939453,19684.0,-0.04115623480323016,-0.027436937945646278,-0.006858235866979978,0.008376471287907528
2024-10-31 14:00:00-04:00,72.87999725341797,72.87999725341797,72.83999633789062,72.8644027709961,13579.0,0.027445296320194323,-0.013722233933632921,-0.027455767627448946,-0.009192407239133615
2024-10-31 14:01:00-04:00,72.8499984741211,72.8499984741211,72.7699966430664,72.83999633789062,14978.0,-0.041161883133122856,-0.041161883133122856,-0.09610062924702012,-0.033495688123841294
2024-10-31 14:02:00-04:00,72.83000183105469,72.84549713134766,72.79499816894531,72.80809783935547,5789.0,-0.027449064495876918,-0.006178919516430792,0.034356914981792386,-0.04379255922417613
2024-10-31 14:03:00-04:00,72.80000305175781,72.80000305175781,72.7698974609375,72.7698974609375,5566.0,-0.041190139424218675,-0.062452837006266027,-0.03448136360901799,-0.052467211136675296
2024-10-31 14:04:00-04:00,72.78990173339844,72.78990173339844,72.73999786376953,72.7699966430664,13173.0,-0.013875436725174772,-0.013875436725174772,-0.04108786491560101,0.00013629554578287184
2024-10-31 14:05:00-04:00,72.80000305175781,72.91000366210938,72.79000091552734,72.83999633789062,16291.0,0.013877362269809623,0.16499806408700746,0.06874216830672353,0.09619307139392408
2024-10-31 14:06:00-04:00,72.83499908447266,72.83499908447266,72.7699966430664,72.80000305175781,16269.0,0.04807147149425983,-0.10287282110740259,-0.02748217091541605,-0.0549056674128523
2024-10-31 14:07:00-04:00,72.79499816894531,72.83999633789062,72.79000091552734,72.79499816894531,12663.0,-0.054919909425621416,0.006861060590068746,0.027489725688822908,-0.006874838739967526
2024-10-31 14:08:00-04:00,72.79000091552734,72.79000091552734,72.71499633789062,72.71499633789062,8662.0,-0.006864830748909423,-0.0686373213575675,-0.10304241886706089,-0.10990017592832357
2024-10-31 14:09:00-04:00,72.72000122070312,72.75499725341797,72.72000122070312,72.7300033569336,7592.0,-0.09616663544963489,-0.04808855841339499,0.0068828756990324536,0.02063813490855715
2024-10-31 14:10:00-04:00,72.7300033569336,72.79000091552734,72.70999908447266,72.7699966430664,9463.0,0.01375431251728898,0.048111694633767854,-0.01375431251728898,0.05498870381805965
2024-10-31 14:11:00-04:00,72.7699966430664,72.83999633789062,72.7699966430664,72.83000183105469,7252.0,0.05498870381805965,0.06868446453420773,0.08251624171256022,0.08245869280798512
2024-10-31 14:12:00-04:00,72.82499694824219,72.87000274658203,72.81999969482422,72.8550033569336,7303.0,0.07558101925653204,0.04119496183416782,0.06871382996356257,0.0343286080603189
2024-10-31 14:13:00-04:00,72.8499984741211,72.8499984741211,72.80500030517578,72.80999755859375,7100.0,0.03433096728679974,-0.027451999048921927,-0.020597898532404013,-0.061774478438147984
2024-10-31 14:14:00-04:00,72.80999755859375,72.83999633789062,72.80999755859375,72.83999633789062,6930.0,-0.054908601736691764,-0.013729768620407423,0.006863887640995436,0.04120145625980953
2024-10-31 14:15:00-04:00,72.83499908447266,72.8499984741211,72.80000305175781,72.80000305175781,8015.0,0.034338039716019786,0.013731653944715205,-0.013726833087579493,-0.0549056674128523
2024-10-31 14:16:00-04:00,72.79499816894531,72.80999755859375,72.79299926757812,72.80500030517578,5785.0,-0.054919909425621416,-0.054908601736691764,-0.009620582261116173,0.006864358802860515
2024-10-31 14:17:00-04:00,72.80010223388672,72.80010223388672,72.7699966430664,72.79000091552734,7074.0,0.007011559955749647,-0.013590612606551034,-0.0316000504762326,-0.020602142140735413
2024-10-31 14:18:00-04:00,72.78500366210938,72.78500366210938,72.7699966430664,72.7750015258789,6436.0,-0.020739767272348608,-0.020739767272348608,0.0,-0.02060638749797894
2024-10-31 14:19:00-04:00,72.7750015258789,72.80000305175781,72.7750015258789,72.77999877929688,9672.0,-0.013742028889496272,0.02060780228585468,0.006877673551430874,0.006866717022591118
2024-10-31 14:20:00-04:00,72.77749633789062,72.81999969482422,72.7750015258789,72.79000091552734,10365.0,0.003428116742565379,0.027467915148560174,0.0,0.013742973891495147
2024-10-31 14:21:00-04:00,72.78500366210938,72.79499816894531,72.75,72.76000213623047,14386.0,0.010315447214481743,-0.03433332324043192,-0.0343545521878319,-0.04121277499595788
2024-10-31 14:22:00-04:00,72.76000213623047,72.7750015258789,72.75499725341797,72.76499938964844,6921.0,-0.03434983117535095,-0.027469803653268343,0.006869076863180723,0.006868132588300213
2024-10-31 14:23:00-04:00,72.75499725341797,72.76000213623047,72.70999908447266,72.7249984741211,15536.0,-0.00687861828690961,-0.02061063460521151,-0.061848904740624544,-0.054972742201431224
2024-10-31 14:24:00-04:00,72.76000213623047,72.80999755859375,72.75499725341797,72.79499816894531,19547.0,0.0068790914733662945,0.06871278297886363,0.06188718128443682,0.09625259029619748
2024-10-31 14:25:00-04:00,72.80000305175781,72.80000305175781,72.72000122070312,72.7249984741211,17037.0,0.054976517802241,-0.013726833087579493,-0.04810120821384656,-0.09616003377287408
2024-10-31 14:26:00-04:00,72.74199676513672,72.74199676513672,72.69999694824219,72.71499633789062,15238.0,-0.0796789617987459,-0.0796789617987459,-0.027508625034566858,-0.01375336739818378
2024-10-31 14:27:00-04:00,72.71499633789062,72.72000122070312,72.66999816894531,72.70500183105469,13120.0,-0.037118072704644955,-0.030237751796413637,-0.04126379718865092,-0.013744767020951176
2024-10-31 14:28:00-04:00,72.71499633789062,72.76000213623047,72.71499633789062,72.7249984741211,14835.0,0.0,0.05500675860268256,0.061921246840679345,0.027503806564599387
2024-10-31 14:29:00-04:00,72.7301025390625,72.80000305175781,72.7300033569336,72.79499816894531,13263.0,0.020774533359912972,0.054976517802241,0.02063813490855715,0.09625259029619748
2024-10-31 14:30:00-04:00,72.81999969482422,72.91000366210938,72.80000305175781,72.8949966430664,18278.0,0.1236037797601508,0.15109973315983183,0.09624596671704566,0.13736997958158081
2024-10-31 14:31:00-04:00,72.87999725341797,72.94000244140625,72.87999725341797,72.94000244140625,12474.0,0.08239159412961605,0.041144942792614714,0.1098821405313366,0.061740586339853465
2024-10-31 14:32:00-04:00,72.93499755859375,72.94000244140625,72.86990356445312,72.87000274658203,16529.0,0.07546694188877989,0.0,-0.013849738399063227,-0.09596886822214046
2024-10-31 14:33:00-04:00,72.86499786376953,72.87000274658203,72.7750015258789,72.80000305175781,19996.0,-0.09597545371545779,-0.09596886822214046,-0.13023488975839603,-0.09606105693127365
2024-10-31 14:34:00-04:00,72.7699966430664,72.83000183105469,72.71499633789062,72.80000305175781,14169.0,-0.1303797755964231,-0.054893528227872856,-0.08245302195829529,0.0
2024-10-31 14:35:00-04:00,72.79499816894531,72.83999633789062,72.7699966430664,72.7699966430664,11604.0,0.034356914981792386,0.013723062727799551,0.07563818736950889,-0.041217592628495225
2024-10-31 14:36:00-04:00,72.79000091552734,72.87999725341797,72.7750015258789,72.78500366210938,9022.0,-0.006864830748909423,0.054916141595873214,0.006877673551430874,0.020622536395831226
2024-10-31 14:37:00-04:00,72.77999877929688,72.79789733886719,72.72000122070312,72.7750015258789,10443.0,-0.013741085457708024,-0.1126508200395615,-0.07557582139826602,-0.013742028889496272
2024-10-31 14:38:00-04:00,72.77989959716797,72.87999725341797,72.7750015258789,72.86499786376953,13468.0,-0.00013627662898141324,0.11277786522956301,0.07563298164539045,0.12366380763129126
2024-10-31 14:39:00-04:00,72.86499786376953,72.86499786376953,72.81999969482422,72.84500122070312,9154.0,0.11692550700479476,-0.020580941566561428,0.061831903815634526,-0.027443414057037874
2024-10-31 14:40:00-04:00,72.8499984741211,72.87000274658203,72.83000183105469,72.86000061035156,7423.0,-0.020585178190057896,0.006868706456097939,0.013735424708039012,0.02059082901653131
2024-10-31 14:41:00-04:00,72.87999725341797,72.87999725341797,72.84500122070312,72.84500122070312,7934.0,0.041178833116295444,0.013715529654501069,0.020595069712103786,-0.020586590066962174
2024-10-31 14:42:00-04:00,72.83999633789062,72.8499984741211,72.83000183105469,72.83499908447266,7899.0,-0.054886000322218464,-0.041161883133122856,-0.020590829016520207,-0.013730710498804921
2024-10-31 14:43:00-04:00,72.83999633789062,72.84500122070312,72.78500366210938,72.78500366210938,13083.0,0.0,-0.006859647937729196,-0.06178520913633356,-0.06864203060578111
2024-10-31 14:44:00-04:00,72.78500366210938,72.91000366210938,72.77999877929688,72.9000015258789,10800.0,-0.0754979112384202,0.08923390804718156,-0.006876255493137862,0.15799664489046794
2024-10-31 14:45:00-04:00,72.9000015258789,72.93000030517578,72.9000015258789,72.9000015258789,6838.0,0.15799664489046794,0.02742647381981378,0.1648842382450999,0.0
2024-10-31 14:46:00-04:00,72.8949966430664,72.8949966430664,72.8499984741211,72.86499786376953,10035.0,-0.006865408378242677,-0.047996245664205794,-0.06859129041315581,-0.0480159964015181
2024-10-31 14:47:00-04:00,72.86499786376953,72.875,72.83499908447266,72.83499908447266,9446.0,-0.041153413373162806,-0.027432120155412854,-0.020589416558147722,-0.04117035638011579
2024-10-31 14:48:00-04:00,72.83999633789062,72.83999633789062,72.76000213623047,72.80000305175781,10919.0,-0.03431212051312471,-0.04803246944682371,-0.1029682833594947,-0.04804837393387329
2024-10-31 14:49:00-04:00,72.80000305175781,72.83499908447266,72.80000305175781,72.83000183105469,6748.0,-0.0549056674128523,-0.006860589880852697,0.054976517802241,0.04120711269139932
2024-10-31 14:50:00-04:00,72.82499694824219,72.88999938964844,72.82499694824219,72.86000061035156,11508.0,0.03433227395142069,0.07551356609751814,0.03433227395142069,0.04119013942422978
2024-10-31 14:51:00-04:00,72.87000274658203,72.91500091552734,72.86270141601562,72.91089630126953,5881.0,0.06179993165236208,0.034300351335248,0.05177407394914013,0.06985409071043058
2024-10-31 14:52:00-04:00,72.91500091552734,72.97000122070312,72.91000366210938,72.94000244140625,11224.0,0.06175129305512339,0.07543071313884653,0.06491969852129298,0.039920151326144904
2024-10-31 14:53:00-04:00,72.95999908447266,72.95999908447266,72.9000015258789,72.93499755859375,9081.0,0.06171318436578588,-0.013707189342393455,-0.013718468972823139,-0.006861643330102751
2024-10-31 14:54:00-04:00,72.93099975585938,72.9749984741211,72.93099975585938,72.94499969482422,13040.0,-0.039746887304237255,0.020558374227874765,0.04252157658661826,0.013713767827905343
2024-10-31 14:55:00-04:00,72.94499969482422,72.95999908447266,72.91000366210938,72.94999694824219,12666.0,0.01919614294567662,-0.02055414862908167,-0.02878898386184936,0.006850714152961679
2024-10-31 14:56:00-04:00,72.94499969482422,73.06999969482422,72.94000244140625,73.05000305175781,16928.0,0.0,0.1507683823079642,0.041144942792614714,0.13708856435810102
2024-10-31 14:57:00-04:00,73.06500244140625,73.08999633789062,73.06159973144531,73.08999633789062,11814.0,0.16451127162120383,0.027366420076524456,0.16670864541956654,0.05474782267220757
2024-10-31 14:58:00-04:00,73.08000183105469,73.12000274658203,73.06999969482422,73.12000274658203,11606.0,0.02052882932628286,0.04105405690908448,0.011497097531099065,0.04105405690908448
2024-10-31 14:59:00-04:00,73.11499786376953,73.19000244140625,73.0999984741211,73.16000366210938,12866.0,0.04788729041871331,0.09573262061657317,0.04105485072145587,0.054705845219915616
2024-10-31 15:00:00-04:00,73.16000366210938,73.23500061035156,73.16000366210938,73.19000244140625,12646.0,0.06155481044216593,0.0614813054301111,0.08208644218989924,0.04100434362390715
2024-10-31 15:01:00-04:00,73.19000244140625,73.2699966430664,73.18499755859375,73.25,16796.0,0.04100434362390715,0.047785938995259514,0.034163334107817356,0.0819750739068148
2024-10-31 15:02:00-04:00,73.25,73.27999877929688,73.23999786376953,73.25,7160.0,0.0819750739068148,0.01365106686055384,0.07515243152360629,0.0
2024-10-31 15:03:00-04:00,73.23999786376953,73.23999786376953,73.20500183105469,73.22000122070312,11649.0,-0.013654793488693251,-0.054586403102729886,-0.04778267850299445,-0.04095396491040626
2024-10-31 15:04:00-04:00,73.20999908447266,73.27999877929688,73.20500183105469,73.2750015258789,5555.0,-0.04095955785344829,0.054616216130631834,0.0,0.07511650404101733
2024-10-31 15:05:00-04:00,73.27999877929688,73.32990264892578,73.26499938964844,73.31999969482422,8024.0,0.09561493743970306,0.06810025990748869,0.08195827756716234,0.06140998704642353
2024-10-31 15:06:00-04:00,73.31999969482422,73.37000274658203,73.30999755859375,73.30999755859375,12119.0,0.05458640310274099,0.054684509603442066,0.06141837073661005,-0.013641757054150272
2024-10-31 15:07:00-04:00,73.30000305175781,73.30000305175781,73.25,73.26000213623047,7828.0,-0.027273108496506104,-0.09540642252119369,-0.08184089563745278,-0.06819727735405401
2024-10-31 15:08:00-04:00,73.26000213623047,73.41500091552734,73.26000213623047,73.33000183105469,20352.0,-0.054571505950828936,0.1568865743270642,0.013654793488693251,0.09554967619855859
2024-10-31 15:09:00-04:00,73.32499694824219,73.41999816894531,73.32499694824219,73.41999816894531,8439.0,0.08871800452703305,0.0068068560316714155,0.08871800452703305,0.1227278544162047
2024-10-31 15:10:00-04:00,73.41000366210938,73.41999816894531,73.37999725341797,73.40499877929688,8174.0,0.11593142503256715,0.0,0.07500894301379901,-0.02042956963023146
2024-10-31 15:11:00-04:00,73.4000015258789,73.43499755859375,73.3550033569336,73.43000030517578,12182.0,-0.013625031646236074,0.020429569630220357,-0.03406091226476615,0.034059704781252975
2024-10-31 15:12:00-04:00,73.42230224609375,73.43499755859375,73.40499877929688,73.40499877929688,15235.0,0.030382451977173375,0.0,0.06815543599665297,-0.03404810809614078
2024-10-31 15:13:00-04:00,73.40499877929688,73.41000366210938,73.37000274658203,73.4000015258789,9756.0,-0.023567044709216223,-0.03403540180474396,-0.047675271843627964,-0.006807783531193046
2024-10-31 15:14:00-04:00,73.4000015258789,73.53500366210938,73.4000015258789,73.52999877929688,31171.0,-0.006807783531193046,0.17027652058887455,0.04088698129192103,0.1771079710020551
2024-10-31 15:15:00-04:00,73.5250015258789,73.56999969482422,73.51000213623047,73.51000213623047,11623.0,0.1702997239801496,0.047590985207057734,0.1498645886441663,-0.027195217460052046
2024-10-31 15:16:00-04:00,73.5199966430664,73.52999877929688,73.4800033569336,73.48999786376953,10283.0,-0.006807048906676272,-0.05437123242255648,-0.04080911226377326,-0.027212993986680534
2024-10-31 15:17:00-04:00,73.48500061035156,73.51000213623047,73.41999816894531,73.49500274658203,21063.0,-0.04760069955490609,-0.027195217460052046,-0.08166192875196376,0.006810291138914515
2024-10-31 15:18:00-04:00,73.48999786376953,73.52999877929688,73.44000244140625,73.52999877929688,11200.0,0.006800372016679823,0.027202615270427444,0.027246353799825762,0.047616887416834786
2024-10-31 15:19:00-04:00,73.52999877929688,73.58999633789062,73.5250015258789,73.58000183105469,13941.0,0.05443042140440557,0.08159602827388923,0.11573949026004726,0.06800360749072976
2024-10-31 15:20:00-04:00,73.58000183105469,73.58000183105469,73.54000091552734,73.56999969482422,8107.0,0.06800360749072976,-0.013581338949997246,0.020400393522135296,-0.01359355257075645
2024-10-31 15:21:00-04:00,73.55999755859375,73.55999755859375,73.48500061035156,73.50499725341797,14571.0,-0.0271871051415129,-0.0271871051415129,-0.07478964439905367,-0.08835454896817252
2024-10-31 15:22:00-04:00,73.5,73.5,73.43000030517578,73.43000030517578,12250.0,-0.08156275229068699,-0.08156275229068699,-0.07484562117296978,-0.10202972729000948
2024-10-31 15:23:00-04:00,73.44999694824219,73.51679992675781,73.44999694824219,73.48999786376953,10868.0,-0.06803136293579426,0.022857043207902272,0.027232252462616735,0.0817071474116915
2024-10-31 15:24:00-04:00,73.4800033569336,73.48500061035156,73.44999694824219,73.44999694824219,8816.0,0.04085283858152877,-0.04325448936559617,0.0,-0.05443042140441667
2024-10-31 15:25:00-04:00,73.44999694824219,73.45999908447266,73.41000366210938,73.41999816894531,40692.0,-0.040836155852697065,-0.03402262457814498,-0.05444967705171555,-0.040842451386369216
2024-10-31 15:26:00-04:00,73.41500091552734,73.44499969482422,73.37999725341797,73.41999816894531,11476.0,-0.04764606421904238,-0.020418445188363776,-0.040875094938719325,0.0
2024-10-31 15:27:00-04:00,73.42379760742188,73.43000030517578,73.36000061035156,73.36000061035156,13573.0,0.011982145045053016,-0.020422615168846914,-0.02725080923258183,-0.08171827852091473
2024-10-31 15:28:00-04:00,73.37000274658203,73.375,73.29499816894531,73.29499816894531,11844.0,-0.0732662469019485,-0.07490168180198653,-0.08860747119061596,-0.08860747119061596
2024-10-31 15:29:00-04:00,73.29499816894531,73.30000305175781,73.26000213623047,73.26499938964844,13295.0,-0.10222785174995863,-0.10221049164181872,-0.047746822551486545,-0.040928821947339156
2024-10-31 15:30:00-04:00,73.2699966430664,73.33999633789062,73.25,73.29499816894531,18564.0,-0.034110821343191766,0.05456109750032745,-0.01365292920940675,0.04094558049108077
2024-10-31 15:31:00-04:00,73.30000305175781,73.38999938964844,73.30000305175781,73.38999938964844,11357.0,0.04095320058166152,0.06817978491222565,0.06826355188780386,0.12961487560740892
2024-10-31 15:32:00-04:00,73.38999938964844,73.4000015258789,73.32499694824219,73.32499694824219,12810.0,0.12277808205147789,0.013628745488003524,0.034098083825084835,-0.08857125214176698
2024-10-31 15:33:00-04:00,73.33000183105469,73.33999633789062,73.29000091552734,73.30000305175781,10028.0,-0.08175168155433177,-0.0817509356142554,-0.04772728833463136,-0.03408646099504198
2024-10-31 15:34:00-04:00,73.29000091552734,73.3499984741211,73.27999877929688,73.33999633789062,14231.0,-0.054549181138030534,0.013638037537377912,-0.013647340845301947,0.05456109750032745
2024-10-31 15:35:00-04:00,73.33999633789062,73.3499984741211,73.29499816894531,73.31999969482422,14530.0,0.06821588448457927,0.0,0.020468599752043737,-0.02726567230011412
2024-10-31 15:36:00-04:00,73.32499694824219,73.41999816894531,73.30999755859375,73.4000015258789,17075.0,-0.020451854918746015,0.09543244210006296,0.02046441097367513,0.10911324520959109
2024-10-31 15:37:00-04:00,73.38999938964844,73.4000015258789,73.31999969482422,73.31999969482422,19102.0,0.08864977035338839,-0.027235962360538934,0.013643618283398773,-0.10899431797216641
2024-10-31 15:38:00-04:00,73.30500030517578,73.33000183105469,73.25,73.25,13642.0,-0.11581834743092934,-0.09536742965807754,-0.09547148815545192,-0.09547148815545192
2024-10-31 15:39:00-04:00,73.24500274658203,73.38300323486328,73.23999786376953,73.3499984741211,21833.0,-0.08184647478886031,0.07227792511270703,-0.013654793488693251,0.13651668821992313
2024-10-31 15:40:00-04:00,73.33999633789062,73.36000061035156,73.2500991821289,73.2500991821289,21281.0,0.12969293159461603,-0.03134598408039979,0.01379207899236956,-0.13619535660581716
2024-10-31 15:41:00-04:00,73.25,73.27020263671875,73.2300033569336,73.27020263671875,23457.0,-0.12271112951246499,-0.1224072694734124,-0.027434536498505135,0.027444952040078796
2024-10-31 15:42:00-04:00,73.27999877929688,73.30999755859375,73.26499938964844,73.30999755859375,26039.0,0.04095396491041736,0.05431255877959007,0.047789199932535276,0.05431255877959007
2024-10-31 15:43:00-04:00,73.30500030517578,73.38999938964844,73.29499816894531,73.37999725341797,17525.0,0.03411780335069725,0.10912813220427253,0.04094558049108077,0.09548451392085155
2024-10-31 15:44:00-04:00,73.3949966430664,73.43000030517578,73.3949966430664,73.40750122070312,19433.0,0.12276971218330157,0.05450458626516941,0.1364328762115452,0.03748155943665843
2024-10-31 15:45:00-04:00,73.41999816894531,73.51000213623047,73.38500213623047,73.51000213623047,23252.0,0.034064346375672905,0.10894978989812731,-0.013617422567024917,0.13963275390505014
2024-10-31 15:46:00-04:00,73.5,73.5,73.42500305175781,73.44999694824219,22169.0,0.1089646323207516,-0.013606496993334716,0.054508297830513364,-0.08162860324378851
2024-10-31 15:47:00-04:00,73.45999908447266,73.51000213623047,73.45500183105469,73.51000213623047,21846.0,-0.054423014322912966,0.013608348612881294,0.040856354170970555,0.08169528996790909
2024-10-31 15:48:00-04:00,73.5,73.56999969482422,73.49500274658203,73.55000305175781,20547.0,0.05445264909593739,0.08161822452754652,0.054456353590937034,0.05441560925711908
2024-10-31 15:49:00-04:00,73.55000305175781,73.61000061035156,73.55000305175781,73.58999633789062,20761.0,0.06803136293580536,0.05437123242255648,0.07483543522737168,0.054375641704140776
2024-10-31 15:50:00-04:00,73.5999984741211,73.72000122070312,73.53500366210938,73.56999969482422,81579.0,0.06797473866602122,0.14943704583545436,-0.020393458906975415,-0.027173045334305534
2024-10-31 15:51:00-04:00,73.57499694824219,73.58000183105469,73.37000274658203,73.37999725341797,43952.0,-0.03396946521363464,-0.18990692801171827,-0.22438418074406385,-0.2582607614440624
2024-10-31 15:52:00-04:00,73.37999725341797,73.44999694824219,73.33000183105469,73.36000061035156,74006.0,-0.2650352740909967,-0.17668507689222457,-0.05451944122928376,-0.02725080923258183
2024-10-31 15:53:00-04:00,73.36000061035156,73.44000244140625,73.33499908447266,73.38999938964844,52802.0,-0.02725080923258183,-0.013607225665346334,0.00681474607007182,0.04089255595323138
2024-10-31 15:54:00-04:00,73.40499877929688,73.5199966430664,73.29499816894531,73.29499816894531,105593.0,0.06133883392984707,0.10892456290967356,-0.05454546400316396,-0.12944709291893286
2024-10-31 15:55:00-04:00,73.29499816894531,73.44999694824219,73.1500015258789,73.44000244140625,88231.0,-0.1498543861873758,-0.09521177641514944,-0.1978261091325595,0.19783651829379245
2024-10-31 15:56:00-04:00,73.43499755859375,73.45500183105469,73.33499908447266,73.38500213623047,56281.0,0.1910081085284121,0.006814000027843825,0.25290164693749784,-0.07489148059283135
2024-10-31 15:57:00-04:00,73.38500213623047,73.50499725341797,73.38500213623047,73.4800033569336,73778.0,-0.06808119292628367,0.06806265212309093,0.06818443087484027,0.129455907798115
2024-10-31 15:58:00-04:00,73.48999786376953,73.51000213623047,73.45999908447266,73.49500274658203,74308.0,0.14307518495966232,0.0068089014346073284,0.10219656068546357,0.0204128864496278
2024-10-31 15:59:00-04:00,73.48999786376953,73.48999786376953,73.33999633789062,73.37000274658203,283624.0,0.0,-0.027212993986680534,-0.16335794728780106,-0.17007959089546665
2024-11-01 09:30:00-04:00,73.58999633789062,73.70999908447266,73.41000366210938,73.70999908447266,50423.0,0.13607086274034508,0.299362126953584,0.09545585998698147,0.46339965266863903
2024-11-01 09:31:00-04:00,73.75499725341797,73.81999969482422,73.54000091552734,73.54000091552734,3839.0,0.22421650188666487,0.14923431246485208,0.17708383998495947,-0.2306310826981406
2024-11-01 09:32:00-04:00,73.44999694824219,73.44999694824219,73.4375,73.44000244140625,2085.0,-0.4135317151837459,-0.5012229045131988,-0.13938117249289173,-0.13597834223031402
2024-11-01 09:34:00-04:00,73.79000091552734,73.83999633789062,73.69999694824219,73.83999633789062,17829.0,0.4629053525008864,0.53097264241313,0.35744265292552146,0.5446539803746653
2024-11-01 09:35:00-04:00,73.80000305175781,73.91999816894531,73.79000091552734,73.91999816894531,3026.0,0.013554866657239373,0.10834484699673297,0.12212207735688985,0.10834484699673297
2024-11-01 09:36:00-04:00,73.87999725341797,73.94999694824219,73.83999633789062,73.86000061035156,6222.0,0.10839322269953211,0.0405827652055768,0.06775365461848537,-0.0811655304111647
2024-11-01 09:37:00-04:00,73.86000061035156,73.87999725341797,73.75,73.87999725341797,8038.0,-0.027066383066876032,-0.09465814430420494,-0.12188020362136065,0.027073710941194484
2024-11-01 09:38:00-04:00,73.87999725341797,73.91000366210938,73.77999877929688,73.91000366210938,9010.0,0.027073710941194484,0.0406150647088932,0.040676310911025304,0.0406150647088932
2024-11-01 09:39:00-04:00,73.95999908447266,74.16000366210938,73.95999908447266,74.16000366210938,4880.0,0.10828618574560966,0.3382492052671493,0.24396897282992214,0.3382492052671493
2024-11-01 09:40:00-04:00,74.19000244140625,74.29000091552734,74.19000244140625,74.29000091552734,6761.0,0.310983450217317,0.17529294363343162,0.310983450217317,0.17529294363343162
2024-11-01 09:41:00-04:00,74.4000015258789,74.41999816894531,74.3499984741211,74.38999938964844,4752.0,0.28305577242500046,0.1749862051634521,0.2156571336430435,0.1346055631831211
2024-11-01 09:42:00-04:00,74.38999938964844,74.5199966430664,74.33000183105469,74.45999908447266,9050.0,-0.013443731216844501,0.13437043346073985,-0.02689528376166317,0.09409825971038455
2024-11-01 09:43:00-04:00,74.48999786376953,74.50499725341797,74.36000061035156,74.36000061035156,7170.0,0.1344246201660848,-0.020128006339403814,0.04035891101556999,-0.13429824785203825
2024-11-01 09:44:00-04:00,74.29000091552734,74.29000091552734,74.2300033569336,74.2300033569336,3289.0,-0.26848832591988003,-0.28856633221440164,-0.17482147976188855,-0.17482147976188855
2024-11-01 09:45:00-04:00,74.19000244140625,74.19000244140625,74.05999755859375,74.15499877929688,3316.0,-0.1346055631831211,-0.1346055631831211,-0.22902571824275908,-0.10104347870774077
2024-11-01 09:46:00-04:00,74.19000244140625,74.19000244140625,74.13999938964844,74.13999938964844,5374.0,0.0,0.0,0.10802299985412933,-0.020227078275703025
2024-11-01 09:47:00-04:00,74.0999984741211,74.21499633789062,74.07499694824219,74.21499633789062,8751.0,-0.12131549308983525,0.03368903580251992,-0.08767526563444594,0.10115585225194401
2024-11-01 09:48:00-04:00,74.23999786376953,74.3499984741211,74.16999816894531,74.33999633789062,14600.0,0.18893305334861665,0.18190681518843732,0.12825005010732582,0.16842957106795176
2024-11-01 09:49:00-04:00,74.38999938964844,74.41000366210938,74.2300033569336,74.25,32792.0,0.2020494749395807,0.08070637420276583,0.08090223738661528,-0.121060455103561
2024-11-01 09:50:00-04:00,74.25,74.33000183105469,74.22000122070312,74.33000183105469,3985.0,-0.188196519420758,-0.10751488659773711,-0.01347451943707334,0.10774657381102948
2024-11-01 09:51:00-04:00,74.3499984741211,74.3499984741211,74.28500366210938,74.30000305175781,2603.0,0.13467807962437295,0.026902519270555203,0.08758076035724205,-0.04035891101558109
2024-11-01 09:52:00-04:00,74.33999633789062,74.3499984741211,74.18000030517578,74.18000030517578,8100.0,-0.01345277261027844,0.0,-0.14135202498098964,-0.1615110923998686
2024-11-01 09:53:00-04:00,74.21499633789062,74.22000122070312,74.16999816894531,74.22000122070312,3022.0,-0.1681463628701918,-0.17484499809803378,-0.013483602304287245,0.053924124242077376
2024-11-01 09:54:00-04:00,74.19499969482422,74.2300033569336,74.12010192871094,74.13500213623047,9695.0,-0.026944208115786683,0.013476335308482135,-0.06727280769337485,-0.11452315154226733
2024-11-01 09:55:00-04:00,74.13999938964844,74.25,74.12000274658203,74.25,3783.0,-0.07412939605364599,0.026938760827288633,-0.00013381272599977123,0.15511952580538058
2024-11-01 09:56:00-04:00,74.22000122070312,74.22000122070312,74.0999984741211,74.13249969482422,3579.0,0.10790643608482586,-0.040402396359429105,-0.026989033620694602,-0.15824956926031586
2024-11-01 09:57:00-04:00,74.16000366210938,74.22000122070312,74.13999938964844,74.20500183105469,7771.0,-0.08083745298701484,0.0,0.05398234325377782,0.09780074397724992
2024-11-01 09:58:00-04:00,74.26000213623047,74.3499984741211,74.22000122070312,74.3499984741211,10270.0,0.13484151723712756,0.175151241282534,0.10790643608482586,0.1954000936439826
2024-11-01 09:59:00-04:00,74.30999755859375,74.36000061035156,74.2313003540039,74.33999633789062,14374.0,0.06732483291822522,0.013452772610267338,0.01522383874283939,-0.01345277261027844
2024-11-01 10:00:00-04:00,74.43000030517578,74.43000030517578,74.22000122070312,74.34500122070312,11193.0,0.1614893695661923,0.09413622142233624,-0.015221521442976282,0.0067324227321030605
2024-11-01 10:01:00-04:00,74.37000274658203,74.44999694824219,74.36229705810547,74.41000366210938,12436.0,-0.08060937571913174,0.026866375096612494,0.19172168561303327,0.08743350640789682
2024-11-01 10:02:00-04:00,74.43000030517578,74.4800033569336,74.33000183105469,74.33000183105469,17364.0,0.08067440685486371,0.040304110035438434,-0.04342957160877736,-0.10751488659773711
2024-11-01 10:03:00-04:00,74.32499694824219,74.44000244140625,74.30999755859375,74.36499786376953,10001.0,-0.14107665793774427,-0.05370691960853158,-0.02691278349004067,0.047081974778340197
2024-11-01 10:04:00-04:00,74.3499984741211,74.41999816894531,74.33529663085938,74.33529663085938,4281.0,0.033638112217238,-0.026873014246187044,0.03404531435446945,-0.03993980200814873
2024-11-01 10:05:00-04:00,74.33999633789062,74.4800033569336,74.33999633789062,74.45999908447266,16723.0,-0.01345277261027844,0.08063046152200215,0.0063223088414998685,0.16775671755577815
2024-11-01 10:06:00-04:00,74.45500183105469,74.4800033569336,74.37000274658203,74.44930267333984,13467.0,0.1547020430850532,0.0,0.040363747874061495,-0.014365311931685554
2024-11-01 10:07:00-04:00,74.43000030517578,74.61000061035156,74.43000030517578,74.6050033569336,14000.0,-0.03357937715942061,0.17453980606711994,0.08067440685486371,0.20913652378573566
2024-11-01 10:08:00-04:00,74.61000061035156,74.72000122070312,74.5999984741211,74.72000122070312,11359.0,0.24183837758666726,0.14743413678017792,0.22840006482371944,0.15414229420960268
2024-11-01 10:09:00-04:00,74.69999694824219,74.80000305175781,74.66000366210938,74.77999877929688,9823.0,0.12062235243854857,0.1070688299621203,0.08043591047672827,0.08029651714878128
2024-11-01 10:10:00-04:00,74.79000091552734,74.80500030517578,74.75,74.80000305175781,10218.0,0.12048724359055019,0.006680819804927296,0.12054156640270985,0.026750832826261117
2024-11-01 10:11:00-04:00,74.77999877929688,74.79000091552734,74.72000122070312,74.76000213623047,8103.0,-0.013373627634749585,-0.02005131954715411,-0.04013214621655381,-0.05347715761410132
2024-11-01 10:12:00-04:00,74.75499725341797,74.91999816894531,74.75499725341797,74.88500213623047,37498.0,-0.033433439806140886,0.17381635489588376,0.046836231454916444,0.16720170736781448
2024-11-01 10:13:00-04:00,74.9000015258789,74.94000244140625,74.87999725341797,74.94000244140625,7293.0,0.1939726811431397,0.026700844834293136,0.16721290160208735,0.0734463558880849
2024-11-01 10:14:00-04:00,74.90499877929688,74.91999816894531,74.80999755859375,74.80999755859375,9064.0,0.006671900288601762,-0.026693717386228055,-0.09348250185869933,-0.1734786209997119
2024-11-01 10:15:00-04:00,74.83000183105469,74.91000366210938,74.81999969482422,74.875,8005.0,-0.10012275477523369,-0.013340239028569734,0.013370052876471306,0.08689004615369811
2024-11-01 10:16:00-04:00,74.875,75.0,74.875,74.98999786376953,4949.0,0.06013386054286585,0.12013927845546668,0.0735101649293135,0.15358646246348417
2024-11-01 10:17:00-04:00,74.9749984741211,75.0199966430664,74.94999694824219,74.98999786376953,8762.0,0.1335538886425347,0.026662190755200044,0.10016286910474737,0.0
2024-11-01 10:18:00-04:00,75.0,75.16000366210938,74.98500061035156,75.16000366210938,6668.0,0.03334648401165374,0.18662626673939808,0.04670268650384113,0.22670463152789644
2024-11-01 10:19:00-04:00,75.125,75.18000030517578,75.125,75.13500213623047,15725.0,0.16666666666667052,0.026605431202875174,0.18670319198359486,-0.033264402156374384
2024-11-01 10:20:00-04:00,75.12000274658203,75.18000030517578,75.05999755859375,75.12999725341797,8933.0,-0.006651918027245074,0.0,-0.08652571235441275,-0.006661186757439541
2024-11-01 10:21:00-04:00,75.13999938964844,75.22000122070312,75.12000274658203,75.16999816894531,5750.0,0.02661959842289452,0.05320685736229791,0.07994296554758584,0.05324226938598908
2024-11-01 10:22:00-04:00,75.18000030517578,75.2300033569336,75.16999816894531,75.19999694824219,6355.0,0.05323518212971834,0.013297176373505692,0.06655407419504655,0.03990791542851646
2024-11-01 10:23:00-04:00,75.23500061035156,75.25,75.08000183105469,75.13999938964844,12376.0,0.07315816035184941,0.02658067549397014,-0.11972374628552718,-0.07978399072947617
2024-11-01 10:24:00-04:00,75.12000274658203,75.20999908447266,75.12000274658203,75.20999908447266,2373.0,-0.1528515489288229,-0.05315736282703876,0.053277723164346646,0.09315903033380035
2024-11-01 10:25:00-04:00,75.18000030517578,75.18000030517578,75.0999984741211,75.1050033569336,4525.0,0.07986895154430407,-0.03988669015031476,-0.02662975469852613,-0.13960341552609057
2024-11-01 10:26:00-04:00,75.12000274658203,75.14749908447266,75.11000061035156,75.11000061035156,5556.0,-0.07980521195823931,-0.04323120586751106,0.013318424012909169,0.006653689094737736
2024-11-01 10:27:00-04:00,75.12670135498047,75.19999694824219,75.125,75.125,4521.0,0.008917210002024056,0.06985976168085717,0.019969896853355706,0.019969896853355706
2024-11-01 10:28:00-04:00,75.08999633789062,75.19000244140625,75.08000183105469,75.18000030517578,3711.0,-0.048857485325237704,-0.013290568140333914,-0.05989772904534396,0.0732117206998728
2024-11-01 10:29:00-04:00,75.23999786376953,75.2699966430664,75.20500183105469,75.22000122070312,8266.0,0.19976232946388173,0.10638941223934939,0.16648907425611537,0.05320685736229791
2024-11-01 10:30:00-04:00,75.2300033569336,75.23500061035156,75.12999725341797,75.1449966430664,9155.0,-0.013283502285621474,-0.04649400063188036,-0.09973349619113447,-0.09971360864067247
2024-11-01 10:31:00-04:00,75.12000274658203,75.15499877929688,75.08000183105469,75.08000183105469,4907.0,-0.14621906877985147,-0.10633592132074376,-0.06654522053907153,-0.08649253432060355
2024-11-01 10:32:00-04:00,75.08999633789062,75.0999984741211,75.01000213623047,75.01000213623047,2399.0,-0.039944632047783646,-0.07318249759712403,-0.09323347511596136,-0.09323347511596136
2024-11-01 10:33:00-04:00,75.0,75.0,74.94000244140625,74.94000244140625,4327.0,-0.11985130147783574,-0.1331537631862334,-0.09332048104343516,-0.09332048104343516
2024-11-01 10:34:00-04:00,74.95999908447266,75.0250015258789,74.95999908447266,74.98500061035156,6644.0,-0.05333455403645493,0.03333536783853841,0.026683536715976786,0.060045593113633444
2024-11-01 10:35:00-04:00,74.97000122070312,75.0198974609375,74.93499755859375,74.93499755859375,9450.0,0.013343298229240297,-0.006803152066103824,-0.033353156595872235,-0.06668407194879711
2024-11-01 10:36:00-04:00,74.94000244140625,74.94000244140625,74.83999633789062,74.83999633789062,4547.0,-0.040014377495556364,-0.10649843872800879,-0.12677817281416814,-0.12677817281416814
2024-11-01 10:37:00-04:00,74.81999969482422,74.83499908447266,74.66000366210938,74.69499969482422,12827.0,-0.16013176230659232,-0.14011656460205524,-0.24050331986738005,-0.1937421835401576
2024-11-01 10:38:00-04:00,74.6500015258789,74.68000030517578,74.62000274658203,74.68000030517578,23438.0,-0.22720952905466163,-0.2071207071465464,-0.05357743579598173,-0.020080848396442086
2024-11-01 10:39:00-04:00,74.66999816894531,74.66999816894531,74.63500213623047,74.65499877929688,4538.0,0.026787197130162532,-0.01339332644563207,0.020101030683927767,-0.033478208056691994
2024-11-01 10:40:00-04:00,74.5999984741211,74.5999984741211,74.53500366210938,74.54000091552734,25321.0,-0.09374540851847524,-0.09374540851847524,-0.13398334730206907,-0.15403906724250627
2024-11-01 10:41:00-04:00,74.54100036621094,74.55000305175781,74.5,74.51000213623047,19551.0,-0.07908593715403311,-0.06701799381487739,-0.04696271602542268,-0.040245209187572684
2024-11-01 10:42:00-04:00,74.47000122070312,74.47000122070312,74.4000015258789,74.45999908447266,14516.0,-0.09524844737661686,-0.10731298159591951,-0.1342261397598521,-0.06710918041096248
2024-11-01 10:43:00-04:00,74.4000015258789,74.4000015258789,74.31999969482422,74.37000274658203,11684.0,-0.09399717158156129,-0.09399717158156129,-0.10752934061011299,-0.12086534917697955
2024-11-01 10:44:00-04:00,74.37000274658203,74.44999694824219,74.37000274658203,74.43000030517578,6867.0,-0.04032093908821199,0.06719814695956838,0.06728074806665596,0.08067440685486371
2024-11-01 10:45:00-04:00,74.43000030517578,74.47000122070312,74.43000030517578,74.47000122070312,4464.0,0.08067440685486371,0.02686940669029969,0.08067440685486371,0.05374300062250814
2024-11-01 10:46:00-04:00,74.45999908447266,74.45999908447266,74.27999877929688,74.27999877929688,13085.0,0.04030468785956032,-0.013431094489746442,-0.20153368972709584,-0.255139570688534
2024-11-01 10:47:00-04:00,74.26000213623047,74.3499984741211,74.25,74.33999633789062,8739.0,-0.2685964957040876,-0.14773114652710806,-0.040386079415544174,0.08077215883108835
2024-11-01 10:48:00-04:00,74.33999633789062,74.42500305175781,74.33999633789062,74.41000366210938,6715.0,0.10772178744811178,0.10088040238873663,0.12120718907828731,0.0941718155332616
2024-11-01 10:49:00-04:00,74.4000015258789,74.51000213623047,74.4000015258789,74.48999786376953,10453.0,0.08071723290856703,0.11420770035246441,0.08071723290856703,0.1075046334138241
2024-11-01 10:50:00-04:00,74.47000122070312,74.47000122070312,74.33999633789062,74.36000061035156,12765.0,0.09408560939325739,-0.05368529644410591,-0.0806521327387455,-0.17451638763060773
2024-11-01 10:51:00-04:00,74.33499908447266,74.37239837646484,74.31500244140625,74.36000061035156,6016.0,-0.1812839183799264,-0.13106330420087353,-0.033621062302413574,0.0
2024-11-01 10:52:00-04:00,74.33999633789062,74.34500122070312,74.26000213623047,74.30999755859375,9011.0,0.006722611797282951,-0.036837800527877995,-0.07400969302147065,-0.06724455533537732
2024-11-01 10:53:00-04:00,74.27999877929688,74.27999877929688,74.23500061035156,74.2699966430664,16189.0,-0.08070697006904437,-0.08743350640788572,-0.0336675534065356,-0.053829789855397436
2024-11-01 10:54:00-04:00,74.2699966430664,74.33000183105469,74.26499938964844,74.30000305175781,6220.0,-0.013465450181526784,0.06731697977861995,0.0404105597767046,0.04040179082760442
2024-11-01 10:55:00-04:00,74.31999969482422,74.37000274658203,74.29000091552734,74.36000061035156,6992.0,0.06732604553372212,0.053815302760606976,0.03366528793427026,0.08075041201809352
2024-11-01 10:56:00-04:00,74.33999633789062,74.33999633789062,74.28500366210938,74.28500366210938,6058.0,0.026906139866134104,-0.0403474621261668,-0.006726683747992901,-0.10085657292443484
2024-11-01 10:57:00-04:00,74.30000305175781,74.4000015258789,74.27999877929688,74.4000015258789,9288.0,-0.05379780481967744,0.08071723290856703,-0.006737406698209547,0.1548062975033293
2024-11-01 10:58:00-04:00,74.45999908447266,74.5,74.44499969482422,74.48999786376953,4521.0,0.21533785483613954,0.13440654848146938,0.22213370791455134,0.12096281726461378
2024-11-01 10:59:00-04:00,74.4800033569336,74.58000183105469,74.47000122070312,74.58000183105469,6245.0,0.026865797350117404,0.10738500812710328,0.03358388875196461,0.12082691618511276
2024-11-01 11:00:00-04:00,74.56500244140625,74.58999633789062,74.55000305175781,74.55000305175781,6114.0,0.11412336283782576,0.01340105469369579,0.10742826607130773,-0.040223623706570066
2024-11-01 11:01:00-04:00,74.55000305175781,74.55000305175781,74.52999877929688,74.54000091552734,2873.0,-0.02011585751670042,-0.0536174930906852,-0.026833362363576363,-0.013416681181788181
2024-11-01 11:02:00-04:00,74.52999877929688,74.54000091552734,74.5,74.5250015258789,3383.0,-0.026833362363576363,-0.013416681181788181,-0.04025061020825893,-0.020122604593786342
2024-11-01 11:03:00-04:00,74.54499816894531,74.68000030517578,74.54499816894531,74.67500305175781,47117.0,0.020125305104135016,0.1878177997436392,0.060400226772228116,0.2012767833715845
2024-11-01 11:04:00-04:00,74.69000244140625,74.75,74.66999816894531,74.70999908447266,7401.0,0.1945191173421179,0.09373285288989397,0.1676839534112018,0.046864454348383155
2024-11-01 11:05:00-04:00,74.64099884033203,74.64099884033203,74.56999969482422,74.58000183105469,5822.0,-0.06560931781018908,-0.14582094938858647,-0.13392055252879898,-0.174002482948743
2024-11-01 11:06:00-04:00,74.63999938964844,74.63999938964844,74.59500122070312,74.59500122070312,1690.0,-0.0013390103282717725,-0.0013390103282717725,0.033527592840587594,0.020111811853285033
2024-11-01 11:07:00-04:00,74.62999725341797,74.62999725341797,74.58000183105469,74.58999633789062,4049.0,-0.01340050416969163,-0.01340050416969163,-0.02010776781685708,-0.006709407776117615
2024-11-01 11:08:00-04:00,74.54000091552734,74.56999969482422,74.52999877929688,74.56500244140625,5571.0,-0.12059003243028998,-0.08039335495353406,-0.06704619271944434,-0.033508376071178514
2024-11-01 11:09:00-04:00,74.56999969482422,74.6500015258789,74.56999969482422,74.56999969482422,9779.0,0.040245209187572684,0.10728420461592059,0.0536708925030327,0.006701875215386899
2024-11-01 11:10:00-04:00,74.58999633789062,74.63999938964844,74.5822982788086,74.62999725341797,2561.0,0.026815935561552706,-0.013398708675183002,0.01649267002106214,0.080458037869513
2024-11-01 11:11:00-04:00,74.61000061035156,74.63999938964844,74.61000061035156,74.63999938964844,2936.0,0.026818974987374844,0.0,0.03714330636395147,0.013402300145481938
2024-11-01 11:12:00-04:00,74.66000366210938,74.68499755859375,74.62999725341797,74.68499755859375,4901.0,0.06701923515448627,0.060286936378983746,0.026801558642031154,0.060286936378983746
2024-11-01 11:13:00-04:00,74.69999694824219,74.80999755859375,74.69000244140625,74.80999755859375,6387.0,0.05356721694498301,0.16736962453796078,0.08040357791321284,0.16736962453796078
2024-11-01 11:14:00-04:00,74.80000305175781,74.86000061035156,74.80000305175781,74.8499984741211,4601.0,0.1338769847405885,0.06684006602011294,0.14727621737307128,0.05347001314364164
2024-11-01 11:15:00-04:00,74.83999633789062,74.8499984741211,74.80999755859375,74.8499984741211,3030.0,0.053466957889214406,-0.013361122293509275,0.013361639609854592,0.0
2024-11-01 11:16:00-04:00,74.81999969482422,74.81999969482422,74.7750015258789,74.79499816894531,6012.0,-0.02671919300493153,-0.04007853027178099,-0.046779887524306396,-0.07348070313561994
2024-11-01 11:17:00-04:00,74.79499816894531,74.83000183105469,74.79000091552734,74.81999969482422,3405.0,-0.033415565331307295,0.013368265532287538,0.020059363881452796,0.03342673506379068
2024-11-01 11:18:00-04:00,74.84500122070312,74.86499786376953,74.82099914550781,74.8550033569336,9156.0,0.06685347012760356,0.04676738187692209,0.041447024469865035,0.046783830863605935
2024-11-01 11:19:00-04:00,74.8499984741211,74.8499984741211,74.84649658203125,74.8499984741211,4811.0,0.0066768031751873735,-0.020035250218974898,0.03407791504341784,-0.006686103250352904
2024-11-01 11:20:00-04:00,74.95999908447266,74.97000122070312,74.86000061035156,74.86000061035156,7129.0,0.14696140627123988,0.16032431399917169,0.018042298486897757,0.01336290772795401
2024-11-01 11:21:00-04:00,74.8499984741211,74.86000061035156,74.7300033569336,74.7699966430664,12050.0,-0.14674574665829443,-0.14672616854805032,-0.17365382361483883,-0.12022971754118705
2024-11-01 11:22:00-04:00,74.7699966430664,74.87000274658203,74.76000213623047,74.83999633789062,3876.0,-0.10688287599944779,0.013361122293509275,0.04014288498501717,0.09362003205426461
2024-11-01 11:23:00-04:00,74.8499984741211,74.91000366210938,74.81999969482422,74.91000366210938,4736.0,0.10699723772438219,0.05342715915577223,0.08025355387821786,0.09354266120307209
2024-11-01 11:24:00-04:00,74.91000366210938,74.93000030517578,74.88999938964844,74.9000015258789,5010.0,0.08016725345563191,0.02669422251879716,0.09355746472832216,-0.013352203633021364
2024-11-01 11:25:00-04:00,74.9000015258789,74.9000015258789,74.83999633789062,74.8499984741211,19785.0,-0.013352203633021364,-0.04003573892258361,-0.06676866359371925,-0.06675974731527035
2024-11-01 11:26:00-04:00,74.83000183105469,74.87000274658203,74.83000183105469,74.86000061035156,4009.0,-0.09345753457699058,-0.040051773946236935,-0.013354499365303418,0.01336290772795401
2024-11-01 11:27:00-04:00,74.90499877929688,74.93000030517578,74.87999725341797,74.93000030517578,6735.0,0.10022310090478381,0.08013564363931192,0.06681200205789217,0.0935074729541796
2024-11-01 11:28:00-04:00,74.93000030517578,74.95500183105469,74.93000030517578,74.94000244140625,19748.0,0.03337764673432275,0.033366509778565145,0.06677758225415165,0.013348640317278893
2024-11-01 11:29:00-04:00,74.94000244140625,74.97000122070312,74.94000244140625,74.97000122070312,6666.0,0.013348640317278893,0.02001119242480698,0.013348640317278893,0.040030395409096364
2024-11-01 11:30:00-04:00,74.9800033569336,74.9800033569336,74.88999938964844,74.94000244140625,13869.0,0.05337725410219374,0.013341518030696164,-0.06672411279531332,-0.040014377495556364
2024-11-01 11:31:00-04:00,74.94000244140625,74.94000244140625,74.8499984741211,74.8499984741211,7945.0,-0.05334877798941484,-0.05334877798941484,-0.05341289338142152,-0.12010136689750706
2024-11-01 11:32:00-04:00,74.87999725341797,74.9000015258789,74.81999969482422,74.8499984741211,2269.0,-0.0800709714884218,-0.05337725410219374,-0.04007853027178099,0.0
2024-11-01 11:33:00-04:00,74.83999633789062,74.9000015258789,74.83000183105469,74.9000015258789,4150.0,-0.05342002803762069,0.0,0.013368265532287538,0.0668043457276779
2024-11-01 11:34:00-04:00,74.9000015258789,74.94000244140625,74.9000015258789,74.91000366210938,4070.0,0.08017796756345508,0.05340576063075364,0.09354495938975749,0.013353986684516705
2024-11-01 11:35:00-04:00,74.88999938964844,74.91000366210938,74.87000274658203,74.87999725341797,4701.0,-0.013353986684516705,-0.04003039540908526,-0.040051773946236935,-0.04005661089906409
2024-11-01 11:36:00-04:00,74.87999725341797,74.9000015258789,74.83000183105469,74.86000061035156,5867.0,-0.013355770212297724,-0.013352203633021364,-0.05342715915577223,-0.02670491960453658
2024-11-01 11:37:00-04:00,74.87999725341797,74.88999938964844,74.86000061035156,74.87999725341797,2777.0,0.0,-0.013353986684516705,0.040089240361917966,0.02671205303683699
2024-11-01 11:38:00-04:00,74.88999938964844,74.88999938964844,74.83000183105469,74.83999633789062,11627.0,0.013357554216542056,0.0,-0.040073175330335165,-0.05342002803762069
2024-11-01 11:39:00-04:00,74.8499984741211,74.91999816894531,74.83999633789062,74.91999816894531,3098.0,-0.05341289338142152,0.0400571231691238,0.013356283030030447,0.1068971605683755
2024-11-01 11:40:00-04:00,74.9000015258789,74.91999816894531,74.9000015258789,74.91000366210938,4394.0,0.0668043457276779,0.0,0.08017796756345508,-0.013340239028569734
2024-11-01 11:41:00-04:00,74.9000015258789,74.94000244140625,74.87000274658203,74.94000244140625,5816.0,0.0,0.026700844834293136,-0.040051773946236935,0.04004642615182963
2024-11-01 11:42:00-04:00,74.93000030517578,74.94000244140625,74.87999725341797,74.87999725341797,5394.0,0.040051773946236935,0.0,0.013349147147434515,-0.0800709714884218
2024-11-01 11:43:00-04:00,74.87000274658203,74.87000274658203,74.81999969482422,74.8499984741211,8559.0,-0.08007147784517832,-0.0934076495112901,-0.08012494764215727,-0.04006247382107864
2024-11-01 11:44:00-04:00,74.87000274658203,74.88999938964844,74.81999969482422,74.83000183105469,3896.0,0.0,0.02670848448356189,0.0,-0.026715622543826978
2024-11-01 11:45:00-04:00,74.87000274658203,74.87000274658203,74.83999633789062,74.8499984741211,3623.0,0.0,-0.026701352956837177,0.02672633406570757,0.026722761695974206
2024-11-01 11:46:00-04:00,74.86000061035156,74.87999725341797,74.8499984741211,74.86000061035156,6407.0,-0.01335933733610517,0.013349147147434515,0.013364693639639214,0.01336290772795401
2024-11-01 11:47:00-04:00,74.8550033569336,74.86000061035156,74.8550033569336,74.86000061035156,343.0,-0.006675465371663858,-0.02670491960453658,0.006686550320011975,0.0
2024-11-01 11:48:00-04:00,74.8499984741211,74.9000015258789,74.83999633789062,74.86000061035156,6388.0,-0.006686103250352904,0.05343429762383334,-0.020048117520499176,0.0
2024-11-01 11:49:00-04:00,74.86000061035156,74.86000061035156,74.73999786376953,74.7750015258789,5689.0,0.01336290772795401,-0.05340576063075364,-0.13361635357331814,-0.11354406061934164
2024-11-01 11:50:00-04:00,74.77999877929688,74.81999969482422,74.76000213623047,74.81999969482422,5064.0,-0.10686859524767778,-0.05343429762384444,0.026765149896568197,0.06017809164435839
2024-11-01 11:51:00-04:00,74.79000091552734,74.80000305175781,74.72000122070312,74.73059844970703,3365.0,0.013375416413130559,-0.02672633406571867,-0.05350577097958942,-0.11948843288136501
2024-11-01 11:52:00-04:00,74.7300033569336,74.7699966430664,74.7300033569336,74.73999786376953,6322.0,-0.08022136363057264,-0.04011551800424673,0.013386156406669514,0.012577731555074578
2024-11-01 11:53:00-04:00,74.7300033569336,74.7699966430664,74.72000122070312,74.7699966430664,2799.0,0.0,0.0,-0.013384364754664979,0.04013751693110468
2024-11-01 11:54:00-04:00,74.77999877929688,74.83000183105469,74.77999877929688,74.83000183105469,1912.0,0.06690140521536936,0.08025303020238184,0.08029651714878128,0.08025303020238184
2024-11-01 11:55:00-04:00,74.810302734375,74.81999969482422,74.73999786376953,74.73999786376953,5320.0,0.0405241449221716,-0.013366478665932657,-0.05349146319914011,-0.1202779167216339
2024-11-01 11:56:00-04:00,74.76000213623047,74.7750015258789,74.76000213623047,74.76000213623047,3436.0,-0.06723752786180759,-0.060141899397025966,0.026765149896568197,0.026765149896568197
2024-11-01 11:57:00-04:00,74.73999786376953,74.77999877929688,74.73999786376953,74.76000213623047,4153.0,-0.02675798808096097,0.006683053582068332,-0.02675798808096097,0.0
2024-11-01 11:59:00-04:00,74.80999755859375,74.80999755859375,74.79000091552734,74.79000091552734,7820.0,0.09365760881048235,0.04011604678599845,0.06690266682767287,0.04012677693909783
2024-11-01 12:00:00-04:00,74.80999755859375,74.8499984741211,74.80999755859375,74.8499984741211,1380.0,0.0,0.05347001314364164,0.026737054180525632,0.08022136363057264
2024-11-01 12:01:00-04:00,74.87000274658203,74.91000366210938,74.8499984741211,74.9000015258789,9452.0,0.08021011889658425,0.08016725345563191,0.05347001314364164,0.0668043457276779
2024-11-01 12:02:00-04:00,74.87999725341797,74.9000015258789,74.87999725341797,74.87999725341797,6414.0,0.013349147147434515,-0.013352203633021364,0.040078530271769885,-0.02670797336903341
2024-11-01 12:03:00-04:00,74.88500213623047,74.94000244140625,74.88500213623047,74.93000030517578,3319.0,0.006683871522539242,0.05340576063075364,0.006683871522539242,0.06677758225415165
2024-11-01 12:04:00-04:00,74.93000030517578,74.93000030517578,74.9000015258789,74.91000366210938,9171.0,0.06008969441364531,-0.013346858693108477,0.02002989813787437,-0.026687098605315818
2024-11-01 12:05:00-04:00,74.9000015258789,74.93000030517578,74.83000183105469,74.83999633789062,39339.0,-0.04003573892258361,0.0,-0.09345753457699058,-0.09345524068391509
2024-11-01 12:06:00-04:00,74.83000183105469,74.83999633789062,74.83000183105469,74.83999633789062,13106.0,-0.09345753457699058,-0.12011739879699279,0.0,0.0
2024-11-01 12:07:00-04:00,74.83999633789062,74.8499984741211,74.81999969482422,74.81999969482422,37362.0,0.013356283030030447,0.013364693639639214,-0.013366478665932657,-0.02671919300493153
2024-11-01 12:08:00-04:00,74.81999969482422,74.83999633789062,74.81500244140625,74.83999633789062,3867.0,-0.02671919300493153,-0.01336290772795401,-0.0066790342667100155,0.02672633406570757
2024-11-01 12:09:00-04:00,74.87000274658203,74.91999816894531,74.87000274658203,74.88999938964844,15996.0,0.06683113066261459,0.1068971605683755,0.07351507502637578,0.06681327392381586
2024-11-01 12:10:00-04:00,74.9000015258789,74.90499877929688,74.86000061035156,74.86000061035156,5085.0,0.04006782181966706,-0.020020541931431435,-0.01335933733610517,-0.0400571231691349
2024-11-01 12:11:00-04:00,74.87000274658203,74.87000274658203,74.83000183105469,74.8499984741211,6327.0,-0.040051773946236935,-0.04672055708585532,-0.040073175330335165,-0.013361122293509275
2024-11-01 12:12:00-04:00,74.8499984741211,74.88999938964844,74.8499984741211,74.87999725341797,8354.0,-0.02671867467221034,0.02670848448356189,0.026722761695974206,0.040078530271769885
2024-11-01 12:13:00-04:00,74.9000015258789,74.91000366210938,74.9000015258789,74.91000366210938,4988.0,0.0668043457276779,0.026711540424595448,0.0668043457276779,0.04007266264962617
2024-11-01 12:15:00-04:00,74.87999725341797,74.88999938964844,74.8499984741211,74.8499984741211,16873.0,-0.02670797336903341,-0.02670440726604273,-0.06675974731527035,-0.08010303705089372
2024-11-01 12:16:00-04:00,74.83999633789062,74.87999725341797,74.83999633789062,74.87000274658203,2146.0,-0.05342002803762069,-0.013355770212297724,-0.01336290772795401,0.02672581545590802
2024-11-01 12:17:00-04:00,74.91000366210938,74.98500061035156,74.91000366210938,74.94000244140625,6137.0,0.09354266120307209,0.1402288472023061,0.09354266120307209,0.09349498097541709
2024-11-01 12:18:00-04:00,74.93000030517578,74.94499969482422,74.91999816894531,74.92500305175781,7161.0,0.02669422251879716,-0.053345222646861146,0.0133420188857869,-0.020015197704548182
2024-11-01 12:19:00-04:00,74.92500305175781,74.94000244140625,74.87999725341797,74.91000366210938,13672.0,-0.0066692291440184626,-0.006667894373635352,-0.053391506279998335,-0.020019204587917727
2024-11-01 12:20:00-04:00,74.91000366210938,74.93000030517578,74.87000274658203,74.87000274658203,16903.0,-0.020019204587917727,-0.013346858693108477,-0.013347365387994525,-0.05339862978483989
2024-11-01 12:21:00-04:00,74.87000274658203,74.88500213623047,74.86499786376953,74.87000274658203,6390.0,-0.05339862978483989,-0.06005360838388096,-0.006684763762387913,0.0
2024-11-01 12:22:00-04:00,74.86000061035156,74.87000274658203,74.86000061035156,74.87000274658203,4016.0,-0.01335933733610517,-0.02002989813788547,-0.0066750197830312,0.0
2024-11-01 12:23:00-04:00,74.87999725341797,74.91999816894531,74.86000061035156,74.91999816894531,7583.0,0.02671205303683699,0.06677630630320674,0.0,0.06677630630320674
2024-11-01 12:24:00-04:00,74.92500305175781,74.94999694824219,74.92500305175781,74.94499969482422,2859.0,0.06010389956014883,0.04004108386286287,0.08683200758250464,0.0333709643485669
2024-11-01 12:25:00-04:00,74.94999694824219,74.94999694824219,74.93000030517578,74.93000030517578,4767.0,0.03335855250763409,0.0,0.00666967395985818,-0.020013863112300356
2024-11-01 12:26:00-04:00,74.9386978149414,74.95999908447266,74.91999816894531,74.94999694824219,5729.0,-0.015075562055832936,0.013345078902915475,-0.01334864031726779,0.026687098605315818
2024-11-01 12:27:00-04:00,74.94999694824219,74.94999694824219,74.91999816894531,74.93000030517578,5228.0,0.015077835124222005,-0.013343298229229195,0.0,-0.026679978493149292
2024-11-01 12:28:00-04:00,74.93000030517578,74.93000030517578,74.90499877929688,74.91999816894531,6271.0,-0.026679978493149292,-0.026679978493149292,-0.020020541931431435,-0.01334864031726779
2024-11-01 12:29:00-04:00,74.91000366210938,74.91000366210938,74.9000015258789,74.91000366210938,2776.0,-0.026687098605315818,-0.026687098605315818,-0.006671455175766283,-0.013340239028569734
2024-11-01 12:31:00-04:00,74.91000366210938,74.93000030517578,74.89399719238281,74.93000030517578,26881.0,0.0,0.02669422251879716,-0.008016466453630855,0.02669422251879716
2024-11-01 12:32:00-04:00,74.93499755859375,74.94000244140625,74.87999725341797,74.87999725341797,5159.0,0.03336523196169061,0.013348640317278893,-0.018693005433911836,-0.06673301955713029
2024-11-01 12:33:00-04:00,74.9000015258789,74.91000366210938,74.8949966430664,74.8949966430664,2075.0,-0.04670185341298927,-0.04003039540908526,0.02003123691054487,0.02003123691054487
2024-11-01 12:34:00-04:00,74.93000030517578,74.94000244140625,74.91999816894531,74.91999816894531,1613.0,0.040051773946236935,0.04004642615182963,0.033382104278678604,0.033382104278678604
2024-11-01 12:35:00-04:00,74.91999816894531,75.01499938964844,74.91999816894531,75.01499938964844,12429.0,-0.01334864031726779,0.10007598852272981,0.0,0.126803554491417
2024-11-01 12:36:00-04:00,75.01499938964844,75.08000183105469,74.9800033569336,74.98500061035156,22516.0,0.126803554491417,0.08665259206177556,0.08009235111428037,-0.03999037464634814
2024-11-01 12:37:00-04:00,74.9800033569336,74.98999786376953,74.97000122070312,74.98999786376953,3651.0,-0.04665204692340108,-0.11987741754146963,-0.01333973830709434,0.006664337370532181
2024-11-01 12:38:00-04:00,74.9800033569336,74.9800033569336,74.94000244140625,74.94999694824219,2533.0,0.0,-0.013327786532402186,-0.040014377495556364,-0.05334166777816174
2024-11-01 12:39:00-04:00,74.95500183105469,74.97000122070312,74.95500183105469,74.97000122070312,2124.0,-0.03334425814826014,-0.01333973830709434,0.02001519770453708,0.026690157805808745
2024-11-01 12:40:00-04:00,75.0,75.0,74.94499969482422,74.94999694824219,3645.0,0.06003357727444314,0.04001437749554526,-0.013344187827535325,-0.026683036061381227
2024-11-01 12:41:00-04:00,74.97000122070312,74.97000122070312,74.94999694824219,74.94999694824219,2702.0,-0.03999837239583304,-0.03999837239583304,0.00666789437362425,0.0
2024-11-01 12:42:00-04:00,74.94000244140625,74.94000244140625,74.88999938964844,74.9000015258789,8575.0,-0.040014377495556364,-0.040014377495556364,-0.08005011479210733,-0.06670503588920296
2024-11-01 12:43:00-04:00,74.87000274658203,74.87000274658203,74.79000091552734,74.80999755859375,7395.0,-0.0934076495112901,-0.0934076495112901,-0.13352713971969132,-0.12016550794602399
2024-11-01 12:44:00-04:00,74.81999969482422,74.81999969482422,74.75499725341797,74.76000213623047,2935.0,-0.0667864964918774,-0.0667864964918774,-0.04680259617714233,-0.06682986765789156
2024-11-01 12:46:00-04:00,74.80000305175781,74.84500122070312,74.80000305175781,74.83499908447266,12203.0,-0.02672633406571867,0.03341556533129619,0.06020440103458036,0.10031694234775568
2024-11-01 12:47:00-04:00,74.81999969482422,74.86000061035156,74.80999755859375,74.80999755859375,4748.0,0.0267334789445961,0.02004060311817657,0.013361639609854592,-0.03340886775542451
2024-11-01 12:48:00-04:00,74.86000061035156,74.88999938964844,74.86000061035156,74.88999938964844,3972.0,0.05346286513030485,0.04007317533032406,0.06684006602011294,0.10694002628730548
2024-11-01 12:49:00-04:00,74.88999938964844,74.9000015258789,74.86000061035156,74.86000061035156,5440.0,0.04007317533032406,0.013355770212286622,0.0,-0.0400571231691349
2024-11-01 12:50:00-04:00,74.83999633789062,74.87000274658203,74.83000183105469,74.87000274658203,3220.0,-0.06676866359371925,-0.040051773946236935,-0.040073175330335165,0.013361122293509275
2024-11-01 12:51:00-04:00,74.8550033569336,74.87999725341797,74.8550033569336,74.87000274658203,4433.0,0.020052137596615616,0.013349147147434515,0.03341109884689164,0.0
2024-11-01 12:52:00-04:00,74.8499984741211,74.91999816894531,74.8499984741211,74.88999938964844,11294.0,-0.006686103250352904,0.05342002803760959,-0.006686103250352904,0.02670848448356189
2024-11-01 12:53:00-04:00,74.87999725341797,74.87999725341797,74.83999633789062,74.83999633789062,2513.0,0.040078530271769885,-0.053391506279998335,-0.01336290772795401,-0.06676866359371925
2024-11-01 12:54:00-04:00,74.83999633789062,74.83999633789062,74.81999969482422,74.82499694824219,2790.0,-0.05342002803762069,-0.05342002803762069,-0.02671919300493153,-0.02004194332227982
2024-11-01 12:55:00-04:00,74.83499908447266,74.83999633789062,74.83000183105469,74.83000183105469,5739.0,-0.006677249682651709,0.0,0.013368265532287538,0.006688784519370827
2024-11-01 12:56:00-04:00,74.86499786376953,74.86499786376953,74.86000061035156,74.86000061035156,2855.0,0.040086563324481794,0.033406636961919034,0.040089240361917966,0.040089240361917966
2024-11-01 12:57:00-04:00,74.81999969482422,74.83999633789062,74.7699966430664,74.80999755859375,5982.0,-0.060105750656924695,-0.0333954806549297,-0.12022971754118705,-0.06679541991734261
2024-11-01 12:58:00-04:00,74.80500030517578,74.84349822998047,74.80500030517578,74.84349822998047,4268.0,-0.020047299799008655,0.004679171915022984,0.046815117936249706,0.044781008528271826
2024-11-01 12:59:00-04:00,74.83000183105469,74.86000061035156,74.81999969482422,74.86000061035156,2453.0,0.03342226559308603,0.022049183645034276,0.02005131954714301,0.022049183645034276
2024-11-01 13:00:00-04:00,74.86000061035156,74.88999938964844,74.86000061035156,74.87999725341797,5513.0,0.040089240361917966,0.04007317533032406,0.05346286513030485,0.02671205303683699
2024-11-01 13:01:00-04:00,74.87999725341797,74.87999725341797,74.78130340576172,74.78130340576172,4146.0,0.02671205303683699,-0.013355770212297724,-0.10512584016592053,-0.1318026859993604
2024-11-01 13:02:00-04:00,74.79499816894531,74.80000305175781,74.79000091552734,74.79000091552734,1624.0,-0.1135137387692331,-0.10682986724669385,0.011630593971379,0.011630593971379
2024-11-01 13:03:00-04:00,74.79000091552734,74.79000091552734,74.7699966430664,74.7699966430664,2944.0,-0.006681266849795087,-0.013371839334752611,-0.02674725526949917,-0.02674725526949917
2024-11-01 13:04:00-04:00,74.75499725341797,74.7699966430664,74.75,74.7699966430664,2264.0,-0.04680259617714233,-0.02674725526949917,-0.02674420752198925,0.0
2024-11-01 13:05:00-04:00,74.76000213623047,74.76499938964844,74.76000213623047,74.76000213623047,2110.0,0.006695047818050526,-0.006683500925941388,0.013380784254812816,-0.013367001851893878
2024-11-01 13:06:00-04:00,74.7300033569336,74.76000213623047,74.7300033569336,74.74500274658203,3539.0,-0.04012677693910893,-0.006683947647645461,-0.04012677693910893,-0.020063388469548915
2024-11-01 13:07:00-04:00,74.74500274658203,74.76000213623047,74.74500274658203,74.75,2315.0,0.020071442492519687,0.0,0.020071442492519687,0.006685735814215832
2024-11-01 13:08:00-04:00,74.73999786376953,74.75,74.6500015258789,74.66999816894531,6722.0,-0.006695943044476849,-0.013378994040480485,-0.12710043108195013,-0.10702586094272215
2024-11-01 13:09:00-04:00,74.66999816894531,74.69499969482422,74.66000366210938,74.68499755859375,2896.0,-0.09365760881049345,-0.07357900357963798,0.013398708675183002,0.020087572005156318
2024-11-01 13:10:00-04:00,74.68000030517578,74.69000244140625,74.66999816894531,74.68000030517578,1958.0,0.013395120497849966,-0.006690211444393412,0.013386694810746391,-0.006691107426293197
2024-11-01 13:11:00-04:00,74.66500091552734,74.69999694824219,74.66500091552734,74.69999694824219,2535.0,-0.020084881611059924,0.013381318127247965,-0.006692451507317454,0.026776436776509982
2024-11-01 13:12:00-04:00,74.70999908447266,74.76000213623047,74.70500183105469,74.73999786376953,5481.0,0.06026674933845566,0.08032823352035479,0.05357384991209191,0.053548751220233726
2024-11-01 13:13:00-04:00,74.77999877929688,74.77999877929688,74.75,74.76000213623047,2644.0,0.0936952157435833,0.026747782898617345,0.06023447940886051,0.026765149896568197
2024-11-01 13:14:00-04:00,74.77999877929688,74.77999877929688,74.7699966430664,74.7750015258789,2121.0,0.0,0.0,0.026751361961752096,0.020063388469560017
2024-11-01 13:15:00-04:00,74.77999877929688,74.80999755859375,74.77999877929688,74.79000091552734,2156.0,0.0,0.04011604678599845,0.013377205670095371,0.020059363881452796
2024-11-01 13:16:00-04:00,74.78250122070312,74.80999755859375,74.78250122070312,74.80999755859375,2309.0,0.0033464047166420485,0.0,0.0033464047166420485,0.026737054180525632
2024-11-01 13:17:00-04:00,74.79000091552734,74.79000091552734,74.7699966430664,74.7699966430664,2493.0,0.010028676096407452,-0.026729907390710128,-0.016721261568686252,-0.05347001314365274
2024-11-01 13:18:00-04:00,74.76000213623047,74.80000305175781,74.76000213623047,74.77999877929688,3101.0,-0.04011068181528632,0.013373627634760687,-0.013367001851893878,0.013377205670095371
2024-11-01 13:19:00-04:00,74.79000091552734,74.79000091552734,74.7699966430664,74.77999877929688,7659.0,0.04012677693909783,-0.013371839334752611,0.01336878885813686,0.0
2024-11-01 13:20:00-04:00,74.81999969482422,74.83000183105469,74.81500244140625,74.83000183105469,2450.0,0.04011068181528632,0.0534843094500248,0.06019232360634508,0.06686687961228177
2024-11-01 13:21:00-04:00,74.81999969482422,74.87000274658203,74.80999755859375,74.86000061035156,4377.0,0.0,0.05345571902783952,-0.006689678071480909,0.040089240361917966
2024-11-01 13:22:00-04:00,74.88999938964844,74.91000366210938,74.88999938964844,74.91000366210938,2796.0,0.09355746472832216,0.05342715915577223,0.10694002628730548,0.06679541991734261
2024-11-01 13:23:00-04:00,74.9000015258789,74.99500274658203,74.9000015258789,74.99500274658203,2115.0,0.013355770212286622,0.11346826901257323,0.013355770212286622,0.11346826901257323
2024-11-01 13:24:00-04:00,75.0,75.04000091552734,74.97000122070312,74.9800033569336,5930.0,0.1335093085232275,0.06000155650018879,0.09345753457699058,-0.020000518833396264
2024-11-01 13:25:00-04:00,74.94999694824219,74.95999908447266,74.94000244140625,74.94000244140625,3029.0,-0.06667073567708792,-0.10661224690647897,-0.040014377495556364,-0.05334877798941484
2024-11-01 13:26:00-04:00,74.95480346679688,74.9800033569336,74.93000030517578,74.95999908447266,4653.0,0.006412966978519563,0.02668659645845839,-0.013346858693108477,0.026683536715976786
2024-11-01 13:27:00-04:00,74.95999908447266,74.95999908447266,74.93000030517578,74.93000030517578,1861.0,0.0069316673988462085,-0.026679476614199782,0.0,-0.04001971673327498
2024-11-01 13:28:00-04:00,74.94999694824219,74.95999908447266,74.94000244140625,74.94999694824219,2231.0,-0.013343298229229195,0.0,0.013348640317278893,0.026687098605315818
2024-11-01 13:29:00-04:00,74.97000122070312,74.9800033569336,74.93000030517578,74.93000030517578,2768.0,0.026690157805808745,0.02668659645845839,-0.013346858693108477,-0.026679978493149292
2024-11-01 13:30:00-04:00,74.94000244140625,74.94000244140625,74.9000015258789,74.9000015258789,4861.0,-0.040014377495556364,-0.05334877798941484,-0.04003573892258361,-0.04003573892258361
2024-11-01 13:31:00-04:00,74.87999725341797,74.87999725341797,74.81999969482422,74.81999969482422,3834.0,-0.0800709714884218,-0.0800709714884218,-0.10681152126150728,-0.10681152126150728
2024-11-01 13:32:00-04:00,74.81999969482422,74.81999969482422,74.7300033569336,74.7300033569336,4456.0,-0.08012494764215727,-0.08012494764215727,-0.12028379879404083,-0.12028379879404083
2024-11-01 13:33:00-04:00,74.7300033569336,74.7300033569336,74.58999633789062,74.62000274658203,16728.0,-0.12028379879404083,-0.12028379879404083,-0.1873504787284097,-0.14719738446439257
2024-11-01 13:34:00-04:00,74.61000061035156,74.62999725341797,74.58999633789062,74.6050033569336,2918.0,-0.16058174921906865,-0.13382322898871646,0.0,-0.020101030683927767
2024-11-01 13:35:00-04:00,74.5999984741211,74.60990142822266,74.55000305175781,74.58000183105469,8385.0,-0.01340589217081467,-0.02692727580717591,-0.0536174930906852,-0.033511862145885196
2024-11-01 13:36:00-04:00,74.55500030517578,74.58000183105469,74.52999877929688,74.52999877929688,6897.0,-0.06031926255457565,-0.04007456999086667,-0.026833362363576363,-0.06704619271944434
2024-11-01 13:37:00-04:00,74.54000091552734,74.62000274658203,74.54000091552734,74.62000274658203,6118.0,-0.02011855621627534,0.0536349082129961,0.013420282294762664,0.12076206730082806
2024-11-01 13:38:00-04:00,74.5999984741211,74.6500015258789,74.58999633789062,74.6500015258789,10441.0,0.08049041837514537,0.040202061367855535,0.06707193687847113,0.040202061367855535
2024-11-01 13:39:00-04:00,74.65499877929688,74.68000030517578,74.56500244140625,74.56999969482422,10150.0,0.07372695214580283,0.040185905805345534,-0.033508376071178514,-0.10716922896103487
2024-11-01 13:40:00-04:00,74.52999877929688,74.52999877929688,74.48500061035156,74.5199966430664,9685.0,-0.16743687903544302,-0.2008590322254089,-0.10729139466943982,-0.06705518568117519
2024-11-01 13:41:00-04:00,74.5199966430664,74.55500030517578,74.51010131835938,74.54000091552734,6036.0,-0.013420282294762664,0.03354558739889768,0.033699010273391394,0.026844167152551
2024-11-01 13:42:00-04:00,74.52999877929688,74.54000091552734,74.5,74.54000091552734,3206.0,0.013422083576264399,-0.02011855621627534,-0.013556978423923116,0.0
2024-11-01 13:43:00-04:00,74.55000305175781,74.55999755859375,74.51000213623047,74.52999877929688,4519.0,0.02684056458952533,0.026826727690898444,0.013425686215384758,-0.01341848149667424
2024-11-01 13:44:00-04:00,74.52999877929688,74.55000305175781,74.5000991821289,74.55000305175781,3615.0,-0.026833362363576363,-0.013404650165238507,-0.013290771463747575,0.02684056458952533
2024-11-01 13:45:00-04:00,74.54000091552734,74.5999984741211,74.53500366210938,74.55500030517578,7299.0,0.013420282294762664,0.06706293805054386,0.04685158860679994,0.006703223626303156
2024-11-01 13:46:00-04:00,74.55999755859375,74.6500015258789,74.55999755859375,74.61000061035156,7128.0,0.026826727690898444,0.06702822088548999,0.033533098888249846,0.0737714505407494
2024-11-01 13:47:00-04:00,74.63999938964844,74.6500015258789,74.63999938964844,74.63999938964844,1659.0,0.10729859666616104,0.0,0.10729859666616104,0.040207450812856926
2024-11-01 13:48:00-04:00,74.62999725341797,74.63999938964844,74.5999984741211,74.5999984741211,2008.0,-0.01340050416969163,-0.013398708675183002,-0.05359179508901413,-0.05359179508901413
2024-11-01 13:49:00-04:00,74.5999984741211,74.62000274658203,74.58999633789062,74.6050033569336,1702.0,-0.04019667747676703,-0.026790786749630868,-0.013407689591227179,0.006708958330925441
2024-11-01 13:50:00-04:00,74.62000274658203,74.69999694824219,74.62000274658203,74.69000244140625,5096.0,0.026815379182454357,0.10720208887129434,0.040228462481062266,0.11393215018835612
2024-11-01 13:51:00-04:00,74.69999694824219,74.70999908447266,74.63999938964844,74.69000244140625,5717.0,0.10720208887129434,0.01338974115006053,0.026797966135583273,0.0
2024-11-01 13:52:00-04:00,74.69999694824219,74.71499633789062,74.68000030517578,74.71499633789062,5571.0,0.0,0.006688868262894054,0.05359179508901413,0.03346351006479065
2024-11-01 13:53:00-04:00,74.70999908447266,74.83999633789062,74.69999694824219,74.81999969482422,65327.0,0.01338974115006053,0.16730242404709994,0.026776436776509982,0.1405385291845862
2024-11-01 13:54:00-04:00,74.81999969482422,74.83999633789062,74.81999969482422,74.83499908447266,2109.0,0.14723679788455346,0.0,0.16064625366072338,0.020047299799008655
2024-11-01 13:55:00-04:00,74.83499908447266,74.83999633789062,74.77999877929688,74.7925033569336,3544.0,0.020047299799008655,0.0,-0.05346286513031595,-0.05678589972466508
2024-11-01 13:56:00-04:00,74.80999755859375,74.80999755859375,74.77999877929688,74.77999877929688,2480.0,-0.03340886775542451,-0.04008388664455964,0.0,-0.016719025404243748
2024-11-01 13:57:00-04:00,74.7699966430664,74.7699966430664,74.72000122070312,74.75,4701.0,-0.05347001314365274,-0.05347001314365274,-0.080232093572008,-0.04011604678599845
2024-11-01 13:58:00-04:00,74.69999694824219,74.69999694824219,74.66000366210938,74.66000366210938,2413.0,-0.09362003205427571,-0.09362003205427571,-0.08029651714878128,-0.12039643864966143
2024-11-01 13:59:00-04:00,74.64749908447266,74.66999816894531,74.6449966430664,74.6500015258789,5254.0,-0.0702782676228253,-0.0401590100701843,-0.02010047991811703,-0.013396913661745113
2024-11-01 14:00:00-04:00,74.5999984741211,74.63999938964844,74.5999984741211,74.625,3976.0,-0.06363322406529592,-0.040175144010312636,-0.06028290035363648,-0.03349166157784467
2024-11-01 14:01:00-04:00,74.62999725341797,74.72000122070312,74.625,74.68000030517578,6411.0,0.04021284170305783,0.10718359017802825,0.03351411044274499,0.07370225149183618
2024-11-01 14:02:00-04:00,74.66999816894531,74.69989776611328,74.5999984741211,74.62310028076172,5495.0,0.05359897762224897,-0.02690505120638287,-0.03350288224979181,-0.07619178385316339
2024-11-01 14:03:00-04:00,74.62999725341797,74.62999725341797,74.62000274658203,74.62999725341797,1653.0,-0.0535702645081626,-0.09357511159409082,0.026815379182454357,0.009242409696597065
2024-11-01 14:04:00-04:00,74.63999938964844,74.69000244140625,74.63999938964844,74.68000030517578,2835.0,0.013402300145481938,0.08040357791321284,0.026797966135583273,0.0670012777677309
2024-11-01 14:05:00-04:00,74.69000244140625,74.69000244140625,74.62999725341797,74.66000366210938,4890.0,0.06699229925870576,0.0,-0.01340050416969163,-0.02677643677649888
2024-11-01 14:06:00-04:00,74.6449966430664,74.66000366210938,74.62999725341797,74.62999725341797,1054.0,-0.060256790559287676,-0.04016438387508536,0.0,-0.04019074098523534
2024-11-01 14:07:00-04:00,74.62999725341797,74.63999938964844,74.58000183105469,74.58000183105469,4949.0,-0.020094300117878827,-0.026793827323490227,-0.06699105480805212,-0.06699105480805212
2024-11-01 14:08:00-04:00,74.55000305175781,74.55999755859375,74.53500366210938,74.5353012084961,2663.0,-0.10718773228480805,-0.10718359017802825,-0.0603354355598551,-0.059936472862864854
2024-11-01 14:09:00-04:00,74.54000091552734,74.58000183105469,74.5199966430664,74.58000183105469,6407.0,-0.013416681181788181,0.02682976544523541,-0.020134189717091466,0.0599724182150263
2024-11-01 14:10:00-04:00,74.57499694824219,74.58000183105469,74.55500030517578,74.57520294189453,2287.0,0.046949332284684786,0.0,0.046972173491943714,-0.006434552215517364
2024-11-01 14:11:00-04:00,74.58000183105469,74.61000061035156,74.58000183105469,74.58999633789062,2444.0,0.006711207532439367,0.040223623706570066,0.033534338108198725,0.0198368833238316
2024-11-01 14:12:00-04:00,74.58999633789062,74.62999725341797,74.58999633789062,74.61000061035156,2241.0,0.01340105469369579,0.026801558642031154,0.01340105469369579,0.026818974987374844
2024-11-01 14:13:00-04:00,74.61000061035156,74.62999725341797,74.61000061035156,74.62999725341797,859.0,0.026818974987374844,0.0,0.026818974987374844,0.026801558642031154
2024-11-01 14:14:00-04:00,74.63999938964844,74.6500015258789,74.62999725341797,74.6500015258789,4020.0,0.040207450812856926,0.026804600290963876,0.026801558642031154,0.026804600290963876
2024-11-01 14:15:00-04:00,74.66999816894531,74.66999816894531,74.62999725341797,74.66999816894531,5592.0,0.0401912909193225,0.026787197130162532,0.0,0.026787197130162532
2024-11-01 14:16:00-04:00,74.66000366210938,74.66999816894531,74.62000274658203,74.62999725341797,7331.0,-0.013384903014623806,0.0,-0.013392077185803153,-0.0535702645081626
2024-11-01 14:17:00-04:00,74.62999725341797,74.68000030517578,74.62000274658203,74.68000030517578,3634.0,-0.04019074098523534,0.013395120497849966,0.0,0.0670012777677309
2024-11-01 14:18:00-04:00,74.69000244140625,74.72000122070312,74.69000244140625,74.69000244140625,3907.0,0.08040357791321284,0.05356308966775192,0.09380821796796113,0.01339332644563207
2024-11-01 14:19:00-04:00,74.69000244140625,74.69000244140625,74.62999725341797,74.66000366210938,8672.0,0.0,-0.04014825857439064,-0.08033898249683036,-0.04016438387508536
2024-11-01 14:20:00-04:00,74.66000366210938,74.66000366210938,74.54000091552734,74.58000183105469,6524.0,-0.04016438387508536,-0.04016438387508536,-0.12059003243028998,-0.10715487159196346
2024-11-01 14:21:00-04:00,74.58000183105469,74.58999633789062,74.55999755859375,74.58000183105469,4337.0,-0.10715487159196346,-0.09376817678121707,0.026826727690898444,0.0
2024-11-01 14:22:00-04:00,74.56999969482422,74.58000183105469,74.56999969482422,74.58000183105469,1027.0,-0.013411284506437138,-0.013399259051660728,0.013414882722617705,0.0
2024-11-01 14:23:00-04:00,74.58999633789062,74.66000366210938,74.58999633789062,74.66000366210938,4904.0,0.026815935561552706,0.10726981642601441,0.026815935561552706,0.10726981642601441
2024-11-01 14:24:00-04:00,74.68000030517578,74.75,74.68000030517578,74.75,5387.0,0.1206649305591112,0.12054156640270985,0.1206649305591112,0.12054156640270985
2024-11-01 14:25:00-04:00,74.75,74.76000213623047,74.72000122070312,74.7300033569336,4114.0,0.09373285288989397,0.013380784254812816,0.05356308966775192,-0.026751361961752096
2024-11-01 14:26:00-04:00,74.76000213623047,74.7699966430664,74.75,74.75,2700.0,0.013380784254812816,0.01336878885813686,0.04014825857439064,0.02675852023035219
2024-11-01 14:27:00-04:00,74.73999786376953,74.73999786376953,74.73500061035156,74.73780059814453,1720.0,-0.02675798808096097,-0.04012141319208462,-0.020066073108282456,-0.01632027004075942
2024-11-01 14:28:00-04:00,74.7300033569336,74.76000213623047,74.7300033569336,74.75499725341797,3182.0,-0.013372367034525379,0.026765149896568197,-0.006686630597652066,0.023009314076416487
2024-11-01 14:29:00-04:00,74.76000213623047,74.77999877929688,74.76000213623047,74.7699966430664,5364.0,0.04014288498501717,0.026747782898617345,0.04014288498501717,0.020064731723001827
2024-11-01 14:30:00-04:00,74.76000213623047,74.76000213623047,74.70999908447266,74.7300033569336,5272.0,0.0,-0.02674063037286789,-0.0668847650200588,-0.0534884150439785
2024-11-01 14:31:00-04:00,74.72000122070312,74.75,74.72000122070312,74.7300033569336,4520.0,-0.05350577097958942,-0.013378994040480485,0.013387948538401417,0.0
2024-11-01 14:32:00-04:00,74.73999786376953,74.75,74.7300033569336,74.73400115966797,2703.0,0.026762102167721125,0.0,0.013386156406669514,0.005349662190279325
2024-11-01 14:33:00-04:00,74.76000213623047,74.76000213623047,74.75,74.76000213623047,3804.0,0.026765149896568197,0.013380784254812816,0.02675852023035219,0.03479136157442664
2024-11-01 14:34:00-04:00,74.76000213623047,74.80000305175781,74.76000213623047,74.76499938964844,4469.0,0.0,0.053505770979578315,0.013380784254812816,0.006684394429079532
2024-11-01 14:35:00-04:00,74.79000091552734,74.79000091552734,74.7699966430664,74.7699966430664,2480.0,0.04012677693909783,-0.013371839334752611,0.01336878885813686,0.006683947647645461
2024-11-01 14:36:00-04:00,74.76000213623047,74.80999755859375,74.76000213623047,74.80999755859375,4982.0,-0.04011068181528632,0.026737054180525632,-0.013367001851893878,0.053498618862191094
2024-11-01 14:37:00-04:00,74.80000305175781,74.80500030517578,74.79000091552734,74.79000091552734,4788.0,0.053505770979578315,-0.006679927257124962,0.04012677693909783,-0.026729907390710128
2024-11-01 14:38:00-04:00,74.7699966430664,74.7699966430664,74.7249984741211,74.7300033569336,6416.0,-0.04011551800424673,-0.04679321163902905,-0.08691327799242865,-0.08022136363057264
2024-11-01 14:39:00-04:00,74.72000122070312,74.7750015258789,74.72000122070312,74.7699966430664,5522.0,-0.06686562071407387,0.006693704744153983,-0.006687525620630019,0.05351704046070438
2024-11-01 14:40:00-04:00,74.76000213623047,74.78500366210938,74.75,74.78500366210938,6319.0,0.05353441498106015,0.013376310299384464,0.04014825857439064,0.020070910414249354
2024-11-01 14:41:00-04:00,74.79000091552734,74.79000091552734,74.72000122070312,74.7300033569336,9725.0,0.04012677693909783,0.006682159755655448,-0.04013214621655381,-0.07354456439460089
2024-11-01 14:42:00-04:00,74.7300033569336,74.7300033569336,74.70500183105469,74.70500183105469,2420.0,-0.08022136363057264,-0.08022136363057264,-0.02007412928719532,-0.033455807247184666
2024-11-01 14:43:00-04:00,74.69999694824219,74.75,74.69499969482422,74.73999786376953,6162.0,-0.04015309426400604,0.02675852023035219,-0.01338884410054808,0.046845635308301325
2024-11-01 14:44:00-04:00,74.75,74.80000305175781,74.74500274658203,74.77999877929688,4301.0,0.06693849237029426,0.06689371472616834,0.06694297069698152,0.05352009187939988
2024-11-01 14:45:00-04:00,74.7699966430664,74.83999633789062,74.7699966430664,74.81300354003906,6556.0,0.026751361961752096,0.053466957889214406,0.03343888630136238,0.0441358134273262
2024-11-01 14:46:00-04:00,74.79000091552734,74.80000305175781,74.7699966430664,74.80000305175781,4771.0,0.026754411340190742,-0.05343838600986306,0.0,-0.017377310983501815
2024-11-01 14:47:00-04:00,74.77999877929688,74.80000305175781,74.7699966430664,74.79170227050781,3098.0,-0.013373627634749585,0.0,0.0,-0.011097300683604594
2024-11-01 14:48:00-04:00,74.79000091552734,74.80000305175781,74.76000213623047,74.7699966430664,6272.0,0.013375416413130559,0.0,-0.013367001851893878,-0.02902143791687628
2024-11-01 14:49:00-04:00,74.7699966430664,74.7750015258789,74.76000213623047,74.76000213623047,5573.0,-0.02674725526949917,-0.03342449847443252,0.0,-0.013367001851893878
2024-11-01 14:50:00-04:00,74.77999877929688,74.83450317382812,74.77999877929688,74.81500244140625,6344.0,0.013377205670095371,0.07957425173521493,0.026747782898617345,0.07356915944913833
2024-11-01 14:51:00-04:00,74.81999969482422,74.81999969482422,74.79000091552734,74.80999755859375,5577.0,0.05349146319912901,-0.019380738013607957,0.013375416413130559,-0.006689678071480909
2024-11-01 14:52:00-04:00,74.80000305175781,74.83000183105469,74.79000091552734,74.83000183105469,4633.0,-0.02672633406571867,0.013368265532287538,0.0,0.02674010575294261
2024-11-01 14:53:00-04:00,74.81999969482422,74.82499694824219,74.81999969482422,74.81999969482422,2724.0,0.0267334789445961,-0.006688337150917434,0.04011068181528632,-0.013366478665932657
2024-11-01 14:54:00-04:00,74.82499694824219,74.83000183105469,74.77999877929688,74.77999877929688,6970.0,0.006679034266698913,0.006688784519370827,-0.05346286513031595,-0.05346286513031595
2024-11-01 14:55:00-04:00,74.77999877929688,74.82499694824219,74.77999877929688,74.77999877929688,6225.0,-0.06013788276721943,-0.006688337150917434,0.0,0.0
2024-11-01 14:56:00-04:00,74.77999877929688,74.80000305175781,74.75499725341797,74.79000091552734,10220.0,0.0,-0.033403137325438426,-0.033433439806140886,0.013375416413130559
2024-11-01 14:57:00-04:00,74.79499816894531,74.83000183105469,74.79000091552734,74.83000183105469,4310.0,0.020058023392999225,0.040105318279359814,0.04682451126405418,0.0534843094500248
2024-11-01 14:58:00-04:00,74.83499908447266,74.86000061035156,74.81999969482422,74.86000061035156,6884.0,0.05348073602060577,0.040089240361917966,0.04011068181528632,0.040089240361917966
2024-11-01 14:59:00-04:00,74.86000061035156,74.9000015258789,74.86000061035156,74.87000274658203,7342.0,0.03340886775542451,0.05343429762383334,0.05346286513030485,0.013361122293509275
2024-11-01 15:00:00-04:00,74.8499984741211,74.875,74.80000305175781,74.80000305175781,6224.0,-0.013361122293509275,-0.03337987365763517,-0.08014635066067033,-0.09349498097542819
2024-11-01 15:01:00-04:00,74.80000305175781,74.80999755859375,74.7750015258789,74.80000305175781,5148.0,-0.06679415281560797,-0.08681461289649084,-0.03342449847443252,0.0
2024-11-01 15:02:00-04:00,74.80999755859375,74.80999755859375,74.79000091552734,74.79000091552734,5426.0,0.013361639609854592,0.0,0.020059363881452796,-0.013371839334752611
2024-11-01 15:03:00-04:00,74.78500366210938,74.80999755859375,74.76000213623047,74.79000091552734,10098.0,-0.03340983464783509,0.0,-0.04011068181528632,0.0
2024-11-01 15:04:00-04:00,74.78500366210938,74.83000183105469,74.78500366210938,74.82499694824219,5169.0,0.0,0.02674010575294261,0.0334423825100405,0.046792395088179894
2024-11-01 15:05:00-04:00,74.81999969482422,74.81999969482422,74.80000305175781,74.80000305175781,5752.0,0.046795521830778064,-0.013366478665932657,0.020056681037550206,-0.033403137325438426
2024-11-01 15:06:00-04:00,74.79540252685547,74.94000244140625,74.79000091552734,74.90499877929688,14488.0,-0.03287512439064111,0.16038859539093675,-0.013371839334752611,0.14036861397774825
2024-11-01 15:07:00-04:00,74.9000015258789,74.91999816894531,74.88500213623047,74.91000366210938,6620.0,0.1398468294704136,-0.026693717386228055,0.12702395980770387,0.006681640603511951
2024-11-01 15:08:00-04:00,74.91999816894531,74.9800033569336,74.91999816894531,74.9800033569336,5518.0,0.02669778726172023,0.08009235111428037,0.04673303293920572,0.09344505593666952
2024-11-01 15:09:00-04:00,74.98999786376953,75.04000091552734,74.98999786376953,75.0250015258789,7089.0,0.0934325901428501,0.0800180793646188,0.0934325901428501,0.0600135595234752
2024-11-01 15:10:00-04:00,75.01499938964844,75.05000305175781,75.01000213623047,75.0199966430664,14665.0,0.03333981409670006,0.013329072639178818,0.026675920830498967,-0.006670953296517013
2024-11-01 15:11:00-04:00,75.0199966430664,75.02999877929688,75.01000213623047,75.01000213623047,8689.0,0.0066616722770529435,-0.026654592468355887,0.0,-0.013322457055664483
2024-11-01 15:12:00-04:00,75.02999877929688,75.08000183105469,75.02999877929688,75.08000183105469,3494.0,0.013332626870221631,0.06664407913012926,0.026658635511145334,0.09332048104342405
2024-11-01 15:13:00-04:00,75.07499694824219,75.0999984741211,75.05999755859375,75.08999633789062,4555.0,0.059973570141824695,0.026633780738838375,0.039982380094549796,0.01331180952608424
2024-11-01 15:14:00-04:00,75.09500122070312,75.12000274658203,75.08999633789062,75.0999984741211,8194.0,0.026645718646811645,0.026636848025818338,0.03996640057635226,0.013320198053357046
2024-11-01 15:15:00-04:00,75.1050033569336,75.1050033569336,75.04000091552734,75.04000091552734,13298.0,0.013319310297466025,-0.019967237886076017,-0.06658066959853715,-0.07989022611555319
2024-11-01 15:16:00-04:00,75.05000305175781,75.06999969482422,75.0250015258789,75.05010223388672,8622.0,-0.07323121325805149,-0.04660629857510257,-0.01998852540703311,0.013461244984180887
2024-11-01 15:17:00-04:00,75.0199966430664,75.02999877929688,74.9800033569336,74.9800033569336,4795.0,-0.03998188870254493,-0.053284821752974665,-0.05997756485188743,-0.09340277343615755
2024-11-01 15:18:00-04:00,74.9800033569336,75.0,74.9219970703125,74.94999694824219,13938.0,-0.05331016785177223,-0.039982380094549796,-0.07736234198998382,-0.04001921492129412
2024-11-01 15:19:00-04:00,74.94999694824219,74.98999786376953,74.94999694824219,74.96499633789062,6931.0,-0.04001921492129412,-0.013336181640621891,0.03737203895326502,0.020012528698032384
2024-11-01 15:20:00-04:00,74.9760971069336,75.0,74.96499633789062,74.99500274658203,7335.0,0.03482342862459742,0.013337960415249484,0.020012528698032384,0.04002722624858457
2024-11-01 15:21:00-04:00,74.98999786376953,74.98999786376953,74.97000122070312,74.97000122070312,5960.0,0.018540251323173607,-0.013336181640621891,0.0066762930127195474,-0.03333758912362761
2024-11-01 15:22:00-04:00,74.97000122070312,75.00499725341797,74.97000122070312,75.00499725341797,7480.0,-0.02666574694765167,0.020001853681450577,0.0,0.04668004821264393
2024-11-01 15:23:00-04:00,75.0,75.0,74.97000122070312,74.97000122070312,11439.0,0.04001437749554526,-0.006662560630577019,0.0,-0.04665826811059981
2024-11-01 15:24:00-04:00,74.97000122070312,74.9800033569336,74.94499969482422,74.95999908447266,21288.0,-0.03999837239583304,-0.026662190755211146,-0.033348706778468795,-0.013341518030685062
2024-11-01 15:25:00-04:00,74.94999694824219,74.94999694824219,74.91000366210938,74.91500091552734,7149.0,-0.026683036061381227,-0.04001921492129412,-0.046695620598236065,-0.06002957509991802
2024-11-01 15:26:00-04:00,74.91500091552734,74.94000244140625,74.91500091552734,74.9219970703125,4740.0,-0.046692507191170574,-0.01333489959024492,0.00667100944289345,0.009338790228463623
2024-11-01 15:27:00-04:00,74.93000030517578,74.94000244140625,74.86000061035156,74.875,10190.0,0.02002187741458883,0.0,-0.07341694520941466,-0.06272799998696676
2024-11-01 15:28:00-04:00,74.87999725341797,74.88500213623047,74.86000061035156,74.88500213623047,12505.0,-0.06673301955713029,-0.07339245180674192,0.0,0.013358445716815659
2024-11-01 15:29:00-04:00,74.88999938964844,74.9000015258789,74.83000183105469,74.83000183105469,8166.0,0.013357554216542056,0.02002989813787437,-0.040073175330335165,-0.073446355888096
2024-11-01 15:30:00-04:00,74.80500030517578,74.83000183105469,74.80000305175781,74.83000183105469,37411.0,-0.11349857813512942,-0.09345753457699058,-0.040089240361917966,0.0
2024-11-01 15:31:00-04:00,74.80999755859375,74.83000183105469,74.77999877929688,74.79000091552734,13384.0,0.006680373501222192,0.0,-0.02674367866949412,-0.05345571902785062
2024-11-01 15:32:00-04:00,74.80000305175781,74.8550033569336,74.79000091552734,74.8550033569336,66344.0,-0.013359854514238823,0.03341109884689164,0.013375416413130559,0.08691327799241755
2024-11-01 15:33:00-04:00,74.86000061035156,74.87000274658203,74.81500244140625,74.83999633789062,10011.0,0.08021063655871963,0.020037925289928538,0.033428968542392745,-0.020048117520499176
2024-11-01 15:34:00-04:00,74.83499908447266,74.86000061035156,74.83000183105469,74.83499908447266,6261.0,-0.03339770995867131,-0.01335933733610517,0.020048638854475165,-0.006677249682651709
2024-11-01 15:35:00-04:00,74.8499984741211,74.86000061035156,74.83499908447266,74.83499908447266,5415.0,0.020043281662252,0.0,0.006678141515026326,0.0
2024-11-01 15:36:00-04:00,74.83100128173828,74.9000015258789,74.81999969482422,74.87000274658203,10916.0,-0.025380351062243012,0.05343429762383334,-0.020043281662240897,0.046774453848619224
2024-11-01 15:37:00-04:00,74.86000061035156,74.87999725341797,74.8499984741211,74.86000061035156,4880.0,0.03875309446161879,-0.02670797336903341,0.04009459959801731,-0.01335933733610517
2024-11-01 15:38:00-04:00,74.88999938964844,74.88999938964844,74.7699966430664,74.7699966430664,80554.0,0.04007317533032406,0.013357554216542056,-0.10688287599944779,-0.12022971754118705
2024-11-01 15:39:00-04:00,74.7699966430664,74.8499984741211,74.7699966430664,74.8499984741211,9936.0,-0.16023868014427567,-0.05341289338142152,0.0,0.10699723772438219
2024-11-01 15:40:00-04:00,74.8550033569336,74.8550033569336,74.81999969482422,74.83999633789062,12002.0,0.11369094246853617,0.006686550320011975,0.06687582453228647,-0.01336290772795401
2024-11-01 15:41:00-04:00,74.84500122070312,74.8499984741211,74.80000305175781,74.80000305175781,17123.0,-0.013362014270146272,-0.006686103250352904,-0.02672633406571867,-0.05343838600986306
2024-11-01 15:42:00-04:00,74.80000305175781,74.86000061035156,74.80000305175781,74.8550033569336,19016.0,-0.06012180935454081,0.01336290772795401,0.0,0.07352981675379233
2024-11-01 15:43:00-04:00,74.8550033569336,74.86000061035156,74.83000183105469,74.83000183105469,30320.0,0.07352981675379233,0.0,0.040105318279359814,-0.03339993956007481
2024-11-01 15:44:00-04:00,74.81999969482422,74.83499908447266,74.81500244140625,74.81999969482422,7673.0,-0.04676195383020998,-0.03339770995867131,-0.020044620180958983,-0.013366478665932657
2024-11-01 15:45:00-04:00,74.80999755859375,74.8499984741211,74.80000305175781,74.83999633789062,10225.0,-0.01336826553229864,0.020043281662252,-0.020048638854464063,0.02672633406570757
2024-11-01 15:46:00-04:00,74.8499984741211,74.87999725341797,74.83999633789062,74.84500122070312,10141.0,0.05347001314364164,0.040078530271769885,0.053466957889214406,0.006687443956976402
2024-11-01 15:47:00-04:00,74.83999633789062,74.83999633789062,74.79000091552734,74.80000305175781,13146.0,-0.01336290772795401,-0.05342002803762069,-0.06680307964949117,-0.06012180935454081
2024-11-01 15:48:00-04:00,74.79000091552734,74.79000091552734,74.70999908447266,74.7300033569336,13406.0,-0.06680307964949117,-0.06680307964949117,-0.10696861890007181,-0.09358247589346114
2024-11-01 15:49:00-04:00,74.7300033569336,74.73500061035156,74.66999816894531,74.66999816894531,9770.0,-0.08022136363057264,-0.07353965035767906,-0.05354158214099236,-0.08029597924902321
2024-11-01 15:50:00-04:00,74.66999816894531,74.69000244140625,74.61000061035156,74.66999816894531,26021.0,-0.08029597924902321,-0.060210301167884506,-0.08035028802063637,0.0
2024-11-01 15:51:00-04:00,74.6500015258789,74.69499969482422,74.63999938964844,74.63999938964844,22051.0,-0.026780023512473772,0.006690659063623983,0.040207450812856926,-0.040175144010312636
2024-11-01 15:52:00-04:00,74.6500015258789,74.73500061035156,74.6500015258789,74.7300033569336,21855.0,0.0,0.053552333744932845,0.01340050416969163,0.12058409434771988
2024-11-01 15:53:00-04:00,74.72000122070312,74.73500061035156,74.66500091552734,74.69000244140625,24903.0,0.09377052028585187,0.0,0.020092952902661665,-0.05352724973969325
2024-11-01 15:54:00-04:00,74.68000030517578,74.80000305175781,74.66999816894531,74.77999877929688,57578.0,-0.05353441498106015,0.08697724075117375,0.006692899426363752,0.12049315162525609
2024-11-01 15:55:00-04:00,74.7699966430664,74.7699966430664,74.66000366210938,74.69499969482422,48693.0,0.12050928966638175,-0.04011551800424673,-0.013384903014623806,-0.11366553337813778
2024-11-01 15:56:00-04:00,74.69499969482422,74.69999694824219,74.6449966430664,74.6449966430664,34622.0,-0.1003035329802171,-0.09362003205427571,-0.02010047991811703,-0.06694297069698152
2024-11-01 15:57:00-04:00,74.63999938964844,74.72000122070312,74.62999725341797,74.70500183105469,41439.0,-0.07363318214136383,0.02677948230012106,-0.020094300117878827,0.08038742137697064
2024-11-01 15:58:00-04:00,74.69999694824219,74.79499816894531,74.69000244140625,74.79499816894531,74798.0,0.080382581838645,0.1003706464359766,0.08040357791321284,0.12046895881772102
2024-11-01 15:59:00-04:00,74.78500366210938,74.87000274658203,74.78500366210938,74.83999633789062,214707.0,0.11379747970550191,0.10028020519139424,0.1271940254355286,0.060162002870400855
2024-11-04 09:30:00-05:00,74.11430358886719,74.20999908447266,73.91999816894531,74.20999908447266,66792.0,-0.8968376551434232,-0.8815328407871692,-1.1566563492759752,-0.8417922023587932
2024-11-04 09:31:00-05:00,74.1449966430664,74.68000030517578,74.1449966430664,74.45999908447266,11786.0,0.04141313176129202,0.6333394778352153,0.3043810601927488,0.3368818260129913
2024-11-04 09:32:00-05:00,74.52999877929688,74.54000091552734,74.29000091552734,74.32499694824219,6531.0,0.519255720091083,-0.18746570577977684,0.19556851982742707,-0.18130827006499484
2024-11-04 09:33:00-05:00,74.33999633789062,74.45999908447266,74.25,74.37999725341797,20684.0,-0.2549341802203675,-0.10732738136849385,-0.05384427922248136,0.07399974091366612
2024-11-04 09:34:00-05:00,74.33999633789062,74.45999908447266,74.21499633789062,74.2699966430664,33842.0,0.0,0.0,-0.04714297927188582,-0.14789004357822488
2024-11-04 09:35:00-05:00,74.2699966430664,74.2699966430664,74.08999633789062,74.12999725341797,22814.0,-0.09416155269372783,-0.25517384332854887,-0.16842957106794065,-0.18850060047970185
2024-11-04 09:36:00-05:00,74.13999938964844,74.13999938964844,73.87999725341797,73.91000366210938,6173.0,-0.17503333687050038,-0.17503333687050038,-0.2834378389154568,-0.29676729995892215
2024-11-04 09:37:00-05:00,73.92749786376953,73.9749984741211,73.83000183105469,73.87000274658203,5489.0,-0.28662196874603696,-0.22255316547842297,-0.06767112103671646,-0.0541211115483331
2024-11-04 09:38:00-05:00,73.8499984741211,73.98500061035156,73.8499984741211,73.93499755859375,13177.0,-0.10483161460603796,0.013520968485014606,0.027084711594849153,0.08798539271033246
2024-11-04 09:39:00-05:00,73.88500213623047,74.19000244140625,73.80000305175781,74.19000244140625,12065.0,0.04739832475642025,0.277085665153054,-0.06769860987986265,0.3449041607263226
2024-11-04 09:40:00-05:00,74.08000183105469,74.5,74.04000091552734,74.45999908447266,13723.0,0.26392324448292204,0.4178427664004669,0.325200343963683,0.3639259120925997
2024-11-04 09:41:00-05:00,74.5,74.68000030517578,74.4800033569336,74.58499908447266,18496.0,0.5669521578889114,0.24161114788694427,0.5942766558150847,0.16787537138993613
2024-11-04 09:42:00-05:00,74.58999633789062,74.62000274658203,74.4905014038086,74.61000061035156,8830.0,0.12080045354445623,-0.0803395264442619,0.014095121377333264,0.03352085028598406
2024-11-04 09:43:00-05:00,74.62999725341797,74.79000091552734,74.62000274658203,74.75,13057.0,0.05362772153270079,0.2278184973038,0.17384947118481708,0.18764158759303484
2024-11-04 09:44:00-05:00,74.76499938964844,74.87000274658203,74.7300033569336,74.87000274658203,10686.0,0.1808952716051193,0.10696861890007181,0.14741437456808892,0.16053879141408878
2024-11-04 09:45:00-05:00,74.83000183105469,74.88500213623047,74.7750015258789,74.88500213623047,10599.0,0.0869423419205484,0.02003391090983353,0.060214327477536855,0.02003391090983353
2024-11-04 09:46:00-05:00,74.87999725341797,74.91999816894531,74.80999755859375,74.80999755859375,16065.0,0.06681200205789217,0.04673303293920572,0.046801781344973925,-0.10015967883698629
2024-11-04 09:47:00-05:00,74.7750015258789,74.83999633789062,74.75,74.82499694824219,11529.0,-0.14021865837378078,-0.10678301255998557,-0.08019992053436287,0.020049980133585166
2024-11-04 09:48:00-05:00,74.80999755859375,74.81999969482422,74.7249984741211,74.75,9278.0,0.046801781344973925,-0.02671919300493153,-0.03344685736308417,-0.10022980461203979
2024-11-04 09:49:00-05:00,74.72750091552734,74.73500061035156,74.48999786376953,74.48999786376953,14722.0,-0.11027489073475172,-0.11360476452733081,-0.3144872735366455,-0.34782894478992965
2024-11-04 09:50:00-05:00,74.54000091552734,74.54000091552734,74.4000015258789,74.4000015258789,11329.0,-0.2509116425717939,-0.2609215136571641,-0.12081667401201424,-0.12081667401201424
2024-11-04 09:51:00-05:00,74.5,74.52040100097656,74.40499877929688,74.45999908447266,5999.0,-0.05366369068424692,-0.02629449196410727,0.0067167383272614956,0.08064187817642399
2024-11-04 09:52:00-05:00,74.47000122070312,74.6050033569336,74.47000122070312,74.58499908447266,9019.0,-0.04026681784815578,0.11352912064432896,0.08736300312168765,0.16787537138993613
2024-11-04 09:53:00-05:00,74.55999755859375,74.71499633789062,74.52999877929688,74.69999694824219,9779.0,0.12084911563772227,0.14743378594970213,0.08056607709181485,0.1541836363627036
2024-11-04 09:54:00-05:00,74.69999694824219,74.77999877929688,74.69999694824219,74.77999877929688,5335.0,0.18776742788706446,0.08700052812997683,0.22809361563083108,0.10709750244048966
2024-11-04 09:55:00-05:00,74.75,74.83000183105469,74.73999786376953,74.82499694824219,7775.0,0.06693849237029426,0.06686687961228177,0.053548751220233726,0.060174070178997674
2024-11-04 09:56:00-05:00,74.83999633789062,74.8499984741211,74.80000305175781,74.8499984741211,7951.0,0.12039643864967253,0.026722761695974206,0.08028524177596807,0.03341333364330623
2024-11-04 09:57:00-05:00,74.94000244140625,74.98999786376953,74.94000244140625,74.96499633789062,2684.0,0.13362654784763173,0.18703993654300977,0.18716495178692227,0.1536377636791597
2024-11-04 09:58:00-05:00,74.98999786376953,75.05999755859375,74.97000122070312,75.02999877929688,9530.0,0.06671393212507315,0.093345375141074,0.040030395409096364,0.08671039095802247
2024-11-04 09:59:00-05:00,75.01499938964844,75.12999725341797,75.0,75.07499694824219,8560.0,0.03333981409670006,0.09325832280979718,0.04001437749554526,0.059973570141824695
2024-11-04 10:00:00-05:00,75.05500030517578,75.13999938964844,74.87000274658203,74.91000366210938,29741.0,0.053323889692480364,0.013313106077639247,-0.17332967122395404,-0.2197712858337697
2024-11-04 10:01:00-05:00,74.91000366210938,75.12999725341797,74.91000366210938,75.12999725341797,7717.0,-0.19318718603270613,-0.013311333925625224,0.05342715915577223,0.29367718669579546
2024-11-04 10:02:00-05:00,75.12000274658203,75.20500183105469,75.06999969482422,75.08999633789062,19998.0,0.28033516781000856,0.09983306319540919,0.2135843343921362,-0.05324226938597798
2024-11-04 10:03:00-05:00,75.06999969482422,75.06999969482422,74.95999908447266,74.95999908447266,9291.0,-0.06656423047067817,-0.17951217730669544,-0.1465307190605336,-0.17312193335714543
2024-11-04 10:04:00-05:00,74.94999694824219,75.01000213623047,74.94000244140625,74.9749984741211,8805.0,-0.1598544652589129,-0.07992215110916856,-0.026676418504045785,0.02000985836663194
2024-11-04 10:05:00-05:00,74.9749984741211,75.0,74.91500091552734,74.95999908447266,9850.0,0.033357607600925654,-0.013334403340370393,-0.03336205639765666,-0.020005855223348412
2024-11-04 10:06:00-05:00,74.95999908447266,75.01499938964844,74.88999938964844,74.93000030517578,7130.0,-0.020005855223348412,0.01999918619792762,-0.03337319038024811,-0.04001971673327498
2024-11-04 10:07:00-05:00,74.91999816894531,74.94499969482422,74.81999969482422,74.91999816894531,4951.0,-0.053363014962504174,-0.0933142643388174,-0.09347001655055642,-0.01334864031726779
2024-11-04 10:08:00-05:00,74.93000030517578,74.94999694824219,74.86499786376953,74.94999694824219,9078.0,0.013350422417146568,0.00666789437362425,0.060141899397025966,0.04004108386286287
2024-11-04 10:09:00-05:00,74.93499755859375,74.97000122070312,74.9000015258789,74.94999694824219,7612.0,0.006669229144029565,0.026690157805808745,0.0467557110908734,0.0
2024-11-04 10:10:00-05:00,74.93000030517578,75.04000091552734,74.91000366210938,74.91799926757812,9369.0,-0.0066687843875090635,0.09337027302180889,0.013353986684516705,-0.04269203731410709
2024-11-04 10:11:00-05:00,74.91999816894531,74.9800033569336,74.91999816894531,74.94000244140625,7524.0,-0.01334864031726779,-0.07995410162813243,0.0133420188857869,0.02936967623698994
2024-11-04 10:12:00-05:00,74.91500091552734,74.94000244140625,74.8499984741211,74.87000274658203,4906.0,-0.006670119514284867,-0.05334877798941484,-0.0934325901428501,-0.0934076495112901
2024-11-04 10:13:00-05:00,74.83000183105469,74.91000366210938,74.83000183105469,74.88500213623047,6988.0,-0.11346070003857012,-0.04003039540908526,-0.026715622543826978,0.02003391090983353
2024-11-04 10:14:00-05:00,74.86000061035156,74.87000274658203,74.75,74.76499938964844,6962.0,0.040089240361917966,-0.05339862978483989,-0.10691143805570125,-0.1602493732506316
2024-11-04 10:15:00-05:00,74.7750015258789,74.90499877929688,74.7750015258789,74.90499877929688,7335.0,-0.11354406061934164,0.046742395393373215,0.03344685736308417,0.1872525791364099
2024-11-04 10:16:00-05:00,74.94999694824219,75.0199966430664,74.94000244140625,75.0199966430664,12725.0,0.23402931299536522,0.15352495246461206,0.22066320583120635,0.15352495246461206
2024-11-04 10:17:00-05:00,75.01000213623047,75.08000183105469,74.99500274658203,75.05999755859375,7764.0,0.08006029410476678,0.07998559140676154,0.07339245180675302,0.053320337666318274
2024-11-04 10:18:00-05:00,75.06999969482422,75.18000030517578,75.06999969482422,75.18000030517578,7471.0,0.07998607770305366,0.13318922706755387,0.10000259416698132,0.15987576670031256
2024-11-04 10:19:00-05:00,75.18000030517578,75.22000122070312,75.18000030517578,75.19999694824219,2326.0,0.1465307190605225,0.05320685736229791,0.1465307190605225,0.0265983545959525
2024-11-04 10:20:00-05:00,75.16999816894531,75.18000030517578,75.11000061035156,75.16999816894531,10776.0,-0.013304251383172705,-0.053178562720279654,-0.09310946334141201,-0.039891995364738086
2024-11-04 10:21:00-05:00,75.1500015258789,75.2300033569336,75.13500213623047,75.2300033569336,6856.0,-0.026601893778765984,0.06651110874547062,0.03328654729828351,0.07982598037772348
2024-11-04 10:22:00-05:00,75.2300033569336,75.33000183105469,75.19000244140625,75.33000183105469,7949.0,0.10645619352001034,0.13292366032027214,0.07320197459508293,0.13292366032027214
2024-11-04 10:23:00-05:00,75.30999755859375,75.36499786376953,75.30999755859375,75.34500122070312,13802.0,0.10633284340109128,0.04645696517215914,0.15958919176921604,0.01991157478276051
2024-11-04 10:24:00-05:00,75.36000061035156,75.43000030517578,75.3550033569336,75.42500305175781,5938.0,0.06639629979925399,0.08625017348735664,0.0597607220805374,0.10618067523862074
2024-11-04 10:25:00-05:00,75.45999908447266,75.48999786376953,75.41999816894531,75.42500305175781,7377.0,0.13269436479723673,0.07954071105795713,0.08625148844312314,0.0
2024-11-04 10:26:00-05:00,75.42500305175781,75.42500305175781,75.33999633789062,75.41500091552734,12972.0,-0.04637693233426887,-0.08609724976944566,-0.1060750901577534,-0.01326103523470179
2024-11-04 10:27:00-05:00,75.43000030517578,75.43000030517578,75.39830017089844,75.40499877929688,4826.0,0.006625460014286766,0.006625460014286766,0.07738762389413179,-0.013262794018487067
2024-11-04 10:28:00-05:00,75.41999816894531,75.41999816894531,75.38500213623047,75.41500091552734,5462.0,-0.0132601566883217,-0.0132601566883217,-0.017637048365581887,0.013264553268865775
2024-11-04 10:29:00-05:00,75.43000030517578,75.43000030517578,75.33999633789062,75.37999725341797,11271.0,0.013261915239071165,0.013261915239071165,-0.05970126293624034,-0.04641472079086606
2024-11-04 10:30:00-05:00,75.37999725341797,75.47000122070312,75.37999725341797,75.41999816894531,9923.0,-0.06629066890562196,0.05303051221730026,0.05309386444345421,0.053065689818043715
2024-11-04 10:31:00-05:00,75.41999816894531,75.47000122070312,75.41999816894531,75.45999908447266,4442.0,0.053065689818043715,0.0,0.053065689818043715,0.05303754507888225
2024-11-04 10:32:00-05:00,75.47000122070312,75.5199966430664,75.43499755859375,75.5199966430664,7248.0,0.06629946031793121,0.06624542408191214,0.019887814919905544,0.07950909001017692
2024-11-04 10:33:00-05:00,75.5199966430664,75.54499816894531,75.37999725341797,75.4000015258789,17782.0,0.06624542408191214,0.03310583552733615,-0.0729108596219663,-0.15889184655905053
2024-11-04 10:34:00-05:00,75.38500213623047,75.44000244140625,75.37000274658203,75.43000030517578,11699.0,-0.17875332737893324,-0.1389843538075919,-0.013258831520435166,0.03978617863367173
2024-11-04 10:35:00-05:00,75.43499755859375,75.4800033569336,75.43000030517578,75.44000244140625,7991.0,0.06632011798970439,0.053023481220604296,0.07960402866837857,0.0132601566883217
2024-11-04 10:36:00-05:00,75.43000030517578,75.56999969482422,75.41999816894531,75.56999969482422,7199.0,-0.006624582196201878,0.11923202687875722,-0.0132601566883217,0.17231872907075285
2024-11-04 10:37:00-05:00,75.56999969482422,75.57499694824219,75.54499816894531,75.54499816894531,6714.0,0.18560173549253545,0.006612747701661981,0.16573853491748114,-0.03308393010437172
2024-11-04 10:38:00-05:00,75.543701171875,75.55999755859375,75.4800033569336,75.4800033569336,9901.0,-0.03480021576739434,-0.019847026469232976,-0.08603456692972689,-0.08603456692972689
2024-11-04 10:39:00-05:00,75.4800033569336,75.4800033569336,75.38999938964844,75.3949966430664,11344.0,-0.08431916090063662,-0.1058684545325983,-0.11924213471420364,-0.11262150249941039
2024-11-04 10:40:00-05:00,75.41000366210938,75.46499633789062,75.41000366210938,75.45999908447266,8684.0,-0.0927393901841822,-0.019882112315239286,0.026534384696774715,0.08621585556132239
2024-11-04 10:41:00-05:00,75.45999908447266,75.48999786376953,75.43499755859375,75.47000122070312,5405.0,0.06629813013574459,0.03312996368138865,0.033144006458840636,0.013254885173363817
2024-11-04 10:42:00-05:00,75.47000122070312,75.4800033569336,75.38999938964844,75.47000122070312,54109.0,0.013254885173363817,-0.013239511350859878,-0.059651581363628914,0.0
2024-11-04 10:43:00-05:00,75.4800033569336,75.55000305175781,75.45999908447266,75.55000305175781,9506.0,0.013253128486412358,0.0927393901841711,0.09285010663342419,0.10600480954112701
2024-11-04 10:44:00-05:00,75.53500366210938,75.5999984741211,75.53500366210938,75.58999633789062,20976.0,0.07286738570437823,0.06617527510757171,0.09939647302772414,0.05293618069799333
2024-11-04 10:45:00-05:00,75.58999633789062,75.58999633789062,75.41000366210938,75.43000030517578,46699.0,0.07280422733180192,-0.013230339196224072,-0.16548619042789925,-0.21166297190921002
2024-11-04 10:46:00-05:00,75.43000030517578,75.43000030517578,75.25,75.25,10793.0,-0.21166297190921002,-0.21166297190921002,-0.2121782977578257,-0.2386322477098468
2024-11-04 10:47:00-05:00,75.30999755859375,75.38999938964844,75.30460357666016,75.3499984741211,5560.0,-0.1590915366518897,-0.05303051221730026,0.07256289257162596,0.13288833770244146
2024-11-04 10:48:00-05:00,75.36499786376953,75.36499786376953,75.30999755859375,75.32499694824219,8667.0,0.07303187751797058,-0.03316292091963824,0.007162884707434536,-0.03318052605866262
2024-11-04 10:49:00-05:00,75.30000305175781,75.41999816894531,75.30000305175781,75.41999816894531,8191.0,-0.08624005022757064,0.07297857989090328,-0.013271155437444282,0.12612177172526273
2024-11-04 10:50:00-05:00,75.40499877929688,75.40499877929688,75.30999755859375,75.30999755859375,5300.0,0.13943655150570056,-0.019887814919905544,0.013272916906870158,-0.1458507199975756
2024-11-04 10:51:00-05:00,75.30000305175781,75.36000061035156,75.27999877929688,75.33499908447266,7019.0,-0.13924239670950467,-0.059675312875495656,-0.039833727618343584,0.03319814989961589
2024-11-04 10:52:00-05:00,75.31300354003906,75.33999633789062,75.27999877929688,75.27999877929688,5627.0,0.01726492397657875,-0.026544947318096757,0.0,-0.07300764033210116
2024-11-04 10:53:00-05:00,75.26000213623047,75.33000183105469,75.25499725341797,75.30999755859375,5770.0,-0.07037483743483897,-0.013265871146461716,-0.03321137922996931,0.03984960119993719
2024-11-04 10:54:00-05:00,75.33000183105469,75.36000061035156,75.33000183105469,75.3550033569336,6679.0,0.09301048742664797,0.03982314956549882,0.09966723855445725,0.0597607220805374
2024-11-04 10:55:00-05:00,75.3550033569336,75.37000274658203,75.19000244140625,75.19499969482422,3829.0,0.033189333958838496,0.01327247365905393,-0.18584811661417344,-0.21233316300377503
2024-11-04 10:56:00-05:00,75.19000244140625,75.21499633789062,75.1500015258789,75.1500015258789,4048.0,-0.21896477762171074,-0.20566061170593786,-0.05319977952988886,-0.059841969715990206
2024-11-04 10:57:00-05:00,75.12999725341797,75.20999908447266,75.12999725341797,75.19999694824219,3673.0,-0.07980474270504745,-0.006643958866292543,-0.02661912449070103,0.06652750678397545
2024-11-04 10:58:00-05:00,75.19999694824219,75.22000122070312,75.18499755859375,75.22000122070312,4517.0,0.09317143269433892,0.013298944757633713,0.0732068510401529,0.02660142722439307
2024-11-04 10:59:00-05:00,75.21499633789062,75.23999786376953,75.18000030517578,75.18000030517578,4812.0,0.01994599768235794,0.026584209973257167,-0.006646609802807291,-0.053178562720279654
2024-11-04 11:00:00-05:00,75.18000030517578,75.2300033569336,75.18000030517578,75.18000030517578,5331.0,-0.04652799896130988,-0.013283502285621474,0.0,0.0
2024-11-04 11:01:00-05:00,75.18499755859375,75.26000213623047,75.18499755859375,75.25,5516.0,0.0066470516063787954,0.03987608395354947,0.0066470516063787954,0.09310946334140091
2024-11-04 11:02:00-05:00,75.27999877929688,75.33999633789062,75.27999877929688,75.33999633789062,3565.0,0.126356618724488,0.10629045892844857,0.126356618724488,0.11959646231312071
2024-11-04 11:03:00-05:00,75.36949920654297,75.38500213623047,75.23999786376953,75.25499725341797,5625.0,0.11889004874785503,0.05973692663587826,-0.0531361798299379,-0.11282066446014483
2024-11-04 11:04:00-05:00,75.24259948730469,75.25499725341797,75.16999816894531,75.22000122070312,6923.0,-0.16837012395495288,-0.17245457203485248,-0.09303521638976964,-0.046503267546471605
2024-11-04 11:05:00-05:00,75.23999786376953,75.26000213623047,75.19999694824219,75.19999694824219,3244.0,-0.0034576470681280114,0.006650565404497932,0.03990791542851646,-0.026594352747011385
2024-11-04 11:06:00-05:00,75.20500183105469,75.26000213623047,75.20500183105469,75.26000213623047,2732.0,-0.04651253815585177,0.0,0.0066554295420351295,0.0797941362013388
2024-11-04 11:07:00-05:00,75.2699966430664,75.30999755859375,75.26499938964844,75.30999755859375,3802.0,0.08642352294296884,0.06643026965742482,0.07977868111557207,0.06643026965742482
2024-11-04 11:08:00-05:00,75.29000091552734,75.37000274658203,75.25,75.37000274658203,4911.0,0.026576688392587755,0.07967758588969254,-0.019928771367927478,0.07967758588969254
2024-11-04 11:09:00-05:00,75.3499984741211,75.3499984741211,75.31520080566406,75.31999969482422,1465.0,0.07968861450946552,-0.026541424614512366,0.08664558892235164,-0.06634343894870165
2024-11-04 11:10:00-05:00,75.31999969482422,75.3499984741211,75.31500244140625,75.3499984741211,4426.0,-0.039812581160403315,0.0,-0.00026337878102911105,0.03982843788956636
2024-11-04 11:11:00-05:00,75.31999969482422,75.375,75.30000305175781,75.375,3035.0,0.0,0.033180526058651516,-0.019915540280446287,0.033180526058651516
2024-11-04 11:12:00-05:00,75.4000015258789,75.41999816894531,75.36000061035156,75.375,2691.0,0.10621592057731277,0.059699063277363074,0.07967802943182889,0.0
2024-11-04 11:13:00-05:00,75.37000274658203,75.43499755859375,75.36000061035156,75.43499755859375,5242.0,-0.03978617863367173,0.019887814919905544,0.0,0.0795987510364915
2024-11-04 11:14:00-05:00,75.44819641113281,75.44819641113281,75.37000274658203,75.37000274658203,4482.0,0.10374640002825952,0.017496988090726084,0.01327247365905393,-0.08616002401435896
2024-11-04 11:15:00-05:00,75.37000274658203,75.38999938964844,75.37000274658203,75.37999725341797,2211.0,-0.10363887842287367,-0.07713507313978907,0.0,0.01326058971968802
2024-11-04 11:16:00-05:00,75.36000061035156,75.375,75.30999755859375,75.33000183105469,2688.0,-0.013270712307256183,-0.019895728571261984,-0.07961415125595783,-0.06632452133846778
2024-11-04 11:17:00-05:00,75.31500244140625,75.31999969482422,75.29499816894531,75.30500030517578,5060.0,-0.0597109455690914,-0.0729688957555985,-0.019916863809177343,-0.033189333958838496
2024-11-04 11:18:00-05:00,75.27999877929688,75.27999877929688,75.2300033569336,75.23999786376953,3197.0,-0.04647634730757799,-0.053107960288656386,-0.08632022523712424,-0.08631889136554438
2024-11-04 11:19:00-05:00,75.25,75.30000305175781,75.25,75.29000091552734,4031.0,-0.03984960119994829,0.02657315725997922,0.02658067549397014,0.06645807174043838
2024-11-04 11:20:00-05:00,75.27999877929688,75.31939697265625,75.25,75.27999877929688,7144.0,0.039865487437706904,0.025755537997929068,0.0,-0.013284813532798978
2024-11-04 11:21:00-05:00,75.25499725341797,75.25499725341797,75.25,75.25499725341797,2520.0,-0.03321137922996931,-0.08550217052541997,0.0,-0.03321137922996931
2024-11-04 11:22:00-05:00,75.25060272216797,75.31500244140625,75.25060272216797,75.27999877929688,3735.0,-0.0058395208429873335,0.07973581845497346,0.0008009596916602746,0.03322241285148575
2024-11-04 11:23:00-05:00,75.28500366210938,75.28500366210938,75.26499938964844,75.27999877929688,4137.0,0.04571516864577685,-0.03983108056089257,0.019131630790547582,0.0
2024-11-04 11:24:00-05:00,75.28500366210938,75.30000305175781,75.2699966430664,75.27999877929688,4218.0,0.0,0.019923476016225905,0.006639544886066773,0.0
2024-11-04 11:25:00-05:00,75.27999877929688,75.34500122070312,75.27999877929688,75.33000183105469,3628.0,-0.0066479146829334645,0.05975852207387167,0.013288344196293878,0.06642275845993861
2024-11-04 11:26:00-05:00,75.3499984741211,75.36000061035156,75.30000305175781,75.30000305175781,3407.0,0.0929857810298973,0.019907610863922898,0.02657315725997922,-0.03982314956549882
2024-11-04 11:27:00-05:00,75.29499816894531,75.29499816894531,75.2249984741211,75.2249984741211,3158.0,-0.07299310721906593,-0.08625589288718816,-0.099607668787427,-0.099607668787427
2024-11-04 11:28:00-05:00,75.2300033569336,75.30000305175781,75.19999694824219,75.30000305175781,7988.0,-0.08632022523712424,0.006647032252082852,-0.0332356615301288,0.09970698459040861
2024-11-04 11:29:00-05:00,75.2699966430664,75.2699966430664,75.19999694824219,75.2249984741211,5953.0,0.05316135098794028,-0.03984914671355533,0.0,-0.099607668787427
2024-11-04 11:30:00-05:00,75.19999694824219,75.19999694824219,75.11000061035156,75.12000274658203,4324.0,-0.0929981373005262,-0.0929981373005262,-0.11967598609421426,-0.13957557948662824
2024-11-04 11:31:00-05:00,75.08000183105469,75.0999984741211,75.06999969482422,75.07499694824219,4611.0,-0.15956798145895235,-0.1329766997064108,-0.053256444151639215,-0.05991186993385966
2024-11-04 11:32:00-05:00,75.05500030517578,75.05999755859375,74.99500274658203,75.0199966430664,7494.0,-0.03329984718856149,-0.05326353707068021,-0.09990268888646625,-0.07326048273261776
2024-11-04 11:33:00-05:00,74.9800033569336,75.06999969482422,74.9800033569336,75.0199966430664,6647.0,-0.09992265397008593,0.01332552165707046,-0.020000518833396264,0.0
2024-11-04 11:34:00-05:00,74.97000122070312,74.9800033569336,74.97000122070312,74.97000122070312,1771.0,-0.01333973830709434,-0.11988322666375284,-0.01333973830709434,-0.06664279472198276
2024-11-04 11:35:00-05:00,74.94000244140625,74.9749984741211,74.93000030517578,74.97000122070312,4210.0,-0.040014377495556364,-0.006674956773045082,-0.053355895526241426,0.0
2024-11-04 11:36:00-05:00,74.95500183105469,74.95500183105469,74.88999938964844,74.91000366210938,4601.0,0.02001519770453708,-0.02667108165838039,-0.0533843792398625,-0.08002875499111273
2024-11-04 11:37:00-05:00,74.86499786376953,74.9000015258789,74.86499786376953,74.87000274658203,3786.0,-0.1200773331818783,-0.07337776510198957,-0.03338433179685962,-0.05339862978483989
2024-11-04 11:38:00-05:00,74.86000061035156,74.88999938964844,74.86000061035156,74.88999938964844,3439.0,-0.0066750197830312,-0.013353986684516705,-0.0066750197830312,0.02670848448356189
2024-11-04 11:39:00-05:00,74.87000274658203,74.91000366210938,74.86000061035156,74.88500213623047,4899.0,0.013361122293509275,0.026711540424595448,0.0,-0.006672791372275277
2024-11-04 11:40:00-05:00,74.9000015258789,74.91000366210938,74.9000015258789,74.91000366210938,1292.0,0.04006782181966706,0.0,0.05343429762383334,0.033386559612336164
2024-11-04 11:41:00-05:00,74.88629913330078,74.91000366210938,74.88629913330078,74.91000366210938,2806.0,-0.018294248730277296,0.0,-0.018294248730277296,0.0
2024-11-04 11:42:00-05:00,74.91000366210938,74.91999816894531,74.87000274658203,74.87999725341797,3043.0,0.031654026281091596,0.0133420188857869,-0.021761506320061574,-0.04005661089906409
2024-11-04 11:43:00-05:00,74.86000061035156,74.86000061035156,74.77999877929688,74.77999877929688,5132.0,-0.06675083341786126,-0.08008216772570353,-0.12021365564763853,-0.13354497567977797
2024-11-04 11:44:00-05:00,74.75,74.80000305175781,74.75,74.79000091552734,4984.0,-0.14694177057801294,-0.08014635066067033,-0.04011604678599845,0.013375416413130559
2024-11-04 11:45:00-05:00,74.7699966430664,74.83000183105469,74.70999908447266,74.83000183105469,10919.0,0.026751361961752096,0.040105318279359814,-0.053512930471366627,0.0534843094500248
2024-11-04 11:46:00-05:00,74.76000213623047,74.76000213623047,74.69000244140625,74.72000122070312,6734.0,-0.013367001851893878,-0.09354495938975749,-0.026765685064189526,-0.1470006784176081
2024-11-04 11:47:00-05:00,74.72000122070312,74.7300033569336,74.70500183105469,74.70999908447266,3885.0,-0.05350577097958942,-0.04012677693910893,0.02008219193754268,-0.013386156406669514
2024-11-04 11:48:00-05:00,74.69499969482422,74.7300033569336,74.69000244140625,74.7300033569336,3315.0,-0.03346028569386483,0.0,-0.020078159802949802,0.026775897076802835
2024-11-04 11:49:00-05:00,74.66999816894531,74.69000244140625,74.66999816894531,74.69000244140625,1404.0,-0.03347148534849076,-0.05352724973969325,-0.026783065747826296,-0.05352724973969325
2024-11-04 11:50:00-05:00,74.66000366210938,74.68000030517578,74.6500015258789,74.67500305175781,3090.0,-0.013384903014623806,-0.013391532873918699,-0.026780023512473772,-0.02008219193754268
2024-11-04 11:51:00-05:00,74.66999816894531,74.69999694824219,74.66999816894531,74.68000030517578,2892.0,0.013386694810746391,0.026776436776509982,0.026787197130162532,0.006692002964503452
2024-11-04 11:52:00-05:00,74.68499755859375,74.68499755859375,74.66000366210938,74.66000366210938,2219.0,0.020087572005156318,-0.0200795050350977,-0.013384903014623806,-0.02677643677649888
2024-11-04 11:53:00-05:00,74.66999816894531,74.68000030517578,74.62000274658203,74.68000030517578,5276.0,-0.02008353771005833,-0.006691107426293197,-0.05357743579598173,0.026783608472480402
2024-11-04 11:54:00-05:00,74.61000061035156,74.61000061035156,74.61000061035156,74.61000061035156,365.0,-0.08035028802063637,-0.09373285288989397,-0.01340409523226116,-0.09373285288989397
2024-11-04 11:55:00-05:00,74.5999984741211,74.68000030517578,74.5999984741211,74.66000366210938,7377.0,-0.01340589217081467,0.09382079379651742,-0.01340589217081467,0.06701923515448627
2024-11-04 11:56:00-05:00,74.61000061035156,74.61000061035156,74.55999755859375,74.55999755859375,3497.0,0.013407689591216077,-0.09373285288989397,-0.05362053129427391,-0.1339486989154537
2024-11-04 11:57:00-05:00,74.54000091552734,74.54000091552734,74.4800033569336,74.51000213623047,7421.0,-0.09382079379651742,-0.09382079379651742,-0.10728836410877074,-0.06705394849830792
2024-11-04 11:58:00-05:00,74.51000213623047,74.56500244140625,74.51000213623047,74.56500244140625,8558.0,-0.040245209187572684,0.03354108609046058,0.040277628819529454,0.07381600268272503
2024-11-04 11:59:00-05:00,74.58000183105469,74.58000183105469,74.55000305175781,74.57499694824219,6850.0,0.09394670892135526,0.02011585751671152,0.05368529644409481,0.013403750430751593
2024-11-04 12:00:00-05:00,74.55999755859375,74.58999633789062,74.54329681396484,74.58999633789062,4498.0,-0.026822569012874276,0.01340105469369579,-0.008995623767193983,0.02011316159871157
2024-11-04 12:01:00-05:00,74.57499694824219,74.58000183105469,74.55999755859375,74.55999755859375,2182.0,0.02011720780523696,-0.013399259051660728,0.022404086407101786,-0.04021823403902447
2024-11-04 12:02:00-05:00,74.52999877929688,74.52999877929688,74.48999786376953,74.48999786376953,3520.0,-0.060339484796145815,-0.06704619271944434,-0.09388371394353223,-0.09388371394353223
2024-11-04 12:03:00-05:00,74.48999786376953,74.48999786376953,74.44999694824219,74.44999694824219,4372.0,-0.053670892503021594,-0.053670892503021594,-0.05369971361859349,-0.05369971361859349
2024-11-04 12:04:00-05:00,74.41000366210938,74.44000244140625,74.41000366210938,74.44000244140625,3746.0,-0.10738918506408845,-0.06711696039340964,-0.05371831802842841,-0.013424455669064361
2024-11-04 12:05:00-05:00,74.42500305175781,74.43000030517578,74.36000061035156,74.43000030517578,7318.0,0.02015775958907895,-0.01343650712308797,-0.06719936741956811,-0.01343650712308797
2024-11-04 12:06:00-05:00,74.44000244140625,74.44999694824219,74.3949966430664,74.41999816894531,2926.0,0.020153697055280695,0.026866375096612494,0.04706298067185255,-0.013438312762947824
2024-11-04 12:07:00-05:00,74.42500305175781,74.42500305175781,74.41000366210938,74.41000366210938,1793.0,-0.02014963615865062,-0.03357138684875194,0.020172081080893633,-0.013429867081227176
2024-11-04 12:08:00-05:00,74.43000030517578,74.43000030517578,74.3499984741211,74.37999725341797,4755.0,0.00671448197924196,0.00671448197924196,-0.08064129154026212,-0.040325772362093115
2024-11-04 12:09:00-05:00,74.3499984741211,74.3499984741211,74.2699966430664,74.31999969482422,8095.0,-0.10748600124501628,-0.10748600124501628,-0.1076016579644401,-0.08066356656256657
2024-11-04 12:10:00-05:00,74.28500366210938,74.31999969482422,74.2699966430664,74.2699966430664,6260.0,-0.08741736831957558,-0.04034805637194161,0.0,-0.06728074806665596
2024-11-04 12:11:00-05:00,74.2699966430664,74.31999969482422,74.2699966430664,74.29499816894531,4300.0,-0.020201949657605578,0.0,0.0,0.03366302276686106
2024-11-04 12:12:00-05:00,74.29000091552734,74.3499984741211,74.29000091552734,74.3499984741211,6644.0,0.02693452721840295,0.04036434259964139,0.02693452721840295,0.07402962047420303
2024-11-04 12:13:00-05:00,74.36000061035156,74.44999694824219,74.36000061035156,74.44999694824219,7970.0,0.09422492120281234,0.13449694172609217,0.09422492120281234,0.13449694172609217
2024-11-04 12:14:00-05:00,74.43000030517578,74.43000030517578,74.38999938964844,74.38999938964844,1504.0,0.09413622142233624,-0.026859159014214207,0.040342629169765054,-0.0805877247187281
2024-11-04 12:15:00-05:00,74.4000015258789,74.44000244140625,74.4000015258789,74.41999816894531,8005.0,-0.04030468785956032,0.013438312762947824,0.013445538798939616,0.040326360455722465
2024-11-04 12:16:00-05:00,74.37999725341797,74.38999938964844,74.36000061035156,74.36000061035156,2684.0,-0.026887462433689002,-0.06717228656348828,-0.053764670305056494,-0.08062020971506545
2024-11-04 12:17:00-05:00,74.36000061035156,74.44499969482422,74.36000061035156,74.44499969482422,7416.0,-0.026884436414098545,0.07393507948252331,0.0,0.11430753600722987
2024-11-04 12:18:00-05:00,74.45999908447266,74.45999908447266,74.40499877929688,74.41999816894531,7469.0,0.1344788505921235,0.020148283578369508,0.06051394375465868,-0.03358388875196461
2024-11-04 12:19:00-05:00,74.4000015258789,74.4000015258789,74.37999725341797,74.37999725341797,1714.0,-0.0805768994513234,-0.0805768994513234,-0.033601943806316203,-0.0537502237456855
2024-11-04 12:20:00-05:00,74.41000366210938,74.48999786376953,74.41000366210938,74.48999786376953,6840.0,0.013443731216855603,0.12096281726461378,0.04034204060154867,0.14789004357822488
2024-11-04 12:21:00-05:00,74.54000091552734,74.55000305175781,74.5,74.5,4821.0,0.17470400083337,0.08055469151444505,0.1209465575345181,0.01342748894792578
2024-11-04 12:22:00-05:00,74.5,74.58000183105469,74.48999786376953,74.58000183105469,4923.0,-0.05366369068424692,0.04023980961616047,-0.01342568621539586,0.10738500812710328
2024-11-04 12:23:00-05:00,74.58999633789062,74.62999725341797,74.58999633789062,74.62999725341797,5787.0,0.12080045354445623,0.06703596290669189,0.13424416295992891,0.06703596290669189
2024-11-04 12:24:00-05:00,74.62000274658203,74.66580200195312,74.62000274658203,74.66580200195312,2256.0,0.040228462481062266,0.047976349796141626,0.040228462481062266,0.047976349796141626
2024-11-04 12:25:00-05:00,74.6719970703125,74.68499755859375,74.62000274658203,74.62000274658203,3227.0,0.06967880168411433,0.02570863250102029,0.0,-0.061338998769333575
2024-11-04 12:26:00-05:00,74.6240005493164,74.66000366210938,74.6240005493164,74.66000366210938,2952.0,-0.06427646625133399,-0.033465752562644724,0.0053575483613288455,0.05360615660010559
2024-11-04 12:27:00-05:00,74.66500091552734,74.66950225830078,74.6500015258789,74.6500015258789,1837.0,0.054942600114071816,0.012722469495707323,0.03484264629489697,-0.013396913661745113
2024-11-04 12:28:00-05:00,74.66000366210938,74.66000366210938,74.6500015258789,74.6500015258789,3201.0,-0.006692899426363752,-0.012720851089309537,0.0,0.0
2024-11-04 12:29:00-05:00,74.63999938964844,74.63999938964844,74.61000061035156,74.63999938964844,3709.0,-0.026793827323490227,-0.026793827323490227,-0.053584614480517434,-0.013398708675183002
2024-11-04 12:30:00-05:00,74.66999816894531,74.70999908447266,74.66999816894531,74.69000244140625,3063.0,0.0401912909193225,0.09378308600833662,0.08041490162569165,0.06699229925870576
2024-11-04 12:31:00-05:00,74.66000366210938,74.70999908447266,74.66000366210938,74.70999908447266,4036.0,-0.013384903014623806,0.0,-0.013384903014623806,0.026772851001166664
2024-11-04 12:32:00-05:00,74.72000122070312,74.75,74.68000030517578,74.69999694824219,6068.0,0.08036104426847324,0.05354158214099236,0.026783608472480402,-0.013387948538401417
2024-11-04 12:33:00-05:00,74.69000244140625,74.739501953125,74.69000244140625,74.71199798583984,6507.0,-0.04014825857439064,-0.01404420986621524,0.01339332644563207,0.016065646704066516
2024-11-04 12:34:00-05:00,74.7300033569336,74.7300033569336,74.69000244140625,74.70999908447266,4511.0,0.05355591674900406,-0.012708936965311057,0.0,-0.002675475721536369
2024-11-04 12:35:00-05:00,74.7300033569336,74.77999877929688,74.72000122070312,74.76000213623047,3151.0,0.0,0.06690140521536936,0.04016438387508536,0.06692953067939378
2024-11-04 12:36:00-05:00,74.77999877929688,74.77999877929688,74.7300033569336,74.76000213623047,5092.0,0.06690140521536936,0.0,0.013386156406669514,0.0
2024-11-04 12:37:00-05:00,74.77999877929688,74.77999877929688,74.7699966430664,74.77999877929688,1213.0,0.0,0.0,0.05351704046070438,0.026747782898617345
2024-11-04 12:38:00-05:00,74.7750015258789,74.80000305175781,74.7603988647461,74.79000091552734,5855.0,-0.006682606979868666,0.026750832826261117,-0.01283640330509428,0.013375416413130559
2024-11-04 12:39:00-05:00,74.7699966430664,74.77999877929688,74.73999786376953,74.75,3294.0,-0.006693256717316132,-0.02674367866949412,-0.027288512750545113,-0.053484309450035905
2024-11-04 12:40:00-05:00,74.76000213623047,74.7699966430664,74.74500274658203,74.7699966430664,2446.0,-0.013367001851893878,-0.013375416413130559,0.00669639143102696,0.026751361961752096
2024-11-04 12:41:00-05:00,74.7699966430664,74.7699966430664,74.68000030517578,74.69000244140625,6790.0,0.01336878885813686,0.0,-0.086965601736122,-0.10698703390616959
2024-11-04 12:42:00-05:00,74.66999816894531,74.7699966430664,74.66999816894531,74.7699966430664,4253.0,-0.13374144524636034,0.0,-0.01339332644563207,0.10710161875133739
2024-11-04 12:43:00-05:00,74.75,74.7699966430664,74.75,74.7699966430664,1675.0,0.1071405290163252,0.0,0.1071405290163252,0.0
2024-11-04 12:44:00-05:00,74.7699966430664,74.7699966430664,74.76000213623047,74.76000213623047,1394.0,0.026751361961752096,0.0,0.013380784254812816,-0.013367001851893878
2024-11-04 12:45:00-05:00,74.7699966430664,74.7699966430664,74.73999786376953,74.73999786376953,2886.0,0.0,0.0,-0.02675798808096097,-0.02675798808096097
2024-11-04 12:46:00-05:00,74.77999877929688,74.80000305175781,74.7699966430664,74.7699966430664,1882.0,0.013377205670095371,0.040131617010286114,0.04013751693110468,0.04013751693110468
2024-11-04 12:47:00-05:00,74.77999877929688,74.80999755859375,74.77999877929688,74.80999755859375,963.0,0.0,0.013361639609854592,0.013377205670095371,0.053498618862191094
2024-11-04 12:48:00-05:00,74.80000305175781,74.81999969482422,74.7699966430664,74.77999877929688,4345.0,0.026750832826261117,0.013370052876471306,-0.013375416413130559,-0.040099960267181434
2024-11-04 12:49:00-05:00,74.80000305175781,74.83999633789062,74.80000305175781,74.83999633789062,2990.0,0.0,0.02672633406570757,0.040131617010286114,0.0802320935719969
2024-11-04 12:50:00-05:00,74.87000274658203,74.87000274658203,74.79499816894531,74.79499816894531,4572.0,0.09358247589346114,0.040094080918895436,-0.006691019529825315,-0.06012582996683946
2024-11-04 12:51:00-05:00,74.79000091552734,74.81999969482422,74.77999877929688,74.79499816894531,6706.0,-0.10685431831153336,-0.0667864964918774,-0.020054000956792883,0.0
2024-11-04 12:52:00-05:00,74.79000091552734,74.81999969482422,74.79000091552734,74.81999969482422,1988.0,0.0,0.0,0.013375416413130559,0.03342673506379068
2024-11-04 12:53:00-05:00,74.79630279541016,74.79630279541016,74.77999877929688,74.77999877929688,1164.0,0.00842609948612516,-0.031671878522743224,-0.013373627634749585,-0.05346286513031595
2024-11-04 12:54:00-05:00,74.77999877929688,74.79499816894531,74.76000213623047,74.79499816894531,4618.0,-0.02179789040893665,-0.0017442392418964836,-0.02674063037286789,0.020058023392999225
2024-11-04 12:55:00-05:00,74.80000305175781,74.80999755859375,74.80000305175781,74.80500030517578,2732.0,0.026750832826261117,0.020054000956792883,0.053505770979578315,0.013372734106997797
2024-11-04 12:56:00-05:00,74.7948989868164,74.83999633789062,74.7699966430664,74.83000183105469,3375.0,-0.006823615953432949,0.04009996026717033,-0.04011551800424673,0.03342226559308603
2024-11-04 12:57:00-05:00,74.83000183105469,74.83000183105469,74.78500366210938,74.80000305175781,4817.0,0.04693213670154961,-0.013354499365303418,0.020070910414249354,-0.040089240361917966
2024-11-04 12:58:00-05:00,74.80999755859375,74.87000274658203,74.80999755859375,74.87000274658203,2646.0,-0.026732957331876417,0.05345571902783952,0.0334210005488611,0.09358247589346114
2024-11-04 12:59:00-05:00,74.87000274658203,74.87000274658203,74.82520294189453,74.83999633789062,2502.0,0.08021011889658425,0.0,0.020325335913651266,-0.04007801200832661
2024-11-04 13:00:00-05:00,74.81999969482422,74.87999725341797,74.81999969482422,74.87999725341797,2569.0,-0.0667864964918774,0.013349147147434515,-0.00695386963982525,0.053448580284198854
2024-11-04 13:01:00-05:00,74.88999938964844,74.88999938964844,74.87000274658203,74.87000274658203,4048.0,0.09355746472832216,0.013357554216542056,0.06683113066261459,-0.013347365387994525
2024-11-04 13:02:00-05:00,74.83000183105469,74.83000183105469,74.79499816894531,74.80000305175781,3623.0,-0.0801142463382698,-0.0801142463382698,-0.1001797447378161,-0.09349498097542819
2024-11-04 13:03:00-05:00,74.80000305175781,74.80000305175781,74.74500274658203,74.7699966430664,5284.0,-0.040089240361917966,-0.040089240361917966,-0.06684326972019594,-0.04011551800424673
2024-11-04 13:04:00-05:00,74.75,74.7699966430664,74.75,74.7699966430664,1065.0,-0.06684899694885393,-0.04011551800424673,0.006685735814215832,0.0
2024-11-04 13:05:00-05:00,74.7699966430664,74.79000091552734,74.76000213623047,74.7699966430664,1846.0,0.026751361961752096,0.026754411340190742,0.013380784254812816,0.0
2024-11-04 13:06:00-05:00,74.79000091552734,74.79000091552734,74.70999908447266,74.70999908447266,2955.0,0.026754411340190742,0.0,-0.0668847650200588,-0.08024282638418034
2024-11-04 13:07:00-05:00,74.69999694824219,74.69999694824219,74.63999938964844,74.63999938964844,3957.0,-0.1203422465348214,-0.1203422465348214,-0.0936952157435722,-0.0936952157435722
2024-11-04 13:08:00-05:00,74.6500015258789,74.6500015258789,74.58999633789062,74.62999725341797,3220.0,-0.06692827899031917,-0.06692827899031917,-0.06699229925870576,-0.01340050416969163
2024-11-04 13:09:00-05:00,74.62310028076172,74.63999938964844,74.62310028076172,74.63999938964844,2702.0,-0.0360364964063109,-0.013398708675183002,0.04438120994285644,0.013402300145481938
2024-11-04 13:10:00-05:00,74.68000030517578,74.7300033569336,74.63999938964844,74.72000122070312,5999.0,0.07624987999692578,0.12058409434771988,0.022645948537558525,0.10718359017802825
2024-11-04 13:11:00-05:00,74.72000122070312,74.72000122070312,74.68000030517578,74.68000030517578,3452.0,0.05356308966775192,-0.013384364754664979,0.05359179508901413,-0.05353441498106015
2024-11-04 13:12:00-05:00,74.66999816894531,74.77999877929688,74.66999816894531,74.77999877929688,4884.0,-0.06692057138772967,0.08029651714878128,-0.01339332644563207,0.13390261611201382
2024-11-04 13:13:00-05:00,74.81999969482422,74.87999725341797,74.81999969482422,74.8499984741211,7040.0,0.20088593753480044,0.1337235567711481,0.20088593753480044,0.09360750998514966
2024-11-04 13:14:00-05:00,74.83000183105469,74.83000183105469,74.79519653320312,74.81999969482422,3477.0,0.013368265532287538,-0.06676739342561522,-0.033150443360407955,-0.04007853027178099
2024-11-04 13:15:00-05:00,74.81999969482422,74.83499908447266,74.80000305175781,74.83499908447266,4048.0,-0.013366478665932657,0.006678141515026326,0.0064262396216152595,0.020047299799008655
2024-11-04 13:16:00-05:00,74.8499984741211,74.87999725341797,74.8499984741211,74.8499984741211,6151.0,0.04009459959801731,0.060129844986733794,0.06683879722395591,0.020043281662252
2024-11-04 13:17:00-05:00,74.83000183105469,74.83999633789062,74.80000305175781,74.82929992675781,11559.0,-0.026715622543826978,-0.05342002803762069,-0.06679415281560797,-0.027653370454561177
2024-11-04 13:18:00-05:00,74.81999969482422,74.83000183105469,74.79000091552734,74.83000183105469,10828.0,-0.013366478665932657,-0.013354499365303418,-0.013371839334752611,0.0009380073013653956
2024-11-04 13:19:00-05:00,74.83000183105469,74.83000183105469,74.80000305175781,74.80000305175781,3276.0,0.013368265532287538,0.0,0.013373627634760687,-0.040089240361917966
2024-11-04 13:20:00-05:00,74.80999755859375,74.83999633789062,74.80999755859375,74.80999755859375,5285.0,-0.026732957331876417,0.013356283030030447,0.013361639609854592,0.013361639609854592
2024-11-04 13:21:00-05:00,74.81500244140625,74.8292007446289,74.80000305175781,74.81999969482422,3951.0,0.006690125619357445,-0.014424898169396183,-0.013359854514238823,0.013370052876471306
2024-11-04 13:22:00-05:00,74.8499984741211,74.86000061035156,74.8499984741211,74.86000061035156,1527.0,0.046776758100430804,0.041160222768876764,0.06683879722395591,0.05346286513030485
2024-11-04 13:23:00-05:00,74.86000061035156,74.91909790039062,74.86000061035156,74.91000366210938,6995.0,0.01336290772795401,0.07894374773875779,0.01336290772795401,0.06679541991734261
2024-11-04 13:24:00-05:00,74.86000061035156,74.91000366210938,74.86000061035156,74.87000274658203,3024.0,0.0,-0.012138745041134769,0.0,-0.05339862978483989
2024-11-04 13:25:00-05:00,74.86000061035156,74.86000061035156,74.81999969482422,74.81999969482422,2942.0,0.0,-0.06675083341786126,-0.05343429762384444,-0.0667864964918774
2024-11-04 13:26:00-05:00,74.83000183105469,74.8550033569336,74.80999755859375,74.8499984741211,4141.0,-0.040073175330335165,-0.006675465371663858,-0.01336826553229864,0.04009459959801731
2024-11-04 13:27:00-05:00,74.84500122070312,74.8499984741211,74.83000183105469,74.8499984741211,4020.0,0.02004462018094788,-0.006686103250352904,0.02674010575294261,0.0
2024-11-04 13:28:00-05:00,74.8499984741211,74.8499984741211,74.80500030517578,74.80500030517578,4847.0,0.0066768031751873735,0.0,-0.03341109884689164,-0.06011779540766593
2024-11-04 13:29:00-05:00,74.77999877929688,74.80500030517578,74.77999877929688,74.79000091552734,3659.0,-0.09351996827150488,-0.06011779540766593,-0.03342226559308603,-0.02005131954715411
2024-11-04 13:30:00-05:00,74.80000305175781,74.80000305175781,74.77999877929688,74.78500366210938,1408.0,0.026750832826261117,-0.00668037350121109,0.0,-0.006681713272893575
2024-11-04 13:31:00-05:00,74.80000305175781,74.80500030517578,74.78500366210938,74.78500366210938,1509.0,0.0,0.006680819804927296,0.006692809433261893,0.0
2024-11-04 13:32:00-05:00,74.78500366210938,74.83499908447266,74.78500366210938,74.81999969482422,5100.0,-0.020052659139679907,0.04010263909430822,0.0,0.046795521830778064
2024-11-04 13:33:00-05:00,74.80999755859375,74.81999969482422,74.7699966430664,74.7699966430664,5931.0,0.0334210005488611,-0.020043281662240897,-0.020066882808178477,-0.06683113066261459
2024-11-04 13:34:00-05:00,74.7699966430664,74.80000305175781,74.7301025390625,74.7301025390625,7072.0,-0.05347001314365274,-0.02672633406571867,-0.053355765407281375,-0.053355765407281375
2024-11-04 13:35:00-05:00,74.7300033569336,74.73999786376953,74.70999908447266,74.70999908447266,7639.0,-0.0534884150439785,-0.08022083628360654,-0.02690141443246752,-0.02690141443246752
2024-11-04 13:36:00-05:00,74.6500015258789,74.6500015258789,74.62000274658203,74.62000274658203,1690.0,-0.1070544994793754,-0.12041255079330293,-0.12046090080776173,-0.12046090080776173
2024-11-04 13:37:00-05:00,74.62000274658203,74.66000366210938,74.62000274658203,74.6500015258789,10903.0,-0.040185905805345534,0.013398708675183002,0.0,0.040202061367855535
2024-11-04 13:38:00-05:00,74.6500015258789,74.68000030517578,74.64019775390625,74.66999816894531,7046.0,0.040202061367855535,0.026783608472480402,0.027063798687865237,0.026787197130162532
2024-11-04 13:39:00-05:00,74.6613998413086,74.6613998413086,74.66000366210938,74.66000366210938,3166.0,0.015269008970797415,-0.02490688777607719,0.02653517648549819,-0.013384903014623806
2024-11-04 13:40:00-05:00,74.65509796142578,74.69000244140625,74.6449966430664,74.69000244140625,5336.0,-0.008440613082805193,0.03830975598964059,-0.02010047991811703,0.04018052213423662
2024-11-04 13:41:00-05:00,74.69000244140625,74.69999694824219,74.68499755859375,74.68499755859375,4988.0,0.0467543154233141,0.013381318127247965,0.05358820728282865,-0.006700873810283614
2024-11-04 13:42:00-05:00,74.68499755859375,74.69999694824219,74.66000366210938,74.66000366210938,8220.0,-0.006700873810283614,0.0,-0.033465752562644724,-0.033465752562644724
2024-11-04 13:43:00-05:00,74.66010284423828,74.69999694824219,74.66010284423828,74.68000030517578,6169.0,-0.03333295195723229,0.0,0.00013284506301669552,0.026783608472480402
2024-11-04 13:44:00-05:00,74.66100311279297,74.66999816894531,74.63999938964844,74.66999816894531,5602.0,0.0012058228161970774,-0.0401590100701843,-0.026926636615787203,-0.01339332644563207
2024-11-04 13:45:00-05:00,74.66000366210938,74.7300033569336,74.66000366210938,74.71099853515625,8155.0,-0.0013386515609559169,0.08036050550386253,0.02680100833938326,0.05490875480962387
2024-11-04 13:46:00-05:00,74.72100067138672,74.73500061035156,74.72100067138672,74.73500061035156,2689.0,0.081699713749539,0.006687077737832503,0.081699713749539,0.03212656190643148
2024-11-04 13:47:00-05:00,74.69999694824219,74.71499633789062,74.66500091552734,74.67500305175781,4625.0,-0.02810953139787964,-0.026766939583278138,-0.07494513638227618,-0.08028040155717564
2024-11-04 13:48:00-05:00,74.67500305175781,74.69999694824219,74.67500305175781,74.69499969482422,3088.0,-0.03345903280517204,-0.02007547397928633,0.013396017019795536,0.026778228656443304
2024-11-04 13:49:00-05:00,74.68000030517578,74.69999694824219,74.68000030517578,74.69000244140625,2549.0,0.006692002964503452,0.0,0.006692002964503452,-0.006690211444393412
2024-11-04 13:50:00-05:00,74.69999694824219,74.69999694824219,74.6500015258789,74.6500015258789,1533.0,0.026776436776509982,0.0,-0.04016976322213095,-0.05355591674899296
2024-11-04 13:51:00-05:00,74.62999725341797,74.66999816894531,74.625,74.66500091552734,3938.0,-0.09370776129042913,-0.0401590100701843,-0.03349166157784467,0.020092952902661665
2024-11-04 13:52:00-05:00,74.66500091552734,74.66500091552734,74.625,74.62999725341797,3553.0,0.04690293902935849,-0.006692451507317454,0.0,-0.04688095048572816
2024-11-04 13:53:00-05:00,74.6500015258789,74.6500015258789,74.62999725341797,74.62999725341797,2526.0,-0.020088916446148186,-0.020088916446148186,0.006696486992252559,0.0
2024-11-04 13:54:00-05:00,74.62999725341797,74.6500015258789,74.62000274658203,74.63500213623047,5970.0,-0.026797417350354902,0.0,-0.013392077185803153,0.006706261552591464
2024-11-04 13:55:00-05:00,74.62000274658203,74.62999725341797,74.61000061035156,74.61000061035156,5518.0,-0.013392077185803153,-0.026797417350354902,-0.01340409523226116,-0.03349839239406016
2024-11-04 13:56:00-05:00,74.62000274658203,74.63500213623047,74.56999969482422,74.63500213623047,8479.0,0.0,0.006706261552591464,-0.0536133429836716,0.033509617577243134
2024-11-04 13:57:00-05:00,74.63999938964844,74.63999938964844,74.61499786376953,74.62999725341797,3598.0,0.026797966135583273,0.0066955895691611644,0.060343528402118096,-0.006705811843299436
2024-11-04 13:58:00-05:00,74.61000061035156,74.61000061035156,74.58999633789062,74.58999633789062,1448.0,-0.0401912909193225,-0.0401912909193225,-0.03350737330926057,-0.05359897762224897
2024-11-04 13:59:00-05:00,74.5999984741211,74.5999984741211,74.58100128173828,74.58999633789062,3624.0,-0.01340589217081467,-0.01340589217081467,-0.012059333146496876,0.0
2024-11-04 14:00:00-05:00,74.5999984741211,74.5999984741211,74.5999984741211,74.5999984741211,265.0,0.0,0.0,0.025471892380535266,0.013409487493687422
2024-11-04 14:01:00-05:00,74.59200286865234,74.59200286865234,74.56999969482422,74.56999969482422,2405.0,-0.01071797001648278,-0.01071797001648278,-0.04021284170304673,-0.04021284170304673
2024-11-04 14:02:00-05:00,74.5999984741211,74.5999984741211,74.55999755859375,74.57499694824219,17153.0,0.010719118888435908,0.010719118888435908,-0.013413083373214896,0.006701426094157803
2024-11-04 14:03:00-05:00,74.55999755859375,74.58000183105469,74.55999755859375,74.58000183105469,6181.0,-0.05362053129427391,-0.026805152111819552,0.0,0.006711207532439367
2024-11-04 14:04:00-05:00,74.55999755859375,74.56990051269531,74.5,74.51000213623047,5524.0,0.0,-0.013544272072096852,-0.08046883122092563,-0.09385853191957727
2024-11-04 14:05:00-05:00,74.48999786376953,74.52999877929688,74.48999786376953,74.52999877929688,3309.0,-0.09388371394353223,-0.053509168074650226,-0.01342568621539586,0.026837528510403885
2024-11-04 14:06:00-05:00,74.55999755859375,74.56999969482422,74.53500366210938,74.55000305175781,6296.0,0.0939719382892612,0.0536708925030327,0.0604185791791112,0.02684056458952533
2024-11-04 14:07:00-05:00,74.56999969482422,74.58000183105469,74.55000305175781,74.56999969482422,3363.0,0.013414882722617705,0.013413083373214896,0.02012395372841258,0.026823128434383392
2024-11-04 14:08:00-05:00,74.57499694824219,74.5999984741211,74.56999969482422,74.56999969482422,2420.0,0.006701426094157803,0.026812339200121826,0.026823128434383392,0.0
2024-11-04 14:09:00-05:00,74.56500244140625,74.6261978149414,74.56500244140625,74.6261978149414,6879.0,-0.013401954066283306,0.03511976053109933,-0.006701426094168905,0.07536290780096877
2024-11-04 14:10:00-05:00,74.61000061035156,74.63500213623047,74.58999633789062,74.59249877929688,5208.0,0.06034757255011236,0.011797896110010697,0.033519607947463115,-0.0451571118872951
2024-11-04 14:11:00-05:00,74.61000061035156,74.63999938964844,74.61000061035156,74.63999938964844,4489.0,0.0,0.0066955895691611644,0.026818974987374844,0.06368014361888275
2024-11-04 14:12:00-05:00,74.6500015258789,74.6500015258789,74.6500015258789,74.6500015258789,3626.0,0.053613342983660495,0.01340050416969163,0.053613342983660495,0.01340050416969163
2024-11-04 14:13:00-05:00,74.6500015258789,74.69999694824219,74.63999938964844,74.69999694824219,10453.0,0.0,0.06697310293550807,-0.013398708675183002,0.06697310293550807
2024-11-04 14:14:00-05:00,74.72000122070312,74.7249984741211,74.68000030517578,74.70500183105469,6145.0,0.09377052028585187,0.03346924618514713,0.05359179508901413,0.006699977265012258
2024-11-04 14:15:00-05:00,74.70500183105469,74.70500183105469,74.62999725341797,74.62999725341797,5915.0,-0.02007412928719532,-0.026760312445284207,-0.06695641611338399,-0.10040101171049365
2024-11-04 14:16:00-05:00,74.58999633789062,74.5999984741211,74.55999755859375,74.55999755859375,3582.0,-0.15394617541694133,-0.14055733131639325,-0.093795655099016,-0.093795655099016
2024-11-04 14:17:00-05:00,74.58999633789062,74.58999633789062,74.55999755859375,74.55999755859375,1139.0,0.0,-0.013407689591227179,0.0,0.0
2024-11-04 14:18:00-05:00,74.55999755859375,74.56999969482422,74.55999755859375,74.56999969482422,2823.0,-0.04021823403902447,-0.02680874654534815,0.0,0.013414882722617705
2024-11-04 14:19:00-05:00,74.5999984741211,74.5999984741211,74.58999633789062,74.58999633789062,1984.0,0.05364929833306942,0.0402290189347454,0.04023441561045171,0.026815935561552706
2024-11-04 14:20:00-05:00,74.5999984741211,74.62000274658203,74.55999755859375,74.55999755859375,3662.0,0.0,0.026815379182454357,-0.04021823403902447,-0.04021823403902447
2024-11-04 14:21:00-05:00,74.5479965209961,74.55000305175781,74.54000091552734,74.54000091552734,1028.0,-0.06970771338962178,-0.09380821796797223,-0.02681953288784511,-0.02681953288784511
2024-11-04 14:22:00-05:00,74.53500366210938,74.55999755859375,74.51000213623047,74.55999755859375,4255.0,-0.017428850529954687,0.013406447252584108,-0.040245209187572684,0.026826727690898444
2024-11-04 14:23:00-05:00,74.56999969482422,74.56999969482422,74.55999755859375,74.56999969482422,2735.0,0.04695248003674379,0.013414882722617705,0.06709894098764213,0.013414882722617705
2024-11-04 14:24:00-05:00,74.56999969482422,74.58000183105469,74.56999969482422,74.56999969482422,3332.0,0.0,0.013413083373214896,0.013414882722617705,0.0
2024-11-04 14:25:00-05:00,74.57499694824219,74.57499694824219,74.54000091552734,74.55000305175781,3483.0,0.006701426094157803,-0.006710757159589242,-0.0402290189347565,-0.026815935561541604
2024-11-04 14:26:00-05:00,74.56999969482422,74.58999633789062,74.56999969482422,74.58000183105469,3011.0,-0.006700977033147204,0.02011316159871157,0.040245209187572684,0.04023980961616047
2024-11-04 14:27:00-05:00,74.58000183105469,74.58000183105469,74.55999755859375,74.58000183105469,3163.0,0.013413083373214896,-0.013399259051660728,-0.013413083373214896,0.0
2024-11-04 14:28:00-05:00,74.56999969482422,74.56999969482422,74.52999877929688,74.55000305175781,3928.0,-0.013411284506437138,-0.013411284506437138,-0.040234415610462815,-0.040223623706570066
2024-11-04 14:29:00-05:00,74.54000091552734,74.54000091552734,74.48999786376953,74.5199966430664,7162.0,-0.0402290189347565,-0.0402290189347565,-0.053670892503021594,-0.040250043545364544
2024-11-04 14:30:00-05:00,74.5199966430664,74.5199966430664,74.47000122070312,74.5199966430664,3872.0,-0.026836962993337377,-0.026836962993337377,-0.02684473572274193,0.0
2024-11-04 14:31:00-05:00,74.5,74.55999755859375,74.5,74.53500366210938,3787.0,-0.026833929102532128,0.05367809625507203,0.040283038545907424,0.020138244389422688
2024-11-04 14:32:00-05:00,74.53500366210938,74.55999755859375,74.53500366210938,74.55500030517578,4053.0,0.04698478135487516,0.0,0.04698478135487516,0.026828526308331213
2024-11-04 14:33:00-05:00,74.55500030517578,74.56999969482422,74.55000305175781,74.56999969482422,4732.0,0.026828526308331213,0.013414882722617705,0.02012395372841258,0.02011855621626424
2024-11-04 14:34:00-05:00,74.56999969482422,74.61000061035156,74.56500244140625,74.61000061035156,6259.0,0.02011855621626424,0.05364210230796029,0.020119904808080236,0.05364210230796029
2024-11-04 14:35:00-05:00,74.60449981689453,74.66000366210938,74.58999633789062,74.6050033569336,12095.0,0.046265418011937065,0.06701923515448627,0.033519607947463115,-0.006697833235613793
2024-11-04 14:36:00-05:00,74.56999969482422,74.56999969482422,74.55999755859375,74.56999969482422,2775.0,-0.04624402302138009,-0.12055178525370858,-0.04021823403902447,-0.04691865228114711
2024-11-04 14:37:00-05:00,74.56999969482422,74.57080078125,74.55059814453125,74.57080078125,2388.0,0.0,0.0010742744120495473,-0.012606510689749939,0.0010742744120495473
2024-11-04 14:38:00-05:00,74.55000305175781,74.59349822998047,74.52999877929688,74.59349822998047,8670.0,-0.026815935561541604,0.030437448026132685,-0.027631388274629298,0.030437448026132685
2024-11-04 14:39:00-05:00,74.58999633789062,74.61000061035156,74.58000183105469,74.58000183105469,3932.0,0.053646256868766784,0.02212308145170816,0.06709117479779536,-0.018093264488239225
2024-11-04 14:40:00-05:00,74.58000183105469,74.58999633789062,74.56999969482422,74.57669830322266,3682.0,-0.013399259051660728,-0.02681178434162934,-0.013411284506437138,-0.004429508917835889
2024-11-04 14:41:00-05:00,74.57499694824219,74.57499694824219,74.52999877929688,74.55010223388672,4392.0,-0.006710757159589242,-0.020109117019517786,-0.05364210230796029,-0.03566270690584794
2024-11-04 14:42:00-05:00,74.55999755859375,74.55999755859375,74.55999755859375,74.55999755859375,355.0,-0.02011316159871157,-0.02011316159871157,0.04025061020827003,0.01327338851393467
2024-11-04 14:43:00-05:00,74.55000305175781,74.55000305175781,74.5199966430664,74.5199966430664,1495.0,-0.013404650165238507,-0.013404650165238507,-0.05364929833308052,-0.05364929833308052
2024-11-04 14:44:00-05:00,74.52999877929688,74.52999877929688,74.48999786376953,74.48999786376953,4966.0,-0.026833362363576363,-0.026833362363576363,-0.04025601267879653,-0.04025601267879653
2024-11-04 14:45:00-05:00,74.47010040283203,74.49500274658203,74.47010040283203,74.48999786376953,5453.0,-0.0803681436279402,-0.04695563301762018,-0.02671158747230562,0.0
2024-11-04 14:46:00-05:00,74.48999786376953,74.5199966430664,74.48999786376953,74.50399780273438,2744.0,0.026718724467755806,0.033551104856521796,0.026718724467755806,0.018794387657861122
2024-11-04 14:47:00-05:00,74.5,74.5199966430664,74.49500274658203,74.5199966430664,2541.0,0.01342748894792578,0.0,0.006718865560517706,0.021473801143390148
2024-11-04 14:48:00-05:00,74.5199966430664,74.5199966430664,74.4800033569336,74.4800033569336,6293.0,0.026841131632759918,0.0,-0.0201347595079171,-0.053667858205053154
2024-11-04 14:49:00-05:00,74.47000122070312,74.47000122070312,74.44000244140625,74.47000122070312,5243.0,-0.06708994178132865,-0.06708994178132865,-0.05370691960853158,-0.013429290789013226
2024-11-04 14:50:00-05:00,74.45999908447266,74.4800033569336,74.45999908447266,74.4800033569336,3998.0,-0.013431094489746442,0.013431094489746442,0.026862765194213267,0.013431094489746442
2024-11-04 14:51:00-05:00,74.45999908447266,74.4800033569336,74.45999908447266,74.4800033569336,4053.0,0.0,0.0,0.0,0.0
2024-11-04 14:52:00-05:00,74.48500061035156,74.5,74.48500061035156,74.49500274658203,2775.0,0.03357712353788678,0.026848338030505126,0.03357712353788678,0.020138814409764727
2024-11-04 14:53:00-05:00,74.5199966430664,74.5199966430664,74.4800033569336,74.4800033569336,3840.0,0.046984000037686435,0.026841131632759918,-0.00670907347387617,-0.0201347595079171
2024-11-04 14:54:00-05:00,74.48999786376953,74.5,74.48999786376953,74.5,3009.0,-0.04025601267879653,-0.026833929102532128,0.013419047241503002,0.026848338030505126
2024-11-04 14:55:00-05:00,74.5,74.51000213623047,74.4800033569336,74.4800033569336,3527.0,0.01342748894792578,0.013425686215384758,-0.01341724677481615,-0.026841131632759918
2024-11-04 14:56:00-05:00,74.5,74.5,74.48999786376953,74.5,4663.0,0.0,-0.013423883966856565,0.013419047241503002,0.026848338030505126
2024-11-04 14:57:00-05:00,74.5,74.52079772949219,74.5,74.5199966430664,4669.0,0.0,0.02791641542576606,0.01342748894792578,0.026841131632759918
2024-11-04 14:58:00-05:00,74.52999877929688,74.52999877929688,74.51000213623047,74.51000213623047,2074.0,0.040266817848144676,0.012346955594977338,0.013425686215384758,-0.013411845526256627
2024-11-04 14:59:00-05:00,74.51000213623047,74.51000213623047,74.48999786376953,74.48999786376953,3861.0,-0.026830327913496266,-0.026830327913496266,-0.02684776793371313,-0.02684776793371313
2024-11-04 15:00:00-05:00,74.45999908447266,74.48999786376953,74.43000030517578,74.47000122070312,8336.0,-0.06710918041096248,-0.02684776793371313,-0.08054444934134652,-0.02684473572274193
2024-11-04 15:01:00-05:00,74.44999694824219,74.44999694824219,74.43499755859375,74.43499755859375,1223.0,-0.013432898675058702,-0.05369971361859349,0.006714031166832335,-0.0470037082524466
2024-11-04 15:02:00-05:00,74.41999816894531,74.43000030517578,74.41999816894531,74.43000030517578,2830.0,-0.04029386235936405,-0.026859159014214207,-0.02015099098596762,-0.006713580414963172
2024-11-04 15:03:00-05:00,74.38500213623047,74.41000366210938,74.38500213623047,74.41000366210938,2525.0,-0.04702503839814076,-0.026866375096623596,-0.04702503839814076,-0.026866375096623596
2024-11-04 15:04:00-05:00,74.41000366210938,74.41200256347656,74.41000366210938,74.41200256347656,1113.0,0.0336109768917181,0.00268633418736286,0.0336109768917181,0.00268633418736286
2024-11-04 15:05:00-05:00,74.4000015258789,74.41999816894531,74.38999938964844,74.41000366210938,5730.0,-0.013441924120694004,0.010745048101523658,-0.02688384824139911,-0.0026862620253753633
2024-11-04 15:06:00-05:00,74.393798828125,74.41999816894531,74.393798828125,74.4000015258789,3158.0,-0.0083369591756699,0.0,0.005107458674191712,-0.013441924120694004
2024-11-04 15:07:00-05:00,74.41000366210938,74.45500183105469,74.41000366210938,74.44499969482422,4081.0,0.02178250639117696,0.04703529020506636,0.02178250639117696,0.06048140863230689
2024-11-04 15:08:00-05:00,74.44999694824219,74.46700286865234,74.44499969482422,74.46080017089844,5206.0,0.053747190114949994,0.0161185109160078,0.04703135464656505,0.021224361795946223
2024-11-04 15:09:00-05:00,74.45999908447266,74.45999908447266,74.44999694824219,74.45999908447266,2146.0,0.013434703345138743,-0.009405218297886542,0.006712678404796613,-0.001075849875298296
2024-11-04 15:10:00-05:00,74.43900299072266,74.44999694824219,74.43900299072266,74.44400024414062,3034.0,-0.028197816288155764,-0.013432898675058702,-0.014766901235974128,-0.02148649010038639
2024-11-04 15:11:00-05:00,74.44000244140625,74.44419860839844,74.41999816894531,74.43000030517578,9642.0,0.00134264383380156,-0.007788233823269319,-0.025530731221257152,-0.018806000374682608
2024-11-04 15:12:00-05:00,74.43219757080078,74.44000244140625,74.4000015258789,74.41999816894531,4712.0,-0.010484780157837825,-0.005636660842112118,-0.02686998596937995,-0.013438312762947824
2024-11-04 15:13:00-05:00,74.41000366210938,74.43000030517578,74.4000015258789,74.40599822998047,2654.0,-0.029817618471217333,-0.01343650712308797,0.0,-0.018812065720641424
2024-11-04 15:14:00-05:00,74.41000366210938,74.41000366210938,74.37999725341797,74.37999725341797,4325.0,0.0,-0.026866375096623596,-0.026887462433689002,-0.03494473185096103
2024-11-04 15:15:00-05:00,74.37000274658203,74.37000274658203,74.34159851074219,74.3499984741211,3310.0,-0.053757443298863006,-0.053757443298863006,-0.05162509289285966,-0.040331783281288835
2024-11-04 15:16:00-05:00,74.33999633789062,74.33999633789062,74.30000305175781,74.31999969482422,5183.0,-0.0403474621261668,-0.0403474621261668,-0.05595179525008653,-0.04034805637194161
2024-11-04 15:17:00-05:00,74.30500030517578,74.33000183105469,74.30500030517578,74.30999755859375,2776.0,-0.04707564492709704,-0.013444319785149705,0.006725778213612088,-0.013458202733507285
2024-11-04 15:18:00-05:00,74.30999755859375,74.33999633789062,74.30500030517578,74.31999969482422,6526.0,0.006725325883105704,0.013446127525540419,0.0,0.013460014209498716
2024-11-04 15:19:00-05:00,74.31500244140625,74.33999633789062,74.31500244140625,74.33999633789062,4129.0,0.006735140596059175,0.0,0.013460919439323149,0.026906139866134104
2024-11-04 15:20:00-05:00,74.3499984741211,74.3499984741211,74.31999969482422,74.31999969482422,4986.0,0.0470914775821063,0.013454582624694567,0.00672442071425472,-0.02689890240983317
2024-11-04 15:21:00-05:00,74.31500244140625,74.31500244140625,74.29000091552734,74.29000091552734,3191.0,-0.047069311947633974,-0.047069311947633974,-0.04036434259964139,-0.04036434259964139
2024-11-04 15:22:00-05:00,74.29000091552734,74.30999755859375,74.27999877929688,74.30999755859375,5114.0,-0.03364263615360796,-0.006734687005416351,-0.013463637242161486,0.02691700473815839
2024-11-04 15:23:00-05:00,74.30999755859375,74.31999969482422,74.30000305175781,74.31999969482422,5553.0,0.02691700473815839,0.013460014209498716,0.026930900363053567,0.013460014209498716
2024-11-04 15:24:00-05:00,74.33000183105469,74.37000274658203,74.33000183105469,74.33499908447266,6893.0,0.026920028418997433,0.06728074806665596,0.04037520600903566,0.020182171299820695
2024-11-04 15:25:00-05:00,74.35209655761719,74.4000015258789,74.3499984741211,74.37000274658203,8546.0,0.029725179628981024,0.040337203427420754,0.026902519270555203,0.04708907316941513
2024-11-04 15:26:00-05:00,74.3499984741211,74.37000274658203,74.33999633789062,74.33999633789062,5967.0,-0.002821821566889593,-0.04032093908821199,-0.01345277261027844,-0.0403474621261668
2024-11-04 15:27:00-05:00,74.33999633789062,74.3499984741211,74.33999633789062,74.3499984741211,1601.0,-0.01345277261027844,-0.0268983080841112,0.0,0.013454582624694567
2024-11-04 15:28:00-05:00,74.33999633789062,74.33999633789062,74.30000305175781,74.30000305175781,5200.0,0.0,-0.01345277261027844,-0.05379780481967744,-0.06724334013360478
2024-11-04 15:29:00-05:00,74.30000305175781,74.31999969482422,74.30000305175781,74.30500030517578,2597.0,-0.05379780481967744,-0.02689890240983317,0.0,0.006725778213612088
2024-11-04 15:30:00-05:00,74.30999755859375,74.30999755859375,74.26000213623047,74.27999877929688,6309.0,0.013451556427224176,-0.013458202733507285,-0.0538370307999525,-0.033647164761752
2024-11-04 15:31:00-05:00,74.2699966430664,74.2699966430664,74.23999786376953,74.23999786376953,3209.0,-0.053829789855397436,-0.053829789855397436,-0.02693815228316243,-0.05385152959708206
2024-11-04 15:32:00-05:00,74.25,74.26000213623047,74.22000122070312,74.26000213623047,6892.0,-0.0269242547061177,-0.013456991096916227,-0.026935134215788636,0.02694541087897573
2024-11-04 15:33:00-05:00,74.25,74.30999755859375,74.25,74.30000305175781,6155.0,0.0,0.06732483291822522,0.04041872649351852,0.05386603067147888
2024-11-04 15:34:00-05:00,74.29000091552734,74.31999969482422,74.28500366210938,74.31999969482422,4109.0,0.05387328690551474,0.013460014209498716,0.04714297927188582,0.02691338121814102
2024-11-04 15:35:00-05:00,74.31999969482422,74.31999969482422,74.22930145263672,74.26000213623047,5819.0,0.040380641980308773,0.0,-0.0749844608287531,-0.08072868519929388
2024-11-04 15:36:00-05:00,74.23999786376953,74.23999786376953,74.16000366210938,74.16000366210938,5402.0,-0.10764509066629735,-0.10764509066629735,-0.09335638241396715,-0.13465993973127421
2024-11-04 15:37:00-05:00,74.16000366210938,74.20999908447266,74.16000366210938,74.20999908447266,5337.0,-0.10775081352635274,-0.0404078396552765,0.0,0.06741561474439273
2024-11-04 15:38:00-05:00,74.2249984741211,74.23999786376953,74.20999908447266,74.2300033569336,5213.0,0.08764132794254476,0.04042417419076738,0.06741561474439273,0.026956303338798726
2024-11-04 15:39:00-05:00,74.22000122070312,74.22000122070312,74.19000244140625,74.19000244140625,4660.0,-0.0067325746321289515,-0.026935134215788636,-0.026946022521368018,-0.05388779970142421
2024-11-04 15:40:00-05:00,74.19999694824219,74.29000091552734,74.19999694824219,74.29000091552734,5597.0,-0.026952670616986474,0.09431378829551917,0.013471500885620102,0.13478699397546645
2024-11-04 15:41:00-05:00,74.3499984741211,74.37999725341797,74.34010314941406,74.37999725341797,6706.0,0.202158398986918,0.12114192594094852,0.1888223813130363,0.12114192594094852
2024-11-04 15:42:00-05:00,74.375,74.375,74.33999633789062,74.33999633789062,7830.0,0.03362680079623814,-0.006718544773454127,-0.00014367954699334717,-0.053779130148468024
2024-11-04 15:43:00-05:00,74.3499984741211,74.36499786376953,74.34030151367188,74.36499786376953,6184.0,-0.03361549698004396,-0.0134482503939104,0.0004105135812171312,0.03363132514193623
2024-11-04 15:44:00-05:00,74.37999725341797,74.38480377197266,74.36000061035156,74.36499786376953,7553.0,0.04034805637194161,0.026633374264872778,0.02649854288803155,0.0
2024-11-04 15:45:00-05:00,74.37000274658203,74.38999938964844,74.36000061035156,74.36000061035156,7303.0,-0.013437089546919356,0.006984783735819455,0.0,-0.006719899901186377
2024-11-04 15:46:00-05:00,74.36000061035156,74.36000061035156,74.33000183105469,74.36000061035156,7702.0,-0.0134491540420556,-0.04032636045571136,-0.040342629169776156,0.0
2024-11-04 15:47:00-05:00,74.37000274658203,74.37999725341797,74.33999633789062,74.3499984741211,11811.0,0.013450963082806133,0.026891666086981125,0.013446127525540419,-0.013450963082806133
2024-11-04 15:48:00-05:00,74.36000061035156,74.36000061035156,74.33999633789062,74.3499984741211,8725.0,-0.0134491540420556,-0.026884436414098545,0.0,0.0
2024-11-04 15:49:00-05:00,74.3550033569336,74.3550033569336,74.33999633789062,74.3499984741211,7613.0,-0.006720351502087496,-0.006720351502087496,0.0,0.0
2024-11-04 15:50:00-05:00,74.33999633789062,74.3499984741211,74.13999938964844,74.1500015258789,43088.0,-0.020182931027423745,-0.00673106393187517,-0.26903007545650004,-0.26899388345219544
2024-11-04 15:51:00-05:00,74.12999725341797,74.19000244140625,74.12999725341797,74.16000366210938,21892.0,-0.2824846580811835,-0.2151930544699754,-0.013490877141641988,0.013489057349480582
2024-11-04 15:52:00-05:00,74.16000366210938,74.19999694824219,74.1500015258789,74.18499755859375,18147.0,0.04047809227460952,0.013471500885620102,0.02698539484973228,0.033702663498047514
2024-11-04 15:53:00-05:00,74.18000030517578,74.27999877929688,74.18000030517578,74.27999877929688,28816.0,0.02696418834808867,0.10781918375346589,0.040456882912409675,0.12805988249591227
2024-11-04 15:54:00-05:00,74.2699966430664,74.33999633789062,74.26000213623047,74.33000183105469,29547.0,0.1213215658133926,0.08077215883108835,0.10784824848417696,0.06731697977861995
2024-11-04 15:55:00-05:00,74.33000183105469,74.38999938964844,74.29000091552734,74.33999633789062,68803.0,0.0807933091429458,0.06726265028389466,0.04039695452990877,0.013446127525540419
2024-11-04 15:56:00-05:00,74.33000183105469,74.3499984741211,74.30000305175781,74.33000183105469,35079.0,0.0,-0.05377189925466208,0.013463637242172588,-0.013444319785149705
2024-11-04 15:57:00-05:00,74.31999969482422,74.35099792480469,74.30999755859375,74.33999633789062,42961.0,-0.013456391745025886,0.0013442511151318115,0.013451556427224176,0.013446127525540419
2024-11-04 15:58:00-05:00,74.33000183105469,74.42500305175781,74.33000183105469,74.42500305175781,78474.0,0.013458202733507285,0.09953481327575897,0.026920028418997433,0.11434855805052546
2024-11-04 15:59:00-05:00,74.43000030517578,74.52999877929688,74.43000030517578,74.47000122070312,253049.0,0.13453312479176915,0.14107587938698707,0.13453312479176915,0.06046109116586429
2024-11-05 09:30:00-05:00,73.29499816894531,73.29499816894531,73.01000213623047,73.01000213623047,115798.0,-1.5249256100722364,-1.6570516980802918,-1.9078303951673758,-1.9605197536464725
2024-11-05 09:31:00-05:00,73.24240112304688,73.6500015258789,73.0,73.55000305175781,15755.0,-0.07176075750381372,0.4843486810863995,-0.013699679410783538,0.7396259412782102
2024-11-05 09:32:00-05:00,73.6500015258789,74.06999969482422,73.51000213623047,73.92500305175781,23158.0,0.5565087935160085,0.5702622678123603,0.6986330633294013,0.5098572188176664
2024-11-05 09:33:00-05:00,73.9800033569336,74.0999984741211,73.75,73.75,17932.0,0.4480676499901026,0.04050057974951393,0.3264832768264059,-0.2367305303123013
2024-11-05 09:34:00-05:00,73.74500274658203,74.09500122070312,73.70999908447266,73.97000122070312,24076.0,-0.3176542304516361,-0.006743931877017939,-0.054238529528605195,0.2983067399364492
2024-11-05 09:35:00-05:00,74.01499938964844,74.27999877929688,73.9000015258789,73.91000366210938,15722.0,0.3661219513330538,0.24967616647000312,0.2577702398130599,-0.08111066324676397
2024-11-05 09:36:00-05:00,73.91000366210938,74.04000091552734,73.83999633789062,74.01499938964844,7295.0,-0.1418573645948662,-0.323098906453434,-0.08119781698145978,0.14205888558613822
2024-11-05 09:37:00-05:00,74.01499938964844,74.02999877929688,73.95500183105469,74.02999877929688,4801.0,0.14205888558613822,-0.013509097929209624,0.15574959218280782,0.020265337799263428
2024-11-05 09:38:00-05:00,73.94999694824219,73.96499633789062,73.69999694824219,73.73999786376953,13152.0,-0.08782333573232881,-0.08780554164270482,-0.34481086674169603,-0.39173432434047584
2024-11-05 09:39:00-05:00,73.73999786376953,74.06999969482422,73.73999786376953,74.05999755859375,11776.0,-0.2839744329126037,0.14196358025073685,0.05427532860746709,0.43395674544959295
2024-11-05 09:40:00-05:00,74.05999755859375,74.23999786376953,73.98999786376953,74.16000366210938,23830.0,0.43395674544959295,0.2295101520800813,0.33902903070577306,0.1350339006378043
2024-11-05 09:41:00-05:00,74.16000366210938,74.20999908447266,74.01000213623047,74.0250015258789,11170.0,0.1350339006378043,-0.0404078396552765,0.027036454978368596,-0.18204170653168816
2024-11-05 09:42:00-05:00,74.08999633789062,74.23999786376953,73.99819946289062,74.19499969482422,33134.0,-0.09440037858914341,0.04042417419076738,-0.015947403052518627,0.22964966624943184
2024-11-05 09:43:00-05:00,74.19499969482422,74.33000183105469,74.04000091552734,74.33000183105469,27899.0,0.14172406819230599,0.1212337956290277,0.056489823995886645,0.18195584174911517
2024-11-05 09:44:00-05:00,74.29000091552734,74.4000015258789,74.2699966430664,74.3499984741211,14552.0,0.12804261890138058,0.09417421377617696,0.3106371214142367,0.026902519270555203
2024-11-05 09:45:00-05:00,74.3499984741211,74.3499984741211,74.23999786376953,74.30000305175781,57963.0,0.08076128396063975,-0.067208401521901,-0.040391518315319175,-0.06724334013360478
2024-11-05 09:46:00-05:00,74.31999969482422,74.33000183105469,74.19999694824219,74.23999786376953,39578.0,-0.04034805637194161,-0.02689528376166317,-0.053880545094764365,-0.08076068038177509
2024-11-05 09:47:00-05:00,74.2300033569336,74.25499725341797,74.18499755859375,74.2300033569336,19329.0,-0.12109302779893527,-0.10090754175843264,-0.02021481167836514,-0.013462428776300772
2024-11-05 09:48:00-05:00,74.25499725341797,74.31749725341797,74.19000244140625,74.2699966430664,92753.0,0.033670881522374074,0.08416941931423949,0.006746489151732149,0.05387752165455506
2024-11-05 09:49:00-05:00,74.22000122070312,74.31999969482422,74.19999694824219,74.30000305175781,105857.0,-0.04712953203056536,0.003367230462192339,0.013471500885620102,0.04040179082760442
2024-11-05 09:50:00-05:00,74.29000091552734,74.37000274658203,74.19000244140625,74.19999694824219,62106.0,0.09431378829551917,0.06728074806665596,-0.013469686316713858,-0.1345977111817387
2024-11-05 09:51:00-05:00,74.22750091552734,74.29499816894531,74.15499877929688,74.18000030517578,30621.0,-0.0841297607077296,-0.10085326726730903,-0.04718110386506824,-0.02694965483671652
2024-11-05 09:52:00-05:00,74.17500305175781,74.2042007446289,73.95999908447266,74.0,22461.0,-0.07072562476443389,-0.122212028473212,-0.2629623060268482,-0.2426534166018679
2024-11-05 09:53:00-05:00,73.98999786376953,74.19999694824219,73.95500183105469,74.19999694824219,50076.0,-0.24941716262443236,-0.005665173055613426,-0.006756697511933751,0.27026614627323475
2024-11-05 09:54:00-05:00,74.22000122070312,74.23999786376953,74.1500015258789,74.2020034790039,22915.0,0.310857363933259,0.05390959187672184,0.2636734365441429,0.0027042194666426767
2024-11-05 09:55:00-05:00,74.19999694824219,74.29000091552734,74.18000030517578,74.26000213623047,30139.0,-0.026952670616986474,0.06735325053426333,0.040456882912409675,0.0781631957457396
2024-11-05 09:56:00-05:00,74.26000213623047,74.36000061035156,74.19999694824219,74.20999908447266,14483.0,0.08086952891674937,0.09422492120281234,0.026956919633502885,-0.0673351068130601
2024-11-05 09:57:00-05:00,74.2300033569336,74.2300033569336,74.12999725341797,74.12999725341797,10942.0,-0.040396954529897666,-0.17482147976188855,-0.09433921523345212,-0.10780465172034459
2024-11-05 09:58:00-05:00,74.13999938964844,74.13999938964844,74.05999755859375,74.07499694824219,9704.0,-0.12125011883992176,-0.12125011883992176,-0.09442829814888531,-0.07419439796788607
2024-11-05 09:59:00-05:00,74.07499694824219,74.07499694824219,73.91999816894531,74.0250015258789,19310.0,-0.08767526563444594,-0.08767526563444594,-0.1890350989245948,-0.06749297930881415
2024-11-05 10:00:00-05:00,74.05999755859375,74.19000244140625,74.03500366210938,74.12999725341797,19757.0,-0.020248923748078518,0.15525548147430346,0.15558102815589336,0.1418381970615057
2024-11-05 10:01:00-05:00,74.125,74.20999908447266,74.0999984741211,74.18000030517578,27245.0,0.08776997508650464,0.026953285359709866,0.0877893007317887,0.06745319521175297
2024-11-05 10:02:00-05:00,74.16999816894531,74.23999786376953,73.98999786376953,73.98999786376953,13629.0,0.060705792843585016,0.04042417419076738,-0.14844886992808615,-0.25613701890615515
2024-11-05 10:03:00-05:00,74.0199966430664,74.13999938964844,74.01000213623047,74.04499816894531,17094.0,-0.20224016392346167,-0.13469622440532847,0.027036454978368596,0.07433478411102978
2024-11-05 10:04:00-05:00,74.0199966430664,74.0999984741211,73.9800033569336,74.08000183105469,12769.0,0.0,-0.05395321804241293,-0.04053341228346108,0.04727349986490825
2024-11-05 10:05:00-05:00,74.08000183105469,74.08000183105469,73.98999786376953,74.04000091552734,28940.0,0.08106618577359281,-0.026986023587283192,0.01350974098732749,-0.05399691487396607
2024-11-05 10:06:00-05:00,74.04499816894531,74.04499816894531,73.83000183105469,73.83599853515625,8797.0,-0.04725116258663675,-0.04725116258663675,-0.2162400828952915,-0.27552995387430945
2024-11-05 10:07:00-05:00,73.80000305175781,73.80000305175781,73.66000366210938,73.67500305175781,6693.0,-0.33087328414608264,-0.33087328414608264,-0.2302562166181743,-0.21804470257388298
2024-11-05 10:08:00-05:00,73.69869995117188,73.9800033569336,73.68499755859375,73.9800033569336,10690.0,-0.13726706828844915,0.24390284245590088,0.03393143529970555,0.41398071603948594
2024-11-05 10:09:00-05:00,73.93000030517578,73.93000030517578,73.66999816894531,73.68000030517578,15308.0,0.31384590794294454,-0.06758995605414819,-0.020356097096307924,-0.40551911076616154
2024-11-05 10:10:00-05:00,73.69000244140625,73.73999786376953,73.66000366210938,73.70999908447266,12522.0,-0.324628517217429,-0.2570031659974825,-0.013566590314029181,0.04071495544601955
2024-11-05 10:11:00-05:00,73.6500015258789,73.66999816894531,73.55999755859375,73.58000183105469,15532.0,-0.05428268992004881,-0.09492771474381989,-0.13576717152278261,-0.17636311902403667
2024-11-05 10:12:00-05:00,73.58000183105469,73.75,73.56999969482422,73.72350311279297,9732.0,-0.09504371130205636,0.10859485956715709,0.013597249269214906,0.19502755934659444
2024-11-05 10:13:00-05:00,73.7249984741211,73.87000274658203,73.72000122070312,73.83000183105469,13809.0,0.19705985248454905,0.16271558858580448,0.20388952902150592,0.14445694217593008
2024-11-05 10:14:00-05:00,73.83000183105469,73.83000183105469,73.73999786376953,73.7750015258789,8587.0,0.14242571598079845,-0.05415041835664658,0.027125125793925342,-0.07449587405081726
2024-11-05 10:15:00-05:00,73.76000213623047,73.7699966430664,73.6500015258789,73.70249938964844,12792.0,-0.09481199117995498,-0.08127480224853212,-0.12204548480850841,-0.09827466585010658
2024-11-05 10:16:00-05:00,73.70500183105469,73.79499816894531,73.70500183105469,73.75499725341797,15158.0,-0.07456657210258566,0.033891184785961315,0.0746779416650245,0.07122942126016607
2024-11-05 10:17:00-05:00,73.75499725341797,73.86000061035156,73.69999694824219,73.86000061035156,9354.0,0.06783179040938947,0.08808515891203239,-0.006790424921188087,0.14236778637901626
2024-11-05 10:18:00-05:00,73.88500213623047,73.94999694824219,73.80999755859375,73.80999755859375,11369.0,0.176265863539804,0.12184719353767193,0.14925456568040119,-0.06769977165530516
2024-11-05 10:19:00-05:00,73.77999877929688,73.80999755859375,73.73999786376953,73.77999877929688,10574.0,-0.1421172821244432,-0.18931628860839878,-0.09483768749436461,-0.04064324656434248
2024-11-05 10:20:00-05:00,73.80000305175781,73.88999938964844,73.79000091552734,73.82499694824219,9709.0,0.02711340850083399,0.10838888186004425,0.06780994467912027,0.06098965802361356
2024-11-05 10:21:00-05:00,73.81999969482422,73.83000183105469,73.79010009765625,73.80999755859375,5172.0,0.027095721191749966,-0.08119848300087718,0.0001344113398582536,-0.020317494437493977
2024-11-05 10:22:00-05:00,73.80999755859375,73.86000061035156,73.76499938964844,73.80000305175781,19938.0,-0.013549358265807498,0.040632234258275446,-0.03401636259415808,-0.0135408578329832
2024-11-05 10:23:00-05:00,73.80000305175781,73.87999725341797,73.75,73.87000274658203,18938.0,-0.0135408578329832,0.027073710941194484,-0.020334019890932975,0.09485053106992325
2024-11-05 10:24:00-05:00,73.87999725341797,73.97000122070312,73.86000061035156,73.97000122070312,15139.0,0.10839322269953211,0.12182454064857406,0.1491533699682135,0.13537088182349333
2024-11-05 10:25:00-05:00,73.97000122070312,74.0,73.91999816894531,73.94999694824219,17470.0,0.12182454064857406,0.04055533162337088,0.08123146235845535,-0.027043763864831316
2024-11-05 10:26:00-05:00,73.94999694824219,73.94999694824219,73.80000305175781,73.88999938964844,19103.0,-0.027043763864831316,-0.06757169156461629,-0.1623310608223405,-0.08113260455675508
2024-11-05 10:27:00-05:00,73.9000015258789,73.91999816894531,73.82499694824219,73.86000061035156,16069.0,-0.06760706480930523,-0.04056630227837754,0.033867067006543294,-0.04059924150043859
2024-11-05 10:28:00-05:00,73.86000061035156,73.86000061035156,73.7249984741211,73.7249984741211,23044.0,-0.05412843667308431,-0.0811655304111647,-0.1354534077274705,-0.182781119841402
2024-11-05 10:29:00-05:00,73.72000122070312,73.72000122070312,73.61499786376953,73.66500091552734,19105.0,-0.1895469651929771,-0.1895469651929771,-0.14920395066563286,-0.08138021001765638
2024-11-05 10:30:00-05:00,73.67500305175781,73.68000030517578,73.56999969482422,73.6500015258789,43250.0,-0.061039294899900565,-0.05426060073926431,-0.06112636045794151,-0.02036162283584053
2024-11-05 10:31:00-05:00,73.66500091552734,73.69000244140625,73.6050033569336,73.62999725341797,39356.0,-0.013576024182093693,0.013575103405316646,0.04757871721432494,-0.0271612655077913
2024-11-05 10:32:00-05:00,73.66999816894531,73.68000030517578,73.57499694824219,73.62999725341797,10884.0,0.006783755319172968,-0.013573260821131417,-0.04076680568289026,0.0
2024-11-05 10:33:00-05:00,73.62000274658203,73.68000030517578,73.61000061035156,73.6500015258789,14546.0,-0.06786402009760772,0.0,0.047575485642226134,0.027168644855546376
2024-11-05 10:34:00-05:00,73.62999725341797,73.81999969482422,73.625,73.75499725341797,37894.0,0.01357580339997888,0.1900100285946893,0.02037683673965507,0.14256038745927846
2024-11-05 10:35:00-05:00,73.76499938964844,73.80000305175781,73.76000213623047,73.7750015258789,26350.0,0.18335208646800272,-0.027088381399453798,0.18336453138263487,0.027122599424966864
2024-11-05 10:36:00-05:00,73.80999755859375,73.8499984741211,73.79499816894531,73.83000183105469,13535.0,0.06100205967278782,0.06774447194564104,0.04744581304405582,0.07455141177663549
2024-11-05 10:37:00-05:00,73.83000183105469,73.875,73.78500366210938,73.83000183105469,43415.0,0.027102388731359284,0.033854470406891046,-0.013543610114408189,0.0
2024-11-05 10:38:00-05:00,73.83000183105469,73.87999725341797,73.79000091552734,73.81500244140625,17477.0,0.0,0.006764471631770519,0.006772722328318714,-0.020316117129137723
2024-11-05 10:39:00-05:00,73.80999755859375,73.84500122070312,73.78500366210938,73.83999633789062,21023.0,-0.027095045326852585,-0.0473687520517907,-0.006772263661702915,0.03386018513542588
2024-11-05 10:40:00-05:00,73.83499908447266,73.87000274658203,73.80000305175781,73.87000274658203,33003.0,0.033872817647861986,0.033856761413253444,0.02032850701902955,0.04063706687376101
2024-11-05 10:41:00-05:00,73.87000274658203,73.9800033569336,73.86000061035156,73.95999908447266,43142.0,0.04740795360385075,0.14891106844672208,0.08129750150778214,0.12183069520028678
2024-11-05 10:42:00-05:00,73.94499969482422,73.94499969482422,73.8550033569336,73.88999938964844,14351.0,0.10152557933356121,-0.04731503179378205,-0.006765845351575095,-0.09464534301071303
2024-11-05 10:43:00-05:00,73.87999725341797,73.97000122070312,73.86000061035156,73.96499633789062,10070.0,-0.0879064732903112,0.033810975700987456,0.006766303149174924,0.10149810375108537
2024-11-05 10:44:00-05:00,73.96499633789062,74.01499938964844,73.8949966430664,74.01499938964844,17742.0,0.11505019982755993,0.060832997435067426,0.04738157653079167,0.06760366961877651
2024-11-05 10:45:00-05:00,74.01000213623047,74.02999877929688,73.9800033569336,74.01000213623047,14137.0,0.06084742860561487,0.020265337799263428,0.11503717129563995,-0.006751676631999715
2024-11-05 10:46:00-05:00,74.0,74.19000244140625,74.0,74.16999816894531,19609.0,-0.013514573627571025,0.21613354686982333,0.027029794754040992,0.21618163504486532
2024-11-05 10:47:00-05:00,74.18000030517578,74.19999694824219,74.12000274658203,74.12789916992188,11516.0,0.24324365564294403,0.013471500885620102,0.1621658737595011,-0.05676014569603316
2024-11-05 10:48:00-05:00,74.12999725341797,74.12999725341797,74.01499938964844,74.04000091552734,7631.0,-0.06740772654637572,-0.09433921523345212,-0.14166669325769154,-0.11857648116135877
2024-11-05 10:49:00-05:00,74.05000305175781,74.05000305175781,74.0,74.02999877929688,7268.0,-0.10791070366115152,-0.10791070366115152,-0.020265337799263428,-0.013509097929209624
2024-11-05 10:50:00-05:00,74.02999877929688,74.02999877929688,73.91500091552734,73.93000030517578,36284.0,-0.02701454643688761,-0.02701454643688761,-0.11486362766575109,-0.13507831388626101
2024-11-05 10:51:00-05:00,73.92500305175781,73.97000122070312,73.88999938964844,73.91999816894531,10445.0,-0.14182862254541462,-0.08104492716880518,-0.033824698057538516,-0.013529198145789678
2024-11-05 10:52:00-05:00,73.90499877929688,73.93499755859375,73.86499786376953,73.91000366210938,19296.0,-0.02706022541105746,-0.04732142967651676,-0.03383614303075211,-0.013520707634617768
2024-11-05 10:53:00-05:00,73.91000366210938,73.91999816894531,73.87000274658203,73.88999938964844,9370.0,0.006772049110570499,-0.020287266036023155,0.006775716451956626,-0.027065717047436433
2024-11-05 10:54:00-05:00,73.88999938964844,73.88999938964844,73.83000183105469,73.83000183105469,10835.0,-0.027065717047436433,-0.0405827652055879,-0.05415041835664658,-0.08119848300087718
2024-11-05 10:55:00-05:00,73.80000305175781,73.80000305175781,73.63999938964844,73.67849731445312,25743.0,-0.12179772450131576,-0.12179772450131576,-0.2573512619450158,-0.20520725022904474
2024-11-05 10:56:00-05:00,73.68000030517578,73.76000213623047,73.66000366210938,73.76000213623047,12605.0,-0.16260534094811874,-0.05420178031604328,0.02716495468053637,0.11062226395510688
2024-11-05 10:57:00-05:00,73.76000213623047,73.80000305175781,73.7300033569336,73.7300033569336,13539.0,0.1085801177026724,0.054231174578145414,0.09503080551735987,-0.04067079504888049
2024-11-05 10:58:00-05:00,73.73999786376953,73.83000183105469,73.73999786376953,73.81500244140625,16372.0,-0.027120759058529842,0.04064875075389107,0.01355554913995416,0.11528425417419719
2024-11-05 10:59:00-05:00,73.82499694824219,73.87000274658203,73.77999877929688,73.87000274658203,11635.0,0.11526862887856204,0.054179756921679534,0.05424588647431339,0.07451101179525299
2024-11-05 11:00:00-05:00,73.8499984741211,73.88999938964844,73.81999969482422,73.81999969482422,8538.0,0.03386593554000061,0.02707004511020017,0.054216476266155667,-0.06769060497987534
2024-11-05 11:01:00-05:00,73.80999755859375,73.83999633789062,73.79000091552734,73.83999633789062,12199.0,-0.05416508646423068,-0.06767228606151532,-0.040637739665250194,0.027088381399442696
2024-11-05 11:02:00-05:00,73.81500244140625,73.87999725341797,73.80000305175781,73.87000274658203,5373.0,0.006780765449199144,0.054172423498366484,0.013554866657239373,0.04063706687376101
2024-11-05 11:03:00-05:00,73.87999725341797,73.94000244140625,73.87999725341797,73.91999816894531,14305.0,0.08805095151667164,0.08121980267874473,0.10839322269953211,0.0676802768436291
2024-11-05 11:04:00-05:00,73.92500305175781,73.9800033569336,73.92500305175781,73.94999694824219,7258.0,0.060917433693807865,0.054099153646958165,0.060917433693807865,0.0405827652055768
2024-11-05 11:05:00-05:00,73.93499755859375,73.97000122070312,73.8949966430664,73.96990203857422,7771.0,0.013519792253435803,-0.0135200537667024,-0.04059033811658619,0.02691695896344104
2024-11-05 11:06:00-05:00,73.94999694824219,73.9800033569336,73.91000366210938,73.947998046875,9849.0,0.020287266036023155,0.01352188193242121,0.020308572602623087,-0.029612032861414672
2024-11-05 11:07:00-05:00,73.95500183105469,74.01000213623047,73.91000366210938,74.01000213623047,9690.0,0.006767928355699837,0.04054984852073229,0.0,0.08384823253249074
2024-11-05 11:08:00-05:00,74.01499938964844,74.07499694824219,74.01000213623047,74.07499694824219,3717.0,0.08112711393180039,0.08781895708107612,0.13529761759754066,0.08781895708107612
2024-11-05 11:09:00-05:00,74.06999969482422,74.125,74.06999969482422,74.125,4533.0,0.074309674565054,0.06750327886311247,0.08106682456692216,0.06750327886311247
2024-11-05 11:10:00-05:00,74.12000274658203,74.16500091552734,74.05000305175781,74.06999969482422,13055.0,0.06750783308198116,0.053964135618667086,-0.02699695308329142,-0.0741993998998769
2024-11-05 11:11:00-05:00,74.08000183105469,74.16000366210938,74.04000091552734,74.1050033569336,46100.0,-0.05396777394101049,-0.006738021110064274,-0.013507273218449356,0.047257543207224195
2024-11-05 11:12:00-05:00,74.12000274658203,74.1500015258789,74.1050033569336,74.12999725341797,8679.0,0.05399691487395497,-0.013487238048204286,0.08779367990610076,0.033727677420092306
2024-11-05 11:13:00-05:00,74.12000274658203,74.12000274658203,74.02999877929688,74.04499816894531,6317.0,0.0,-0.040456882912409675,-0.10121391841175775,-0.11466219832989566
2024-11-05 11:14:00-05:00,74.05000305175781,74.08999633789062,74.03500366210938,74.08999633789062,6970.0,-0.09444103107166812,-0.040483550431047455,0.006760614473888538,0.060771382345969904
2024-11-05 11:15:00-05:00,74.08999633789062,74.0999984741211,74.05000305175781,74.05000305175781,7812.0,0.05400848681242909,0.013499982082398887,0.020259862101035253,-0.05397933339127414
2024-11-05 11:16:00-05:00,74.05000305175781,74.05999755859375,74.0199966430664,74.04000091552734,8409.0,-0.05397933339127414,-0.05398234325377782,-0.040521819655336966,-0.013507273218449356
2024-11-05 11:17:00-05:00,74.02999877929688,74.05000305175781,74.0,74.01499938964844,8518.0,-0.02701454643688761,-0.013495148751563324,-0.027015190452972515,-0.03376759261176643
2024-11-05 11:18:00-05:00,74.01499938964844,74.04000091552734,74.01499938964844,74.02999877929688,5684.0,-0.020261231792206846,-0.013507273218449356,0.020269445470866287,0.020265337799263428
2024-11-05 11:19:00-05:00,74.01000213623047,74.05000305175781,74.01000213623047,74.04000091552734,8388.0,-0.006751676631999715,0.013509097929209624,-0.006751676631999715,0.013510923133042141
2024-11-05 11:20:00-05:00,74.06999969482422,74.15499877929688,74.06999969482422,74.13999938964844,7578.0,0.08106682456692216,0.141790308186307,0.08106682456692216,0.13506006602455045
2024-11-05 11:21:00-05:00,74.1449966430664,74.1449966430664,74.06999969482422,74.12000274658203,5639.0,0.10125144937380703,-0.013488148331353145,0.0,-0.026971463759140057
2024-11-05 11:22:00-05:00,74.12000274658203,74.16999816894531,74.12000274658203,74.16999816894531,2528.0,-0.03370948494972881,0.0337197747803053,0.06750783308198116,0.06745199745097352
2024-11-05 11:23:00-05:00,74.18000030517578,74.19000244140625,74.06999969482422,74.11000061035156,5986.0,0.08094651426131527,0.026970841249540634,-0.06746229075135224,-0.08089195102457536
2024-11-05 11:24:00-05:00,74.12000274658203,74.19000244140625,74.11499786376953,74.18409729003906,9622.0,-0.08088104387560247,0.0,0.0607508696242931,0.09998202547194524
2024-11-05 11:25:00-05:00,74.16999816894531,74.23999786376953,74.16999816894531,74.19000244140625,29695.0,0.06745199745097352,0.0673883551935095,0.0742094134265292,0.007960131056261588
2024-11-05 11:26:00-05:00,74.19000244140625,74.22000122070312,74.18000030517578,74.22000122070312,6042.0,0.026970841249540634,-0.026935134215788636,0.013485420624781419,0.04043506983379963
2024-11-05 11:27:00-05:00,74.2300033569336,74.25,74.20999908447266,74.20999908447266,7192.0,0.05391685430786719,0.04041872649351852,0.04044052193779013,-0.013476335308493237
2024-11-05 11:28:00-05:00,74.23999786376953,74.25,74.17500305175781,74.18000030517578,6468.0,0.013464241390215292,0.0,-0.04715810961675171,-0.04042417419076738
2024-11-05 11:29:00-05:00,74.19000244140625,74.23999786376953,74.19000244140625,74.22000122070312,11199.0,-0.06734297387106514,-0.013470890546085634,0.020221623230631813,0.053924124242077376
2024-11-05 11:30:00-05:00,74.25,74.25,74.2251968383789,74.2251968383789,6318.0,0.08087013966757706,0.013472705439498966,0.047438193576621046,0.007000293169401317
2024-11-05 11:31:00-05:00,74.25,74.30000305175781,74.23999786376953,74.29000091552734,12509.0,0.0,0.06734417745160037,0.01994070210800114,0.08730738335331889
2024-11-05 11:32:00-05:00,74.30000305175781,74.40499877929688,74.30000305175781,74.39009857177734,29539.0,0.06734417745160037,0.1413132210316581,0.0808259559737401,0.13473906988346052
2024-11-05 11:33:00-05:00,74.40499877929688,74.45999908447266,74.37999725341797,74.45500183105469,15799.0,0.1413132210316581,0.0739201748244378,0.10766379323623454,0.08724717472274879
2024-11-05 11:34:00-05:00,74.45500183105469,74.4800033569336,74.40019989013672,74.40499877929688,7515.0,0.06720388761263241,0.026865797350117404,0.02716138406124724,-0.06715875431885232
2024-11-05 11:35:00-05:00,74.38999938964844,74.43000030517578,74.36499786376953,74.42500305175781,13678.0,-0.08730433121705294,-0.0671362103975448,-0.047314424449351744,0.026885656594499707
2024-11-05 11:36:00-05:00,74.44539642333984,74.44539642333984,74.37000274658203,74.38500213623047,5765.0,0.07446838842037895,0.02068536625141615,0.006730159290357918,-0.053746609186600125
2024-11-05 11:37:00-05:00,74.37999725341797,74.38999938964844,74.33000183105469,74.34500122070312,12866.0,-0.08784850785128473,-0.07441297427767113,-0.053786357469487456,-0.053775511700715484
2024-11-05 11:38:00-05:00,74.33999633789062,74.37999725341797,74.33999633789062,74.37999725341797,6105.0,-0.053779130148468024,-0.013445538798939616,0.013446127525540419,0.04707247580904017
2024-11-05 11:39:00-05:00,74.37999725341797,74.37999725341797,74.3499984741211,74.37000274658203,7671.0,0.0538080676592001,0.0,0.013454582624694567,-0.013437089546919356
2024-11-05 11:40:00-05:00,74.36000061035156,74.36499786376953,74.28500366210938,74.31999969482422,6903.0,-0.026884436414098545,-0.020165891640644418,-0.08741736831957558,-0.06723551151154306
2024-11-05 11:41:00-05:00,74.33000183105469,74.33000183105469,74.24500274658203,74.25,3483.0,-0.040342629169776156,-0.047059818086669924,-0.05384790140051665,-0.09418688793280117
2024-11-05 11:42:00-05:00,74.23999786376953,74.30000305175781,74.20999908447266,74.29499816894531,11114.0,-0.12108699726622874,-0.04035891101558109,-0.04714615235297259,0.06060359453914366
2024-11-05 11:43:00-05:00,74.2699966430664,74.2699966430664,74.22000122070312,74.22250366210938,6509.0,0.0404078396552876,-0.040385474372728325,0.013478151669410465,-0.09757656453680541
2024-11-05 11:44:00-05:00,74.2300033569336,74.2699966430664,74.2249984741211,74.2699966430664,15272.0,-0.0538485094122354,0.0,0.006733027938254921,0.0639873065630292
2024-11-05 11:45:00-05:00,74.2699966430664,74.27999877929688,74.26000213623047,74.2750015258789,11645.0,0.05387752165455506,0.013467263609201474,0.047158858644613666,0.006738768060743361
2024-11-05 11:46:00-05:00,74.29000091552734,74.31999969482422,74.2300033569336,74.30999755859375,16758.0,0.02693452721840295,0.05385152959707096,-0.040396954529897666,0.04711683876930106
2024-11-05 11:47:00-05:00,74.31999969482422,74.37999725341797,74.31999969482422,74.37000274658203,6638.0,0.040380641980308773,0.08072868519928278,0.12123984079306371,0.08074981827441707
2024-11-05 11:48:00-05:00,74.36499786376953,74.44999694824219,74.36499786376953,74.43000030517578,6939.0,0.060546513899462084,0.09411091342974576,0.060546513899462084,0.08067440685486371
2024-11-05 11:49:00-05:00,74.44999694824219,74.44999694824219,74.38999938964844,74.40499877929688,4367.0,0.11429985465523096,0.0,0.03362001828428607,-0.03359065669272798
2024-11-05 11:50:00-05:00,74.3499984741211,74.38999938964844,74.33000183105469,74.3499984741211,6875.0,-0.134316290423242,-0.0805877247187281,-0.08065272091143383,-0.0739201748244489
2024-11-05 11:51:00-05:00,74.3499984741211,74.41000366210938,74.3499984741211,74.41000366210938,5061.0,0.0,0.02689107759787923,0.026902519270555203,0.08070637420276583
2024-11-05 11:52:00-05:00,74.41000366210938,74.41999816894531,74.37000274658203,74.41999816894531,5278.0,0.08070637420276583,0.01343167093676989,0.02690554522055688,0.01343167093676989
2024-11-05 11:53:00-05:00,74.41500091552734,74.41500091552734,74.36000061035156,74.36000061035156,7112.0,0.006715835468384945,-0.006714933540608037,-0.0134491540420556,-0.08062020971506545
2024-11-05 11:54:00-05:00,74.37000274658203,74.38999938964844,74.34010314941406,74.3499984741211,10009.0,-0.060469217754077764,-0.033597427361842236,-0.026758285064798493,-0.013450963082806133
2024-11-05 11:55:00-05:00,74.3499984741211,74.37830352783203,74.32939910888672,74.32939910888672,11697.0,-0.0268983080841112,-0.01572235772600017,-0.014398743173427153,-0.02770593901429974
2024-11-05 11:56:00-05:00,74.33000183105469,74.3550033569336,74.30500030517578,74.33409881591797,11325.0,-0.02689528376166317,-0.03132656943394263,-0.03282524008461074,0.006322810472836338
2024-11-05 11:57:00-05:00,74.33499908447266,74.3499984741211,74.27999877929688,74.27999877929688,8444.0,0.0067230637627702095,-0.00673106393187517,-0.033647164761752,-0.0727795688423849
2024-11-05 11:58:00-05:00,74.2699966430664,74.3550033569336,74.25,74.3550033569336,16996.0,-0.08744527101208766,0.006731517034586076,-0.040386079415544174,0.10097546966791882
2024-11-05 11:59:00-05:00,74.34500122070312,74.48999786376953,74.33000183105469,74.4800033569336,42268.0,0.10098906830060539,0.18155403233310885,0.10774657381102948,0.16811242600576204
2024-11-05 12:00:00-05:00,74.4800033569336,74.4800033569336,74.3499984741211,74.37999725341797,11850.0,0.18158872017459693,-0.01341724677481615,0.026902519270555203,-0.1342724207951007
2024-11-05 12:01:00-05:00,74.37999725341797,74.37999725341797,74.30999755859375,74.31500244140625,4758.0,-0.1342724207951007,-0.1342724207951007,-0.05380082898222005,-0.0873821113360318
2024-11-05 12:02:00-05:00,74.29000091552734,74.30500030517578,74.2699966430664,74.29000091552734,6590.0,-0.1209953498438554,-0.10082945820321099,-0.053829789855397436,-0.03364263615360796
2024-11-05 12:03:00-05:00,74.26000213623047,74.2699966430664,74.19999694824219,74.2300033569336,18797.0,-0.040380641980319876,-0.04710808420107515,-0.09425030023985093,-0.08076128396063975
2024-11-05 12:04:00-05:00,74.26000213623047,74.2699966430664,74.22000122070312,74.23999786376953,8270.0,0.0,0.0,0.026959937040005322,0.013464241390215292
2024-11-05 12:05:00-05:00,74.23999786376953,74.26000213623047,74.22000122070312,74.23500061035156,8835.0,-0.02693815228316243,-0.013456991096916227,0.0,-0.006731214388155937
2024-11-05 12:06:00-05:00,74.19999694824219,74.22000122070312,74.18000030517578,74.20999908447266,10636.0,-0.053880545094764365,-0.05386603067147888,-0.053895061802000654,-0.03367889226557619
2024-11-05 12:07:00-05:00,74.20500183105469,74.23999786376953,74.19999694824219,74.23999786376953,8193.0,0.006745125361651283,0.02694239118501418,0.026956919633502885,0.04042417419076738
2024-11-05 12:08:00-05:00,74.23999786376953,74.24500274658203,74.20999908447266,74.23500061035156,6943.0,0.04716128542725517,0.006741491051331927,0.013479968520013763,-0.006731214388155937
2024-11-05 12:09:00-05:00,74.23500061035156,74.2531967163086,74.22000122070312,74.2300033569336,8662.0,-0.006731214388155937,0.011036392246532856,0.013478151669410465,-0.006731667511117312
2024-11-05 12:10:00-05:00,74.23999786376953,74.30000305175781,74.23999786376953,74.25499725341797,18792.0,0.006731667511128414,0.06303612170133199,0.02694239118501418,0.033670881522374074
2024-11-05 12:11:00-05:00,74.25,74.26000213623047,74.20500183105469,74.20500183105469,6913.0,0.013472705439498966,-0.0538370307999525,-0.04713905404343244,-0.06732937069899858
2024-11-05 12:12:00-05:00,74.19999694824219,74.2300033569336,74.18000030517578,74.2300033569336,9654.0,-0.06734417745160037,-0.040396954529897666,-0.03369250759649445,0.033692507596483345
2024-11-05 12:13:00-05:00,74.20999908447266,74.31999969482422,74.20500183105469,74.30999755859375,11321.0,0.013479968520013763,0.12123984079306371,0.03370386327319341,0.10776532135599037
2024-11-05 12:14:00-05:00,74.30840301513672,74.4000015258789,74.30840301513672,74.37999725341797,7754.0,0.1326019833958636,0.10764509066629735,0.13934530224450903,0.09419956550129616
2024-11-05 12:15:00-05:00,74.37999725341797,74.38999938964844,74.3499984741211,74.3499984741211,6208.0,0.09634743229061105,-0.013443731216844501,0.05597679037174785,-0.040331783281288835
2024-11-05 12:16:00-05:00,74.3550033569336,74.375,74.29499816894531,74.31999969482422,9286.0,-0.033602981187563774,-0.020163180227861233,-0.07397485716819086,-0.04034805637194161
2024-11-05 12:17:00-05:00,74.33000183105469,74.38999938964844,74.33000183105469,74.38500213623047,4508.0,-0.03362453735479276,0.020167246586133558,0.04711442623603901,0.08746291936647665
2024-11-05 12:18:00-05:00,74.36000061035156,74.37999725341797,74.3499984741211,74.37000274658203,6742.0,0.04035891101556999,-0.013445538798939616,0.026902519270555203,-0.02016453480899738
2024-11-05 12:19:00-05:00,74.375,74.4000015258789,74.36000061035156,74.4000015258789,4721.0,0.02017131458489363,0.026894693734358377,0.013452772610267338,0.040337203427420754
2024-11-05 12:20:00-05:00,74.40499877929688,74.44000244140625,74.38999938964844,74.43000030517578,39830.0,0.040334493172267116,0.05376467030504539,0.040342629169765054,0.04032093908821199
2024-11-05 12:21:00-05:00,74.43000030517578,74.44000244140625,74.33999633789062,74.3499984741211,6791.0,0.0336019438063051,0.0,-0.0672174380536017,-0.10748600124501628
2024-11-05 12:22:00-05:00,74.3499984741211,74.4000015258789,74.3499984741211,74.37999725341797,7268.0,-0.10748600124501628,-0.05373577944040031,0.013454582624694567,0.04034805637194161
2024-11-05 12:23:00-05:00,74.38999938964844,74.5,74.37000274658203,74.47000122070312,24341.0,0.05380082898220895,0.13440654848146938,0.02690554522055688,0.12100560716412634
2024-11-05 12:24:00-05:00,74.49500274658203,74.51229858398438,74.44750213623047,74.48750305175781,6797.0,0.141152517536125,0.016508166421980164,0.10420786175378005,0.02350185412622885
2024-11-05 12:25:00-05:00,74.48500061035156,74.48999786376953,74.43000030517578,74.45999908447266,7283.0,-0.0134265868336092,-0.02992891192278302,-0.02350895671779929,-0.036924270727733965
2024-11-05 12:26:00-05:00,74.44999694824219,74.47000122070312,74.44000244140625,74.47000122070312,7172.0,-0.046994242897957506,-0.02684473572274193,0.013438312762947824,0.013432898675058702
2024-11-05 12:27:00-05:00,74.44750213623047,74.5,74.44499969482422,74.4749984741211,6178.0,-0.0033509900792205727,0.040283038545907424,0.0067131290355737505,0.006710424783196167
2024-11-05 12:28:00-05:00,74.4800033569336,74.5199966430664,74.47000122070312,74.50499725341797,7909.0,0.04365656304177179,0.026841131632759918,0.03358388875196461,0.040280335564291114
2024-11-05 12:29:00-05:00,74.49500274658203,74.51000213623047,74.44499969482422,74.5,8030.0,0.020138814409764727,-0.013411845526256627,-0.033572613762700154,-0.006707272803418984
2024-11-05 12:30:00-05:00,74.49259948730469,74.5,74.48500061035156,74.48999786376953,7007.0,-0.0032260677746642763,-0.013423883966856565,0.053732172330334116,-0.01342568621539586
2024-11-05 12:31:00-05:00,74.5,74.54000091552734,74.49500274658203,74.5,7908.0,0.00993456094464662,0.05369250406355164,0.013428389808023411,0.01342748894792578
2024-11-05 12:32:00-05:00,74.51000213623047,74.5199966430664,74.5,74.5,5615.0,0.013425686215384758,-0.026836962993337377,0.006708172674296797,0.0
2024-11-05 12:33:00-05:00,74.51499938964844,74.51499938964844,74.45999908447266,74.5,6717.0,0.00670682227177366,-0.006705922763128314,-0.05369250406355164,0.0
2024-11-05 12:34:00-05:00,74.4800033569336,74.51000213623047,74.46430206298828,74.51000213623047,11335.0,-0.04696508488424289,-0.006706372487286227,0.005778912931142521,0.013425686215384758
2024-11-05 12:35:00-05:00,74.5250015258789,74.52999877929688,74.49500274658203,74.49500274658203,6197.0,0.06041644322929418,0.026837528510403885,0.041228726709596764,-0.020130706238619123
2024-11-05 12:36:00-05:00,74.4906997680664,74.55999755859375,74.48999786376953,74.55999755859375,13856.0,-0.04602718163057018,0.04025061020827003,-0.0067184141593013,0.0872472107059652
2024-11-05 12:37:00-05:00,74.56999969482422,74.58999633789062,74.56500244140625,74.56999969482422,9451.0,0.10645614419615423,0.04023441561045171,0.10069080384977891,0.013414882722617705
2024-11-05 12:38:00-05:00,74.56999969482422,74.58000183105469,74.52999877929688,74.54000091552734,9391.0,0.0,-0.013399259051660728,-0.04694382211933856,-0.0402290189347565
2024-11-05 12:39:00-05:00,74.5199966430664,74.52999877929688,74.4800033569336,74.50499725341797,11064.0,-0.06705518568117519,-0.06704619271944434,-0.0670809381217552,-0.04695956758713482
2024-11-05 12:40:00-05:00,74.5,74.52999877929688,74.4800033569336,74.5199966430664,10957.0,-0.026833929102532128,0.0,0.0,0.020132058521427076
2024-11-05 12:41:00-05:00,74.5199966430664,74.52999877929688,74.4800033569336,74.5199966430664,22105.0,0.026841131632759918,0.0,0.0,0.0
2024-11-05 12:42:00-05:00,74.5199966430664,74.55000305175781,74.51499938964844,74.51499938964844,6071.0,0.0,0.02684056458952533,0.04698715244026985,-0.006705922763128314
2024-11-05 12:43:00-05:00,74.51000213623047,74.55000305175781,74.48999786376953,74.54000091552734,8786.0,-0.013411845526256627,0.0,-0.03355233990967044,0.03355233990967044
2024-11-05 12:44:00-05:00,74.54000091552734,74.62000274658203,74.53500366210938,74.55000305175781,37371.0,0.040261412477238245,0.09389630041412023,0.0604185791791112,0.01341848149667424
2024-11-05 12:45:00-05:00,74.55999755859375,74.61000061035156,74.52999877929688,74.52999877929688,15300.0,0.026826727690898444,-0.01340409523226116,-0.006714808568586417,-0.026833362363576363
2024-11-05 12:46:00-05:00,74.52999877929688,74.58999633789062,74.5250015258789,74.58000183105469,8150.0,-0.040234415610462815,-0.02681178434162934,-0.00670502280936125,0.06709117479779536
2024-11-05 12:47:00-05:00,74.58999633789062,74.6050033569336,74.55000305175781,74.58000183105469,11244.0,0.08050122041651786,0.020119345461533378,0.033547836789016294,0.0
2024-11-05 12:48:00-05:00,74.58000183105469,74.6500015258789,74.58000183105469,74.61499786376953,28044.0,-0.013399259051660728,0.060315216031869845,0.04023980961616047,0.04692415105340686
2024-11-05 12:49:00-05:00,74.62000274658203,74.62999725341797,74.5999984741211,74.62000274658203,10099.0,0.0536349082129961,-0.026797417350354902,0.026812339200121826,0.006707609670697501
2024-11-05 12:50:00-05:00,74.63500213623047,74.63999938964844,74.55500030517578,74.58000183105469,10845.0,0.020101030683927767,0.013402300145481938,-0.06031926255457565,-0.053606156600116694
2024-11-05 12:51:00-05:00,74.57499694824219,74.62000274658203,74.56999969482422,74.6050033569336,7260.0,-0.08039818620055872,-0.026790786749630868,0.02011855621626424,0.03352309635971107
2024-11-05 12:52:00-05:00,74.61000061035156,74.66000366210938,74.58999633789062,74.66000366210938,13665.0,0.04693753072986251,0.05360615660010559,0.026815935561552706,0.07372200616713176
2024-11-05 12:53:00-05:00,74.6500015258789,74.68000030517578,74.6500015258789,74.68000030517578,8020.0,0.053613342983660495,0.026783608472480402,0.08044669652007563,0.026783608472480402
2024-11-05 12:54:00-05:00,74.67500305175781,74.67500305175781,74.6050033569336,74.6050033569336,9997.0,0.03349166157784467,-0.006691555165438956,-0.0602788587080072,-0.10042440805532182
2024-11-05 12:55:00-05:00,74.59500122070312,74.5999984741211,74.56999969482422,74.58999633789062,17429.0,-0.10713334822261,-0.10044134525810655,-0.04691865228114711,-0.020115298395162462
2024-11-05 12:56:00-05:00,74.58999633789062,74.76499938964844,74.58999633789062,74.76499938964844,28792.0,-0.006709407776117615,0.22118085643738628,0.026815935561552706,0.23462000315035425
2024-11-05 12:57:00-05:00,74.7699966430664,74.7699966430664,74.63999938964844,74.70999908447266,26568.0,0.24131963267619572,0.006683947647645461,0.06703720902638821,-0.07356424212503487
2024-11-05 12:58:00-05:00,74.69000244140625,74.73999786376953,74.6500015258789,74.66000366210938,45381.0,-0.10698703390616959,-0.04012141319208462,0.01340050416969163,-0.06691931866676937
2024-11-05 12:59:00-05:00,74.63999938964844,74.66999816894531,74.58999633789062,74.66999816894531,16739.0,-0.06694744962291166,-0.09365760881049345,-0.08038203183087234,0.013386694810746391
2024-11-05 13:00:00-05:00,74.66000366210938,74.66500091552734,74.58999633789062,74.5999984741211,8097.0,0.02680100833938326,-0.006692451507317454,0.0,-0.09374540851847524
2024-11-05 13:01:00-05:00,74.5999984741211,74.61000061035156,74.55000305175781,74.58999633789062,9601.0,-0.08037126311947196,-0.0736627663582401,-0.0536174930906852,-0.013407689591227179
2024-11-05 13:02:00-05:00,74.59500122070312,74.66000366210938,74.58999633789062,74.66000366210938,11556.0,-0.006698731260301738,0.06701923515448627,0.053646256868766784,0.09385618401376306
2024-11-05 13:03:00-05:00,74.66999816894531,74.68000030517578,74.6500015258789,74.68000030517578,7334.0,0.1005388390842743,0.026783608472480402,0.08044669652007563,0.026783608472480402
2024-11-05 13:04:00-05:00,74.66000366210938,74.69999694824219,74.625,74.66999816894531,8292.0,-0.013384903014623806,0.026776436776509982,-0.03349166157784467,-0.01339332644563207
2024-11-05 13:05:00-05:00,74.66999816894531,74.66999816894531,74.58499908447266,74.58499908447266,5218.0,0.013386694810746391,-0.0401590100701843,-0.053602566870813995,-0.11383298052364266
2024-11-05 13:06:00-05:00,74.58999633789062,74.69000244140625,74.58999633789062,74.68000030517578,9507.0,-0.1071405290163252,0.026790240995699932,0.006700078406263188,0.1273730936103279
2024-11-05 13:07:00-05:00,74.69999694824219,74.70999908447266,74.68000030517578,74.68000030517578,7646.0,0.14747367710445936,0.026772851001166664,0.1206649305591112,0.0
2024-11-05 13:08:00-05:00,74.69000244140625,74.69000244140625,74.68000030517578,74.69000244140625,6534.0,-0.01337952777007434,-0.026765685064189526,0.0,0.01339332644563207
2024-11-05 13:09:00-05:00,74.72000122070312,74.73500061035156,74.70999908447266,74.72000122070312,4449.0,0.04016438387508536,0.060246575812628045,0.04016976322211985,0.04016438387508536
2024-11-05 13:10:00-05:00,74.70999908447266,74.70999908447266,74.64949798583984,74.64949798583984,3462.0,-0.013386156406669514,-0.0334535701809302,-0.08098126003777129,-0.0943565761663101
2024-11-05 13:11:00-05:00,74.63999938964844,74.63999938964844,74.58999633789062,74.58999633789062,4182.0,-0.0936952157435722,-0.0936952157435722,-0.07970803495624956,-0.07970803495624956
2024-11-05 13:12:00-05:00,74.58999633789062,74.61000061035156,74.56500244140625,74.56500244140625,3273.0,-0.06699229925870576,-0.0401912909193225,-0.033508376071178514,-0.033508376071178514
2024-11-05 13:13:00-05:00,74.56999969482422,74.56999969482422,74.56999969482422,74.56999969482422,2813.0,-0.02680874654534815,-0.0536133429836716,0.006701875215386899,0.006701875215386899
2024-11-05 13:14:00-05:00,74.5199966430664,74.54499816894531,74.4800033569336,74.5199966430664,11340.0,-0.06705518568117519,-0.033527592840587594,-0.1206870568042584,-0.06705518568117519
2024-11-05 13:15:00-05:00,74.52999877929688,74.52999877929688,74.4800033569336,74.5199966430664,4788.0,0.013422083576264399,-0.02012125564003764,0.0,0.0
2024-11-05 13:16:00-05:00,74.5,74.54000091552734,74.5,74.51000213623047,8360.0,-0.04025061020825893,0.013420282294762664,0.026848338030505126,-0.013411845526256627
2024-11-05 13:17:00-05:00,74.4800033569336,74.52839660644531,74.47000122070312,74.4708023071289,9784.0,-0.026841131632759918,-0.015567895008727906,-0.04026681784815578,-0.05261015699595806
2024-11-05 13:18:00-05:00,74.4800033569336,74.48999786376953,74.42500305175781,74.42500305175781,4851.0,0.0,-0.051522298109474285,-0.060424557818861135,-0.061499613207083303
2024-11-05 13:19:00-05:00,74.41999816894531,74.41999816894531,74.38999938964844,74.38999938964844,6824.0,-0.08056550118655803,-0.0939719382892723,-0.04703212720734706,-0.04703212720734706
2024-11-05 13:20:00-05:00,74.3949966430664,74.4000015258789,74.33999633789062,74.33999633789062,2112.0,-0.03359517131692469,-0.02686998596937995,-0.0672174380536017,-0.0672174380536017
2024-11-05 13:21:00-05:00,74.3499984741211,74.36000061035156,74.33999633789062,74.36000061035156,9536.0,-0.06048547748608302,-0.053764670305056494,0.0,0.02690916524936693
2024-11-05 13:22:00-05:00,74.36000061035156,74.37999725341797,74.3550033569336,74.3550033569336,5765.0,0.013452772610267338,0.026891666086981125,0.020187005356797627,-0.006720351502087496
2024-11-05 13:23:00-05:00,74.37000274658203,74.37000274658203,74.30000305175781,74.30999755859375,5395.0,0.013450963082806133,-0.013437089546919356,-0.07396987787325893,-0.06052827154588991
2024-11-05 13:24:00-05:00,74.30999755859375,74.34030151367188,74.30000305175781,74.33499908447266,5266.0,-0.08068466555359866,-0.039937114176746835,0.0,0.03364490203245918
2024-11-05 13:25:00-05:00,74.31999969482422,74.33470153808594,74.30000305175781,74.30999755859375,2600.0,0.013460014209498716,-0.007532893291950504,0.0,-0.03363358604537847
2024-11-05 13:26:00-05:00,74.33499908447266,74.36239624023438,74.31999969482422,74.31999969482422,9572.0,0.020182171299820695,0.0372567610757768,0.02691338121814102,0.013460014209498716
2024-11-05 13:27:00-05:00,74.31999969482422,74.36000061035156,74.31999969482422,74.35230255126953,4937.0,-0.02017809892133071,-0.003221560901656151,0.0,0.0434645540607681
2024-11-05 13:28:00-05:00,74.3499984741211,74.3499984741211,74.29000091552734,74.29499816894531,6525.0,0.04036434259964139,-0.013450963082806133,-0.04036434259964139,-0.07707142934101352
2024-11-05 13:29:00-05:00,74.30000305175781,74.30000305175781,74.25,74.25499725341797,6479.0,-0.06724334013360478,-0.06724334013360478,-0.05384427922248136,-0.05384065753172296
2024-11-05 13:30:00-05:00,74.25,74.26000213623047,74.19000244140625,74.19000244140625,16527.0,-0.06729885559086934,-0.0538370307999525,-0.08080479271885821,-0.0875292093674207
2024-11-05 13:31:00-05:00,74.20500183105469,74.2300033569336,74.19999694824219,74.2300033569336,3947.0,-0.06060359453914366,-0.040396954529897666,0.013471500885620102,0.05391685430786719
2024-11-05 13:32:00-05:00,74.20500183105469,74.25499725341797,74.19499969482422,74.2249984741211,6418.0,0.0,0.033670881522374074,-0.006734843158351378,-0.006742398741965694
2024-11-05 13:33:00-05:00,74.2249984741211,74.25499725341797,74.22000122070312,74.25,15444.0,0.026947837171320543,0.0,0.03369704964180098,0.033683430640452094
2024-11-05 13:34:00-05:00,74.25499725341797,74.25499725341797,74.19499969482422,74.20999908447266,11611.0,0.040416005272581046,0.0,-0.033685698555241395,-0.05387328690551474
2024-11-05 13:35:00-05:00,74.22000122070312,74.22000122070312,74.18000030517578,74.20500183105469,6818.0,-0.04712953203056536,-0.04712953203056536,-0.020216173205922505,-0.006733935425984328
2024-11-05 13:36:00-05:00,74.19000244140625,74.20999908447266,74.12000274658203,74.13999938964844,13362.0,-0.04041872649350742,-0.013476335308493237,-0.08088104387560247,-0.08759846344892352
2024-11-05 13:37:00-05:00,74.13999938964844,74.16000366210938,74.06500244140625,74.06999969482422,11213.0,-0.06739863878195695,-0.0673701967121354,-0.0742044025063393,-0.09441555894319498
2024-11-05 13:38:00-05:00,74.06999969482422,74.08999633789062,74.0199966430664,74.08999633789062,12434.0,-0.09441555894319498,-0.09440037858914341,-0.060765269501539265,0.026996953083302522
2024-11-05 13:39:00-05:00,74.0999984741211,74.1500015258789,74.0999984741211,74.13500213623047,8326.0,0.04050057974951393,0.08098959502524927,0.10808137622657643,0.06074477063622297
2024-11-05 13:40:00-05:00,74.13999938964844,74.19000244140625,74.12000274658203,74.16500091552734,31089.0,0.05398234325377782,0.05394594026189026,0.026996319666494628,0.0404650683650809
2024-11-05 13:41:00-05:00,74.16999816894531,74.2300033569336,74.16500091552734,74.2300033569336,17358.0,0.040462340900782046,0.05391685430786719,0.060709885695997556,0.08764570970649643
2024-11-05 13:42:00-05:00,74.25,74.30000305175781,74.25,74.27999877929688,6107.0,0.1078627922741271,0.09430107996577508,0.11460808120189458,0.0673520410916284
2024-11-05 13:43:00-05:00,74.29000091552734,74.36000061035156,74.29000091552734,74.30999755859375,15390.0,0.05387328690551474,0.08075041201809352,0.05387328690551474,0.040386079415544174
2024-11-05 13:44:00-05:00,74.30999755859375,74.31539916992188,74.29000091552734,74.29000091552734,10164.0,0.02691700473815839,-0.059980419665939255,0.0,-0.0269097614363889
2024-11-05 13:45:00-05:00,74.30000305175781,74.3499984741211,74.30000305175781,74.3499984741211,17820.0,-0.013449747226890185,0.04655738189618397,0.013463637242172588,0.08076128396063975
2024-11-05 13:46:00-05:00,74.33000183105469,74.33000183105469,74.29499816894531,74.33000183105469,8221.0,0.04037520600903566,-0.02689528376166317,-0.006736046577293653,-0.02689528376166317
2024-11-05 13:47:00-05:00,74.31999969482422,74.36499786376953,74.31999969482422,74.33999633789062,5279.0,-0.013456391745025886,0.047081974778340197,0.03365169458926509,0.013446127525540419
2024-11-05 13:48:00-05:00,74.33999633789062,74.33999633789062,74.27999877929688,74.29000091552734,9844.0,0.026906139866134104,-0.03362001828428607,-0.053822545333148675,-0.0672523874443609
2024-11-05 13:49:00-05:00,74.27999877929688,74.31999969482422,74.27999877929688,74.31500244140625,4485.0,-0.08070697006904437,-0.02689890240983317,0.0,0.03365395823231587
2024-11-05 13:50:00-05:00,74.30999755859375,74.30999755859375,74.29000091552734,74.29000091552734,5384.0,0.040386079415544174,-0.013458202733507285,0.013465450181526784,-0.03364263615360796
2024-11-05 13:51:00-05:00,74.30000305175781,74.38999938964844,74.29499816894531,74.38500213623047,11802.0,-0.013449747226890185,0.10765957971079487,0.006726683747992901,0.1278788794351282
2024-11-05 13:52:00-05:00,74.38500213623047,74.38500213623047,74.33000183105469,74.33499908447266,10844.0,0.11439983981351709,-0.006717641428910515,0.04711442623603901,-0.0672219537834251
2024-11-05 13:53:00-05:00,74.33000183105469,74.35990142822266,74.33000183105469,74.33999633789062,5335.0,-0.07394004650971286,-0.03374431308322823,0.0,0.006722611797282951
2024-11-05 13:54:00-05:00,74.34500122070312,74.36499786376953,74.31999969482422,74.33000183105469,5785.0,0.020179455507784994,0.006853741665846513,-0.013456391745025886,-0.013444319785149705
2024-11-05 13:55:00-05:00,74.32499694824219,74.33999633789062,74.30000305175781,74.33999633789062,6799.0,-0.0269073537325637,-0.03362001828428607,-0.026906139866145207,0.013446127525540419
2024-11-05 13:56:00-05:00,74.30999755859375,74.33999633789062,74.30500030517578,74.30999755859375,4202.0,-0.02018081434821406,0.0,0.006725778213612088,-0.040353485034516634
2024-11-05 13:57:00-05:00,74.30000305175781,74.31900024414062,74.29000091552734,74.29000091552734,7224.0,-0.013449747226890185,-0.028243334388355912,-0.020186245322428853,-0.0269097614363889
2024-11-05 13:58:00-05:00,74.29499816894531,74.37999725341797,74.29499816894531,74.37999725341797,14851.0,-0.006736046577293653,0.08207458264637424,0.006726683747992901,0.12114192594094852
2024-11-05 13:59:00-05:00,74.37000274658203,74.43000030517578,74.37000274658203,74.41000366210938,10760.0,0.10095508376777307,0.06722647701564721,0.10095508376777307,0.04034204060154867
2024-11-05 14:00:00-05:00,74.4000015258789,74.44000244140625,74.4000015258789,74.4000015258789,10438.0,0.040337203427420754,0.013438312762947824,0.040337203427420754,-0.013441924120694004
2024-11-05 14:01:00-05:00,74.38999938964844,74.43000030517578,74.37629699707031,74.3949966430664,5778.0,-0.013443731216844501,-0.01343650712308797,-0.03186092516456185,-0.006726992889594108
2024-11-05 14:02:00-05:00,74.40499877929688,74.47000122070312,74.40499877929688,74.47000122070312,10111.0,0.020163180227861233,0.05374300062250814,0.038589958609658304,0.10081938439567839
2024-11-05 14:03:00-05:00,74.45999908447266,74.47000122070312,74.43000030517578,74.43499755859375,8824.0,0.0739201748244378,0.0,0.0336019438063051,-0.0470037082524466
2024-11-05 14:04:00-05:00,74.44499969482422,74.44499969482422,74.41000366210938,74.41999816894531,10266.0,-0.020144224862828075,-0.033572613762700154,-0.026866375096623596,-0.02015099098596762
2024-11-05 14:05:00-05:00,74.43000030517578,74.43000030517578,74.40499877929688,74.41000366210938,7591.0,-0.02014828357838061,-0.02014828357838061,-0.006726088652309059,-0.013429867081227176
2024-11-05 14:06:00-05:00,74.41000366210938,74.44999694824219,74.41000366210938,74.41069793701172,8285.0,-0.026866375096623596,0.026866375096612494,0.006726541085422255,0.0009330397368279009
2024-11-05 14:07:00-05:00,74.41000366210938,74.44999694824219,74.40010070800781,74.43499755859375,5867.0,0.0,0.0,-0.013308632729724934,0.03265608609477333
2024-11-05 14:08:00-05:00,74.42500305175781,74.45999908447266,74.42500305175781,74.45999908447266,7337.0,0.02015775958907895,0.013434703345138743,0.0334708468308742,0.03358840155698317
2024-11-05 14:09:00-05:00,74.4749984741211,74.48999786376953,74.46499633789062,74.48999786376953,4399.0,0.06717557314510625,0.04028844972565615,0.053736358069067514,0.04028844972565615
2024-11-05 14:10:00-05:00,74.49500274658203,74.49500274658203,74.41500091552734,74.48500061035156,12247.0,0.026860386533456015,0.006718865560517706,-0.06713949482576309,-0.006708623387408075
2024-11-05 14:11:00-05:00,74.5,74.55999755859375,74.48500061035156,74.55000305175781,11249.0,0.006708172674296797,0.0872472107059652,0.0940666451159311,0.08726916946177887
2024-11-05 14:12:00-05:00,74.54499816894531,74.61000061035156,74.54499816894531,74.55999755859375,16857.0,0.060400226772228116,0.06706418105568712,0.08054985312762053,0.013406447252584108
2024-11-05 14:13:00-05:00,74.55000305175781,74.55000305175781,74.48999786376953,74.48999786376953,5798.0,0.006713908290878479,-0.08041490162570275,-0.07378134888558208,-0.09388371394353223
2024-11-05 14:14:00-05:00,74.49500274658203,74.5199966430664,74.48999786376953,74.49500274658203,5871.0,-0.07377639560603999,-0.040250043545364544,0.0,0.006718865560517706
2024-11-05 14:15:00-05:00,74.48999786376953,74.5,74.48149871826172,74.48999786376953,3161.0,-0.0067184141593013,-0.026833929102532128,-0.011409780845150763,-0.0067184141593013
2024-11-05 14:16:00-05:00,74.48999786376953,74.48999786376953,74.44999694824219,74.45999908447266,7220.0,0.0,-0.01342568621539586,-0.042294758512706476,-0.04027222467066771
2024-11-05 14:17:00-05:00,74.45999908447266,74.5199966430664,74.44000244140625,74.5,15048.0,-0.04027222467066771,0.04027222467066771,-0.013424455669064361,0.05372134840071485
2024-11-05 14:18:00-05:00,74.51000213623047,74.5199966430664,74.46499633789062,74.51000213623047,7247.0,0.06715424707577355,0.0,0.03357589422978702,0.013425686215384758
2024-11-05 14:19:00-05:00,74.5,74.52999877929688,74.5,74.51499938964844,4038.0,-0.013423883966856565,0.013422083576264399,0.04700686742875604,0.00670682227177366
2024-11-05 14:20:00-05:00,74.50499725341797,74.50499725341797,74.48999786376953,74.48999786376953,5648.0,0.006707722708676478,-0.03354558739889768,-0.01342568621539586,-0.03355233990967044
2024-11-05 14:21:00-05:00,74.48999786376953,74.5199966430664,74.46499633789062,74.5199966430664,5179.0,-0.020132058521415974,0.020132058521427076,-0.033563601283259636,0.04027222467066771
2024-11-05 14:22:00-05:00,74.5,74.51000213623047,74.45999908447266,74.45999908447266,8758.0,0.01342748894792578,-0.013411845526256627,-0.00671087579899865,-0.08051202535760416
2024-11-05 14:23:00-05:00,74.45999908447266,74.51000213623047,74.44999694824219,74.51000213623047,7813.0,-0.05369250406355164,0.0,-0.013432898675058702,0.06715424707577355
2024-11-05 14:24:00-05:00,74.53500366210938,74.5999984741211,74.53500366210938,74.5999984741211,11991.0,0.10073137061368254,0.12078423743173694,0.11417960691963991,0.12078423743173694
2024-11-05 14:25:00-05:00,74.5999984741211,74.5999984741211,74.55500030517578,74.58999633789062,8501.0,0.08720038749359116,0.0,0.026828526308331213,-0.013407689591227179
2024-11-05 14:26:00-05:00,74.5999984741211,74.6500015258789,74.58999633789062,74.62999725341797,15831.0,0.0,0.06702822088548999,0.04693988675688043,0.05362772153270079
2024-11-05 14:27:00-05:00,74.62000274658203,74.69200134277344,74.62000274658203,74.63999938964844,9028.0,0.026815379182454357,0.05626231217150668,0.040228462481062266,0.013402300145481938
2024-11-05 14:28:00-05:00,74.62999725341797,74.62999725341797,74.55000305175781,74.55000305175781,4777.0,0.013393870903333216,-0.08301302447489833,-0.09380821796797223,-0.12057387275796749
2024-11-05 14:29:00-05:00,74.54000091552734,74.55999755859375,74.51000213623047,74.5199966430664,13089.0,-0.12059003243028998,-0.093795655099016,-0.053656490797959755,-0.040250043545364544
2024-11-05 14:30:00-05:00,74.52999877929688,74.55000305175781,74.5199966430664,74.55000305175781,11427.0,-0.01341848149667424,-0.013404650165238507,0.01341364454354732,0.0402662507288154
2024-11-05 14:31:00-05:00,74.55000305175781,74.57499694824219,74.55000305175781,74.56999969482422,5048.0,0.02684056458952533,0.033526352060664344,0.0402662507288154,0.026823128434383392
2024-11-05 14:32:00-05:00,74.58000183105469,74.58999633789062,74.55999755859375,74.56999969482422,8769.0,0.04023980961616047,0.02011316159871157,0.013406447252584108,0.0
2024-11-05 14:33:00-05:00,74.55999755859375,74.56999969482422,74.54000091552734,74.55999755859375,9816.0,-0.026822569012874276,-0.02680874654534815,-0.02681953288784511,-0.013413083373214896
2024-11-05 14:34:00-05:00,74.56999969482422,74.58999633789062,74.56500244140625,74.58370208740234,6836.0,0.013414882722617705,0.026815935561552706,0.03354108609046058,0.031792555773568765
2024-11-05 14:35:00-05:00,74.58999633789062,74.61000061035156,74.58999633789062,74.61000061035156,3339.0,0.026815935561552706,0.026818974987374844,0.033519607947463115,0.03526041509498423
2024-11-05 14:36:00-05:00,74.61000061035156,74.61000061035156,74.55999755859375,74.56999969482422,6586.0,0.026818974987374844,0.0,-0.04021823403902447,-0.0536133429836716
2024-11-05 14:37:00-05:00,74.55999755859375,74.56999969482422,74.5250015258789,74.54000091552734,8548.0,-0.06701923515448627,-0.0536133429836716,-0.04693674069308207,-0.0402290189347565
2024-11-05 14:38:00-05:00,74.54000091552734,74.54000091552734,74.5199966430664,74.5199966430664,10925.0,-0.02681953288784511,-0.0402290189347565,-0.006715709775273471,-0.026836962993337377
2024-11-05 14:39:00-05:00,74.5199966430664,74.54000091552734,74.5,74.5199966430664,10965.0,-0.026836962993337377,0.0,-0.026833929102532128,0.0
2024-11-05 14:40:00-05:00,74.5199966430664,74.54000091552734,74.51000213623047,74.5199966430664,8857.0,0.0,0.0,0.013425686215384758,0.0
2024-11-05 14:41:00-05:00,74.52999877929688,74.52999877929688,74.51499938964844,74.51499938964844,1871.0,0.013422083576264399,-0.01341848149667424,0.00670682227177366,-0.006705922763128314
2024-11-05 14:42:00-05:00,74.51499938964844,74.5199966430664,74.44999694824219,74.44999694824219,8938.0,-0.020125305104135016,-0.013420282294762664,-0.08723403601782476,-0.08723403601782476
2024-11-05 14:43:00-05:00,74.44000244140625,74.44999694824219,74.43000030517578,74.44000244140625,7880.0,-0.10064678099239721,-0.09393410893387966,-0.026859159014214207,-0.013424455669064361
2024-11-05 14:44:00-05:00,74.44000244140625,74.4800033569336,74.44000244140625,74.46499633789062,7382.0,0.0,0.040304110035438434,0.013438312762947824,0.03357589422978702
2024-11-05 14:45:00-05:00,74.46499633789062,74.48999786376953,74.45999908447266,74.45999908447266,10980.0,0.03357589422978702,0.013419047241503002,0.026862765194213267,-0.00671087579899865
2024-11-05 14:46:00-05:00,74.46499633789062,74.46499633789062,74.44499969482422,74.45999908447266,7056.0,0.0,-0.033563601283259636,-0.020144224862828075,0.0
2024-11-05 14:47:00-05:00,74.47000122070312,74.4749984741211,74.44000244140625,74.44000244140625,6448.0,0.006721121410913078,0.013431997209911728,-0.006712678404796613,-0.026855551050597448
2024-11-05 14:48:00-05:00,74.43499755859375,74.44499969482422,74.43000030517578,74.43499755859375,5684.0,-0.0470037082524466,-0.040280335564291114,-0.01343650712308797,-0.006723378087525322
2024-11-05 14:49:00-05:00,74.43000030517578,74.43499755859375,74.41000366210938,74.41000366210938,9350.0,-0.006713580414963172,-0.013435605173583998,-0.026866375096623596,-0.03357815181588286
2024-11-05 14:50:00-05:00,74.42500305175781,74.43000030517578,74.38999938964844,74.4000015258789,10426.0,-0.006714031166843437,-0.006713580414963172,-0.02688384824139911,-0.013441924120694004
2024-11-05 14:51:00-05:00,74.4000015258789,74.41000366210938,74.33000183105469,74.33000183105469,11192.0,-0.03359291213131943,-0.026866375096623596,-0.08065272091143383,-0.09408560939325739
2024-11-05 14:52:00-05:00,74.33000183105469,74.3499984741211,74.31999969482422,74.3499984741211,10704.0,-0.09408560939325739,-0.08064129154026212,-0.013456391745025886,0.026902519270555203
2024-11-05 14:53:00-05:00,74.34809875488281,74.37000274658203,74.30999755859375,74.3499984741211,18184.0,0.024346728618751534,0.02690554522055688,-0.013458202733507285,0.0
2024-11-05 14:54:00-05:00,74.3499984741211,74.35919952392578,74.29000091552734,74.29499816894531,6778.0,0.0025551685518543366,-0.01452631740926913,-0.0269097614363889,-0.07397485716819086
2024-11-05 14:55:00-05:00,74.29000091552734,74.29000091552734,74.23999786376953,74.23999786376953,11802.0,-0.08069611274388322,-0.09305991570843775,-0.06730791646465395,-0.07402962047419193
2024-11-05 14:56:00-05:00,74.26000213623047,74.2969970703125,74.23999786376953,74.27999877929688,9937.0,-0.040380641980319876,0.009417357247198943,0.0,0.053880545094764365
2024-11-05 14:57:00-05:00,74.27999877929688,74.27999877929688,74.23500061035156,74.23500061035156,12878.0,0.02692787838831645,-0.02287883990726991,-0.006731214388155937,-0.06057911912332736
2024-11-05 14:58:00-05:00,74.2300033569336,74.26000213623047,74.2300033569336,74.25499725341797,7011.0,-0.06730670864956156,-0.02692062923401739,-0.006731667511117312,0.02693694739945851
2024-11-05 14:59:00-05:00,74.25499725341797,74.26000213623047,74.20999908447266,74.20999908447266,10875.0,0.033670881522374074,0.0,-0.02694903887414668,-0.06059951600528857
2024-11-05 15:00:00-05:00,74.20999908447266,74.2750015258789,74.16999816894531,74.2750015258789,13298.0,-0.06059951600528857,0.020198477264954384,-0.05390232586017785,0.0875925646249609
2024-11-05 15:01:00-05:00,74.29000091552734,74.33000183105469,74.27999877929688,74.33000183105469,13169.0,0.1078046517203557,0.07404955105470012,0.14830876778639812,0.07404955105470012
2024-11-05 15:02:00-05:00,74.33000183105469,74.33999633789062,74.24500274658203,74.24500274658203,8924.0,0.05384427922248136,0.013446127525540419,-0.04711366894178948,-0.11435366928397306
2024-11-05 15:03:00-05:00,74.24500274658203,74.24500274658203,74.18000030517578,74.18000030517578,10405.0,-0.11435366928397306,-0.1277826149961414,-0.08755126810099378,-0.08755126810099378
2024-11-05 15:04:00-05:00,74.18000030517578,74.19999694824219,74.18000030517578,74.19999694824219,7676.0,-0.08755126810099378,-0.060617949592456366,0.0,0.026956919633502885
2024-11-05 15:05:00-05:00,74.20500183105469,74.29000091552734,74.19000244140625,74.29000091552734,54356.0,0.03370386327319341,0.12129915227345744,0.013483602304287245,0.12129915227345744
2024-11-05 15:06:00-05:00,74.29000091552734,74.31999969482422,74.28500366210938,74.31999969482422,7223.0,0.11454630062024407,0.040380641980308773,0.1280512435326564,0.040380641980308773
2024-11-05 15:07:00-05:00,74.31999969482422,74.40499877929688,74.30999755859375,74.40499877929688,11383.0,0.040380641980308773,0.11436905923261076,0.03364595174291107,0.11436905923261076
2024-11-05 15:08:00-05:00,74.41000366210938,74.45999908447266,74.41000366210938,74.45999908447266,19637.0,0.12110329339980463,0.0739201748244378,0.1345796081298145,0.0739201748244378
2024-11-05 15:09:00-05:00,74.47000122070312,74.48999786376953,74.43000030517578,74.47000122070312,15185.0,0.080631038356338,0.04028844972565615,0.026873595057463895,0.013432898675058702
2024-11-05 15:10:00-05:00,74.47000122070312,74.51499938964844,74.47000122070312,74.5,10237.0,0.0,0.033563601283259636,0.05374300062250814,0.040283038545907424
2024-11-05 15:11:00-05:00,74.49500274658203,74.50499725341797,74.46499633789062,74.4800033569336,10182.0,0.033572613762711256,-0.013422983711197656,-0.006720669706539173,-0.026841131632759918
2024-11-05 15:12:00-05:00,74.4800033569336,74.48500061035156,74.43000030517578,74.43000030517578,17888.0,-0.0201347595079171,-0.02683933132483496,-0.04699662181684161,-0.0671362103975448
2024-11-05 15:13:00-05:00,74.41999816894531,74.42500305175781,74.37999725341797,74.4000015258789,9877.0,-0.08056550118655803,-0.08054985312763163,-0.06718131338545597,-0.04030468785956032
2024-11-05 15:14:00-05:00,74.40499877929688,74.41000366210938,74.36499786376953,74.37000274658203,17674.0,-0.02015505242876081,-0.020153697055280695,-0.020165891640644418,-0.04032093908821199
2024-11-05 15:15:00-05:00,74.37000274658203,74.37999725341797,74.34390258789062,74.375,11796.0,-0.047034518229949196,-0.040325772362093115,-0.028367211033275552,0.006719447671654777
2024-11-05 15:16:00-05:00,74.37999725341797,74.5199966430664,74.375,74.51499938964844,19304.0,0.013438895343309554,0.18822182685951372,0.04182913598409499,0.18823447347688926
2024-11-05 15:17:00-05:00,74.5199966430664,74.52999877929688,74.4801025390625,74.49939727783203,15628.0,0.18822182685951372,0.013422083576264399,0.14131433823529882,-0.02093821639160831
2024-11-05 15:18:00-05:00,74.5,74.5614013671875,74.49500274658203,74.5614013671875,11868.0,-0.026833929102532128,0.04213415860050418,0.02000562165138664,0.08322763890857843
2024-11-05 15:19:00-05:00,74.55000305175781,74.59500122070312,74.54499816894531,74.55000305175781,15057.0,0.0671181902789364,0.04506333424469933,0.067112451198037,-0.015287152897724976
2024-11-05 15:20:00-05:00,74.55000305175781,74.56999969482422,74.51000213623047,74.5199966430664,9668.0,0.0,-0.03351635561333888,-0.04694618495466596,-0.040250043545364544
2024-11-05 15:21:00-05:00,74.51499938964844,74.52999877929688,74.45999908447266,74.5199966430664,22291.0,-0.0469532671716677,-0.05364210230796029,-0.06710918041096248,0.0
2024-11-05 15:22:00-05:00,74.5199966430664,74.53500366210938,74.45999908447266,74.45999908447266,9763.0,0.006706372487275125,0.006715259485412517,0.0,-0.08051202535760416
2024-11-05 15:23:00-05:00,74.45500183105469,74.4800033569336,74.44000244140625,74.4800033569336,11513.0,-0.08721794812073247,-0.07379124233375389,-0.026855551050597448,0.026865797350117404
2024-11-05 15:24:00-05:00,74.4800033569336,74.49500274658203,74.45999908447266,74.48999786376953,18899.0,0.03357937715942061,0.020138814409764727,0.026862765194213267,0.013419047241503002
2024-11-05 15:25:00-05:00,74.48500061035156,74.49500274658203,74.45999908447266,74.49500274658203,11011.0,0.0067095236207403985,0.0,0.0,0.006718865560517706
2024-11-05 15:26:00-05:00,74.49500274658203,74.5199966430664,74.48500061035156,74.5199966430664,15141.0,0.013428389808023411,0.033551104856521796,0.03357712353788678,0.033551104856521796
2024-11-05 15:27:00-05:00,74.51499938964844,74.51499938964844,74.46749877929688,74.49500274658203,18986.0,0.026842932182225,-0.006705922763128314,-0.023497121448978753,-0.03353985186564934
2024-11-05 15:28:00-05:00,74.51000213623047,74.52999877929688,74.51000213623047,74.51499938964844,8943.0,-0.006706372487286227,0.020129356198483883,0.05707638584662167,0.026842932182225
2024-11-05 15:29:00-05:00,74.5199966430664,74.58999633789062,74.5199966430664,74.58499908447266,22281.0,0.01341364454354732,0.08050122041651786,0.01341364454354732,0.09394040850512209
2024-11-05 15:30:00-05:00,74.58000183105469,74.58000183105469,74.4749984741211,74.48999786376953,32114.0,0.08052226340762303,-0.013399259051660728,-0.06038401901820034,-0.1273730936103279
2024-11-05 15:31:00-05:00,74.49500274658203,74.5,74.4800033569336,74.5,45016.0,-0.1139703437728623,-0.10726981642601441,0.0067202187513215605,0.01342748894792578
2024-11-05 15:32:00-05:00,74.49500274658203,74.54000091552734,74.49500274658203,74.51499938964844,29461.0,0.0,0.05369250406355164,0.020138814409764727,0.02013340892408344
2024-11-05 15:33:00-05:00,74.51499938964844,74.51499938964844,74.4800033569336,74.51000213623047,17384.0,0.026842932182225,-0.03354108609046058,-0.0201347595079171,-0.006706372487286227
2024-11-05 15:34:00-05:00,74.5,74.55000305175781,74.49500274658203,74.54000091552734,23328.0,-0.020129356198483883,0.04697532362085699,0.020138814409764727,0.040261412477238245
2024-11-05 15:35:00-05:00,74.54000091552734,74.63999938964844,74.54000091552734,74.63999938964844,27054.0,0.05369250406355164,0.12071942884850362,0.060404278523740196,0.1341541090593923
2024-11-05 15:36:00-05:00,74.62999725341797,74.69999694824219,74.5999984741211,74.69999694824219,21505.0,0.12073562756271805,0.080382581838645,0.08049041837514537,0.080382581838645
2024-11-05 15:37:00-05:00,74.69999694824219,74.73500061035156,74.63999938964844,74.73500061035156,20442.0,0.093795655099016,0.04685898733520766,0.05362053129427391,0.04685898733520766
2024-11-05 15:38:00-05:00,74.71499633789062,74.71499633789062,74.6449966430664,74.68499755859375,19642.0,0.020079505035086598,-0.026766939583278138,0.0066951412899696194,-0.06690714036187151
2024-11-05 15:39:00-05:00,74.68000030517578,74.77999877929688,74.68000030517578,74.7249984741211,19323.0,-0.046839368841800066,0.08700052812997683,0.04689351421200971,0.053559505703892896
2024-11-05 15:40:00-05:00,74.70999908447266,74.70999908447266,74.61499786376953,74.62999725341797,24550.0,0.04016976322211985,-0.09360750998513856,-0.08704129772445501,-0.12713445653134148
2024-11-05 15:41:00-05:00,74.625,74.625,74.58000183105469,74.58999633789062,67982.0,-0.11377203254486767,-0.11377203254486767,-0.046902142621163545,-0.05359897762224897
2024-11-05 15:42:00-05:00,74.58999633789062,74.5999984741211,74.5,74.58000183105469,45886.0,-0.046906079878561435,-0.03350288224979181,-0.10726981642601441,-0.013399259051660728
2024-11-05 15:43:00-05:00,74.56999969482422,74.56999969482422,74.5,74.54000091552734,21833.0,-0.02680874654534815,-0.04021284170304673,0.0,-0.053634908213007204
2024-11-05 15:44:00-05:00,74.54000091552734,74.62999725341797,74.54000091552734,74.62999725341797,20119.0,-0.0402290189347565,0.080458037869513,0.05369250406355164,0.12073562756271805
2024-11-05 15:45:00-05:00,74.62000274658203,74.65499877929688,74.57499694824219,74.57499694824219,15987.0,0.10732738136849385,0.03350063888385435,0.046949332284684786,-0.07369731636063248
2024-11-05 15:46:00-05:00,74.56999969482422,74.6050033569336,74.55000305175781,74.5999984741211,25285.0,-0.06701025183237785,-0.06696861989252678,-0.03351511566500598,0.03352534616429814
2024-11-05 15:47:00-05:00,74.6050033569336,74.7300033569336,74.58000183105469,74.72000122070312,40396.0,0.04694067621380249,0.1675490843448646,0.04023980961616047,0.16086159388282173
2024-11-05 15:48:00-05:00,74.7300033569336,74.81999969482422,74.72000122070312,74.81999969482422,34494.0,0.1675490843448646,0.1204286549550515,0.18771706383915454,0.13383093212984143
2024-11-05 15:49:00-05:00,74.80999755859375,74.81999969482422,74.73999786376953,74.73999786376953,22911.0,0.10704429020038653,0.0,0.026762102167721125,-0.1069257302606208
2024-11-05 15:50:00-05:00,74.7300033569336,74.73999786376953,74.62999725341797,74.66999816894531,59633.0,-0.106929827925073,-0.1069257302606208,-0.14717770068988223,-0.09365760881049345
2024-11-05 15:51:00-05:00,74.67500305175781,74.76000213623047,74.66999816894531,74.70999908447266,46654.0,-0.07359869223220183,0.026765149896568197,0.05359897762224897,0.0535702645081626
2024-11-05 15:52:00-05:00,74.7300033569336,74.75,74.70500183105469,74.72000122070312,30341.0,0.07365289980325596,-0.013378994040480485,0.04687781300085625,0.013387948538401417
2024-11-05 15:53:00-05:00,74.7300033569336,74.83999633789062,74.7300033569336,74.80999755859375,42776.0,0.0,0.12039643864967253,0.03346700390349788,0.12044477572317192
2024-11-05 15:54:00-05:00,74.81999969482422,74.83000183105469,74.73999786376953,74.7699966430664,43282.0,0.1204286549550515,-0.013354499365303418,0.01337415547568721,-0.05347001314365274
2024-11-05 15:55:00-05:00,74.79000091552734,75.01000213623047,74.79000091552734,74.91000366210938,99922.0,-0.04009459959801731,0.2405456378073767,0.06690266682767287,0.18725026792676402
2024-11-05 15:56:00-05:00,74.91500091552734,74.91999816894531,74.81999969482422,74.91999816894531,70587.0,0.1671346416229902,-0.11998928772417594,0.04011068181528632,0.0133420188857869
2024-11-05 15:57:00-05:00,74.92500305175781,75.01000213623047,74.92500305175781,74.98999786376953,75143.0,0.013351312965670381,0.12013343497712103,0.1403412955919281,0.0934325901428501
2024-11-05 15:58:00-05:00,74.9800033569336,75.0199966430664,74.91999816894531,74.95500183105469,132290.0,0.07340714439181273,0.013324232170774941,-0.006679856668201367,-0.04666760062911335
2024-11-05 15:59:00-05:00,74.95999908447266,75.26000213623047,74.95999908447266,75.22000122070312,299741.0,-0.026679476614199782,0.31992202599790964,0.05339150627998723,0.3535446376824014
2024-11-06 09:30:00-05:00,76.20500183105469,77.19999694824219,76.05000305175781,76.82499694824219,276223.0,1.6608894901119609,2.5777235675599197,1.4541141683537484,2.133735311742213
2024-11-06 09:31:00-05:00,76.72000122070312,76.80000305175781,75.25759887695312,75.66999816894531,79848.0,0.6758078567994596,-0.5181268293994234,-1.0419515358407017,-1.5034153272729833
2024-11-06 09:32:00-05:00,75.70999908447266,75.79000091552734,74.44499969482422,74.50499725341797,91641.0,-1.3164782588114932,-1.3151068959591061,-1.0797569870087287,-1.5395810013452027
2024-11-06 09:33:00-05:00,74.50499725341797,74.87999725341797,74.02999877929688,74.27999877929688,54981.0,-1.5916019622589372,-1.2006909237587071,-0.5574597585177976,-0.30199111793238753
2024-11-06 09:34:00-05:00,74.08999633789062,74.24500274658203,73.80000305175781,74.09149932861328,76829.0,-0.5570108460185241,-0.8480161994222746,-0.3106790913569246,-0.25376878538146963
2024-11-06 09:35:00-05:00,73.97000122070312,74.55999755859375,73.80999755859375,74.13999938964844,64498.0,-0.16195859511216604,0.4242639913246249,0.01354269162960886,0.06545968360021082
2024-11-06 09:36:00-05:00,74.13999938964844,74.80819702148438,74.05999755859375,74.74500274658203,59693.0,0.22982042198174124,0.3328855566224753,0.33870750341311595,0.8160282734208657
2024-11-06 09:37:00-05:00,74.7300033569336,74.77999877929688,74.39749908447266,74.65499877929688,51099.0,0.7957971029704858,-0.03769405400774195,0.4557136605518819,-0.1204146952677343
2024-11-06 09:38:00-05:00,74.75,74.75499725341797,74.19000244140625,74.29000091552734,43053.0,0.02675852023035219,-0.033433439806140886,-0.2789027126178123,-0.4889128253133812
2024-11-06 09:39:00-05:00,74.28500366210938,74.62999725341797,74.20999908447266,74.41000366210938,43739.0,-0.6220686794523367,-0.16721290160208735,0.026953285359709866,0.1615328376674663
2024-11-06 09:40:00-05:00,74.37999725341797,74.58000183105469,73.80000305175781,73.93000030517578,93769.0,0.12787721158455945,-0.06699105480805212,-0.5524808486362498,-0.6450790664024875
2024-11-06 09:41:00-05:00,74.0,74.07990264892578,73.59500122070312,73.68000030517578,33314.0,-0.510886350430062,-0.6705539955091155,-0.2777802473949986,-0.3381577153632187
2024-11-06 09:42:00-05:00,73.63500213623047,73.73500061035156,73.19000244140625,73.43000030517578,173831.0,-0.4932403564453125,-0.46558111747089237,-0.5503074564566224,-0.33930510174338124
2024-11-06 09:43:00-05:00,73.37999725341797,73.37999725341797,72.9000015258789,72.99500274658203,45744.0,-0.3463093303653575,-0.48145840373635673,-0.3962302307060406,-0.5923975987823682
2024-11-06 09:44:00-05:00,72.93000030517578,73.02999877929688,72.53500366210938,72.53500366210938,36188.0,-0.6132419802199252,-0.4769671398492603,-0.5006829302190874,-0.6301788713806156
2024-11-06 09:45:00-05:00,72.54000091552734,72.68990325927734,72.44999694824219,72.55500030517578,35418.0,-0.5347585191505355,-0.46569290114235606,-0.11719405745559408,0.027568266432509425
2024-11-06 09:46:00-05:00,72.5199966430664,72.6500015258789,72.33000183105469,72.44499969482422,39531.0,-0.02757688476490161,-0.054893089148999596,-0.16562473739402117,-0.15160996470110488
2024-11-06 09:47:00-05:00,72.46499633789062,72.55500030517578,72.26000213623047,72.26000213623047,70632.0,-0.07584157159643556,-0.13076561418829957,-0.09677822902275368,-0.2553627708924755
2024-11-06 09:48:00-05:00,72.26000213623047,72.62000274658203,72.26000213623047,72.52999877929688,34858.0,-0.28288720350485574,0.08959057423036931,0.0,0.37364604910665733
2024-11-06 09:49:00-05:00,72.52999877929688,72.7699966430664,72.52999877929688,72.73999786376953,33340.0,0.37364604910665733,0.2065462555926878,0.37364604910665733,0.289534107275613
2024-11-06 09:50:00-05:00,72.74500274658203,72.83499908447266,72.31749725341797,72.77449798583984,31655.0,0.29643453867880254,0.0893258821009546,-0.2929843229772189,0.04742936910022699
2024-11-06 09:51:00-05:00,72.83920288085938,73.16220092773438,72.80000305175781,73.0,99073.0,0.12949361567213824,0.44923710767434955,0.6672047798460534,0.30986406007780243
2024-11-06 09:52:00-05:00,73.0,73.23999786376953,72.875,73.18000030517578,36410.0,0.220756286149415,0.10633487654643226,0.10301778172847609,0.2465757605147667
2024-11-06 09:53:00-05:00,73.20999908447266,73.7699966430664,73.1500015258789,73.76499938964844,46808.0,0.2876699787296655,0.7236466340191594,0.3773605843964356,0.7993974884300092
2024-11-06 09:54:00-05:00,73.7750015258789,73.81999969482422,73.4000015258789,73.43000030517578,27952.0,0.7717558372789091,0.06778236957194483,0.34176349252919014,-0.4541436822944833
2024-11-06 09:55:00-05:00,73.44000244140625,73.83000183105469,73.37000274658203,73.79000091552734,26930.0,-0.4540821112082871,0.013549358265807498,-0.040870270671999887,0.49026366451776493
2024-11-06 09:56:00-05:00,73.76000213623047,73.86499786376953,73.59500122070312,73.61499786376953,24067.0,0.4357294174649917,0.04740082872396467,0.3066627582095638,-0.23716363949927155
2024-11-06 09:57:00-05:00,73.66000366210938,73.73999786376953,73.30999755859375,73.47000122070312,41013.0,-0.1355727646759064,-0.16922764992227668,-0.3872595385312705,-0.19696617166889974
2024-11-06 09:58:00-05:00,73.47000122070312,73.60990142822266,73.1500015258789,73.2300033569336,27545.0,-0.2579451967961055,-0.17642587376693886,-0.21824585737704183,-0.32666103141686387
2024-11-06 09:59:00-05:00,73.27999877929688,73.38999938964844,73.19999694824219,73.25,25688.0,-0.25861227473712445,-0.2987397541737602,0.06834644062938544,0.02730662590433308
2024-11-06 10:00:00-05:00,73.30000305175781,73.45999908447266,73.23999786376953,73.45999908447266,24189.0,0.027298407197284824,0.09538042704233529,0.0546460617418143,0.2866881699285395
2024-11-06 10:01:00-05:00,73.41999816894531,73.86000061035156,73.30000305175781,73.83999633789062,41788.0,0.16370410940196312,0.5445161051784719,0.08192953268497671,0.5172845877400745
2024-11-06 10:02:00-05:00,73.8499984741211,74.00499725341797,73.63999938964844,74.00499725341797,15390.0,0.5856719094248897,0.19631281054455219,0.4638421879062493,0.22345737230580198
2024-11-06 10:03:00-05:00,73.9800033569336,73.98500061035156,73.72000122070312,73.83000183105469,17972.0,0.17603911374224346,-0.02702066591250274,0.10863909793288329,-0.23646433194779437
2024-11-06 10:04:00-05:00,73.83000183105469,73.88999938964844,73.62999725341797,73.8499984741211,29757.0,-0.20275955538308077,-0.12840605517252524,-0.12208893895118145,0.027084711594849153
2024-11-06 10:05:00-05:00,73.80999755859375,73.93000030517578,73.69000244140625,73.73999786376953,47310.0,-0.027095045326852585,0.0541357637809714,0.08149557276466712,-0.14895140504317395
2024-11-06 10:06:00-05:00,73.73999786376953,73.77999877929688,73.51000213623047,73.5999984741211,41884.0,-0.09483768749436461,-0.2028966931688303,-0.24426692795798122,-0.18985542948763978
2024-11-06 10:07:00-05:00,73.56999969482422,73.58000183105469,73.25,73.38249969482422,23748.0,-0.23053725775714629,-0.2710720405952438,-0.3536962708130864,-0.29551465191042237
2024-11-06 10:08:00-05:00,73.40499877929688,73.44499969482422,73.08000183105469,73.30999755859375,24982.0,-0.22427744489844637,-0.18347666875633273,-0.23207941152944,-0.09880030870027534
2024-11-06 10:09:00-05:00,73.32499694824219,73.33999633789062,73.19000244140625,73.2699966430664,16680.0,-0.10898689787492977,-0.14296869408386703,0.15052080951758473,-0.054564066102136266
2024-11-06 10:10:00-05:00,73.28500366210938,73.49500274658203,73.18000030517578,73.49500274658203,16680.0,-0.054542499553111856,0.21135317211806726,-0.013665987015754055,0.30709173444041227
2024-11-06 10:11:00-05:00,73.5,73.58000183105469,73.38079833984375,73.39250183105469,18025.0,0.2933701673563327,0.11565287610879604,0.2743892236001688,-0.13946651023440948
2024-11-06 10:12:00-05:00,73.36000061035156,73.54000091552734,73.16999816894531,73.16999816894531,15402.0,-0.19047536006590038,-0.05436384144048567,-0.2872688437132731,-0.3031694744806024
2024-11-06 10:13:00-05:00,73.30000305175781,73.62000274658203,73.30000305175781,73.62000274658203,18776.0,-0.08178511190645166,0.1087868235772671,0.17767512104116534,0.6150124216180552
2024-11-06 10:14:00-05:00,73.5999984741211,73.69999694824219,73.52999877929688,73.69999694824219,15480.0,0.4092706819554204,0.10865824324337581,0.3137731486541062,0.10865824324337581
2024-11-06 10:15:00-05:00,73.66999816894531,73.70999908447266,73.38999938964844,73.40499877929688,70536.0,0.09510828298295859,0.013571420141977875,-0.1903976499015747,-0.4002689025244921
2024-11-06 10:16:00-05:00,73.418701171875,73.75,73.3499984741211,73.74500274658203,40181.0,-0.34111171890356395,0.05426796367409281,-0.05450458626518051,0.4631891191871462
2024-11-06 10:17:00-05:00,73.70999908447266,73.74500274658203,73.5,73.52999877929688,22851.0,0.39676255224907475,-0.006775936837921659,0.20450106203047103,-0.2915505583802047
2024-11-06 10:18:00-05:00,73.45999908447266,73.45999908447266,73.12000274658203,73.12000274658203,9417.0,-0.3391670100463484,-0.386471830625279,-0.5170030658747882,-0.5575901530278315
2024-11-06 10:19:00-05:00,73.11000061035156,73.22000122070312,73.05999755859375,73.22000122070312,20825.0,-0.4764476973633358,-0.3267055087947335,-0.08206398486642064,0.13675939601325293
2024-11-06 10:20:00-05:00,73.26000213623047,73.33999633789062,73.20999908447266,73.2300033569336,24930.0,0.20517237672907918,0.16388297621821035,0.2053127989206427,0.01366038795918012
2024-11-06 10:21:00-05:00,73.2300033569336,73.45159912109375,73.18000030517578,73.24500274658203,39555.0,-0.04094837349457592,0.1521717872591033,-0.040976341581788756,0.020482574028202194
2024-11-06 10:22:00-05:00,73.23999786376953,73.30180358886719,73.11000061035156,73.22000122070312,12199.0,0.013648103752261775,-0.20393774134122022,-0.09565413300397507,-0.03413410463701805
2024-11-06 10:23:00-05:00,73.23999786376953,73.30999755859375,73.08999633789062,73.27999877929688,18213.0,0.0,0.011178401247158298,-0.027361882497511925,0.08194148810911628
2024-11-06 10:24:00-05:00,73.25,73.5199966430664,73.25,73.36000061035156,15431.0,0.01365665827717244,0.28645354176257687,0.218913216754979,0.10917280620545977
2024-11-06 10:25:00-05:00,73.34500122070312,73.5999984741211,73.27999877929688,73.58999633789062,26724.0,0.1296944992534188,0.10881642370454969,0.04095396491041736,0.31351652893336635
2024-11-06 10:26:00-05:00,73.5999984741211,73.79000091552734,73.5999984741211,73.6875,30891.0,0.34766821074916354,0.25815549639318647,0.4366808135300104,0.13249581051979487
2024-11-06 10:27:00-05:00,73.6500015258789,73.7300033569336,73.625,73.6500015258789,16486.0,0.06793893042726928,-0.08130852127571364,0.03396946521363464,-0.05088851449851495
2024-11-06 10:28:00-05:00,73.6500015258789,73.81999969482422,73.62999725341797,73.66000366210938,33636.0,0.0,0.12206202874418537,0.006787440975175585,0.01358063275389565
2024-11-06 10:29:00-05:00,73.6500015258789,73.69000244140625,73.43329620361328,73.47000122070312,19194.0,0.0,-0.17610031692683048,-0.26714797927763767,-0.2579451967961055
2024-11-06 10:30:00-05:00,73.48999786376953,73.5,73.36000061035156,73.43000030517578,21080.0,-0.2172486881119151,-0.25784018877910153,-0.09981247887672628,-0.05444523596397355
2024-11-06 10:31:00-05:00,73.3949966430664,73.58999633789062,73.38999938964844,73.55500030517578,11704.0,-0.12927095314281267,0.12244399713010612,0.04089255595323138,0.17023015045689593
2024-11-06 10:32:00-05:00,73.55500030517578,73.55500030517578,73.3499984741211,73.5199966430664,21302.0,0.21800350082104014,-0.047555421193601344,-0.05450458626518051,-0.047588419501254364
2024-11-06 10:33:00-05:00,73.51000213623047,73.5250015258789,73.23500061035156,73.23500061035156,29528.0,-0.06117622018709801,-0.04078414679139497,-0.15677964030238467,-0.38764424065261815
2024-11-06 10:34:00-05:00,73.23500061035156,73.47000122070312,73.20999908447266,73.4574966430664,23882.0,-0.3741008269449786,-0.07480490178082277,-0.03413876653313164,0.3038110614604017
2024-11-06 10:35:00-05:00,73.5,73.5,73.2300033569336,73.43499755859375,27046.0,0.36184800633562997,0.04083133088124136,0.027324508552251103,-0.030628711160662903
2024-11-06 10:36:00-05:00,73.44000244140625,73.44000244140625,73.20999908447266,73.30000305175781,19610.0,-0.08162933142006334,-0.08162933142006334,-0.027317044304142613,-0.1838285712860932
2024-11-06 10:37:00-05:00,73.33000183105469,73.33000183105469,73.0199966430664,73.1050033569336,32005.0,-0.1497829611856627,-0.1497829611856627,-0.2595307250134238,-0.2660295862286999
2024-11-06 10:38:00-05:00,73.12999725341797,73.33999633789062,73.11499786376953,73.31999969482422,32071.0,-0.27274590569015267,0.01362949214014364,0.130103019817307,0.29409250806118337
2024-11-06 10:39:00-05:00,73.33999633789062,73.37999725341797,73.1500015258789,73.16000366210938,18638.0,0.2871586111851565,0.05454174737486994,0.047874804256431425,-0.21821608480739885
2024-11-06 10:40:00-05:00,73.0999984741211,73.23999786376953,73.01000213623047,73.19999694824219,42352.0,-0.32724008147453354,-0.19078685593970635,-0.19138672143281799,0.05466550591977093
2024-11-06 10:41:00-05:00,73.1500015258789,73.3499984741211,73.1500015258789,73.3499984741211,19903.0,0.0684036290035106,0.15019199011470086,0.19175371257653673,0.20492012586417196
2024-11-06 10:42:00-05:00,73.34500122070312,73.52999877929688,73.33999633789062,73.51499938964844,18297.0,0.26657510698100406,0.24539919416532996,0.2597331620622034,0.2249501280979116
2024-11-06 10:43:00-05:00,73.54000091552734,73.56999969482422,73.4800033569336,73.56500244140625,13389.0,0.26586637341166064,0.05440081081384829,0.19090131719932124,0.06801748238176586
2024-11-06 10:44:00-05:00,73.58999633789062,73.61000061035156,73.44499969482422,73.52999877929688,33513.0,0.06798398387390936,0.05437123242255648,-0.04763699035142954,-0.04758194922545034
2024-11-06 10:45:00-05:00,73.52999877929688,73.62999725341797,73.52999877929688,73.6050033569336,21803.0,-0.08152950343721654,0.027165660780603673,0.1157316152574639,0.10200541123610574
2024-11-06 10:46:00-05:00,73.6050033569336,73.6050033569336,73.3949966430664,73.41000366210938,48465.0,0.10200541123610574,-0.03394526336644166,-0.18360143950999497,-0.2649272276758152
2024-11-06 10:47:00-05:00,73.43000030517578,73.75,73.41500091552734,73.7300033569336,13701.0,-0.23775972254109767,0.19699291685821851,0.027255635092160446,0.43590747699333576
2024-11-06 10:48:00-05:00,73.69000244140625,73.76000213623047,73.5625,73.68000030517578,9789.0,0.3540816221570209,0.013562218617590993,0.20091137047368868,-0.06781913668950645
2024-11-06 10:49:00-05:00,73.68000030517578,73.69999694824219,73.5625,73.5999984741211,10656.0,-0.013573260821131417,-0.08135193363668636,0.0,-0.1085801177026724
2024-11-06 10:50:00-05:00,73.60919952392578,73.62999725341797,73.44999694824219,73.5,23186.0,-0.09609226514216695,-0.0949792370729341,-0.1529353294923541,-0.13586749482916716
2024-11-06 10:51:00-05:00,73.4800033569336,73.4800033569336,73.16500091552734,73.37999725341797,21760.0,-0.17551633196363214,-0.20371302740666009,-0.38801367536566156,-0.16326904296875
2024-11-06 10:52:00-05:00,73.30999755859375,73.37000274658203,73.25,73.27999877929688,7957.0,-0.2313633513515656,-0.14970142259960184,0.1161745143293258,-0.13627484037066484
2024-11-06 10:53:00-05:00,73.29000091552734,73.33000183105469,73.20999908447266,73.20999908447266,8743.0,-0.027276829535316516,-0.05451944122928376,-0.05460875839909951,-0.09552360260681736
2024-11-06 10:54:00-05:00,73.19999694824219,73.37999725341797,73.16000366210938,73.37999725341797,9043.0,-0.12280524786579816,0.06817867327817417,-0.06829042888744086,0.23220621646116157
2024-11-06 10:55:00-05:00,73.43000030517578,73.5199966430664,73.38999938964844,73.43499755859375,22347.0,0.31421224934780057,0.19078685593969524,0.3143735866953934,0.07495272176945011
2024-11-06 10:56:00-05:00,73.43000030517578,73.55999755859375,73.37000274658203,73.51000213623047,10499.0,0.0,0.054408211852274846,-0.027247095289151257,0.10213737336461914
2024-11-06 10:57:00-05:00,73.5199966430664,73.54000091552734,73.37000274658203,73.44000244140625,7445.0,0.12256072111751504,-0.02718412687613414,0.0,-0.09522472152088124
2024-11-06 10:58:00-05:00,73.45999908447266,73.58999633789062,73.43000030517578,73.55000305175781,13511.0,-0.08160712912574919,0.06798398387390936,0.08177396258384206,0.1497829611856627
2024-11-06 10:59:00-05:00,73.55000305175781,73.69000244140625,73.4574966430664,73.69000244140625,30280.0,0.12252105691106241,0.1358963289744386,0.03744564588907817,0.1903458651795198
2024-11-06 11:00:00-05:00,73.68000030517578,73.77999877929688,73.66000366210938,73.72000122070312,15580.0,0.17674676821766155,0.12212828729676328,0.27567917271529296,0.040709429098928496
2024-11-06 11:01:00-05:00,73.76000213623047,73.76000213623047,73.61000061035156,73.66000366210938,15620.0,0.1085801177026724,-0.027103067765321676,-0.06788358576139686,-0.08138572653320075
2024-11-06 11:02:00-05:00,73.63500213623047,73.68399810791016,73.61000061035156,73.6500015258789,12109.0,-0.16946854172961157,-0.10304233476015057,0.0,-0.013578788668477948
2024-11-06 11:03:00-05:00,73.69000244140625,73.80999755859375,73.68000030517578,73.7249984741211,117238.0,0.07469315350059347,0.17099974746086488,0.09509535965739335,0.10182884818521476
2024-11-06 11:04:00-05:00,73.7249984741211,73.80000305175781,73.61000061035156,73.80000305175781,24551.0,0.047490882827250225,-0.0135408578329832,-0.09500501429734465,0.1017356109719536
2024-11-06 11:05:00-05:00,73.78500366210938,73.91999816894531,73.75499725341797,73.91999816894531,9589.0,0.08139055846754228,0.1625950030155643,0.1969795433557131,0.1625950030155643
2024-11-06 11:06:00-05:00,73.9000015258789,73.91000366210938,73.81999969482422,73.86000061035156,17200.0,0.1558553338238733,-0.013520707634617768,0.088132931769902,-0.0811655304111647
2024-11-06 11:07:00-05:00,73.87999725341797,73.88999938964844,73.80999755859375,73.81500244140625,10872.0,-0.027069380308375468,-0.027065717047436433,-0.013549358265807498,-0.060923596768835964
2024-11-06 11:08:00-05:00,73.81500244140625,73.94000244140625,73.81500244140625,73.93000030517578,14071.0,-0.08797349002163113,0.06767228606150422,0.006780765449199144,0.1557919934512153
2024-11-06 11:09:00-05:00,73.9175033569336,73.95500183105469,73.68000030517578,73.68000030517578,8806.0,0.13886190088350236,0.02028589282279114,-0.1828925445577667,-0.3381577153632187
2024-11-06 11:10:00-05:00,73.69000244140625,73.8499984741211,73.62999725341797,73.8499984741211,16882.0,-0.3077767851936031,-0.1419827656464201,-0.06786516225665284,0.23072498404070885
2024-11-06 11:11:00-05:00,73.8499984741211,73.88999938964844,73.81999969482422,73.88999938964844,9337.0,0.21712040631571838,0.05416508646423068,0.25805031711776394,0.05416508646423068
2024-11-06 11:12:00-05:00,73.86499786376953,73.88999938964844,73.80999755859375,73.83159637451172,14024.0,0.020310616057339637,0.0,-0.013549358265807498,-0.07904048669528096
2024-11-06 11:13:00-05:00,73.80999755859375,73.91000366210938,73.80999755859375,73.91000366210938,5939.0,-0.07446057911925097,0.02707304456106563,0.0,0.10619747025371051
2024-11-06 11:14:00-05:00,73.88500213623047,74.06999969482422,73.88500213623047,74.06999969482422,27607.0,0.10161845294356375,0.21647412364675933,0.10161845294356375,0.21647412364675933
2024-11-06 11:15:00-05:00,74.0199966430664,74.19999694824219,74.0199966430664,74.12010192871094,15725.0,0.18270894353773492,0.17550594566433375,0.18270894353773492,0.06764173632123338
2024-11-06 11:16:00-05:00,74.16000366210938,74.20020294189453,74.05169677734375,74.20020294189453,17683.0,0.18914756200016924,0.0002776194889753114,0.04282644652120471,0.10806921617652065
2024-11-06 11:17:00-05:00,74.19999694824219,74.23999786376953,74.12000274658203,74.12999725341797,23916.0,0.05392837669619954,0.05363182349535922,0.09224092385575755,-0.09461657204837826
2024-11-06 11:18:00-05:00,74.125,74.125,74.0,74.11000061035156,13242.0,-0.1010740583918146,-0.15490014423297227,-0.16190332182302036,-0.026975102937132345
2024-11-06 11:19:00-05:00,74.10310363769531,74.1500015258789,74.05999755859375,74.1500015258789,9659.0,-0.02953978051222217,0.03372887133747948,0.08107778188344295,0.0539750576142195
2024-11-06 11:20:00-05:00,74.11000061035156,74.1500015258789,74.02149963378906,74.1500015258789,14741.0,0.00930726557684114,0.0,-0.051982076794199195,0.0
2024-11-06 11:21:00-05:00,74.16000366210938,74.20999908447266,73.98750305175781,74.0999984741211,16702.0,0.06747139569018845,0.08091376582481935,-0.04592798335543158,-0.06743499761138194
2024-11-06 11:22:00-05:00,74.08999633789062,74.12999725341797,74.05000305175781,74.0999984741211,8931.0,-0.09440037858914341,-0.10780465172034459,0.08447372518609608,0.0
2024-11-06 11:23:00-05:00,74.13999938964844,74.30999755859375,74.12000274658203,74.30999755859375,14045.0,0.06748961294285039,0.24281709408464636,0.09453030646777716,0.283399580022925
2024-11-06 11:24:00-05:00,74.31999969482422,74.4000015258789,74.26499938964844,74.4000015258789,22265.0,0.242784335928814,0.12111959392029359,0.19562417389831221,0.12111959392029359
2024-11-06 11:25:00-05:00,74.38999938964844,74.4800033569336,74.36000061035156,74.44000244140625,15229.0,0.09418688793279006,0.10752934061011299,0.12792193022810316,0.05376467030504539
2024-11-06 11:26:00-05:00,74.44000244140625,74.45999908447266,74.38999938964844,74.45999908447266,10212.0,0.0672174380536017,-0.026858581578026453,0.040342629169765054,0.026862765194213267
2024-11-06 11:27:00-05:00,74.41010284423828,74.4800033569336,74.3499984741211,74.41999816894531,26418.0,-0.04016603464179758,0.026865797350117404,-0.05377189925466208,-0.053721348400725955
2024-11-06 11:28:00-05:00,74.43000030517578,74.44000244140625,74.30000305175781,74.3550033569336,14697.0,0.02674026802402807,-0.05370691960853158,-0.06724334013360478,-0.08733514325567349
2024-11-06 11:29:00-05:00,74.37999725341797,74.40989685058594,74.31500244140625,74.31500244140625,16266.0,-0.06718131338545597,-0.04044275904478978,0.02018760300452893,-0.053797207614025844
2024-11-06 11:30:00-05:00,74.30500030517578,74.3499984741211,74.23500061035156,74.23999786376953,13609.0,-0.10082945820321099,-0.0804978625156827,-0.10765232917507861,-0.10092790846082389
2024-11-06 11:31:00-05:00,74.23500061035156,74.2699966430664,74.22000122070312,74.25499725341797,14087.0,-0.09420590072906077,-0.1076016579644401,-0.0202052798883523,0.0202039198276438
2024-11-06 11:32:00-05:00,74.2699966430664,74.32499694824219,74.26000213623047,74.30999755859375,12853.0,0.04714222728781081,0.07405454108218024,0.053895061802000654,0.07406949998001178
2024-11-06 11:33:00-05:00,74.31999969482422,74.37999725341797,74.27999877929688,74.31500244140625,15523.0,0.06732604553372212,0.07399974091366612,0.02692787838831645,0.006735140596059175
2024-11-06 11:34:00-05:00,74.31500244140625,74.36000061035156,74.23999786376953,74.3499984741211,11924.0,-0.006723968566324512,-0.026884436414098545,-0.05385152959708206,0.0470914775821063
2024-11-06 11:35:00-05:00,74.33000183105469,74.36000061035156,74.27999877929688,74.30000305175781,8996.0,0.020183528433936893,0.0,0.053880545094764365,-0.06724334013360478
2024-11-06 11:36:00-05:00,74.30000305175781,74.30500030517578,74.23500061035156,74.23500061035156,10062.0,-0.04035891101558109,-0.07396490683746482,-0.06057911912332736,-0.08748645859538717
2024-11-06 11:37:00-05:00,74.25,74.25,74.16999816894531,74.23500061035156,9306.0,-0.06729885559086934,-0.07401965540662081,-0.08756306441949357,0.0
2024-11-06 11:38:00-05:00,74.26000213623047,74.30999755859375,74.25499725341797,74.30000305175781,10282.0,0.013470890546085634,0.08080479271885821,0.11460035940549229,0.08756306441948247
2024-11-06 11:39:00-05:00,74.30500030517578,74.38999938964844,74.30500030517578,74.37999725341797,13084.0,0.06059543179484095,0.10765957971079487,0.06733964528631287,0.10766379323623454
2024-11-06 11:40:00-05:00,74.375,74.41000366210938,74.30999755859375,74.33000183105469,12306.0,0.09420590072906077,0.02689107759787923,0.006725325883105704,-0.06721621969538738
2024-11-06 11:41:00-05:00,74.31999969482422,74.37999725341797,74.31999969482422,74.37999725341797,8795.0,-0.07394999015231107,-0.040325772362093115,0.013460014209498716,0.0672614302861474
2024-11-06 11:42:00-05:00,74.375,74.58000183105469,74.375,74.49500274658203,20218.0,0.07400471663296937,0.2688956507423512,0.07400471663296937,0.15461884567193884
2024-11-06 11:43:00-05:00,74.49500274658203,74.51000213623047,74.3301010131836,74.375,9122.0,0.16134823069853255,-0.09385853191957727,-0.06036838563550084,-0.161088317548308
2024-11-06 11:44:00-05:00,74.36000061035156,74.36000061035156,74.25,74.28500366210938,7811.0,-0.181223077056214,-0.20131730180956708,-0.10776389657991547,-0.12100347951680135
2024-11-06 11:45:00-05:00,74.2699966430664,74.3499984741211,74.2249984741211,74.2249984741211,13519.0,-0.12103814758794851,-0.013450963082806133,-0.03367208872580019,-0.08077698731929761
2024-11-06 11:46:00-05:00,74.19999694824219,74.30999755859375,74.19999694824219,74.20999908447266,17002.0,-0.09425030023985093,-0.05380082898222005,-0.033683430640452094,-0.020208002636290523
2024-11-06 11:47:00-05:00,74.2300033569336,74.33999633789062,74.2300033569336,74.33000183105469,7962.0,0.040439905560019085,0.04036977564589872,0.040439905560019085,0.16170697758051134
2024-11-06 11:48:00-05:00,74.33999633789062,74.33999633789062,74.25,74.25,11423.0,0.14817860162033014,0.0,0.026938760827288633,-0.10763060552120285
2024-11-06 11:49:00-05:00,74.23999786376953,74.30999755859375,74.23999786376953,74.2699966430664,11577.0,-0.13451503772825557,-0.040353485034516634,-0.013470890546085634,0.02693150581334347
2024-11-06 11:50:00-05:00,74.27999877929688,74.3499984741211,74.27999877929688,74.3499984741211,12581.0,0.053880545094764365,0.053829789855397436,0.053880545094764365,0.1077175638490635
2024-11-06 11:51:00-05:00,74.3499984741211,74.37000274658203,74.2699966430664,74.33999633789062,13680.0,0.09423760901263734,0.02690554522055688,-0.013465450181526784,-0.01345277261027844
2024-11-06 11:52:00-05:00,74.3499984741211,74.38999938964844,74.30000305175781,74.30000305175781,8713.0,0.0,0.026888049385376256,0.04040179082760442,-0.05379780481967744
2024-11-06 11:53:00-05:00,74.27999877929688,74.36000061035156,74.26000213623047,74.31500244140625,10045.0,-0.09414888535416166,-0.04032636045571136,-0.0538370307999525,0.02018760300452893
2024-11-06 11:54:00-05:00,74.33000183105469,74.38999938964844,74.33000183105469,74.37000274658203,12625.0,0.06731697977861995,0.040342629169765054,0.09426298520138765,0.07400969302147065
2024-11-06 11:55:00-05:00,74.375,74.38999938964844,74.30000305175781,74.32499694824219,14086.0,0.060538366523377185,0.0,-0.04035891101558109,-0.06051606383987718
2024-11-06 11:56:00-05:00,74.31749725341797,74.31999969482422,74.23999786376953,74.27999877929688,13503.0,-0.0773146172531547,-0.09409825971037344,-0.08076068038177509,-0.06054244304463108
2024-11-06 11:57:00-05:00,74.23999786376953,74.26000213623047,74.16999816894531,74.19000244140625,15059.0,-0.10428148486240074,-0.08072868519929388,-0.09428838475005197,-0.12115823824664362
2024-11-06 11:58:00-05:00,74.19000244140625,74.33999633789062,74.19000244140625,74.2699966430664,17560.0,-0.06734297387106514,0.10772178744811178,0.026970841249540634,0.10782342502728692
2024-11-06 11:59:00-05:00,74.2699966430664,74.36009979248047,74.2699966430664,74.34500122070312,11721.0,0.10782342502728692,0.027042582163261386,0.10782342502728692,0.10098906830060539
2024-11-06 12:00:00-05:00,74.29000091552734,74.30000305175781,74.12999725341797,74.12999725341797,16715.0,0.02693452721840295,-0.08081853156514107,-0.18850060047970185,-0.2891976108076011
2024-11-06 12:01:00-05:00,74.13999938964844,74.13999938964844,73.92500305175781,74.05000305175781,22264.0,-0.20191347964777506,-0.2153481231998322,-0.2765333997779229,-0.10791070366115152
2024-11-06 12:02:00-05:00,74.04499816894531,74.12999725341797,74.0250015258789,74.05000305175781,17829.0,-0.128137606535228,-0.013490877141641988,0.1352701656989863,0.0
2024-11-06 12:03:00-05:00,74.04000091552734,74.09549713134766,74.0199966430664,74.05000305175781,8659.0,-0.0067489412405197236,-0.046540028798824906,-0.006761070867045138,0.0
2024-11-06 12:04:00-05:00,74.05000305175781,74.05999755859375,73.9749984741211,73.9749984741211,9864.0,0.013509097929209624,-0.04791056694171125,-0.06079190892469555,-0.10128909459232727
2024-11-06 12:05:00-05:00,73.93000030517578,73.93000030517578,73.79989624023438,73.80000305175781,15772.0,-0.16205636952931757,-0.17552964853275732,-0.23670461304298174,-0.23656022436350232
2024-11-06 12:06:00-05:00,73.7699966430664,73.79000091552734,73.74500274658203,73.77999877929688,12306.0,-0.21642589131461998,-0.18936749502304062,-0.07438153229057942,-0.027106059124293314
2024-11-06 12:07:00-05:00,73.77999877929688,73.83999633789062,73.73500061035156,73.73500061035156,14930.0,0.01355854234190712,0.06775365461848537,-0.013563137647221168,-0.060989658023602455
2024-11-06 12:08:00-05:00,73.76000213623047,73.81999969482422,73.73999786376953,73.81999969482422,9694.0,-0.027103067765321676,-0.027081045582533214,0.00677731521883107,0.11527644099689205
2024-11-06 12:09:00-05:00,73.83000183105469,73.94999694824219,73.81999969482422,73.93000030517578,17430.0,0.0949019696270259,0.17610031692683048,0.10849177294862677,0.14901193552738778
2024-11-06 12:10:00-05:00,73.91999816894531,73.95999908447266,73.86000061035156,73.95999908447266,11032.0,0.12189670277480413,0.013525539747449855,0.05418709793105769,0.04057727468287364
2024-11-06 12:11:00-05:00,73.95999908447266,73.9800033569336,73.92019653320312,73.95500183105469,11571.0,0.05411379399107297,0.02704742118517789,0.08150003026554664,-0.006756697511933751
2024-11-06 12:12:00-05:00,73.97000122070312,74.18000030517578,73.93000030517578,74.08000183105469,30982.0,0.013523710592600047,0.27033919865784295,0.01326264327268234,0.1690216982017656
2024-11-06 12:13:00-05:00,74.06999969482422,74.12000274658203,74.02999877929688,74.0999984741211,11192.0,0.13518787680255606,-0.08088104387560247,0.1352610221943884,0.026993308007750016
2024-11-06 12:14:00-05:00,74.11000061035156,74.11000061035156,74.0,74.01000213623047,12476.0,0.05400420641574755,-0.013494516810352852,-0.04052246358440259,-0.12145255026160262
2024-11-06 12:15:00-05:00,74.0,74.00499725341797,73.86000061035156,73.86000061035156,17792.0,-0.14842883476673396,-0.14168581307355543,-0.1891883643897807,-0.2026773700165574
2024-11-06 12:16:00-05:00,73.83000183105469,73.83499908447266,73.58000183105469,73.62000274658203,33057.0,-0.22972725533150218,-0.22971174279378115,-0.3790939303859542,-0.3249361789686933
2024-11-06 12:17:00-05:00,73.62000274658203,73.73999786376953,73.5999984741211,73.72000122070312,20752.0,-0.28443597353985384,-0.12866692203034047,0.02717673629897277,0.13583057646073815
2024-11-06 12:18:00-05:00,73.69000244140625,73.87000274658203,73.68000030517578,73.80999755859375,20878.0,0.09508243984339693,0.17630171762776925,0.10869814227350005,0.12207858979980113
2024-11-06 12:19:00-05:00,73.77999877929688,73.86000061035156,73.77999877929688,73.82499694824219,12088.0,0.12212828729676328,-0.013540186623228756,0.1357199697433531,0.020321623282182344
2024-11-06 12:20:00-05:00,73.83000183105469,73.83999633789062,73.7699966430664,73.7750015258789,11526.0,0.06777318051656156,-0.027084040476077487,-0.013556704250416995,-0.06772153664744707
2024-11-06 12:21:00-05:00,73.76499938964844,73.83000183105469,73.76499938964844,73.79000091552734,5002.0,-0.08804339671424355,-0.013535356624616579,-0.006774100102169278,0.020331263081274642
2024-11-06 12:22:00-05:00,73.79499816894531,73.81999969482422,73.70140075683594,73.73999786376953,16607.0,0.04066803978186595,-0.013547522663426292,-0.08621789919166511,-0.06776399395231891
2024-11-06 12:23:00-05:00,73.76000213623047,73.7699966430664,73.69499969482422,73.76000213623047,11005.0,-0.04742331266778255,-0.06773645619686519,-0.008685129381513779,0.027128116409613767
2024-11-06 12:24:00-05:00,73.76000213623047,73.94999694824219,73.76000213623047,73.94000244140625,24270.0,0.0,0.24400205146639653,0.08820468373083035,0.24403511383219723
2024-11-06 12:25:00-05:00,73.93000030517578,73.9800033569336,73.8499984741211,73.87000274658203,19541.0,0.2304747343029323,0.04057661924232736,0.12201238514664148,-0.09467093929255155
2024-11-06 12:26:00-05:00,73.8550033569336,73.94999694824219,73.8550033569336,73.86000061035156,14303.0,-0.1014431867071619,-0.0405601613001183,0.006777092641718774,-0.013540186623228756
2024-11-06 12:27:00-05:00,73.87999725341797,73.97000122070312,73.87999725341797,73.90499877929688,7688.0,0.03384184597972073,0.02705107949489971,0.03384184597972073,0.060923596768835964
2024-11-06 12:28:00-05:00,73.93000030517578,74.01000213623047,73.80000305175781,73.80000305175781,150532.0,0.06768144777578033,0.05407721355579209,-0.1082758590065569,-0.14206850588363018
2024-11-06 12:29:00-05:00,73.77999877929688,73.77999877929688,73.62000274658203,73.62000274658203,19929.0,-0.2028966931688303,-0.3107733418386105,-0.24390284245590088,-0.24390284245590088
2024-11-06 12:30:00-05:00,73.62999725341797,73.66000366210938,73.62999725341797,73.66000366210938,2462.0,-0.20330920081418347,-0.16263908806294358,0.01357580339997888,0.0543343032260335
2024-11-06 12:31:00-05:00,73.63999938964844,73.66999816894531,73.52999877929688,73.55999755859375,10961.0,0.013584322427773188,0.013568431087485067,-0.13581213887177146,-0.13576717152278261
2024-11-06 12:32:00-05:00,73.61000061035156,73.69999694824219,73.56999969482422,73.66519927978516,9139.0,-0.04073707162617346,0.04072048329373246,0.05440081081384829,0.14301485139067704
2024-11-06 12:33:00-05:00,73.69000244140625,73.80999755859375,73.69000244140625,73.78500366210938,9327.0,0.10868337235612202,0.14925456568040119,0.16311369726764724,0.16263362279003157
2024-11-06 12:34:00-05:00,73.79499816894531,73.80000305175781,73.73999786376953,73.77999877929688,8164.0,0.14248300184620533,-0.0135408578329832,0.06784559737671447,-0.006783062362403225
2024-11-06 12:35:00-05:00,73.77999877929688,73.80999755859375,73.7699966430664,73.77999877929688,7397.0,-0.020325753805283675,0.01354269162960886,0.040681828269506504,0.0
2024-11-06 12:36:00-05:00,73.80999755859375,73.87999725341797,73.80500030517578,73.87249755859375,11628.0,0.04065977201572757,0.09483768749436461,0.047449727127868435,0.12537107729369001
2024-11-06 12:37:00-05:00,73.88999938964844,73.9000015258789,73.7699966430664,73.7699966430664,7228.0,0.10838888186004425,0.0270767098059288,-0.04742722303995306,-0.1387538243796893
2024-11-06 12:38:00-05:00,73.7249984741211,73.7699966430664,73.7249984741211,73.75499725341797,4597.0,-0.2233061535935832,-0.17592000017344622,-0.06099792733220699,-0.020332642444065296
2024-11-06 12:39:00-05:00,73.75,73.76000213623047,73.66999816894531,73.68000030517578,7860.0,0.033911870323977134,-0.013548200204338556,-0.07460197533281088,-0.10168388724156596
2024-11-06 12:40:00-05:00,73.69000244140625,73.80999755859375,73.69000244140625,73.80500030517578,10354.0,-0.0813526218220284,0.06778121056849606,0.027153892979692174,0.16965255087169062
2024-11-06 12:41:00-05:00,73.81999969482422,73.86000061035156,73.80999755859375,73.83499908447266,6666.0,0.1764109772167899,0.06774563529570177,0.16283771639566957,0.040645998472776945
2024-11-06 12:42:00-05:00,73.83999633789062,73.94000244140625,73.83499908447266,73.91000366210938,8177.0,0.027088381399442696,0.10831550283452174,0.033872817647861986,0.10158404356572781
2024-11-06 12:43:00-05:00,73.93000030517578,73.9800033569336,73.92500305175781,73.9800033569336,5997.0,0.1218905359546607,0.054099153646958165,0.12189878567234746,0.09470936457294243
2024-11-06 12:44:00-05:00,73.9800033569336,74.02999877929688,73.9749984741211,74.0,8549.0,0.0676356709744308,0.06757964327477328,0.06762992262343559,0.027029794754040992
2024-11-06 12:45:00-05:00,73.97000122070312,74.01000213623047,73.93000030517578,73.95999908447266,5419.0,-0.0135200537667024,-0.027011540451349347,-0.06082888796686836,-0.05405529125316333
2024-11-06 12:46:00-05:00,73.91999816894531,73.94999694824219,73.83499908447266,73.94999694824219,7205.0,-0.0675990954882133,-0.08107713316617415,-0.12850158299874126,-0.013523710592588944
2024-11-06 12:47:00-05:00,73.95999908447266,73.95999908447266,73.87999725341797,73.9000015258789,6309.0,0.05411379399107297,0.013525539747449855,0.06094422631985896,-0.06760706480930523
2024-11-06 12:48:00-05:00,73.9000015258789,73.91999816894531,73.87000274658203,73.9000015258789,10679.0,-0.08112163241812409,-0.05408452680165654,-0.013528028163911632,0.0
2024-11-06 12:49:00-05:00,73.91000366210938,73.91999816894531,73.86000061035156,73.91000366210938,12331.0,0.013534690154193285,0.0,-0.013540186623228756,0.013534690154193285
2024-11-06 12:50:00-05:00,73.87000274658203,73.87999725341797,73.79010009765625,73.83999633789062,7831.0,-0.0541211115483331,-0.054113793991061865,-0.0946391986429429,-0.0947196871194822
2024-11-06 12:51:00-05:00,73.80999755859375,73.8499984741211,73.79000091552734,73.8499984741211,5908.0,-0.08123079160310409,-0.04060473796984043,-0.0001344111591916608,0.013545688957927737
2024-11-06 12:52:00-05:00,73.81999969482422,73.88999938964844,73.81999969482422,73.88999938964844,5488.0,0.013551194365679642,0.05416508646423068,0.04065426063786237,0.05416508646423068
2024-11-06 12:53:00-05:00,73.9000015258789,73.91000366210938,73.87000274658203,73.87999725341797,4132.0,0.10837419586211539,0.02707304456106563,0.06773645619686519,-0.013536522280532814
2024-11-06 12:54:00-05:00,73.91000366210938,73.91500091552734,73.8499984741211,73.8499984741211,9749.0,0.013534690154193285,0.006761267988575348,-0.02708037324644641,-0.04060473796984043
2024-11-06 12:55:00-05:00,73.83999633789062,73.84249877929688,73.75,73.75,9122.0,-0.0947196871194822,-0.09808852781226785,-0.13540755069363364,-0.13540755069363364
2024-11-06 12:56:00-05:00,73.76000213623047,73.81999969482422,73.73999786376953,73.81999969482422,7238.0,-0.10833451466344401,-0.030469018308687534,-0.013562218617579891,0.0949148404396194
2024-11-06 12:57:00-05:00,73.80999755859375,73.8323974609375,73.79000091552734,73.80999755859375,7738.0,0.06778121056849606,0.01679458976502346,0.06780994467912027,-0.013549358265807498
2024-11-06 12:58:00-05:00,73.80999755859375,73.80999755859375,73.7699966430664,73.79000091552734,9812.0,0.0,-0.030338852744959954,-0.02710973331445654,-0.02709205219866284
2024-11-06 12:59:00-05:00,73.77999877929688,73.77999877929688,73.58999633789062,73.68000030517578,10907.0,-0.04064324656434248,-0.04064324656434248,-0.24400205146640763,-0.14907251522803255
2024-11-06 13:00:00-05:00,73.58000183105469,73.66000366210938,73.58000183105469,73.66000366210938,5774.0,-0.2710720405952438,-0.16263908806294358,-0.013581338949997246,-0.027139852040691803
2024-11-06 13:01:00-05:00,73.6449966430664,73.66000366210938,73.5199966430664,73.58999633789062,10580.0,0.0883321696035777,0.0,-0.08155094658200968,-0.09504116309834165
2024-11-06 13:02:00-05:00,73.58000183105469,73.69999694824219,73.56999969482422,73.56999969482422,13972.0,-0.08825421274268885,0.05429443951192603,0.068012859141664,-0.027173045334305534
2024-11-06 13:03:00-05:00,73.58000183105469,73.68000030517578,73.58000183105469,73.68000030517578,7106.0,0.0,-0.02713248832351134,0.013595400668697799,0.14951829659897165
2024-11-06 13:04:00-05:00,73.69999694824219,73.7759017944336,73.66000366210938,73.7759017944336,18022.0,0.16308115547891688,0.13015945827985487,0.10872768288097134,0.13015945827985487
2024-11-06 13:05:00-05:00,73.77999877929688,73.83000183105469,73.77999877929688,73.80999755859375,8447.0,0.10855065721491197,0.07333022749329565,0.16290403369776385,0.04621531330808448
2024-11-06 13:06:00-05:00,73.83999633789062,73.91999816894531,73.72000122070312,73.72000122070312,12647.0,0.08131954403147734,0.12189670277480413,-0.08131954403147734,-0.12192973969302745
2024-11-06 13:07:00-05:00,73.75,73.77999877929688,73.72000122070312,73.73999786376953,6951.0,-0.12188020362136065,-0.18939311839329953,0.0,0.027125125793925342
2024-11-06 13:08:00-05:00,73.73999786376953,73.75,73.70500183105469,73.72000122070312,4194.0,-0.013562218617579891,-0.04065977201573867,-0.020346431633300188,-0.027117770064688518
2024-11-06 13:09:00-05:00,73.72000122070312,73.72000122070312,73.66000366210938,73.66000366210938,9416.0,-0.027117770064688518,-0.0406763109110142,-0.061051716745708084,-0.08138572653320075
2024-11-06 13:10:00-05:00,73.6500015258789,73.69000244140625,73.62999725341797,73.69000244140625,7690.0,-0.09495346400585358,-0.040692863266600376,-0.04073636600542274,0.04072600842444096
2024-11-06 13:11:00-05:00,73.66999816894531,73.66999816894531,73.58999633789062,73.63999938964844,9232.0,0.027150906520190254,-0.027146521642262833,-0.054326927909109646,-0.06785595074118023
2024-11-06 13:12:00-05:00,73.66000366210938,73.7300033569336,73.66000366210938,73.71499633789062,10234.0,-0.013566590314029181,0.08145132276327072,0.09513157725584698,0.10184267906543365
2024-11-06 13:13:00-05:00,73.72000122070312,73.75,73.58499908447266,73.58999633789062,12151.0,0.08145201684888193,0.02712144602734501,-0.10182537864208419,-0.1695720086955288
2024-11-06 13:14:00-05:00,73.56999969482422,73.56999969482422,73.5,73.51029968261719,11338.0,-0.2034746654843822,-0.244068210407844,-0.11551142968022621,-0.1082982188333137
2024-11-06 13:15:00-05:00,73.5199966430664,73.52999877929688,73.5,73.52999877929688,8592.0,-0.06796663309124318,-0.05437123242255648,0.0,0.026797736867800737
2024-11-06 13:16:00-05:00,73.52960205078125,73.58000183105469,73.5199966430664,73.58000183105469,8801.0,0.013065027412162422,0.06800360749072976,0.02720631709716148,0.06800360749072976
2024-11-06 13:17:00-05:00,73.61000061035156,73.62000274658203,73.57969665527344,73.5999984741211,7676.0,0.10934175805110691,0.05436384144048567,0.08120241421782914,0.02717673629897277
2024-11-06 13:18:00-05:00,73.61000061035156,73.62999725341797,73.55999755859375,73.58999633789062,12810.0,0.0,0.01357580339997888,-0.02677246247967391,-0.01358985929053036
2024-11-06 13:19:00-05:00,73.58000183105469,73.62999725341797,73.56999969482422,73.61000061035156,32266.0,-0.04075367347933234,0.0,0.013597249269214906,0.027183412768616577
2024-11-06 13:20:00-05:00,73.62000274658203,73.62000274658203,73.5,73.5,11943.0,0.05436384144048567,-0.01357396062577898,-0.09514706417640406,-0.14943704583544326
2024-11-06 13:21:00-05:00,73.5,73.62000274658203,73.5,73.61000061035156,10982.0,-0.1630029096781116,0.0,0.0,0.1496606943558687
2024-11-06 13:22:00-05:00,73.5999984741211,73.63999938964844,73.55000305175781,73.58000183105469,6159.0,0.1360523457429874,0.027161970008671155,0.06803136293580536,-0.04075367347933234
2024-11-06 13:23:00-05:00,73.58999633789062,73.6500015258789,73.58000183105469,73.58000183105469,23730.0,-0.01358985929053036,0.013582477340268184,0.04078691781395083,0.0
2024-11-06 13:24:00-05:00,73.56999969482422,73.56999969482422,73.52999877929688,73.55999755859375,4932.0,-0.027173045334305534,-0.108624344055952,-0.06795739401124212,-0.0271871051415129
2024-11-06 13:25:00-05:00,73.56999969482422,73.58000183105469,73.5,73.56999969482422,11018.0,0.0,0.013595400668697799,-0.040798014136944616,0.013597249269214906
2024-11-06 13:26:00-05:00,73.55999755859375,73.75,73.55999755859375,73.7300033569336,10086.0,-0.013595400668697799,0.2310385494901812,0.08162933142006334,0.21748492969020372
2024-11-06 13:27:00-05:00,73.7300033569336,73.75,73.68000030517578,73.69000244140625,12329.0,0.2311117509274263,0.0,0.16313587624365855,-0.054253239802115605
2024-11-06 13:28:00-05:00,73.66999816894531,73.70999908447266,73.62000274658203,73.69499969482422,8220.0,-0.0813850335768862,-0.054238529528605195,-0.081429910892028,0.006781453728321729
2024-11-06 13:29:00-05:00,73.70999908447266,73.72000122070312,73.63999938964844,73.66999816894531,6590.0,0.054297429783578544,0.013569578557448558,0.027161970008671155,-0.03392567471665053
2024-11-06 13:30:00-05:00,73.68000030517578,73.7699966430664,73.68000030517578,73.75749969482422,8180.0,-0.04069838511664425,0.06781798906052572,0.054319548966441644,0.1187749803905902
2024-11-06 13:31:00-05:00,73.75499725341797,73.8499984741211,73.7300033569336,73.8499984741211,15110.0,0.10178738861503778,0.10844765446007543,0.06786516225665284,0.12540932065159272
2024-11-06 13:32:00-05:00,73.83999633789062,73.94999694824219,73.83999633789062,73.91999816894531,19002.0,0.1152451869540494,0.13540755069363364,0.14918347477150817,0.09478631857893216
2024-11-06 13:33:00-05:00,73.9000015258789,73.9000015258789,73.72000122070312,73.7249984741211,14231.0,0.08126380141419975,-0.06760706480930523,-0.1625069381618105,-0.2637982949871609
2024-11-06 13:34:00-05:00,73.69000244140625,73.72000122070312,73.6709976196289,73.6709976196289,36923.0,-0.2841665495759371,-0.2435728030570461,-0.06647259937979655,-0.07324632839584844
2024-11-06 13:35:00-05:00,73.69000244140625,73.69999694824219,73.6500015258789,73.69999694824219,7152.0,0.0,-0.027135474945327864,-0.02849980919005235,0.0393632902366825
2024-11-06 13:36:00-05:00,73.71540069580078,73.77999877929688,73.66000366210938,73.7750015258789,13378.0,0.034466350323070216,0.10855065721491197,0.01358063275389565,0.10177012312415634
2024-11-06 13:37:00-05:00,73.80999755859375,73.81999969482422,73.77999877929688,73.80999755859375,8033.0,0.1283271363922145,0.054216476266155667,0.16290403369776385,0.04743616671099016
2024-11-06 13:38:00-05:00,73.79000091552734,73.80999755859375,73.69999694824219,73.7300033569336,17466.0,-0.02709205219866284,-0.013549358265807498,-0.10843295253230023,-0.10837854532734781
2024-11-06 13:39:00-05:00,73.73999786376953,73.93000030517578,73.73999786376953,73.91000366210938,21426.0,-0.06776399395231891,0.16258332279006638,0.05427532860746709,0.24413440523578522
2024-11-06 13:40:00-05:00,73.91000366210938,73.93000030517578,73.83999633789062,73.87000274658203,12469.0,0.23054760410208264,0.0,0.1356095430133264,-0.0541211115483331
2024-11-06 13:41:00-05:00,73.86000061035156,73.87999725341797,73.84200286865234,73.87000274658203,9553.0,-0.06765397007204577,-0.0676356709744419,0.0027174036582255923,0.0
2024-11-06 13:42:00-05:00,73.86000061035156,73.98999786376953,73.81999969482422,73.98500061035156,15343.0,0.0,0.148890923715439,-0.029797639518613916,0.1556759976902189
2024-11-06 13:43:00-05:00,74.0,74.11000061035156,73.99500274658203,74.0199966430664,27399.0,0.1895469651929771,0.16218779571122166,0.23706726155687807,0.04730152385772346
2024-11-06 13:44:00-05:00,74.01000213623047,74.0199966430664,73.94999694824219,74.0199966430664,17188.0,0.013516400311441856,-0.12144645330441906,-0.06082275379322155,0.0
2024-11-06 13:45:00-05:00,74.02999877929688,74.0999984741211,74.02999877929688,74.08999633789062,9439.0,0.02701883865587895,0.10808137622657643,0.1081836840516548,0.09456862739640748
2024-11-06 13:46:00-05:00,74.08499908447266,74.08999633789062,74.0199966430664,74.08999633789062,11755.0,0.07429461850965158,-0.013498159833247314,-0.013510923133053243,0.0
2024-11-06 13:47:00-05:00,74.09500122070312,74.09500122070312,73.91000366210938,73.91000366210938,14625.0,0.013500892696316491,0.006755139775793673,-0.1485990083023525,-0.24293789266823795
2024-11-06 13:48:00-05:00,73.9000015258789,73.91999816894531,73.83000183105469,73.8499984741211,14301.0,-0.26317523667134246,-0.23618739304226422,-0.1082422230966551,-0.08118682859576953
2024-11-06 13:49:00-05:00,73.8499984741211,73.87999725341797,73.83000183105469,73.87000274658203,14372.0,-0.0676631268272776,-0.054113793991061865,0.0,0.027087708699080615
2024-11-06 13:50:00-05:00,73.87999725341797,73.88999938964844,73.8550033569336,73.86000061035156,7929.0,0.04062123211470148,0.0135383549029644,0.033863639792564015,-0.013540186623228756
2024-11-06 13:51:00-05:00,73.87000274658203,73.88999938964844,73.81999969482422,73.83999633789062,7506.0,-0.013528028163911632,0.0,-0.04739511274571839,-0.027084040476077487
2024-11-06 13:52:00-05:00,73.81999969482422,73.81999969482422,73.66000366210938,73.66000366210938,8828.0,-0.06769060497987534,-0.09473500528140999,-0.21673805659208067,-0.2437604072427213
2024-11-06 13:53:00-05:00,73.6500015258789,73.66000366210938,73.62999725341797,73.66000366210938,8555.0,-0.23028741485788817,-0.21673805659208067,-0.04073636600542274,0.0
2024-11-06 13:54:00-05:00,73.66000366210938,73.77999877929688,73.66000366210938,73.76000213623047,15958.0,0.01358063275389565,0.16290403369776385,0.04075296728334177,0.13575681394180084
2024-11-06 13:55:00-05:00,73.76000213623047,73.76000213623047,73.71499633789062,73.7300033569336,8280.0,0.13575681394180084,-0.027103067765321676,0.07465744372414651,-0.04067079504888049
2024-11-06 13:56:00-05:00,73.75,73.80000305175781,73.69000244140625,73.69000244140625,146466.0,-0.013560379529264921,0.054231174578145414,-0.0339061218558645,-0.054253239802115605
2024-11-06 13:57:00-05:00,73.69000244140625,73.75,73.62999725341797,73.75,13039.0,-0.0813526218220284,-0.06775480987818439,-0.08142921156231164,0.08141885819783479
2024-11-06 13:58:00-05:00,73.75,73.87999725341797,73.75,73.82749938964844,11933.0,0.08141885819783479,0.1762674622616478,0.16298078372731784,0.10508391816737017
2024-11-06 13:59:00-05:00,73.9000015258789,74.01000213623047,73.9000015258789,74.01000213623047,8984.0,0.2033918994968298,0.17596763352139,0.2033918994968298,0.24720158218933808
2024-11-06 14:00:00-05:00,74.01000213623047,74.0999984741211,73.9800033569336,74.07009887695312,18936.0,0.14885061986507075,0.12160023685037213,0.10825687334616863,0.08120083635727582
2024-11-06 14:01:00-05:00,74.0999984741211,74.22000122070312,74.0999984741211,74.1500015258789,23739.0,0.12160023685037213,0.16194702976133346,0.16219939408295136,0.10787436514498872
2024-11-06 14:02:00-05:00,74.16000366210938,74.22000122070312,74.13999938964844,74.22000122070312,22941.0,0.08097866292027245,0.0,0.05398234325377782,0.09440282317429993
2024-11-06 14:03:00-05:00,74.2249984741211,74.29000091552734,74.2249984741211,74.25499725341797,7908.0,0.08764132794254476,0.09431378829551917,0.114646729393586,0.04715175443177344
2024-11-06 14:04:00-05:00,74.25499725341797,74.26000213623047,74.19999694824219,74.20999908447266,12731.0,0.040416005272581046,-0.040380641980319876,-0.033683430640452094,-0.06059951600528857
2024-11-06 14:05:00-05:00,74.2300033569336,74.23500061035156,74.1500015258789,74.1500015258789,17009.0,-0.03365954805584215,-0.0336675534065356,-0.0673792781934468,-0.08084834838153476
2024-11-06 14:06:00-05:00,74.18000030517578,74.19000244140625,74.0199966430664,74.05000305175781,7709.0,-0.06736231913849755,-0.0606158396650458,-0.17532687813516246,-0.1348597060867096
2024-11-06 14:07:00-05:00,74.02999877929688,74.02999877929688,73.97000122070312,73.97000122070312,11351.0,-0.20221289466406667,-0.21566741723151317,-0.06754312973610288,-0.10803757968621541
2024-11-06 14:08:00-05:00,73.96499633789062,74.01000213623047,73.96499633789062,74.0,5412.0,-0.08780554164270482,-0.027011540451349347,-0.0067660980531347725,0.04055533162337088
2024-11-06 14:09:00-05:00,74.0199966430664,74.0999984741211,73.94999694824219,74.0999984741211,17519.0,0.07435991063196035,0.12160023685037213,-0.020279037911274944,0.13513307313661738
2024-11-06 14:10:00-05:00,74.06999969482422,74.06999969482422,73.94999694824219,74.01000213623047,6399.0,0.06755343694344607,-0.040484183420530506,0.0,-0.12145255026160262
2024-11-06 14:11:00-05:00,73.98999786376953,73.98999786376953,73.91000366210938,73.91000366210938,9093.0,-0.1080084128315173,-0.1080084128315173,-0.054081525061866476,-0.13511481047795426
2024-11-06 14:12:00-05:00,73.91000366210938,73.97000122070312,73.90499877929688,73.95999908447266,8666.0,-0.10811488575448447,-0.027026143592034924,-0.006771590535137317,0.0676436475254949
2024-11-06 14:13:00-05:00,73.9573974609375,73.9800033569336,73.94000244140625,73.94999694824219,5883.0,0.06412365915282603,0.01352188193242121,0.04736305079160452,-0.013523710592588944
2024-11-06 14:14:00-05:00,73.94000244140625,73.94999694824219,73.88999938964844,73.93000030517578,9396.0,-0.02352032403578619,-0.0405601613001183,-0.06762652164833405,-0.027040762530927687
2024-11-06 14:15:00-05:00,73.91000366210938,73.91999816894531,73.86000061035156,73.87000274658203,8782.0,-0.04057178564559338,-0.04056630227837754,-0.04059924150043859,-0.08115454936573618
2024-11-06 14:16:00-05:00,73.87999725341797,73.87999725341797,73.81999969482422,73.81999969482422,8223.0,-0.0405985755711602,-0.054113793991061865,-0.05415775141726087,-0.06769060497987534
2024-11-06 14:17:00-05:00,73.80000305175781,73.83000183105469,73.77999877929688,73.77999877929688,8484.0,-0.1082758590065569,-0.06767112103671646,-0.05418709793105769,-0.05418709793105769
2024-11-06 14:18:00-05:00,73.79000091552734,73.80999755859375,73.7699966430664,73.77999877929688,6597.0,-0.013553029562141106,-0.027095045326852585,-0.013556704250416995,0.0
2024-11-06 14:19:00-05:00,73.79000091552734,73.8499984741211,73.79000091552734,73.8499984741211,7321.0,0.0,0.054194440930022125,0.027117084683792037,0.09487624828188324
2024-11-06 14:20:00-05:00,73.8499984741211,73.94000244140625,73.83300018310547,73.94000244140625,12526.0,0.08130852127570254,0.12187402727801278,0.05827248549210573,0.12187402727801278
2024-11-06 14:21:00-05:00,73.94999694824219,73.94999694824219,73.88999938964844,73.94000244140625,19804.0,0.13540755069363364,0.013517049642852719,0.07720017661696499,0.0
2024-11-06 14:22:00-05:00,73.94000244140625,73.94000244140625,73.91000366210938,73.91999816894531,4666.0,-0.013515222783488934,-0.013515222783488934,0.02707304456106563,-0.027054736002729562
2024-11-06 14:23:00-05:00,73.91000366210938,73.97000122070312,73.88999938964844,73.9613037109375,12810.0,-0.04057178564559338,0.040571785645604486,-0.027065717047436433,0.05587871078918116
2024-11-06 14:24:00-05:00,73.97000122070312,74.04000091552734,73.95999908447266,74.01000213623047,12316.0,0.08117650604921867,0.09463254517918518,0.09473500528140999,0.0658431136953741
2024-11-06 14:25:00-05:00,74.0199966430664,74.09500122070312,74.0199966430664,74.05999755859375,11562.0,0.06758878131434276,0.07428458197689114,0.08112163241811299,0.06755225093935113
2024-11-06 14:26:00-05:00,74.05000305175781,74.12000274658203,74.04000091552734,74.06999969482422,6709.0,0.04053824649046245,0.033742527116542576,0.0270254976603157,0.013505450391826379
2024-11-06 14:27:00-05:00,74.07160186767578,74.11000061035156,74.02999877929688,74.08999633789062,13752.0,0.02916787984852398,-0.013494516810352852,-0.013509097929209624,0.026996953083302522
2024-11-06 14:28:00-05:00,74.08000183105469,74.11000061035156,74.05999755859375,74.05999755859375,7302.0,0.011340329042575092,0.0,0.04052246358441369,-0.04048964877804151
2024-11-06 14:29:00-05:00,74.08000183105469,74.0999984741211,74.08000183105469,74.08999633789062,14135.0,0.0,-0.013496338075957848,0.027010900783674963,0.040506049535227184
2024-11-06 14:30:00-05:00,74.08999633789062,74.11000061035156,74.01499938964844,74.02999877929688,25316.0,0.013491504574658642,0.013498159833247314,-0.08774627402748925,-0.08097929755608302
2024-11-06 14:31:00-05:00,74.02999877929688,74.05000305175781,74.01000213623047,74.04000091552734,9392.0,-0.08097929755608302,-0.08095743907654551,-0.006751676631999715,0.013510923133042141
2024-11-06 14:32:00-05:00,74.01000213623047,74.01000213623047,73.94999694824219,73.94999694824219,7473.0,-0.027011540451349347,-0.054018789843102155,-0.08107713316617415,-0.12156127251786719
2024-11-06 14:33:00-05:00,73.95999908447266,74.0,73.95999908447266,74.0,9150.0,-0.06756255953860313,-0.013514573627571025,0.013525539747449855,0.06761738177327725
2024-11-06 14:34:00-05:00,73.98999786376953,74.02999877929688,73.9800033569336,74.0199966430664,12576.0,0.040560816209067596,0.040538890941732575,0.02704742118517789,0.027022490630268514
2024-11-06 14:35:00-05:00,74.01000213623047,74.06999969482422,73.97000122070312,74.0,9192.0,0.027036454978368596,0.054033386717455834,-0.0135200537667024,-0.027015190452972515
2024-11-06 14:36:00-05:00,74.0199966430664,74.05999755859375,74.01000213623047,74.05000305175781,7466.0,0.013504265028307927,-0.013503626666233615,0.05407721355579209,0.06757169156461629
2024-11-06 14:37:00-05:00,74.04000091552734,74.08000183105469,74.04000091552734,74.05000305175781,9815.0,0.0270254976603157,0.027010900783674963,0.04053341228344998,0.0
2024-11-06 14:38:00-05:00,74.02999877929688,74.02999877929688,73.9800033569336,73.98999786376953,7114.0,-0.013509097929209624,-0.06749871830706855,-0.08103397873022722,-0.08103333628000087
2024-11-06 14:39:00-05:00,74.01000213623047,74.01000213623047,73.91999816894531,73.91999816894531,8348.0,-0.027011540451349347,-0.027011540451349347,-0.0811100098208617,-0.09460696965163384
2024-11-06 14:40:00-05:00,73.94000244140625,73.94999694824219,73.87999725341797,73.87999725341797,15870.0,-0.09458139819449318,-0.08107713316617415,-0.054113793991061865,-0.054113793991061865
2024-11-06 14:41:00-05:00,73.88999938964844,73.95999908447266,73.88999938964844,73.95999908447266,17669.0,-0.06762652164833405,0.013525539747449855,0.0135383549029644,0.10828618574560966
2024-11-06 14:42:00-05:00,73.94999694824219,73.98999786376953,73.93000030517578,73.94000244140625,21737.0,0.08119848300087718,0.040560816209067596,0.0541357637809714,-0.02703710561646755
2024-11-06 14:43:00-05:00,73.94000244140625,73.95999908447266,73.93000030517578,73.95999908447266,11367.0,-0.013515222783488934,-0.04054437108121922,0.0,0.027044417644228602
2024-11-06 14:44:00-05:00,73.97000122070312,74.08999633789062,73.97000122070312,74.06999969482422,14623.0,0.040571785645604486,0.17576697542882602,0.05410647282866332,0.14872986981235847
2024-11-06 14:45:00-05:00,74.08000183105469,74.17500305175781,74.05999755859375,74.16999816894531,42075.0,0.14870975873497727,0.11473440149667447,0.12166599487013485,0.13500536591479761
2024-11-06 14:46:00-05:00,74.19000244140625,74.30999755859375,74.1500015258789,74.30000305175781,24804.0,0.14848894118877354,0.18199460907570852,0.12152845024595571,0.17527960903596096
2024-11-06 14:47:00-05:00,74.29000091552734,74.30000305175781,74.19000244140625,74.22000122070312,27073.0,0.13478699397546645,-0.013449747226890185,0.05394594026189026,-0.1076740615999161
2024-11-06 14:48:00-05:00,74.20999908447266,74.33000183105469,74.20999908447266,74.33000183105469,17327.0,-0.10768855844497383,0.04037520600903566,0.026953285359709866,0.14820885009751983
2024-11-06 14:49:00-05:00,74.33999633789062,74.37000274658203,74.30500030517578,74.3499984741211,15222.0,0.17517484843248,0.053815302760606976,0.12801673881572828,0.026902519270555203
2024-11-06 14:50:00-05:00,74.33999633789062,74.37000274658203,74.2699966430664,74.2699966430664,15909.0,0.0,0.0,-0.04710808420107515,-0.1076016579644401
2024-11-06 14:51:00-05:00,74.27999877929688,74.27999877929688,74.23999786376953,74.23999786376953,6905.0,-0.08070697006904437,-0.12102186898103051,-0.040391518315319175,-0.040391518315319175
2024-11-06 14:52:00-05:00,74.2300033569336,74.23999786376953,74.18000030517578,74.22000122070312,18755.0,-0.06730670864956156,-0.05385152959708206,-0.0808156793105641,-0.026935134215788636
2024-11-06 14:53:00-05:00,74.25,74.27999877929688,74.21299743652344,74.25499725341797,14319.0,0.026938760827288633,0.053880545094764365,0.04448251713657925,0.04715175443177344
2024-11-06 14:54:00-05:00,74.26000213623047,74.2699966430664,74.2300033569336,74.25,11886.0,0.013470890546085634,-0.013465450181526784,0.022915016233793217,-0.006729854693698911
2024-11-06 14:55:00-05:00,74.23999786376953,74.26000213623047,74.2300033569336,74.25,14498.0,-0.02693815228316243,-0.013456991096916227,0.0,0.0
2024-11-06 14:56:00-05:00,74.25,74.26000213623047,74.2300033569336,74.25,11367.0,0.013472705439498966,0.0,0.0,0.0
2024-11-06 14:57:00-05:00,74.2300033569336,74.25,74.19000244140625,74.25,18417.0,-0.02693150581334347,-0.013469076141581215,-0.05388779970142421,0.0
2024-11-06 14:58:00-05:00,74.23999786376953,74.25,74.19000244140625,74.22000122070312,14943.0,0.013464241390215292,0.0,0.0,-0.040402396359429105
2024-11-06 14:59:00-05:00,74.25,74.38999938964844,74.25,74.38999938964844,21138.0,0.013472705439498966,0.1885513665298877,0.08087013966757706,0.22904630308453466
2024-11-06 15:00:00-05:00,74.37000274658203,74.55999755859375,74.37000274658203,74.55000305175781,27819.0,0.16161986071654422,0.22852287987646935,0.16161986071654422,0.21508759701864832
2024-11-06 15:01:00-05:00,74.56999969482422,74.58000183105469,74.38999938964844,74.38999938964844,17637.0,0.26892152864870233,0.02682976544523541,0.026888049385376256,-0.21462596319182792
2024-11-06 15:02:00-05:00,74.38999938964844,74.47000122070312,74.3499984741211,74.44999694824219,14789.0,-0.24138434479338278,-0.14749344013257337,-0.05377189925466208,0.08065272091142273
2024-11-06 15:03:00-05:00,74.44999694824219,74.48999786376953,74.43000030517578,74.48999786376953,19624.0,0.08065272091142273,0.02685194405616098,0.1076016579644401,0.0537285657045139
2024-11-06 15:04:00-05:00,74.4800033569336,74.48999786376953,74.37999725341797,74.41999816894531,25669.0,0.040304110035438434,0.0,-0.06718131338545597,-0.0939719382892723
2024-11-06 15:05:00-05:00,74.41000366210938,74.47000122070312,74.31999969482422,74.33000183105469,16864.0,-0.09398454842806103,-0.02684473572274193,-0.08066356656256657,-0.12093031457259817
2024-11-06 15:06:00-05:00,74.32499694824219,74.3499984741211,74.29000091552734,74.30000305175781,12483.0,-0.11424097525004617,-0.1611423991069727,-0.04036434259964139,-0.04035891101558109
2024-11-06 15:07:00-05:00,74.30999755859375,74.3927001953125,74.30999755859375,74.37000274658203,15010.0,-0.02018081434821406,0.05743338543076071,0.02691700473815839,0.09421223680901036
2024-11-06 15:08:00-05:00,74.37000274658203,74.37999725341797,74.31999969482422,74.37999725341797,11886.0,0.08074981827441707,-0.017075522008447308,0.013460014209498716,0.013438895343309554
2024-11-06 15:09:00-05:00,74.36000061035156,74.41999816894531,74.33999633789062,74.41999816894531,13472.0,-0.0134491540420556,0.053779130148479126,0.026906139866134104,0.053779130148479126
2024-11-06 15:10:00-05:00,74.40010070800781,74.41999816894531,74.33999633789062,74.33999633789062,19806.0,0.05392697327475382,0.0,0.0,-0.107500447491371
2024-11-06 15:11:00-05:00,74.36000061035156,74.41999816894531,74.36000061035156,74.4000015258789,12701.0,-0.05389790776443304,0.0,0.02690916524936693,0.08071723290856703
2024-11-06 15:12:00-05:00,74.4000015258789,74.44999694824219,74.4000015258789,74.44000244140625,11951.0,0.05379359225257119,0.04031010485752162,0.05379359225257119,0.05376467030504539
2024-11-06 15:13:00-05:00,74.44000244140625,74.47000122070312,74.41000366210938,74.41999816894531,16118.0,0.05376467030504539,0.02686940669029969,0.013443731216855603,-0.026873014246187044
2024-11-06 15:14:00-05:00,74.43000030517578,74.44000244140625,74.3499984741211,74.36000061035156,13731.0,-0.01343650712308797,-0.040283038545907424,-0.08064129154026212,-0.08062020971506545
2024-11-06 15:15:00-05:00,74.36000061035156,74.38999938964844,74.31999969482422,74.3499984741211,27216.0,-0.09404768848207956,-0.06717228656348828,-0.04034805637194161,-0.013450963082806133
2024-11-06 15:16:00-05:00,74.33000183105469,74.33999633789062,74.20999908447266,74.20999908447266,12736.0,-0.040342629169776156,-0.0672174380536017,-0.14800943326594984,-0.18829777070831222
2024-11-06 15:17:00-05:00,74.21499633789062,74.30000305175781,74.19000244140625,74.2300033569336,25828.0,-0.15472284451903962,-0.05379780481967744,-0.026946022521368018,0.026956303338798726
2024-11-06 15:18:00-05:00,74.20999908447266,74.25,74.15499877929688,74.23999786376953,14728.0,-0.006733481997645008,-0.06729885559086934,-0.04718110386506824,0.013464241390215292
2024-11-06 15:19:00-05:00,74.26000213623047,74.27999877929688,74.20999908447266,74.20999908447266,114640.0,0.06738047752956611,0.040402396359429105,0.07416938315847332,-0.0404078396552765
2024-11-06 15:20:00-05:00,74.19999694824219,74.30000305175781,74.19999694824219,74.29499816894531,12557.0,-0.08080418295464131,0.026930900363053567,-0.013478151669399363,0.11453858714631782
2024-11-06 15:21:00-05:00,74.26200103759766,74.33000183105469,74.26000213623047,74.33000183105469,19957.0,0.08356346618008104,0.04037520600903566,0.08086952891674937,0.04711442623603901
2024-11-06 15:22:00-05:00,74.31999969482422,74.36000061035156,74.27999877929688,74.33999633789062,12592.0,0.07810004634429824,0.04035891101556999,0.02692787838831645,0.013446127525540419
2024-11-06 15:23:00-05:00,74.33000183105469,74.33000183105469,74.11000061035156,74.11000061035156,14820.0,0.013458202733507285,-0.040342629169776156,-0.22886129744080774,-0.3093835604910278
2024-11-06 15:24:00-05:00,74.0999984741211,74.12000274658203,74.0199966430664,74.12000274658203,17591.0,-0.30943542481859376,-0.2825226413285531,-0.12144645330441906,0.01349633807596895
2024-11-06 15:25:00-05:00,74.12999725341797,74.16999816894531,74.0999984741211,74.16000366210938,14501.0,0.040484183420530506,0.06745199745097352,0.10808137622657643,0.053967773940999386
2024-11-06 15:26:00-05:00,74.12000274658203,74.16000366210938,74.11000061035156,74.1500015258789,15473.0,-0.013482405512266205,-0.013475134262741495,0.013498159833247314,-0.013487238048204286
2024-11-06 15:27:00-05:00,74.16000366210938,74.16500091552734,74.12999725341797,74.16000366210938,9896.0,0.053967773940999386,0.00673847514993664,0.026982381462303806,0.013489057349480582
2024-11-06 15:28:00-05:00,74.16000366210938,74.25,74.15170288085938,74.25,18049.0,0.0,0.11460808120189458,0.029280491360617056,0.12135427918891217
2024-11-06 15:29:00-05:00,74.25,74.29499816894531,74.19000244140625,74.26000213623047,32517.0,0.12135427918891217,0.06060359453914366,0.0516502778208805,0.013470890546085634
2024-11-06 15:30:00-05:00,74.2699966430664,74.27999877929688,74.23999786376953,74.27999877929688,16223.0,0.02693150581334347,-0.02018896294246897,0.0673883551935095,0.02692787838831645
2024-11-06 15:31:00-05:00,74.2699966430664,74.27999877929688,74.25,74.2750015258789,17843.0,0.0,0.0,0.013472705439498966,-0.006727589526245303
2024-11-06 15:32:00-05:00,74.2750015258789,74.2750015258789,74.125,74.2249984741211,50766.0,0.006738768060743361,-0.006727589526245303,-0.16835016835017313,-0.06732150889339206
2024-11-06 15:33:00-05:00,74.2249984741211,74.25,74.11000061035156,74.1500015258789,85113.0,-0.06732150889339206,-0.03366075444669603,-0.020235264281198706,-0.10104001318145261
2024-11-06 15:34:00-05:00,74.13999938964844,74.19999694824219,74.13999938964844,74.18000030517578,38619.0,-0.11451544118561419,-0.06734417745160037,0.040478719538272756,0.040456882912409675
2024-11-06 15:35:00-05:00,74.16000366210938,74.16000366210938,74.05500030517578,74.1050033569336,19382.0,0.026981754283283976,-0.05389930967343304,-0.114646729393586,-0.10110130484449753
2024-11-06 15:36:00-05:00,74.08999633789062,74.11000061035156,73.9800033569336,74.0,35616.0,-0.09440037858914341,-0.06742590249272373,-0.1012719572387133,-0.14169536762292934
2024-11-06 15:37:00-05:00,73.98999786376953,74.08000183105469,73.96399688720703,74.08000183105469,18309.0,-0.13496892841652341,-0.040478719538272756,-0.021636211138487127,0.10811058250632666
2024-11-06 15:38:00-05:00,74.08000183105469,74.11000061035156,74.05999755859375,74.08999633789062,15799.0,0.12164342463001354,0.040495111440863596,0.12979378539144104,0.013491504574658642
2024-11-06 15:39:00-05:00,74.08999633789062,74.12000274658203,74.03500366210938,74.04000091552734,23996.0,0.013491504574658642,0.01349633807596895,-0.033748173519176916,-0.06747931547367303
2024-11-06 15:40:00-05:00,74.04000091552734,74.04000091552734,73.9000015258789,73.92500305175781,30780.0,-0.06747931547367303,-0.10793554788200987,-0.18234906402734286,-0.15531856070711836
2024-11-06 15:41:00-05:00,73.91999816894531,73.97000122070312,73.91999816894531,73.91999816894531,21187.0,-0.1620782618829808,-0.09454307665943684,0.027059056364708844,-0.006770216578810828
2024-11-06 15:42:00-05:00,73.91000366210938,73.95999908447266,73.83999633789062,73.83999633789062,15859.0,-0.013520707634617768,-0.013521881932410107,-0.10822758798213483,-0.10822758798213483
2024-11-06 15:43:00-05:00,73.84500122070312,73.94000244140625,73.84500122070312,73.94000244140625,15384.0,-0.08794809658435598,-0.02703710561646755,0.006778010645613897,0.13543622491258844
2024-11-06 15:44:00-05:00,73.94000244140625,73.94000244140625,73.86000061035156,73.8949966430664,29529.0,0.12864949439055362,0.0,0.02031199052134891,-0.060867996826896587
2024-11-06 15:45:00-05:00,73.88500213623047,73.91999816894531,73.8499984741211,73.86000061035156,23302.0,-0.07438504646976041,-0.027054736002729562,-0.013542020238033192,-0.047359137025049236
2024-11-06 15:46:00-05:00,73.86000061035156,73.87999725341797,73.81999969482422,73.83499908447266,29333.0,-0.033838431557198234,-0.054113793991061865,-0.04062123211470148,-0.03384988582765258
2024-11-06 15:47:00-05:00,73.83999633789062,73.87000274658203,73.7699966430664,73.77999877929688,31090.0,-0.027084040476077487,-0.013528028163911632,-0.06773645619686519,-0.07449083206848561
2024-11-06 15:48:00-05:00,73.7699966430664,73.80000305175781,73.7300033569336,73.7699966430664,24925.0,-0.09479915803882744,-0.0947606500900755,-0.05421348509248025,-0.013556704250416995
2024-11-06 15:49:00-05:00,73.7699966430664,73.8499984741211,73.75,73.79000091552734,52490.0,0.0,0.06774447194564104,0.02712144602734501,0.027117084683792037
2024-11-06 15:50:00-05:00,73.72000122070312,73.86000061035156,73.58999633789062,73.66999816894531,70266.0,-0.06777202743437627,0.013543854349529205,-0.21695411811440968,-0.16262738188526082
2024-11-06 15:51:00-05:00,73.66000366210938,73.66999816894531,73.58000183105469,73.63999938964844,51901.0,-0.08138572653320075,-0.25724673684828225,-0.013581338949997246,-0.04072048329373246
2024-11-06 15:52:00-05:00,73.62999725341797,73.63999938964844,73.55000305175781,73.6050033569336,58461.0,-0.04073636600542274,-0.04072048329373246,-0.04077028886972922,-0.04752313009900311
2024-11-06 15:53:00-05:00,73.6050033569336,73.80999755859375,73.58999633789062,73.80000305175781,46941.0,-0.03394526336644166,0.23085031281140367,0.054375641704140776,0.2649272276758152
2024-11-06 15:54:00-05:00,73.77999877929688,73.81999969482422,73.68000030517578,73.69999694824219,59279.0,0.23774935722056245,0.013551194365679642,0.12230462259015251,-0.13550961975636877
2024-11-06 15:55:00-05:00,73.70999908447266,73.7699966430664,73.56500244140625,73.72000122070312,100625.0,-0.09487624828188324,-0.06773645619686519,-0.15607744746637398,0.02714284028395575
2024-11-06 15:56:00-05:00,73.70999908447266,73.7300033569336,73.66999816894531,73.7300033569336,79504.0,0.0,-0.05421348509248025,0.14272510576300856,0.01356773747265283
2024-11-06 15:57:00-05:00,73.7300033569336,73.73999786376953,73.68000030517578,73.72000122070312,142210.0,0.02713915711491932,0.01355554913995416,0.013576946489846087,-0.01356589688739085
2024-11-06 15:58:00-05:00,73.72000122070312,73.77999877929688,73.70999908447266,73.76000213623047,157539.0,-0.01356589688739085,0.05424588647431339,0.04071495544601955,0.054260600739253206
2024-11-06 15:59:00-05:00,73.75499725341797,73.79000091552734,73.68000030517578,73.76000213623047,256174.0,0.04747155742723663,0.013556704250405893,-0.04069838511664425,0.0
2024-11-07 09:30:00-05:00,74.33999633789062,74.7300033569336,74.30000305175781,74.58000183105469,90228.0,0.7931653532066818,1.2738886430999408,0.8414803800407711,1.1117132200046953
2024-11-07 09:31:00-05:00,74.54000091552734,74.58000183105469,74.26000213623047,74.26499938964844,11641.0,0.2690403382960227,-0.20072463420408582,-0.0538370307999525,-0.4223685085444462
2024-11-07 09:32:00-05:00,74.28500366210938,74.29000091552734,73.9000015258789,73.93499755859375,8941.0,-0.34209451339682895,-0.3888454121847351,-0.48478400214847506,-0.44435714504387214
2024-11-07 09:33:00-05:00,74.01000213623047,74.01000213623047,73.81999969482422,73.86000061035156,6670.0,-0.370197903105407,-0.37689968481121605,-0.10825687334616863,-0.10143633018010467
2024-11-07 09:34:00-05:00,73.94000244140625,74.02999877929688,73.82160186767578,73.92500305175781,7322.0,-0.09458139819449318,0.02701883865587895,0.00217037775425144,0.08800763724492455
2024-11-07 09:35:00-05:00,74.02999877929688,74.02999877929688,73.70999908447266,73.76000213623047,15329.0,0.12171535693679125,0.0,-0.15117903212554795,-0.22320041760677256
2024-11-07 09:36:00-05:00,73.76499938964844,73.94999694824219,73.62000274658203,73.94999694824219,13625.0,-0.35796216941522685,-0.10806677343491167,-0.12209515534994386,0.2575851498225479
2024-11-07 09:37:00-05:00,73.8550033569336,73.9198989868164,73.72000122070312,73.72000122070312,12192.0,0.12201446218378376,-0.04070042280981401,0.13583057646073815,-0.3110151954435314
2024-11-07 09:38:00-05:00,73.73999786376953,73.76000213623047,73.62999725341797,73.6500015258789,8254.0,-0.15571794453552723,-0.21631097008730782,-0.12208893895118145,-0.09495346400585358
2024-11-07 09:39:00-05:00,73.68000030517578,74.0,73.65499877929688,74.0,9501.0,-0.08136365653901301,0.3253767039299582,0.033955625168435866,0.4752185565102929
2024-11-07 09:40:00-05:00,74.05000305175781,74.26499938964844,73.97000122070312,74.26499938964844,5064.0,0.5021752782973898,0.3581072833086951,0.4276728621639636,0.3581072833086951
2024-11-07 09:41:00-05:00,74.27999877929688,74.37000274658203,74.22000122070312,74.31500244140625,11854.0,0.3105951628095127,0.1413901000425044,0.3379748490933254,0.06733057586854052
2024-11-07 09:42:00-05:00,74.26000213623047,74.30000305175781,74.16010284423828,74.22000122070312,6186.0,-0.02692062923401739,-0.09412356089691931,-0.08070382037145274,-0.1278358576090044
2024-11-07 09:43:00-05:00,74.33499908447266,74.4000015258789,74.30999755859375,74.38999938964844,3348.0,0.10099238632474972,0.13458744281804602,0.20212312093241813,0.22904630308453466
2024-11-07 09:44:00-05:00,74.43000030517578,74.43000030517578,74.30999755859375,74.30999755859375,10371.0,0.12780146885476018,0.04032093908821199,0.0,-0.10754379850932416
2024-11-07 09:45:00-05:00,74.30999755859375,74.49500274658203,74.19999694824219,74.47940063476562,6347.0,-0.16122900186752442,0.08733365731523612,-0.1480293553566936,0.2279680820044483
2024-11-07 09:46:00-05:00,74.49500274658203,74.62999725341797,74.49500274658203,74.62999725341797,5614.0,0.24896406145404892,0.1812128355712206,0.39758195481547354,0.2021990206269919
2024-11-07 09:47:00-05:00,74.70999908447266,74.87000274658203,74.62000274658203,74.80999755859375,13203.0,0.2886050472700852,0.3215938657334938,0.1677964902226048,0.24119028782028096
2024-11-07 09:48:00-05:00,74.7699966430664,74.77999877929688,74.67500305175781,74.67500305175781,8517.0,0.08030726720518189,-0.12021365564763853,0.07370718728403336,-0.1804498212023109
2024-11-07 09:49:00-05:00,74.6449966430664,74.80000305175781,74.54000091552734,74.54000091552734,13370.0,-0.16717935751250357,0.026750832826261117,-0.18078624802585486,-0.18078624802585486
2024-11-07 09:50:00-05:00,74.57499694824219,74.66999816894531,74.5342025756836,74.62999725341797,7661.0,-0.0937768075185752,-0.17380331217706768,-0.007778829853144487,0.12073562756271805
2024-11-07 09:51:00-05:00,74.68000030517578,74.68000030517578,74.58999633789062,74.58999633789062,10056.0,0.14080236169029536,0.013395120497849966,0.07485658969836884,-0.05359897762224897
2024-11-07 09:52:00-05:00,74.58999633789062,74.65499877929688,74.56999969482422,74.63999938964844,7058.0,-0.12051950578114701,-0.033478208056691994,-0.02680874654534815,0.06703720902638821
2024-11-07 09:53:00-05:00,74.5999984741211,74.62000274658203,74.5199966430664,74.53500366210938,9887.0,0.013409487493687422,-0.046877011971169225,-0.06705518568117519,-0.14066951821762874
2024-11-07 09:54:00-05:00,74.5199966430664,74.6500015258789,74.5199966430664,74.6500015258789,4941.0,-0.10724106258854782,0.040202061367855535,0.0,0.15428705724742642
2024-11-07 09:55:00-05:00,74.66999816894531,74.79299926757812,74.66999816894531,74.75890350341797,8696.0,0.2012903014440237,0.19155758710820425,0.2012903014440237,0.14588342305834612
2024-11-07 09:56:00-05:00,74.76000213623047,74.79000091552734,74.65499877929688,74.79000091552734,12170.0,0.12053564951417517,-0.004008867247129455,-0.020087572005156318,0.04159693448146928
2024-11-07 09:57:00-05:00,74.79000091552734,74.91000366210938,74.73999786376953,74.87010192871094,23784.0,0.04012677693909783,0.1604529283500966,0.11385585139978005,0.10710123305663899
2024-11-07 09:58:00-05:00,74.87000274658203,74.9800033569336,74.87000274658203,74.95490264892578,30577.0,0.10696861890007181,0.09344505593666952,0.17394285058645043,0.1132637969367023
2024-11-07 09:59:00-05:00,74.9800033569336,75.06999969482422,74.9800033569336,75.01000213623047,29171.0,0.14692214013118932,0.1200271190469282,0.14692214013118932,0.0735101846009556
2024-11-07 10:00:00-05:00,74.9800033569336,75.04000091552734,74.91000366210938,74.91000366210938,18057.0,0.0,-0.03996107555458428,-0.09335781767172424,-0.13331351989496198
2024-11-07 10:01:00-05:00,74.87999725341797,74.95999908447266,74.86000061035156,74.95999908447266,9920.0,-0.13337703259301836,-0.10661224690647897,-0.06675083341786126,0.06674064867062679
2024-11-07 10:02:00-05:00,74.93000030517578,75.02999877929688,74.93000030517578,74.9800033569336,11856.0,0.06677758225415165,0.09338273169579026,0.0935074729541796,0.02668659645845839
2024-11-07 10:03:00-05:00,74.94999694824219,75.04000091552734,74.93000030517578,75.04000091552734,16166.0,0.026687098605315818,0.013330849517800836,0.0,0.0800180793646188
2024-11-07 10:04:00-05:00,75.05799865722656,75.19239807128906,75.05799865722656,75.11000061035156,23319.0,0.14409835007593852,0.20308789166096908,0.17082390435001482,0.09328317426731125
2024-11-07 10:05:00-05:00,75.1449966430664,75.19999694824219,75.12999725341797,75.19999694824219,6022.0,0.115907681254801,0.010105911166613524,0.09592394878552568,0.11981938112008983
2024-11-07 10:06:00-05:00,75.19499969482422,75.2300033569336,75.16000366210938,75.20999908447266,17893.0,0.06654209061358607,0.03990214083660071,0.03993931823289554,0.013300713612207637
2024-11-07 10:07:00-05:00,75.21499633789062,75.2300033569336,75.04499816894531,75.06999969482422,20697.0,0.026593048936174313,0.0,-0.15301421974522889,-0.18614465011652648
2024-11-07 10:08:00-05:00,75.07499694824219,75.08999633789062,74.99500274658203,75.01499938964844,12292.0,-0.186132282742546,-0.18610529415863386,-0.06662059242207308,-0.07326535953026125
2024-11-07 10:09:00-05:00,75.01000213623047,75.06999969482422,74.97000122070312,75.06500244140625,7278.0,-0.08657317969194,-0.0266302357725845,-0.03333758912362761,0.06665740473859039
2024-11-07 10:10:00-05:00,75.05999755859375,75.05999755859375,74.76000213623047,74.90499877929688,24617.0,0.06665167436268327,-0.013323746198390385,-0.28011081906540447,-0.21315347619453862
2024-11-07 10:11:00-05:00,74.88999938964844,74.92500305175781,74.81999969482422,74.81999969482422,9529.0,-0.22648304619595772,-0.17984880259362956,0.08025355387821786,-0.11347585055451193
2024-11-07 10:12:00-05:00,74.7750015258789,74.79000091552734,74.73999786376953,74.73999786376953,4962.0,-0.15355570130426432,-0.18018302399962494,-0.1069257302606208,-0.1069257302606208
2024-11-07 10:13:00-05:00,74.74500274658203,74.7699966430664,74.72000122070312,74.7300033569336,10859.0,-0.04011872776290559,-0.02674725526949917,-0.026754941982809477,-0.013372367034525379
2024-11-07 10:14:00-05:00,74.72000122070312,74.86000061035156,74.6500015258789,74.66999816894531,17111.0,-0.03344909353160119,0.12037444339447756,-0.09368267355545079,-0.08029597924902321
2024-11-07 10:15:00-05:00,74.66500091552734,74.7300033569336,74.5999984741211,74.66999816894531,16518.0,-0.07360854426825547,-0.17365382361483883,-0.06698332315570044,0.0
2024-11-07 10:16:00-05:00,74.68000030517578,74.72000122070312,74.63999938964844,74.6449966430664,32191.0,0.02008891644615929,-0.013384364754664979,0.05362053129427391,-0.033482692503006284
2024-11-07 10:17:00-05:00,74.63500213623047,74.69499969482422,74.59500122070312,74.66999816894531,27991.0,-0.060254644833190873,-0.03346028569386483,-0.060286936378983746,0.03349390716493872
2024-11-07 10:18:00-05:00,74.66000366210938,74.91000366210938,74.63999938964844,74.86000061035156,35278.0,0.03349839239406016,0.2878425171210619,0.06032330345056014,0.25445620204296304
2024-11-07 10:19:00-05:00,74.86000061035156,74.9000015258789,74.80000305175781,74.87999725341797,20804.0,0.26787696012890994,-0.013352203633021364,0.2143671803560565,0.02671205303683699
2024-11-07 10:20:00-05:00,74.87999725341797,74.87999725341797,74.73999786376953,74.73999786376953,27280.0,0.02671205303683699,-0.02670797336903341,-0.08022083628360654,-0.18696500371739866
2024-11-07 10:21:00-05:00,74.73999786376953,74.80000305175781,74.69999694824219,74.72000122070312,40665.0,-0.18696500371739866,-0.10682986724669385,-0.053520091879388776,-0.026754941982809477
2024-11-07 10:22:00-05:00,74.72000122070312,74.72000122070312,74.48999786376953,74.55999755859375,16896.0,-0.026754941982809477,-0.10695431522821375,-0.2811232838712985,-0.2141376599242406
2024-11-07 10:23:00-05:00,74.5999984741211,74.6500015258789,74.58999633789062,74.6500015258789,15503.0,-0.16060324494318046,-0.09368267355545079,0.13424416295992891,0.12071347938875654
2024-11-07 10:24:00-05:00,74.63999938964844,74.6500015258789,74.55999755859375,74.58000183105469,22048.0,0.05362053129427391,0.0,-0.04021823403902447,-0.09377052028586297
2024-11-07 10:25:00-05:00,74.58999633789062,74.6395034790039,74.52999877929688,74.6395034790039,14586.0,-0.06699229925870576,-0.014063022987831353,-0.040234415610462815,0.07978230958483046
2024-11-07 10:26:00-05:00,74.62999725341797,74.62999725341797,74.52999877929688,74.58999633789062,20409.0,0.05362772153270079,-0.012736185455219928,0.0,-0.06632833661227577
2024-11-07 10:27:00-05:00,74.5999984741211,74.63999938964844,74.55000305175781,74.63999938964844,9215.0,-0.04019667747676703,0.013402300145481938,0.02684056458952533,0.06703720902638821
2024-11-07 10:28:00-05:00,74.63999938964844,74.70010375976562,74.63999938964844,74.68000030517578,9590.0,0.05362053129427391,0.08052568409522287,0.12071942884850362,0.05359179508901413
2024-11-07 10:29:00-05:00,74.69999694824219,74.7300033569336,74.68499755859375,74.72000122070312,7452.0,0.080382581838645,0.04002617889813376,0.060286936378983746,0.05356308966775192
2024-11-07 10:30:00-05:00,74.75,74.75,74.68000030517578,74.70500183105469,11024.0,0.06693849237029426,0.02675852023035219,-0.006691107426293197,-0.02007412928719532
2024-11-07 10:31:00-05:00,74.72000122070312,74.76000213623047,74.65899658203125,74.76000213623047,19418.0,-0.04013214621655381,0.013380784254812816,-0.02812496392434749,0.07362332350939749
2024-11-07 10:32:00-05:00,74.69999694824219,74.7699966430664,74.69999694824219,74.75,5720.0,-0.026772312813339028,0.01336878885813686,0.05491684604397307,-0.013378994040480485
2024-11-07 10:33:00-05:00,74.74500274658203,74.76000213623047,74.68000030517578,74.7300033569336,10777.0,0.06024872848526819,-0.013367001851893878,-0.02676926892013487,-0.026751361961752096
2024-11-07 10:34:00-05:00,74.73999786376953,74.79000091552734,74.73999786376953,74.76499938964844,10511.0,-0.006695943044476849,0.04012677693909783,0.0803395264442619,0.04682996272284967
2024-11-07 10:35:00-05:00,74.80000305175781,74.8499984741211,74.73999786376953,74.8499984741211,13104.0,0.08028524177596807,0.08022136363057264,0.0,0.11368833701137504
2024-11-07 10:36:00-05:00,74.87000274658203,74.94999694824219,74.87000274658203,74.94999694824219,16339.0,0.09358247589346114,0.13359849854328587,0.17394285058645043,0.13359849854328587
2024-11-07 10:37:00-05:00,74.93000030517578,74.94999694824219,74.79000091552734,74.88999938964844,14088.0,0.08013564363931192,0.0,-0.10685431831153336,-0.08005011479210733
2024-11-07 10:38:00-05:00,74.88249969482422,74.91999816894531,74.77999877929688,74.78500366210938,18583.0,-0.06339331397050563,-0.040025057396053665,-0.013373627634749585,-0.1401999310919666
2024-11-07 10:39:00-05:00,74.7699966430664,74.80999755859375,74.75499725341797,74.77999877929688,17425.0,-0.15023944475185402,-0.14682409642283734,-0.033433439806140886,-0.006692361526261514
2024-11-07 10:40:00-05:00,74.79000091552734,74.79000091552734,74.68000030517578,74.72000122070312,18223.0,0.026754411340190742,-0.026729907390710128,-0.10032365861502024,-0.080232093572008
2024-11-07 10:41:00-05:00,74.70999908447266,74.70999908447266,74.62000274658203,74.66000366210938,30621.0,-0.10696861890007181,-0.10696861890007181,-0.0803395264442619,-0.08029651714878128
2024-11-07 10:42:00-05:00,74.66000366210938,74.76000213623047,74.65499877929688,74.7300033569336,12595.0,-0.06691931866676937,0.06692953067939378,0.04689899681951104,0.09375795793020725
2024-11-07 10:43:00-05:00,74.7300033569336,74.75,74.61499786376953,74.66000366210938,13578.0,0.09375795793020725,-0.013378994040480485,-0.05358102763567407,-0.09367013472471042
2024-11-07 10:44:00-05:00,74.68000030517578,74.7300033569336,74.68000030517578,74.72000122070312,8247.0,-0.06691161449435823,-0.026751361961752096,0.08711712560112161,0.08036104426847324
2024-11-07 10:45:00-05:00,74.72000122070312,74.7699966430664,74.70999908447266,74.76000213623047,15878.0,0.05356308966775192,0.05351704046070438,0.04016976322211985,0.05353441498106015
2024-11-07 10:46:00-05:00,74.76000213623047,74.76000213623047,74.62999725341797,74.63500213623047,21004.0,0.05353441498106015,-0.013367001851893878,-0.10708316428197362,-0.16720170736782558
2024-11-07 10:47:00-05:00,74.62000274658203,74.69000244140625,74.59500122070312,74.63999938964844,15192.0,-0.1872650958373745,-0.09363254791868725,-0.046892716069668605,0.0066955895691611644
2024-11-07 10:48:00-05:00,74.63500213623047,74.63999938964844,74.5999984741211,74.5999984741211,7134.0,0.020101030683927767,-0.06694744962291166,0.006699180020364182,-0.05359179508901413
2024-11-07 10:49:00-05:00,74.58000183105469,74.66000366210938,74.58000183105469,74.6500015258789,11114.0,-0.07369237435725928,0.02680100833938326,-0.026805152111819552,0.06702822088548999
2024-11-07 10:50:00-05:00,74.68000030517578,74.69000244140625,74.6500015258789,74.66999816894531,10103.0,0.13408215562613623,0.04018052213423662,0.09385853191956617,0.026787197130162532
2024-11-07 10:51:00-05:00,74.68000030517578,74.69000244140625,74.55999755859375,74.55999755859375,21936.0,0.0,0.0,-0.12056793763621787,-0.14731567302663784
2024-11-07 10:52:00-05:00,74.55000305175781,74.66000366210938,74.54000091552734,74.62999725341797,23164.0,-0.17407237933414477,-0.04016438387508536,-0.02681953288784511,0.09388371394354333
2024-11-07 10:53:00-05:00,74.63999938964844,74.69000244140625,74.5999984741211,74.69000244140625,6893.0,0.12071942884850362,0.04018052213423662,0.08049041837514537,0.08040357791321284
2024-11-07 10:54:00-05:00,74.69999694824219,74.7300033569336,74.63999938964844,74.63999938964844,8888.0,0.080382581838645,0.05355591674900406,0.05362053129427391,-0.06694744962291166
2024-11-07 10:55:00-05:00,74.63500213623047,74.63999938964844,74.5,74.58999633789062,31530.0,-0.08700778402541687,-0.12043886423405148,-0.18756617201668435,-0.06699229925870576
2024-11-07 10:56:00-05:00,74.58000183105469,74.58999633789062,74.55999755859375,74.55999755859375,9030.0,-0.07369237435725928,-0.06699229925870576,0.08053363569631156,-0.04021823403902447
2024-11-07 10:57:00-05:00,74.5250015258789,74.56999969482422,74.5,74.56999969482422,14945.0,-0.07374672006629224,-0.02680874654534815,-0.08046883122092563,0.013414882722617705
2024-11-07 10:58:00-05:00,74.58000183105469,74.58999633789062,74.55000305175781,74.58999633789062,8790.0,0.0738011459908261,0.026815935561552706,0.0671181902789364,0.026815935561552706
2024-11-07 10:59:00-05:00,74.58999633789062,74.62999725341797,74.55999755859375,74.61000061035156,7650.0,0.01340105469369579,0.05362772153270079,0.013406447252584108,0.026818974987374844
2024-11-07 11:00:00-05:00,74.61000061035156,74.68000030517578,74.56999969482422,74.68000030517578,28208.0,0.026818974987374844,0.0670012777677309,0.013414882722617705,0.09382079379651742
2024-11-07 11:01:00-05:00,74.68000030517578,74.72000122070312,74.63999938964844,74.63999938964844,9143.0,0.09382079379651742,0.05356308966775192,0.09387112124270569,-0.05356308966776302
2024-11-07 11:02:00-05:00,74.62000274658203,74.62000274658203,74.55000305175781,74.55000305175781,20514.0,-0.0803395264442619,-0.13383093212984143,-0.12057387275796749,-0.12057387275796749
2024-11-07 11:03:00-05:00,74.55500030517578,74.55500030517578,74.41000366210938,74.44000244140625,19247.0,-0.08711128251630562,-0.08711128251630562,-0.18779260082825155,-0.14755279121207998
2024-11-07 11:04:00-05:00,74.43499755859375,74.55999755859375,74.41000366210938,74.55999755859375,21566.0,-0.1609586829734111,0.006702774324351957,0.0,0.16119708926924936
2024-11-07 11:05:00-05:00,74.54000091552734,74.55999755859375,74.47899627685547,74.4800033569336,15283.0,0.14106718664286255,0.0,0.09271954219944867,-0.10728836410877074
2024-11-07 11:06:00-05:00,74.48999786376953,74.5,74.42009735107422,74.48999786376953,16071.0,-0.06708217218092116,-0.08046883122092563,-0.07908125609307204,0.013419047241503002
2024-11-07 11:07:00-05:00,74.48999786376953,74.55000305175781,74.43000030517578,74.55000305175781,16597.0,0.0,0.0671181902789364,0.013306827663561727,0.08055469151444505
2024-11-07 11:08:00-05:00,74.55000305175781,74.66999816894531,74.55000305175781,74.63999938964844,6646.0,0.08055469151444505,0.1609592384646641,0.16122900186752442,0.12071942884850362
2024-11-07 11:09:00-05:00,74.6500015258789,74.6500015258789,74.58999633789062,74.5999984741211,8655.0,0.1341361100303029,-0.026780023512473772,0.053646256868766784,-0.05359179508901413
2024-11-07 11:10:00-05:00,74.5999984741211,74.66000366210938,74.5999984741211,74.5999984741211,26408.0,-0.06698332315570044,0.013398708675183002,0.013409487493687422,0.0
2024-11-07 11:11:00-05:00,74.62000274658203,74.65499877929688,74.58000183105469,74.61499786376953,22641.0,0.026815379182454357,-0.006703566256371918,-0.026805152111819552,0.020106420851528917
2024-11-07 11:12:00-05:00,74.61000061035156,74.62000274658203,74.54000091552734,74.55000305175781,27831.0,-0.01340409523226116,-0.046877011971169225,-0.053634908213007204,-0.0871069005863756
2024-11-07 11:13:00-05:00,74.55000305175781,74.58000183105469,74.52999877929688,74.58000183105469,10164.0,-0.08041490162570275,-0.053606156600116694,-0.01341848149667424,0.04023980961616047
2024-11-07 11:14:00-05:00,74.54000091552734,74.56999969482422,74.51000213623047,74.56999969482422,10060.0,-0.013416681181788181,-0.013411284506437138,-0.026830327913496266,-0.013411284506437138
2024-11-07 11:15:00-05:00,74.54499816894531,74.58000183105469,74.54000091552734,74.58000183105469,10262.0,0.006704123097112102,0.013413083373214896,0.040261412477238245,0.013413083373214896
2024-11-07 11:16:00-05:00,74.57499694824219,74.58000183105469,74.52999877929688,74.55999755859375,10922.0,0.04024251128007528,0.0,-0.01341848149667424,-0.026822569012874276
2024-11-07 11:17:00-05:00,74.55999755859375,74.55999755859375,74.4000015258789,74.4000015258789,11278.0,-0.02011316159871157,-0.026822569012874276,-0.1744227231278095,-0.21458696077492068
2024-11-07 11:18:00-05:00,74.41000366210938,74.41000366210938,74.37000274658203,74.38999938964844,10426.0,-0.20117207805231407,-0.20117207805231407,-0.04032093908821199,-0.013443731216844501
2024-11-07 11:19:00-05:00,74.4000015258789,74.44000244140625,74.4000015258789,74.40010070800781,10565.0,-0.013441924120694004,0.040315519178180104,0.040337203427420754,0.013578866033414627
2024-11-07 11:20:00-05:00,74.41999816894531,74.56999969482422,74.41000366210938,74.55999755859375,30924.0,0.02687720787135639,0.17463359639233733,0.013443731216855603,0.2149148308461024
2024-11-07 11:21:00-05:00,74.56999969482422,74.62999725341797,74.56500244140625,74.5999984741211,16929.0,0.20156077609458922,0.080458037869513,0.20830368454316517,0.05364929833306942
2024-11-07 11:22:00-05:00,74.5999984741211,74.5999984741211,74.44000244140625,74.44999694824219,7086.0,0.0402290189347454,-0.04019667747676703,-0.16763896721954108,-0.20107443558586846
2024-11-07 11:23:00-05:00,74.44999694824219,74.52999877929688,74.44000244140625,74.5199966430664,11001.0,-0.20107443558586846,-0.09383337299732064,0.0,0.09402242806386685
2024-11-07 11:24:00-05:00,74.52999877929688,74.54000091552734,74.51000213623047,74.51210021972656,5830.0,0.1074571314090278,0.013420282294762664,0.09403505175771265,-0.0105963817707444
2024-11-07 11:25:00-05:00,74.52999877929688,74.56500244140625,74.5250015258789,74.55000305175781,9796.0,0.0,0.03354108609046058,0.020130706238630225,0.05086802266944801
2024-11-07 11:26:00-05:00,74.52999877929688,74.52999877929688,74.4800033569336,74.5,12344.0,0.0,-0.04694382211933856,-0.06037996380273691,-0.06707317197974794
2024-11-07 11:27:00-05:00,74.51000213623047,74.56999969482422,74.51000213623047,74.55000305175781,7755.0,-0.026830327913496266,0.0536708925030327,0.040277628819529454,0.0671181902789364
2024-11-07 11:28:00-05:00,74.54000091552734,74.55999755859375,74.48999786376953,74.5,11593.0,0.040261412477238245,-0.013413083373214896,-0.02684776793371313,-0.06707317197974794
2024-11-07 11:29:00-05:00,74.5,74.5250015258789,74.44999694824219,74.44999694824219,10988.0,-0.05366369068424692,-0.04693674069308207,-0.05369971361859349,-0.0671181902789475
2024-11-07 11:30:00-05:00,74.44999694824219,74.44999694824219,74.41999816894531,74.41999816894531,11271.0,-0.0671181902789475,-0.10064351036701558,-0.04029386235936405,-0.04029386235936405
2024-11-07 11:31:00-05:00,74.4000015258789,74.41999816894531,74.37000274658203,74.37999725341797,7082.0,-0.06715302137357826,-0.04029386235936405,-0.06718009082691268,-0.0537502237456855
2024-11-07 11:32:00-05:00,74.37000274658203,74.4000015258789,74.36000061035156,74.4000015258789,6934.0,-0.04032093908821199,-0.02686998596937995,-0.0134491540420556,0.026894693734358377
2024-11-07 11:33:00-05:00,74.38999938964844,74.41999816894531,74.37000274658203,74.41500091552734,14406.0,0.026888049385376256,0.02687720787135639,0.013450963082806133,0.020160469544094894
2024-11-07 11:34:00-05:00,74.41999816894531,74.41999816894531,74.36499786376953,74.41999816894531,9897.0,0.040326360455722465,0.0,-0.006729706370400823,0.006715384474209607
2024-11-07 11:35:00-05:00,74.44000244140625,74.45999908447266,74.41000366210938,74.44999694824219,10798.0,0.02688023777630555,0.0537502237456966,0.06052013666737466,0.04031010485752162
2024-11-07 11:36:00-05:00,74.43000030517578,74.4800033569336,74.43000030517578,74.4749984741211,13893.0,-0.01343650712308797,0.026865797350117404,0.026873595057463895,0.03358163452482632
2024-11-07 11:37:00-05:00,74.4800033569336,74.4800033569336,74.41999816894531,74.44000244140625,8511.0,0.06718131338545597,0.0,-0.013438312762947824,-0.046990310079708664
2024-11-07 11:38:00-05:00,74.44000244140625,74.58000183105469,74.43499755859375,74.58000183105469,10590.0,-0.05370691960853158,0.1342621772475905,0.02015505242876081,0.1880701035154253
2024-11-07 11:39:00-05:00,74.56999969482422,74.62000274658203,74.52999877929688,74.52999877929688,10558.0,0.17463359639233733,0.0536349082129961,0.1276297760718581,-0.06704619271944434
2024-11-07 11:40:00-05:00,74.52999877929688,74.6500015258789,74.52999877929688,74.61000061035156,13297.0,-0.05364210230796029,0.040202061367855535,0.0,0.10734178500604319
2024-11-07 11:41:00-05:00,74.5999984741211,74.69000244140625,74.5999984741211,74.69000244140625,10144.0,0.09392150271128052,0.053584614480528536,0.09392150271128052,0.1072266859673432
2024-11-07 11:42:00-05:00,74.69999694824219,74.70999908447266,74.6500015258789,74.6500015258789,8004.0,0.13404621470036737,0.026772851001166664,0.06702822088548999,-0.05355591674899296
2024-11-07 11:43:00-05:00,74.63999938964844,74.6500015258789,74.62000274658203,74.62000274658203,11935.0,-0.0803180201403797,-0.08030726720517078,-0.040185905805345534,-0.040185905805345534
2024-11-07 11:44:00-05:00,74.62999725341797,74.69999694824219,74.62999725341797,74.66000366210938,7897.0,-0.01340050416969163,0.06697310293550807,0.013393870903333216,0.05360615660010559
2024-11-07 11:45:00-05:00,74.66999816894531,74.73500061035156,74.66999816894531,74.7300033569336,5334.0,0.05359897762224897,0.04685898733520766,0.05359897762224897,0.09375795793020725
2024-11-07 11:46:00-05:00,74.73500061035156,74.7699966430664,74.72000122070312,74.76000213623047,12151.0,0.08705295701116889,0.04682683137624544,0.06696538500601257,0.04014288498501717
2024-11-07 11:47:00-05:00,74.75,74.76000213623047,74.70999908447266,74.72000122070312,14246.0,0.020070100389291134,-0.013367001851893878,-0.013386156406669514,-0.05350577097958942
2024-11-07 11:48:00-05:00,74.75,74.83999633789062,74.75,74.83999633789062,8442.0,0.0,0.10700133677683521,0.05354158214099236,0.16059303429756255
2024-11-07 11:49:00-05:00,74.83999633789062,74.91000366210938,74.83000183105469,74.9000015258789,7877.0,0.12039643864967253,0.09354266120307209,0.10702586094273325,0.08017796756345508
2024-11-07 11:50:00-05:00,74.9000015258789,74.91000366210938,74.86499786376953,74.87999725341797,11367.0,0.08017796756345508,0.0,0.04676738187692209,-0.02670797336903341
2024-11-07 11:51:00-05:00,74.86000061035156,74.87000274658203,74.81999969482422,74.8499984741211,10999.0,-0.05340576063075364,-0.05339862978483989,-0.060105750656924695,-0.04006247382107864
2024-11-07 11:52:00-05:00,74.87000274658203,74.88999938964844,74.83999633789062,74.88999938964844,7640.0,0.013361122293509275,0.02670848448356189,0.02672633406570757,0.053441437999723895
2024-11-07 11:53:00-05:00,74.87999725341797,74.9000015258789,74.87999725341797,74.87999725341797,7349.0,0.013349147147434515,0.013355770212286622,0.053448580284198854,-0.013355770212297724
2024-11-07 11:54:00-05:00,74.87999725341797,74.9000015258789,74.8499984741211,74.8499984741211,5804.0,0.0,0.0,-0.04006247382107864,-0.04006247382107864
2024-11-07 11:55:00-05:00,74.86000061035156,74.86000061035156,74.76000213623047,74.7699966430664,7696.0,-0.02670491960453658,-0.05340576063075364,-0.12023559081533186,-0.10688287599944779
2024-11-07 11:56:00-05:00,74.77999877929688,74.79000091552734,74.7300033569336,74.7699966430664,7530.0,-0.10686859524767778,-0.0935074729541685,-0.04012677693910893,0.0
2024-11-07 11:57:00-05:00,74.75,74.7699966430664,74.70999908447266,74.72000122070312,4848.0,-0.04011604678599845,-0.02674725526949917,-0.02676872950934106,-0.06686562071407387
2024-11-07 11:58:00-05:00,74.72000122070312,74.72000122070312,74.68450164794922,74.70999908447266,6850.0,-0.04013214621655381,-0.06686562071407387,-0.03412854615967298,-0.013386156406669514
2024-11-07 11:59:00-05:00,74.69000244140625,74.69000244140625,74.62000274658203,74.62000274658203,4979.0,-0.04014825857439064,-0.04014825857439064,-0.0863618286846557,-0.12046090080776173
2024-11-07 12:00:00-05:00,74.62000274658203,74.62000274658203,74.54000091552734,74.55999755859375,9702.0,-0.09372030062407832,-0.09372030062407832,-0.10721231320023339,-0.08041434706463901
2024-11-07 12:01:00-05:00,74.54000091552734,74.54000091552734,74.5,74.5,4128.0,-0.10721231320023339,-0.10721231320023339,-0.05366369068424692,-0.08046883122092563
2024-11-07 12:02:00-05:00,74.44999694824219,74.48999786376953,74.44999694824219,74.47000122070312,8455.0,-0.12074586286516809,-0.06708217218092116,-0.0671181902789475,-0.04026681784815578
2024-11-07 12:03:00-05:00,74.43000030517578,74.44999694824219,74.38999938964844,74.38999938964844,10881.0,-0.026859159014214207,-0.05369971361859349,-0.0805877247187281,-0.10742826607131883
2024-11-07 12:04:00-05:00,74.4000015258789,74.46499633789062,74.3949966430664,74.46499633789062,15869.0,-0.04030468785956032,0.020146931179687577,0.006717641428921617,0.10081590113928396
2024-11-07 12:05:00-05:00,74.46499633789062,74.55500030517578,74.44000244140625,74.52999877929688,8455.0,0.08735861650366328,0.1208674836654211,0.06049573273827491,0.0872926134465768
2024-11-07 12:06:00-05:00,74.52999877929688,74.58999633789062,74.5199966430664,74.56999969482422,8280.0,0.0872926134465768,0.04693988675688043,0.10746130982883795,0.0536708925030327
2024-11-07 12:07:00-05:00,74.58000183105469,74.5999984741211,74.55999755859375,74.57080078125,4149.0,0.06709117479779536,0.013409487493687422,0.05367809625507203,0.0010742744120495473
2024-11-07 12:08:00-05:00,74.58000183105469,74.70999908447266,74.58000183105469,74.70999908447266,8814.0,0.0,0.14745390429160565,0.02682976544523541,0.18666596276870617
2024-11-07 12:09:00-05:00,74.71499633789062,74.75,74.69000244140625,74.69000244140625,9085.0,0.1810063066795653,0.05354158214099236,0.14749344013258447,-0.026765685064189526
2024-11-07 12:10:00-05:00,74.66999816894531,74.68000030517578,74.6500015258789,74.66999816894531,7229.0,-0.06022642193785899,-0.09364507668792044,-0.05355591674899296,-0.026783065747826296
2024-11-07 12:11:00-05:00,74.66999816894531,74.67500305175781,74.625,74.625,9933.0,0.0,-0.006691555165438956,-0.03349166157784467,-0.060262716015480056
2024-11-07 12:12:00-05:00,74.61000061035156,74.62000274658203,74.58999633789062,74.5999984741211,6604.0,-0.08035028802063637,-0.07365289980324485,-0.046906079878561435,-0.03350288224979181
2024-11-07 12:13:00-05:00,74.58000183105469,74.58999633789062,74.5199966430664,74.52999877929688,6577.0,-0.040207450812845824,-0.04021228569678348,-0.09384595557173636,-0.09383337299732064
2024-11-07 12:14:00-05:00,74.52999877929688,74.55999755859375,74.5,74.5,12370.0,-0.06704619271944434,-0.04021823403902447,-0.026833929102532128,-0.04025061020825893
2024-11-07 12:15:00-05:00,74.5,74.51000213623047,74.46499633789062,74.51000213623047,13345.0,-0.04025061020825893,-0.06705394849830792,-0.04698478135486406,0.013425686215384758
2024-11-07 12:16:00-05:00,74.5199966430664,74.54000091552734,74.5,74.5,5449.0,0.026841131632759918,0.040261412477238245,0.04700686742875604,-0.013423883966856565
2024-11-07 12:17:00-05:00,74.51000213623047,74.55999755859375,74.5,74.55999755859375,4702.0,-0.013411845526256627,0.026826727690898444,0.0,0.08053363569631156
2024-11-07 12:18:00-05:00,74.56999969482422,74.62999725341797,74.56999969482422,74.61000061035156,12352.0,0.0805228249544987,0.09388371394354333,0.09395932191169631,0.06706418105568712
2024-11-07 12:19:00-05:00,74.5999984741211,74.63999938964844,74.5999984741211,74.63999938964844,4534.0,0.0402290189347454,0.013402300145481938,0.0402290189347454,0.040207450812856926
2024-11-07 12:20:00-05:00,74.63500213623047,74.63500213623047,74.55000305175781,74.55500030517578,13143.0,0.046921800033983274,-0.0066951412899696194,-0.06701799381487739,-0.11387873146799787
2024-11-07 12:21:00-05:00,74.58000183105469,74.66000366210938,74.56999969482422,74.66000366210938,10775.0,-0.07369237435725928,0.03349839239406016,0.026823128434383392,0.14084012675714686
2024-11-07 12:22:00-05:00,74.66000366210938,74.69999694824219,74.66000366210938,74.69999694824219,2830.0,0.10726981642601441,0.05356721694498301,0.12069728798913548,0.05356721694498301
2024-11-07 12:23:00-05:00,74.68000030517578,74.73999786376953,74.66000366210938,74.69999694824219,18456.0,0.026783608472480402,0.053548751220233726,0.0,0.0
2024-11-07 12:24:00-05:00,74.69000244140625,74.69000244140625,74.66999816894531,74.66999816894531,10019.0,0.01339332644563207,-0.06689245891391415,0.013386694810746391,-0.0401590100701843
2024-11-07 12:25:00-05:00,74.66999816894531,74.66999816894531,74.63999938964844,74.66000366210938,4809.0,-0.026783065747826296,-0.026783065747826296,-0.040175144010312636,-0.013384903014623806
2024-11-07 12:26:00-05:00,74.66000366210938,74.66000366210938,74.63999938964844,74.63999938964844,5430.0,-0.013384903014623806,-0.013384903014623806,0.0,-0.026793827323490227
2024-11-07 12:27:00-05:00,74.6449966430664,74.6500015258789,74.55000305175781,74.55000305175781,12114.0,-0.02010047991811703,-0.013396913661745113,-0.12057387275796749,-0.12057387275796749
2024-11-07 12:28:00-05:00,74.55999755859375,74.56999969482422,74.55000305175781,74.55999755859375,8015.0,-0.11387110763645403,-0.10716922896103487,0.0,0.013406447252584108
2024-11-07 12:29:00-05:00,74.58000183105469,74.60189819335938,74.57009887695312,74.5999984741211,9149.0,0.02682976544523541,0.042776583969028614,0.026956169513980832,0.05364929833306942
2024-11-07 12:30:00-05:00,74.61000061035156,74.62999725341797,74.61000061035156,74.62000274658203,4125.0,0.040223623706570066,0.03766534195386306,0.05350902573466598,0.026815379182454357
2024-11-07 12:31:00-05:00,74.62999725341797,74.6500015258789,74.55999755859375,74.55999755859375,11198.0,0.026801558642031154,0.026804600290963876,-0.06701923515448627,-0.08041434706463901
2024-11-07 12:32:00-05:00,74.54000091552734,74.54000091552734,74.4800033569336,74.48500061035156,7399.0,-0.12059003243028998,-0.1473551347663804,-0.10728836410877074,-0.10058603902615149
2024-11-07 12:33:00-05:00,74.4800033569336,74.5,74.4800033569336,74.4937973022461,7047.0,-0.08049041837515647,-0.05366369068424692,0.0,0.011810017886082491
2024-11-07 12:34:00-05:00,74.48999786376953,74.55999755859375,74.4800033569336,74.5,10244.0,0.013419047241503002,0.08053363569631156,0.0,0.008326462039165428
2024-11-07 12:35:00-05:00,74.48999786376953,74.54000091552734,74.4800033569336,74.54000091552734,6928.0,0.0,-0.02681953288784511,0.0,0.05369250406355164
2024-11-07 12:36:00-05:00,74.5199966430664,74.58000183105469,74.5199966430664,74.55000305175781,6202.0,0.04027222467066771,0.05366369068424692,0.053696676061032456,0.01341848149667424
2024-11-07 12:37:00-05:00,74.55000305175781,74.55000305175781,74.48999786376953,74.5199966430664,10380.0,0.0402662507288154,-0.040223623706570066,-0.04025601267879653,-0.040250043545364544
2024-11-07 12:38:00-05:00,74.5199966430664,74.54000091552734,74.48999786376953,74.54000091552734,7962.0,-0.040250043545364544,-0.013416681181788181,0.0,0.026844167152551
2024-11-07 12:39:00-05:00,74.54499816894531,74.55000305175781,74.4800033569336,74.48999786376953,4031.0,0.033550089915679315,0.01341848149667424,-0.01341724677481615,-0.06708217218092116
2024-11-07 12:40:00-05:00,74.48999786376953,74.48999786376953,74.45999908447266,74.48999786376953,12458.0,-0.07378134888558208,-0.08048985316153612,-0.026858581578026453,0.0
2024-11-07 12:41:00-05:00,74.49250030517578,74.52999877929688,74.4800033569336,74.52999877929688,6679.0,0.0033594327802699553,0.05369971361859349,0.026865797350117404,0.05369971361859349
2024-11-07 12:42:00-05:00,74.55500030517578,74.55999755859375,74.52999877929688,74.55999755859375,8466.0,0.08390106352176296,0.04025061020827003,0.06712596685003458,0.04025061020827003
2024-11-07 12:43:00-05:00,74.56999969482422,74.58499908447266,74.55999755859375,74.55999755859375,5017.0,0.02011855621626424,0.03353209052785466,0.04025061020827003,0.0
2024-11-07 12:44:00-05:00,74.55999755859375,74.58000183105469,74.55000305175781,74.55999755859375,5251.0,-0.013413083373214896,-0.006700078406263188,-0.013404650165238507,0.0
2024-11-07 12:45:00-05:00,74.55950164794922,74.55999755859375,74.55000305175781,74.55000305175781,4303.0,-0.0006651162295701063,-0.026822569012874276,0.0,-0.013404650165238507
2024-11-07 12:46:00-05:00,74.54190063476562,74.56999969482422,74.54190063476562,74.56999969482422,7460.0,-0.023606666882913796,0.013414882722617705,-0.010868432810873241,0.026823128434383392
2024-11-07 12:47:00-05:00,74.55999755859375,74.56999969482422,74.54000091552734,74.54000091552734,7870.0,0.024277518649262753,0.0,-0.0025485253556833953,-0.0402290189347565
2024-11-07 12:48:00-05:00,74.55000305175781,74.55000305175781,74.5199966430664,74.5199966430664,3324.0,-0.013404650165238507,-0.026815935561541604,-0.026836962993337377,-0.026836962993337377
2024-11-07 12:49:00-05:00,74.5,74.5199966430664,74.47000122070312,74.4800033569336,8794.0,-0.06707317197974794,-0.040250043545364544,-0.06708994178132865,-0.053667858205053154
2024-11-07 12:50:00-05:00,74.4800033569336,74.52999877929688,74.4800033569336,74.5199966430664,7594.0,-0.026841131632759918,0.013422083576264399,0.013431094489746442,0.053696676061032456
2024-11-07 12:51:00-05:00,74.5,74.51000213623047,74.48999786376953,74.5,4143.0,0.026848338030505126,-0.026830327913496266,0.013419047241503002,-0.026833929102532128
2024-11-07 12:52:00-05:00,74.48999786376953,74.5,74.37999725341797,74.41000366210938,35245.0,-0.01342568621539586,-0.013423883966856565,-0.1476716519078658,-0.12080045354446733
2024-11-07 12:53:00-05:00,74.4000015258789,74.44999694824219,74.37000274658203,74.43000030517578,18061.0,-0.12081667401201424,-0.0671181902789475,-0.013437089546919356,0.026873595057463895
2024-11-07 12:54:00-05:00,74.44999694824219,74.4800033569336,74.44999694824219,74.47000122070312,7575.0,0.06719814695956838,0.040304110035438434,0.10756245624023997,0.05374300062250814
2024-11-07 12:55:00-05:00,74.47000122070312,74.62999725341797,74.47000122070312,74.62999725341797,12357.0,0.02686940669029969,0.20138814409762507,0.02686940669029969,0.21484628721928356
2024-11-07 12:56:00-05:00,74.62000274658203,74.62000274658203,74.52999877929688,74.55500030517578,12943.0,0.20142543765286902,-0.013392077185803153,0.08056607709181485,-0.10049169369191757
2024-11-07 12:57:00-05:00,74.55000305175781,74.58999633789062,74.55000305175781,74.58999633789062,9148.0,-0.09380821796797223,-0.04021228569678348,0.02684056458952533,0.04693988675688043
2024-11-07 12:58:00-05:00,74.58090209960938,74.61949920654297,74.58000183105469,74.58999633789062,7801.0,0.04144741326181922,0.03955338530745589,0.04023980961616047,0.0
2024-11-07 12:59:00-05:00,74.5999984741211,74.63999938964844,74.5999984741211,74.63999938964844,12324.0,0.025604912214949316,0.027472957234309092,0.026812339200121826,0.06703720902638821
2024-11-07 13:00:00-05:00,74.625,74.66000366210938,74.61000061035156,74.62000274658203,12695.0,0.03351411044274499,0.02680100833938326,0.013407689591216077,-0.026790786749630868
2024-11-07 13:01:00-05:00,74.6050033569336,74.62000274658203,74.58000183105469,74.5999984741211,5274.0,-0.026796171613274744,-0.05357743579598173,-0.040207450812845824,-0.02680819046452232
2024-11-07 13:02:00-05:00,74.5999984741211,74.5999984741211,74.50499725341797,74.51000213623047,10368.0,-0.0067085082599005474,-0.02680819046452232,-0.10056928907916651,-0.1206385251091513
2024-11-07 13:03:00-05:00,74.5,74.51000213623047,74.44999694824219,74.44999694824219,13963.0,-0.13404621470036737,-0.1206385251091513,-0.07382096128224491,-0.08053306437781904
2024-11-07 13:04:00-05:00,74.45999908447266,74.45999908447266,74.38999938964844,74.4000015258789,9264.0,-0.05369250406355164,-0.06710918041096248,-0.0805877247187281,-0.06715302137357826
2024-11-07 13:05:00-05:00,74.38999938964844,74.43499755859375,74.37999725341797,74.38999938964844,6873.0,-0.0940097981263821,-0.03357712353788678,-0.013445538798939616,-0.013443731216844501
2024-11-07 13:06:00-05:00,74.38999938964844,74.4000015258789,74.36000061035156,74.38999938964844,7189.0,0.0,-0.04701556238689841,-0.026884436414098545,0.0
2024-11-07 13:07:00-05:00,74.3949966430664,74.4000015258789,74.36000061035156,74.37000274658203,18811.0,0.006717641428921617,0.0,0.0,-0.026880821656771747
2024-11-07 13:08:00-05:00,74.36000061035156,74.45999908447266,74.36000061035156,74.44000244140625,27785.0,-0.047040841849554926,0.08064187817642399,0.0,0.09412356089690821
2024-11-07 13:09:00-05:00,74.43099975585938,74.58999633789062,74.43000030517578,74.55000305175781,30238.0,0.0954802917227715,0.1745866975777055,0.09413622142233624,0.14777083119812406
2024-11-07 13:10:00-05:00,74.54199981689453,74.58000183105469,74.54000091552734,74.55069732666016,10203.0,0.14913149279096594,-0.013399259051660728,0.1477906891045766,0.0009312875572486945
2024-11-07 13:11:00-05:00,74.55999755859375,74.55999755859375,74.48999786376953,74.55999755859375,7265.0,0.024144430983108478,-0.026822569012874276,-0.06708217218092116,0.012475043516824158
2024-11-07 13:12:00-05:00,74.54000091552734,74.63999938964844,74.54000091552734,74.62000274658203,6419.0,-0.02681953288784511,0.10729859666616104,0.06712720256651927,0.08047906377830483
2024-11-07 13:13:00-05:00,74.5999984741211,74.6500015258789,74.5999984741211,74.62000274658203,9009.0,0.08049041837514537,0.01340050416969163,0.08049041837514537,0.0
2024-11-07 13:14:00-05:00,74.62999725341797,74.6500015258789,74.62000274658203,74.6500015258789,7034.0,0.04021284170305783,0.0,0.026815379182454357,0.040202061367855535
2024-11-07 13:15:00-05:00,74.66000366210938,74.66000366210938,74.62999725341797,74.63999938964844,15019.0,0.040206900436445814,0.013398708675183002,0.013393870903333216,-0.013398708675183002
2024-11-07 13:16:00-05:00,74.62999725341797,74.72000122070312,74.62000274658203,74.69999694824219,12421.0,-0.04019074098523534,0.08036104426847324,-0.013392077185803153,0.080382581838645
2024-11-07 13:17:00-05:00,74.70999908447266,74.70999908447266,74.66999816894531,74.68000030517578,6395.0,0.10719795524449793,-0.013386156406669514,0.06700002750343881,-0.02676926892013487
2024-11-07 13:18:00-05:00,74.66999816894531,74.66999816894531,74.6500015258789,74.6500015258789,4583.0,-0.05354158214099236,-0.05354158214099236,-0.026780023512473772,-0.04016976322213095
2024-11-07 13:19:00-05:00,74.65850067138672,74.69999694824219,74.63999938964844,74.6937026977539,10809.0,-0.015397747208434343,0.040175144010312636,-0.013398708675183002,0.0585414212749269
2024-11-07 13:20:00-05:00,74.70999908447266,74.7300033569336,74.68000030517578,74.7300033569336,8275.0,0.0689786328721187,0.040169223450159386,0.05359179508901413,0.04859935693184436
2024-11-07 13:21:00-05:00,74.73500061035156,74.73500061035156,74.66000366210938,74.66000366210938,7388.0,0.03346476533969689,0.006687077737832503,-0.02677643677649888,-0.09367013472471042
2024-11-07 13:22:00-05:00,74.66000366210938,74.69999694824219,74.66000366210938,74.69999694824219,7295.0,-0.10035050194647788,-0.046837039972580374,0.0,0.05356721694498301
2024-11-07 13:23:00-05:00,74.69000244140625,74.70999908447266,74.63999938964844,74.63999938964844,7758.0,0.04018052213423662,0.01338974115006053,-0.026793827323490227,-0.0803180201403797
2024-11-07 13:24:00-05:00,74.6449966430664,74.6500015258789,74.63999938964844,74.6500015258789,3972.0,-0.060256790559287676,-0.08030726720517078,0.0,0.01340050416969163
2024-11-07 13:25:00-05:00,74.6500015258789,74.66000366210938,74.63639831542969,74.66000366210938,7549.0,0.006704913976252058,0.013398708675183002,-0.004824590364682635,0.013398708675183002
2024-11-07 13:26:00-05:00,74.6500015258789,74.68000030517578,74.63999938964844,74.6500015258789,10552.0,0.0,0.026783608472480402,0.004824823142635104,-0.013396913661745113
2024-11-07 13:27:00-05:00,74.66999816894531,74.66999816894531,74.58999633789062,74.62000274658203,14345.0,0.026787197130162532,-0.01339332644563207,-0.06699229925870576,-0.040185905805345534
2024-11-07 13:28:00-05:00,74.62999725341797,74.70999908447266,74.62999725341797,74.69999694824219,6920.0,-0.0535702645081626,0.0535702645081626,0.05362772153270079,0.10720208887129434
2024-11-07 13:29:00-05:00,74.69000244140625,74.72000122070312,74.66500091552734,74.66500091552734,10535.0,0.08040357791321284,0.013387948538401417,0.04690293902935849,-0.04684877395523257
2024-11-07 13:30:00-05:00,74.66000366210938,74.66500091552734,74.62000274658203,74.6500015258789,16806.0,-0.04016438387508536,-0.07360854426825547,-0.06026674933845566,-0.020088916446148186
2024-11-07 13:31:00-05:00,74.66000366210938,74.66999816894531,74.62000274658203,74.66999816894531,20371.0,0.0,0.006692899426363752,0.0,0.026787197130162532
2024-11-07 13:32:00-05:00,74.6500015258789,74.66500091552734,74.6500015258789,74.65499877929688,4167.0,-0.013396913661745113,-0.006692451507317454,0.040202061367855535,-0.020087572005156318
2024-11-07 13:33:00-05:00,74.6500015258789,74.65499877929688,74.62000274658203,74.65499877929688,10794.0,0.0,-0.013396017019784434,-0.040185905805345534,0.0
2024-11-07 13:34:00-05:00,74.66000366210938,74.66000366210938,74.62000274658203,74.63500213623047,8634.0,0.013398708675183002,0.00670401566451595,0.0,-0.026785404049800565
2024-11-07 13:35:00-05:00,74.63999938964844,74.66000366210938,74.62000274658203,74.6500015258789,11685.0,-0.026793827323490227,0.0,0.0,0.02009699098159956
2024-11-07 13:36:00-05:00,74.66000366210938,74.66999816894531,74.62999725341797,74.62999725341797,8059.0,0.02680100833938326,0.013386694810746391,0.013393870903333216,-0.026797417350354902
2024-11-07 13:37:00-05:00,74.6449966430664,74.66999816894531,74.6449966430664,74.66500091552734,4415.0,-0.02010047991811703,0.0,0.020098338738372412,0.04690293902935849
2024-11-07 13:38:00-05:00,74.66000366210938,74.69999694824219,74.6449966430664,74.66999816894531,12237.0,0.020104521023323052,0.040175144010312636,0.0,0.006692899426363752
2024-11-07 13:39:00-05:00,74.66999816894531,74.71499633789062,74.66999816894531,74.69000244140625,11870.0,0.013386694810746391,0.020079505035086598,0.03349390716493872,0.026790240995699932
2024-11-07 13:40:00-05:00,74.69000244140625,74.70999908447266,74.6500015258789,74.6500015258789,26372.0,0.026790240995699932,-0.006688420883227408,-0.026780023512473772,-0.05355591674899296
2024-11-07 13:41:00-05:00,74.66000366210938,74.66999816894531,74.6500015258789,74.66999816894531,6941.0,-0.04016438387508536,-0.05354158214099236,0.0,0.026787197130162532
2024-11-07 13:42:00-05:00,74.66999816894531,74.66999816894531,74.63999938964844,74.6500015258789,7744.0,0.013386694810746391,0.0,-0.013398708675183002,-0.026780023512473772
2024-11-07 13:43:00-05:00,74.65499877929688,74.68000030517578,74.65499877929688,74.66500091552734,5681.0,-0.020087572005156318,0.013395120497849966,0.02009564545966125,0.020092952902661665
2024-11-07 13:44:00-05:00,74.66000366210938,74.68000030517578,74.66000366210938,74.68000030517578,5265.0,0.00670401566451595,0.0,0.00670401566451595,0.02008891644615929
2024-11-07 13:45:00-05:00,74.69999694824219,74.76000213623047,74.69999694824219,74.75,9062.0,0.05356721694498301,0.10712617933552604,0.05356721694498301,0.09373285288989397
2024-11-07 13:46:00-05:00,74.75,74.75,74.71499633789062,74.7300033569336,5496.0,0.06693849237029426,-0.013378994040480485,0.020079505035086598,-0.026751361961752096
2024-11-07 13:47:00-05:00,74.71499633789062,74.7300033569336,74.69000244140625,74.71499633789062,8860.0,-0.04682764161789699,-0.026751361961752096,-0.03345231574575225,-0.020081651771497455
2024-11-07 13:48:00-05:00,74.72000122070312,74.72000122070312,74.66999816894531,74.67500305175781,8655.0,0.006698632212831512,-0.013384364754664979,-0.026783065747826296,-0.05352778972503858
2024-11-07 13:49:00-05:00,74.6676025390625,74.69090270996094,74.6676025390625,74.69090270996094,6022.0,-0.07012671411212867,-0.03894340239133376,-0.003208289730227687,0.021291807905399196
2024-11-07 13:50:00-05:00,74.69999694824219,74.77999877929688,74.69999694824219,74.7699966430664,9320.0,0.04338482565144908,0.11928637371263484,0.04338482565144908,0.10589500225028914
2024-11-07 13:51:00-05:00,74.73500061035156,74.7699966430664,74.73500061035156,74.76000213623047,4883.0,0.04685898733520766,-0.013375416413130559,0.04685898733520766,-0.013367001851893878
2024-11-07 13:52:00-05:00,74.7699966430664,74.81999969482422,74.7699966430664,74.80000305175781,8167.0,0.04682683137624544,0.06687582453228647,0.04682683137624544,0.053505770979578315
2024-11-07 13:53:00-05:00,74.79000091552734,74.79000091552734,74.69000244140625,74.69000244140625,7805.0,0.026754411340190742,-0.04009459959801731,-0.10698703390616959,-0.14705963350756246
2024-11-07 13:54:00-05:00,74.68000030517578,74.68000030517578,74.63999938964844,74.63999938964844,7545.0,-0.14707930071534703,-0.14707930071534703,-0.06694744962291166,-0.06694744962291166
2024-11-07 13:55:00-05:00,74.63999938964844,74.63999938964844,74.55000305175781,74.55000305175781,9027.0,-0.05356308966776302,-0.05356308966776302,-0.12057387275796749,-0.12057387275796749
2024-11-07 13:56:00-05:00,74.53500366210938,74.55979919433594,74.52999877929688,74.54499816894531,5851.0,-0.14066951821762874,-0.10744935151167923,-0.026833362363576363,-0.006713457555496127
2024-11-07 13:57:00-05:00,74.55000305175781,74.55000305175781,74.50499725341797,74.5199966430664,10688.0,0.02012395372841258,-0.013138638628296118,-0.03354558739889768,-0.0335388376054957
2024-11-07 13:58:00-05:00,74.5199966430664,74.55000305175781,74.51499938964844,74.51499938964844,9004.0,-0.040250043545364544,0.0,0.01342478571799699,-0.006705922763128314
2024-11-07 13:59:00-05:00,74.53500366210938,74.55999755859375,74.5199966430664,74.55000305175781,10476.0,0.020138244389422688,0.013406447252584108,0.006706372487275125,0.04697532362085699
2024-11-07 14:00:00-05:00,74.55000305175781,74.70999908447266,74.4800033569336,74.48999786376953,33077.0,0.02012395372841258,0.20118231060968217,-0.053667858205053154,-0.08048985316153612
2024-11-07 14:01:00-05:00,74.49500274658203,74.58000183105469,74.4800033569336,74.55000305175781,12758.0,-0.07377639560603999,-0.174002482948743,0.0,0.08055469151444505
2024-11-07 14:02:00-05:00,74.58000183105469,74.58999633789062,74.51000213623047,74.55000305175781,13606.0,0.1141003843731836,0.01340105469369579,0.040277628819529454,0.0
2024-11-07 14:03:00-05:00,74.55000305175781,74.55000305175781,74.47000122070312,74.5,8544.0,-0.040223623706570066,-0.0536174930906852,-0.05368529644410591,-0.06707317197974794
2024-11-07 14:04:00-05:00,74.4800033569336,74.51000213623047,74.4800033569336,74.49009704589844,8411.0,-0.09389630041413133,-0.053656490797959755,0.013431094489746442,-0.013292555841026843
2024-11-07 14:05:00-05:00,74.51000213623047,74.52999877929688,74.47000122070312,74.4800033569336,11436.0,0.040277628819529454,0.026837528510403885,-0.013429290789013226,-0.013550376983162415
2024-11-07 14:06:00-05:00,74.4800033569336,74.5,74.41000366210938,74.5,10182.0,-0.04026141247724935,-0.04025061020825893,-0.08056607709181485,0.026848338030505126
2024-11-07 14:07:00-05:00,74.47000122070312,74.48500061035156,74.44000244140625,74.44499969482422,5355.0,-0.013429290789013226,-0.020133408924072338,0.040315519178180104,-0.07382591298762398
2024-11-07 14:08:00-05:00,74.44000244140625,74.44999694824219,74.41000366210938,74.41999816894531,10890.0,-0.040283038545907424,-0.046994242897957506,-0.04029927231731234,-0.03358388875196461
2024-11-07 14:09:00-05:00,74.41999816894531,74.44999694824219,74.41999816894531,74.44000244140625,9156.0,-0.026873014246187044,0.0,0.01343167093676989,0.02688023777630555
2024-11-07 14:10:00-05:00,74.43499755859375,74.44999694824219,74.37000274658203,74.37000274658203,15630.0,0.02015505242876081,0.0,-0.06718009082691268,-0.09403505175771265
2024-11-07 14:11:00-05:00,74.33999633789062,74.41000366210938,74.33999633789062,74.41000366210938,10822.0,-0.1276297760718581,-0.05371831802842841,-0.0403474621261668,0.053786357469487456
2024-11-07 14:12:00-05:00,74.4000015258789,74.47000122070312,74.4000015258789,74.47000122070312,11937.0,0.08071723290856703,0.080631038356338,0.08071723290856703,0.080631038356338
2024-11-07 14:13:00-05:00,74.4800033569336,74.48999786376953,74.45999908447266,74.4800033569336,8184.0,0.10752934061011299,0.02685194405616098,0.08064187817642399,0.013431094489746442
2024-11-07 14:14:00-05:00,74.4800033569336,74.4800033569336,74.4000015258789,74.4000015258789,8136.0,0.0,-0.01341724677481615,-0.0805768994513234,-0.10741383921707426
2024-11-07 14:15:00-05:00,74.43000030517578,74.44000244140625,74.41999816894531,74.42500305175781,3907.0,-0.0671362103975448,-0.05370691960853158,0.02687720787135639,0.0336042007609505
2024-11-07 14:16:00-05:00,74.41999816894531,74.43000030517578,74.41000366210938,74.41999816894531,5483.0,-0.013438312762947824,-0.01343650712308797,-0.013429867081227176,-0.006724733096774571
2024-11-07 14:17:00-05:00,74.42500305175781,74.4800033569336,74.42500305175781,74.4800033569336,9541.0,0.006725185347544738,0.06718131338545597,0.02015775958907895,0.08063046152200215
2024-11-07 14:18:00-05:00,74.48999786376953,74.48999786376953,74.41000366210938,74.41000366210938,7063.0,0.08732927020038694,0.013419047241503002,-0.020153697055280695,-0.09398454842806103
2024-11-07 14:19:00-05:00,74.40019989013672,74.41000366210938,74.36000061035156,74.36000061035156,6203.0,-0.12055037751114162,-0.10738918506408845,-0.06719936741956811,-0.06719936741956811
2024-11-07 14:20:00-05:00,74.37000274658203,74.37000274658203,74.31999969482422,74.31999969482422,4452.0,-0.04058744949513304,-0.053757443298863006,-0.05379359225257119,-0.05379359225257119
2024-11-07 14:21:00-05:00,74.33000183105469,74.33999633789062,74.31999969482422,74.33000183105469,7951.0,-0.053786357469487456,-0.0403474621261668,0.0,0.013458202733507285
2024-11-07 14:22:00-05:00,74.33999633789062,74.33999633789062,74.2699966430664,74.27999877929688,12216.0,0.013446127525540419,0.0,-0.06728074806665596,-0.06727169450562176
2024-11-07 14:23:00-05:00,74.27999877929688,74.33999633789062,74.27999877929688,74.33999633789062,9390.0,-0.08070697006904437,0.0,0.013467263609201474,0.08077215883108835
2024-11-07 14:24:00-05:00,74.31999969482422,74.37000274658203,74.31999969482422,74.37000274658203,7207.0,0.05385152959707096,0.040363747874061495,0.05385152959707096,0.040363747874061495
2024-11-07 14:25:00-05:00,74.37000274658203,74.41999816894531,74.3550033569336,74.4000015258789,8711.0,0.06728074806665596,0.06722525281279701,0.047098576766835265,0.040337203427420754
2024-11-07 14:26:00-05:00,74.41500091552734,74.41999816894531,74.34500122070312,74.37000274658203,8311.0,0.06050580514114223,0.0,-0.013451867095548575,-0.04032093908821199
2024-11-07 14:27:00-05:00,74.37999725341797,74.38999938964844,74.37000274658203,74.37000274658203,4317.0,-0.04703844880564745,-0.040310104857532725,0.03362906109138919,0.0
2024-11-07 14:28:00-05:00,74.37000274658203,74.38999938964844,74.3499984741211,74.3499984741211,6333.0,-0.013437089546919356,0.0,-0.0268983080841112,-0.0268983080841112
2024-11-07 14:29:00-05:00,74.3499984741211,74.37999725341797,74.33999633789062,74.37000274658203,8208.0,-0.0268983080841112,-0.013445538798939616,-0.01345277261027844,0.02690554522055688
2024-11-07 14:30:00-05:00,74.375,74.44000244140625,74.37000274658203,74.41000366210938,7913.0,0.03362680079623814,0.0806738238828375,0.040363747874061495,0.053786357469487456
2024-11-07 14:31:00-05:00,74.4000015258789,74.45999908447266,74.4000015258789,74.44999694824219,6759.0,0.03361549698004396,0.026862765194213267,0.040337203427420754,0.053747190114949994
2024-11-07 14:32:00-05:00,74.44999694824219,74.54499816894531,74.44999694824219,74.54499816894531,20532.0,0.06719814695956838,0.11415402298922128,0.06719814695956838,0.12760406258871537
2024-11-07 14:33:00-05:00,74.55000305175781,74.55000305175781,74.5199966430664,74.52999877929688,10814.0,0.13432653809932749,0.006713908290878479,0.09402242806386685,-0.02012125564003764
2024-11-07 14:34:00-05:00,74.52999877929688,74.52999877929688,74.4800033569336,74.4800033569336,5237.0,-0.026833362363576363,-0.026833362363576363,-0.053667858205053154,-0.0670809381217552
2024-11-07 14:35:00-05:00,74.48999786376953,74.48999786376953,74.43000030517578,74.48999786376953,16497.0,-0.053670892503021594,-0.053670892503021594,-0.0671362103975448,0.013419047241503002
2024-11-07 14:36:00-05:00,74.47000122070312,74.52999877929688,74.47000122070312,74.48500061035156,10083.0,-0.02684473572274193,0.05369971361859349,0.05374300062250814,-0.006708623387408075
2024-11-07 14:37:00-05:00,74.48999786376953,74.51000213623047,74.44999694824219,74.51000213623047,10614.0,0.02685194405616098,-0.026830327913496266,-0.026862188979492885,0.033565853089934095
2024-11-07 14:38:00-05:00,74.5199966430664,74.54000091552734,74.48999786376953,74.54000091552734,8988.0,0.04027222467066771,0.040261412477238245,0.0537285657045139,0.040261412477238245
2024-11-07 14:39:00-05:00,74.52999877929688,74.55999755859375,74.48999786376953,74.48999786376953,10402.0,0.013422083576264399,0.026826727690898444,0.0,-0.06708217218092116
2024-11-07 14:40:00-05:00,74.4749984741211,74.4749984741211,74.37999725341797,74.4000015258789,16364.0,-0.07379619760715661,-0.11400092174876919,-0.1476716519078658,-0.12081667401201424
2024-11-07 14:41:00-05:00,74.4000015258789,74.4000015258789,74.33999633789062,74.37000274658203,21984.0,-0.10070083891071668,-0.10070083891071668,-0.053779130148468024,-0.04032093908821199
2024-11-07 14:42:00-05:00,74.37000274658203,74.37000274658203,74.25499725341797,74.30999755859375,9843.0,-0.04032093908821199,-0.04032093908821199,-0.1143382952109917,-0.08068466555359866
2024-11-07 14:43:00-05:00,74.30999755859375,74.36000061035156,74.29000091552734,74.36000061035156,15613.0,-0.08068466555359866,-0.0134491540420556,0.04713980661787964,0.06728980406489615
2024-11-07 14:44:00-05:00,74.37000274658203,74.41000366210938,74.33999633789062,74.33999633789062,8373.0,0.08074981827441707,0.06724455533537732,0.06729764671846716,-0.026901926165601164
2024-11-07 14:45:00-05:00,74.33000183105469,74.33499908447266,74.27999877929688,74.27999877929688,12970.0,-0.053786357469487456,-0.10079905112935217,-0.08070697006904437,-0.08070697006904437
2024-11-07 14:46:00-05:00,74.29000091552734,74.32499694824219,74.26000213623047,74.30999755859375,14771.0,-0.053815302760606976,-0.01345548712404776,-0.02692062923401739,0.040386079415544174
2024-11-07 14:47:00-05:00,74.30999755859375,74.32499694824219,74.26000213623047,74.31999969482422,10855.0,0.02691700473815839,0.0,0.0,0.013460014209498716
2024-11-07 14:48:00-05:00,74.33000183105469,74.40499877929688,74.31999969482422,74.40499877929688,9664.0,0.026920028418997433,0.10763785313088192,0.08079390905979533,0.11436905923261076
2024-11-07 14:49:00-05:00,74.38999938964844,74.5199966430664,74.38999938964844,74.4800033569336,16298.0,0.08071782203116218,0.1545566368607032,0.09418688793279006,0.10080583141893751
2024-11-07 14:50:00-05:00,74.4800033569336,74.5199966430664,74.4800033569336,74.4800033569336,11299.0,0.12098933730826378,0.0,0.12098933730826378,0.0
2024-11-07 14:51:00-05:00,74.45059967041016,74.52999877929688,74.45059967041016,74.51000213623047,9077.0,-0.03947863211354319,0.013422083576264399,-0.03947863211354319,0.040277628819529454
2024-11-07 14:52:00-05:00,74.5,74.51000213623047,74.45999908447266,74.47000122070312,7537.0,0.06635316546614867,-0.026830327913496266,0.0126250347265211,-0.05368529644410591
2024-11-07 14:53:00-05:00,74.45999908447266,74.47000122070312,74.41999816894531,74.43000030517578,12843.0,-0.05369250406355164,-0.05368529644410591,-0.053721348400725955,-0.053714133035653866
2024-11-07 14:54:00-05:00,74.44000244140625,74.44000244140625,74.38999938964844,74.4000015258789,7738.0,-0.026855551050597448,-0.040283038545907424,-0.040310104857532725,-0.04030468785956032
2024-11-07 14:55:00-05:00,74.41999816894531,74.48999786376953,74.41999816894531,74.4800033569336,17991.0,-0.026873014246187044,0.06716203751153671,0.040326360455722465,0.10752934061011299
2024-11-07 14:56:00-05:00,74.4800033569336,74.48999786376953,74.47000122070312,74.48999786376953,8093.0,0.08063046152200215,0.0,0.06719034263384938,0.013419047241503002
2024-11-07 14:57:00-05:00,74.48999786376953,74.5,74.47000122070312,74.47000122070312,9977.0,0.013419047241503002,0.01342748894792578,0.0,-0.02684473572274193
2024-11-07 14:58:00-05:00,74.4800033569336,74.54000091552734,74.45999908447266,74.54000091552734,10989.0,-0.01341724677481615,0.05369250406355164,-0.013431094489746442,0.09399717158156129
2024-11-07 14:59:00-05:00,74.52999877929688,74.58000183105469,74.5199966430664,74.57499694824219,7383.0,0.06712596685003458,0.05366369068424692,0.0805768994513123,0.046949332284684786
2024-11-07 15:00:00-05:00,74.56999969482422,74.56999969482422,74.43499755859375,74.43499755859375,8527.0,0.0536708925030327,-0.013411284506437138,-0.11406211527327237,-0.1877296619208768
2024-11-07 15:01:00-05:00,74.45919799804688,74.45919799804688,74.4113998413086,74.42500305175781,11978.0,-0.14858749796271553,-0.14858749796271553,-0.03170244919613596,-0.013427160829915241
2024-11-07 15:02:00-05:00,74.43000030517578,74.44000244140625,74.41000366210938,74.41999816894531,8795.0,-0.03921301015337164,-0.02577996695737328,-0.0018762974519970221,-0.006724733096774571
2024-11-07 15:03:00-05:00,74.43000030517578,74.45999908447266,74.38999938964844,74.43000030517578,15628.0,0.0,0.026862765194213267,-0.02688384824139911,0.013440118888152774
2024-11-07 15:04:00-05:00,74.44000244140625,74.45999908447266,74.41500091552734,74.43000030517578,9680.0,0.013438312762947824,0.0,0.03360871902680085,0.0
2024-11-07 15:05:00-05:00,74.43000030517578,74.43499755859375,74.38999938964844,74.43000030517578,7352.0,-0.01343650712308797,-0.03357712353788678,-0.033597427361842236,0.0
2024-11-07 15:06:00-05:00,74.42500305175781,74.53500366210938,74.41999816894531,74.5,15096.0,-0.006714031166843437,0.13435360622791048,0.040326360455722465,0.09404768848206846
2024-11-07 15:07:00-05:00,74.52999877929688,74.53119659423828,74.4800033569336,74.53119659423828,15760.0,0.14107587938698707,-0.005107758347144831,0.08063046152200215,0.04187462313862689
2024-11-07 15:08:00-05:00,74.54000091552734,74.55000305175781,74.4800033569336,74.5,17948.0,0.013420282294762664,0.025233000916280446,0.0,-0.041857095637576336
2024-11-07 15:09:00-05:00,74.48999786376953,74.5,74.43000030517578,74.43000030517578,9656.0,-0.06708217218092116,-0.06707317197974794,-0.0671362103975448,-0.09395932191170742
2024-11-07 15:10:00-05:00,74.44000244140625,74.5199966430664,74.44000244140625,74.5199966430664,9225.0,-0.06711696039340964,0.026841131632759918,0.013438312762947824,0.12091406357870316
2024-11-07 15:11:00-05:00,74.5145034790039,74.54000091552734,74.51000213623047,74.54000091552734,13063.0,0.10008199241571258,0.026844167152551,0.09403505175771265,0.026844167152551
2024-11-07 15:12:00-05:00,74.54000091552734,74.55999755859375,74.51000213623047,74.52999877929688,10473.0,0.03421808551757888,0.026826727690898444,0.0,-0.01341848149667424
2024-11-07 15:13:00-05:00,74.5199966430664,74.55999755859375,74.5199966430664,74.55999755859375,13634.0,-0.026836962993337377,0.0,0.01341364454354732,0.04025061020827003
2024-11-07 15:14:00-05:00,74.55999755859375,74.5999984741211,74.55999755859375,74.59500122070312,13406.0,0.05367809625507203,0.05364929833306942,0.05367809625507203,0.046946973250450164
2024-11-07 15:15:00-05:00,74.58999633789062,74.5999984741211,74.54499816894531,74.55999755859375,10030.0,0.04023441561045171,0.0,-0.020117207805225856,-0.046924943409831776
2024-11-07 15:16:00-05:00,74.58999633789062,74.5999984741211,74.48999786376953,74.5,30129.0,0.0,0.0,-0.07378134888558208,-0.08046883122092563
2024-11-07 15:17:00-05:00,74.5,74.5,74.43689727783203,74.47000122070312,21007.0,-0.12065470211708451,-0.13404621470036737,-0.07128552484940709,-0.04026681784815578
2024-11-07 15:18:00-05:00,74.4800033569336,74.48999786376953,74.47000122070312,74.47000122070312,10485.0,-0.026841131632759918,-0.01342568621539586,0.04447249157568667,0.0
2024-11-07 15:19:00-05:00,74.45999908447266,74.48500061035156,74.44000244140625,74.44000244140625,12505.0,-0.026858581578026453,-0.006708623387408075,-0.040283038545907424,-0.040283038545907424
2024-11-07 15:20:00-05:00,74.44999694824219,74.5,74.41999816894531,74.5,15087.0,-0.013432898675058702,0.020137463281910684,-0.026873014246187044,0.08059854463462468
2024-11-07 15:21:00-05:00,74.51000213623047,74.55500030517578,74.5,74.5,13858.0,0.08059797239481359,0.07382591298763508,0.107500447491371,0.0
2024-11-07 15:22:00-05:00,74.50499725341797,74.51000213623047,74.44999694824219,74.44999694824219,15592.0,-0.006717061695082904,-0.06035566864881492,-0.0671181902789475,-0.0671181902789475
2024-11-07 15:23:00-05:00,74.44000244140625,74.45500183105469,74.41390228271484,74.44999694824219,14284.0,-0.08723550688908288,-0.07381600268272503,-0.04848175554988954,0.0
2024-11-07 15:24:00-05:00,74.45999908447266,74.5,74.45999908447266,74.5,13649.0,0.026862765194213267,0.060436730694624075,0.06194649164168453,0.06716326904965264
2024-11-07 15:25:00-05:00,74.49500274658203,74.49500274658203,74.41999816894531,74.43000030517578,15647.0,0.04701002221294548,-0.00670772270868758,-0.053721348400725955,-0.09395932191170742
2024-11-07 15:26:00-05:00,74.44000244140625,74.44999694824219,74.41999816894531,74.44000244140625,13704.0,-0.0738308653573494,-0.060414520008733597,0.0,0.013438312762947824
2024-11-07 15:27:00-05:00,74.41999816894531,74.44000244140625,74.38500213623047,74.38500213623047,11248.0,-0.026873014246187044,-0.013424455669064361,-0.04702503839814076,-0.07388541559906203
2024-11-07 15:28:00-05:00,74.38999938964844,74.43000030517578,74.37999725341797,74.41999816894531,13377.0,-0.040310104857532725,-0.01343650712308797,-0.006728349356410757,0.047047162344293625
2024-11-07 15:29:00-05:00,74.41000366210938,74.41999816894531,74.36000061035156,74.36000061035156,10426.0,0.02689107759787923,-0.013438312762947824,-0.026884436414098545,-0.08062020971506545
2024-11-07 15:30:00-05:00,74.3499984741211,74.47000122070312,74.33999633789062,74.45999908447266,15980.0,-0.08064129154026212,0.06719034263384938,-0.026901926165601164,0.1344788505921235
2024-11-07 15:31:00-05:00,74.45999908447266,74.45999908447266,74.37000274658203,74.41000366210938,20882.0,0.1479497143363817,-0.013431094489746442,0.040363747874061495,-0.0671440007762647
2024-11-07 15:32:00-05:00,74.3949966430664,74.41999816894531,74.3949966430664,74.41000366210938,13793.0,-0.08729847193861273,-0.053721348400725955,0.03360749705703103,0.0
2024-11-07 15:33:00-05:00,74.4000015258789,74.4000015258789,74.3499984741211,74.36000061035156,21838.0,0.006727445444365543,-0.02686998596937995,-0.06048547748608302,-0.06719936741956811
2024-11-07 15:34:00-05:00,74.3499984741211,74.37999725341797,74.31999969482422,74.37999725341797,12306.0,-0.067208401521901,-0.026887462433689002,-0.04034805637194161,0.026891666086981125
2024-11-07 15:35:00-05:00,74.375,74.40499877929688,74.37000274658203,74.37999725341797,14931.0,0.03362680079623814,0.03361323850783471,0.06728074806665596,0.0
2024-11-07 15:36:00-05:00,74.38999938964844,74.38999938964844,74.29000091552734,74.29499816894531,15401.0,0.020167246586133558,-0.02015911550906635,-0.10757271493897491,-0.11427680507040128
2024-11-07 15:37:00-05:00,74.30000305175781,74.30000305175781,74.20999908447266,74.2300033569336,16900.0,-0.12097908136714519,-0.12097908136714519,-0.10768855844497383,-0.08748208306557093
2024-11-07 15:38:00-05:00,74.21499633789062,74.27999877929688,74.21499633789062,74.23999786376953,19970.0,-0.11441010817720976,-0.026923649581822584,0.006733935425984328,0.013464241390215292
2024-11-07 15:39:00-05:00,74.23500061035156,74.25,74.22000122070312,74.23500061035156,14164.0,0.02695448824097113,-0.040386079415544174,0.0067437621228405575,-0.006731214388155937
2024-11-07 15:40:00-05:00,74.22000122070312,74.31999969482422,74.22000122070312,74.31999969482422,18272.0,-0.0202052798883523,0.09427568326494384,0.0,0.11450001181896319
2024-11-07 15:41:00-05:00,74.31999969482422,74.33999633789062,74.30000305175781,74.31500244140625,19375.0,0.1347325147890155,0.026906139866134104,0.10779012360400131,-0.006723968566324512
2024-11-07 15:42:00-05:00,74.31500244140625,74.33499908447266,74.30000305175781,74.33499908447266,24741.0,-0.006723968566324512,-0.006722159892580404,0.0,0.026907949148191612
2024-11-07 15:43:00-05:00,74.33499908447266,74.36000061035156,74.32499694824219,74.3499984741211,24026.0,0.026907949148191612,0.03363358604537847,0.03363915943175311,0.020178098921341814
2024-11-07 15:44:00-05:00,74.34500122070312,74.3499984741211,74.32209777832031,74.33000183105469,14899.0,0.013455487124036658,-0.013450963082806133,-0.003900666048994861,-0.02689528376166317
2024-11-07 15:45:00-05:00,74.32499694824219,74.33999633789062,74.29499816894531,74.33999633789062,22608.0,-0.0269073537325637,-0.01345277261027844,-0.03646238492329701,0.013446127525540419
2024-11-07 15:46:00-05:00,74.33999633789062,74.36000061035156,74.29000091552734,74.33000183105469,28286.0,0.020180814348202958,0.02690916524936693,-0.006726231295683949,-0.013444319785149705
2024-11-07 15:47:00-05:00,74.33999633789062,74.33999633789062,74.30000305175781,74.33999633789062,14500.0,0.0,-0.026901926165601164,0.013463637242172588,0.013446127525540419
2024-11-07 15:48:00-05:00,74.33499908447266,74.40499877929688,74.33499908447266,74.4000015258789,32372.0,-0.006722159892580404,0.08743939280115853,0.04710098422266995,0.08071723290856703
2024-11-07 15:49:00-05:00,74.3949966430664,74.3949966430664,74.33499908447266,74.36000061035156,26240.0,0.08071239568534505,-0.013442828297249854,0.0,-0.053764670305056494
2024-11-07 15:50:00-05:00,74.36000061035156,74.45999908447266,74.33999633789062,74.43499755859375,54832.0,-0.047040841849554926,0.0873747487591503,0.006722611797282951,0.10085657292442374
2024-11-07 15:51:00-05:00,74.43499755859375,74.4800033569336,74.43499755859375,74.45999908447266,46992.0,0.10085657292442374,0.026865797350117404,0.12779287783566406,0.03358840155698317
2024-11-07 15:52:00-05:00,74.45500183105469,74.45500183105469,74.37999725341797,74.41999816894531,47813.0,0.026874821142008898,-0.03356810519877795,-0.07389038352890731,-0.053721348400725955
2024-11-07 15:53:00-05:00,74.41000366210938,74.41000366210938,74.34500122070312,74.36900329589844,57877.0,-0.060436730694624075,-0.060436730694624075,-0.04705032805474296,-0.06852307753503206
2024-11-07 15:54:00-05:00,74.36499786376953,74.5199966430664,74.33999633789062,74.45999908447266,139068.0,-0.060483531951172065,0.147820152591982,-0.006731969507467461,0.12235714416148902
2024-11-07 15:55:00-05:00,74.45999908447266,74.55999755859375,74.33999633789062,74.33999633789062,67742.0,0.12774991384678636,0.05367809625507203,0.0,-0.16116404520216676
2024-11-07 15:56:00-05:00,74.3489990234375,74.37999725341797,74.33000183105469,74.3550033569336,75811.0,-0.14907341176465527,-0.24141672622015609,-0.013444319785149705,0.020187005356797627
2024-11-07 15:57:00-05:00,74.3550033569336,74.35769653320312,74.26000213623047,74.29000091552734,79848.0,0.008075876709789931,-0.029982147134077763,-0.09417421377618806,-0.0874217449688075
2024-11-07 15:58:00-05:00,74.27999877929688,74.30500030517578,74.26000213623047,74.28500366210938,88160.0,-0.10087361206436718,-0.07086855898476019,0.0,-0.006726683747992901
2024-11-07 15:59:00-05:00,74.28500366210938,74.33000183105469,74.25,74.33000183105469,181765.0,0.00673786065528148,0.033647164761752,-0.013469076141581215,0.060575037661703135
2024-11-08 09:30:00-05:00,73.23500061035156,73.26000213623047,72.80999755859375,72.9000015258789,81641.0,-1.4134791680617376,-1.439525990132795,-1.939397227483164,-1.923853450758739
2024-11-08 09:31:00-05:00,73.0,73.26000213623047,73.0,73.26000213623047,18726.0,-0.3208856535714233,0.0,0.26095652764352995,0.4938279874023843
2024-11-08 09:32:00-05:00,73.36000061035156,73.52999877929688,73.30000305175781,73.31500244140625,11941.0,0.4931515210295334,0.3685457755847832,0.41096308459973585,0.07507548945127063
2024-11-08 09:33:00-05:00,73.22000122070312,73.48999786376953,73.22000122070312,73.45500183105469,13292.0,-0.1908388610736722,-0.054400810813837186,-0.10914301190164677,0.19095599125202867
2024-11-08 09:34:00-05:00,73.26000213623047,73.33319854736328,73.1050033569336,73.11750030517578,18967.0,0.05463113201373826,-0.21336143824213227,-0.1570579921501225,-0.4594670444024396
2024-11-08 09:35:00-05:00,73.0,73.09870147705078,72.87000274658203,72.91999816894531,10653.0,-0.35490326050903187,-0.3197693199772922,-0.32145626094041146,-0.270116094513817
2024-11-08 09:36:00-05:00,72.83499908447266,73.05000305175781,72.80000305175781,72.91000366210938,15410.0,-0.22602865140731732,-0.06662009626567933,-0.09606105693127365,-0.01370612601055976
2024-11-08 09:37:00-05:00,72.91000366210938,72.91000366210938,72.74500274658203,72.74500274658203,13959.0,0.10297875826115188,-0.19164871156712726,-0.07554986657991591,-0.22630764948526894
2024-11-08 09:38:00-05:00,72.75,72.75,72.54000091552734,72.62999725341797,9664.0,-0.21945364706177362,-0.21945364706177362,-0.28180881615860187,-0.1580940117147267
2024-11-08 09:39:00-05:00,72.66999816894531,72.72000122070312,72.41999816894531,72.41999816894531,6957.0,-0.10996815265249538,-0.04123543545961894,-0.16542975608970778,-0.28913547076139245
2024-11-08 09:40:00-05:00,72.47000122070312,72.69000244140625,72.47000122070312,72.6449966430664,11178.0,-0.27521254063778144,-0.04125244608540468,0.06904591690428674,0.31068555621363014
2024-11-08 09:41:00-05:00,72.68000030517578,72.68000030517578,72.55000305175781,72.58999633789062,8948.0,0.289773811143057,-0.01375998884927121,0.11039303119513288,-0.07571107126072008
2024-11-08 09:42:00-05:00,72.59500122070312,72.61499786376953,72.4749984741211,72.4791030883789,12182.0,-0.1169497580018608,-0.08943649027698397,-0.10338328667361951,-0.15276657267695448
2024-11-08 09:43:00-05:00,72.44499969482422,72.61000061035156,72.43499755859375,72.55000305175781,10252.0,-0.2066278991068149,-0.006881847503936722,-0.05519270971993118,0.09782124827406591
2024-11-08 09:44:00-05:00,72.57499694824219,72.68679809570312,72.55000305175781,72.56500244140625,8606.0,0.17944268612821723,0.10576709090484027,0.15877061785090074,0.02067455412473329
2024-11-08 09:45:00-05:00,72.55999755859375,72.62000274658203,72.50499725341797,72.62000274658203,11576.0,-0.020667434073928792,-0.09189474687432142,-0.062034178424130726,0.07579453362547284
2024-11-08 09:46:00-05:00,72.66000366210938,72.76000213623047,72.66000366210938,72.7300033569336,6341.0,0.13782539537003924,0.19278350916205333,0.21378720717639688,0.15147425804351577
2024-11-08 09:48:00-05:00,72.7300033569336,72.79000091552734,72.68000030517578,72.78500366210938,69148.0,0.09633868881941954,0.04122976692704228,0.02752083960715357,0.07562258027935531
2024-11-08 09:49:00-05:00,72.7699966430664,72.87999725341797,72.7699966430664,72.86000061035156,12653.0,0.05498870381805965,0.12363832498789584,0.12382545062292749,0.1030390114292512
2024-11-08 09:50:00-05:00,72.8499984741211,72.8499984741211,72.72000122070312,72.75,8331.0,0.10993793423832443,-0.041161883133122856,-0.06870334570511227,-0.1509753080292109
2024-11-08 09:53:00-05:00,72.63999938964844,72.69000244140625,72.5999984741211,72.6050033569336,27859.0,-0.2882623045589394,-0.21962393420184023,-0.16502027580805878,-0.19930810043492508
2024-11-08 09:54:00-05:00,72.61000061035156,72.6500015258789,72.5,72.5,9991.0,-0.04129787933498941,-0.0550294596008416,-0.13773894796532682,-0.1446227561169411
2024-11-08 09:55:00-05:00,72.49500274658203,72.66000366210938,72.47000122070312,72.65499877929688,7124.0,-0.15837744498398143,0.013767565065925247,-0.041377626616379004,0.21379141971982207
2024-11-08 09:56:00-05:00,72.62999725341797,72.7300033569336,72.62999725341797,72.66999816894531,8485.0,0.18621215493683785,0.09633868881941954,0.22077553473138778,0.020644676760639413
2024-11-08 09:57:00-05:00,72.66999816894531,72.73999786376953,72.5999984741211,72.73999786376953,9652.0,0.055074923640408,0.013741930942701153,-0.04130356661339318,0.09632543909177116
2024-11-08 09:58:00-05:00,72.62999725341797,72.63999938964844,72.62000274658203,72.63999938964844,3663.0,-0.055044607864651596,-0.13747384803114437,0.027554094877935142,-0.13747384803114437
2024-11-08 09:59:00-05:00,72.62999725341797,72.62999725341797,72.55000305175781,72.56999969482422,5396.0,0.0,-0.013769460785395538,-0.09639175458102667,-0.09636521945537435
2024-11-08 10:00:00-05:00,72.5199966430664,72.62999725341797,72.4800033569336,72.56999969482422,20253.0,-0.15145341389419809,0.0,-0.09648475793210265,0.0
2024-11-08 10:01:00-05:00,72.54000091552734,72.54499816894531,72.31500244140625,72.31500244140625,15638.0,0.027584491708387837,-0.11703027356049223,-0.2276502592236107,-0.3513810865237721
2024-11-08 10:02:00-05:00,72.30000305175781,72.33999633789062,72.19770050048828,72.2218017578125,30756.0,-0.33084899467951123,-0.2825857553642397,-0.16220968949425263,-0.12888153280402603
2024-11-08 10:03:00-05:00,72.2300033569336,72.2699966430664,72.20059967041016,72.22000122070312,12778.0,-0.09681838432856749,-0.09676485812531999,0.004015598698825507,-0.002493065896380653
2024-11-08 10:04:00-05:00,72.20999908447266,72.21499633789062,72.0999984741211,72.12999725341797,28703.0,-0.027695239555902695,-0.0761039265677832,-0.13933567968729133,-0.12462471027950839
2024-11-08 10:05:00-05:00,72.12999725341797,72.19999694824219,72.11000061035156,72.16000366210938,22039.0,-0.11079051664452111,-0.02077046376662839,0.01387258868537078,0.04160045727712447
2024-11-08 10:06:00-05:00,72.08000183105469,72.18000030517578,72.08000183105469,72.13500213623047,8161.0,-0.06931294089423945,-0.02769618270308527,-0.04160141317842703,-0.034647345634819526
2024-11-08 10:07:00-05:00,72.13500213623047,72.26249694824219,72.13500213623047,72.25,11940.0,0.07630452799474163,0.11429293809588348,0.07630452799474163,0.1594203373729064
2024-11-08 10:08:00-05:00,72.20999908447266,72.20999908447266,72.13999938964844,72.18499755859375,8791.0,0.10396748599321715,-0.07264883720684567,0.006927640216236597,-0.08996877703286721
2024-11-08 10:09:00-05:00,72.19999694824219,72.23999786376953,72.15499877929688,72.16000366210938,10787.0,-0.013851455971858329,0.041543802350396675,0.020792056799745495,-0.03462477984305101
2024-11-08 10:10:00-05:00,72.16999816894531,72.18000030517578,72.0999984741211,72.16000366210938,15986.0,-0.04154955756906498,-0.08305310128454702,-0.07622521808088312,0.0
2024-11-08 10:11:00-05:00,72.16999816894531,72.26000213623047,72.16999816894531,72.21499633789062,13909.0,0.0,0.11083656236692274,0.09708695742809414,0.07620935835694898
2024-11-08 10:12:00-05:00,72.2300033569336,72.29499816894531,72.22000122070312,72.22000122070312,7183.0,0.08314422822599532,0.048430710877744865,0.06928509495145452,0.006930531144910823
2024-11-08 10:13:00-05:00,72.25,72.4000015258789,72.25,72.4000015258789,14433.0,0.027684676916872597,0.14524290696877884,0.04153804872586431,0.2492388564570902
2024-11-08 10:14:00-05:00,72.37000274658203,72.37999725341797,72.30000305175781,72.33000183105469,9264.0,0.16609376689553645,-0.027630209999085498,0.06920837613537678,-0.09668465932172188
2024-11-08 10:15:00-05:00,72.31999969482422,72.33999633789062,72.29000091552734,72.33450317382812,7039.0,-0.06909361594596986,-0.055265152038197485,-0.013834212736207885,0.0062233411578738185
2024-11-08 10:16:00-05:00,72.30000305175781,72.3949966430664,72.28500366210938,72.3949966430664,14888.0,-0.027650225595665656,0.07603028471121487,-0.006912786491464207,0.08363017174930487
2024-11-08 10:17:00-05:00,72.37999725341797,72.37999725341797,72.30999755859375,72.31999969482422,14439.0,0.11064204465232041,-0.020718820835630147,0.03457687655548103,-0.10359410417815074
2024-11-08 10:18:00-05:00,72.30000305175781,72.30999755859375,72.17500305175781,72.17500305175781,21080.0,-0.1105197633264332,-0.09671138087935516,-0.18668857888779478,-0.20049314667901497
2024-11-08 10:19:00-05:00,72.16000366210938,72.19999694824219,72.13500213623047,72.1449966430664,14727.0,-0.19363676865713497,-0.1521236538037929,-0.055422118234838,-0.04157451669227763
2024-11-08 10:20:00-05:00,72.12999725341797,72.29000091552734,72.12000274658203,72.26499938964844,13884.0,-0.04158315849305261,0.12465923973608017,-0.02079349719864565,0.16633550788800466
2024-11-08 10:21:00-05:00,72.25,72.31999969482422,72.23500061035156,72.30000305175781,12413.0,0.16637009725706253,0.04149782669380375,0.15945349333057468,0.04843791933164532
2024-11-08 10:22:00-05:00,72.30000305175781,72.30000305175781,72.19999694824219,72.21499633789062,5609.0,0.06920837613537678,-0.027650225595665656,-0.04845803532028681,-0.11757497963912344
2024-11-08 10:23:00-05:00,72.19499969482422,72.2699966430664,72.18000030517578,72.26000213623047,11599.0,-0.14523285269908426,-0.04150263820863476,-0.02769618270308527,0.06232195613395941
2024-11-08 10:24:00-05:00,72.2699966430664,72.2699966430664,72.19999694824219,72.22789764404297,6571.0,0.10388108395209539,0.0,0.027703855613547823,-0.044429132629930645
2024-11-08 10:25:00-05:00,72.20999908447266,72.32990264892578,72.20999908447266,72.32990264892578,13361.0,-0.08301862651256542,0.08289194498685148,0.013853374865990808,0.14122660109188168
2024-11-08 10:26:00-05:00,72.33000183105469,72.41999816894531,72.33000183105469,72.3499984741211,10387.0,0.166185774966765,0.12456192628496066,0.166185774966765,0.02778356455539477
2024-11-08 10:27:00-05:00,72.34500122070312,72.37999725341797,72.34500122070312,72.36000061035156,3985.0,0.02073743850230514,-0.05523462653785893,0.02073743850230514,0.013824652994354203
2024-11-08 10:28:00-05:00,72.36000061035156,72.41999816894531,72.33999633789062,72.41999816894531,15115.0,0.02073313898036666,0.055265152038197485,-0.006918076892736824,0.0829153649636094
2024-11-08 10:29:00-05:00,72.4000015258789,72.52999877929688,72.38999938964844,72.5,7627.0,0.055280424530046446,0.1518925892471712,0.06912227576603147,0.11046925307571787
2024-11-08 10:30:00-05:00,72.52999877929688,72.52999877929688,72.4800033569336,72.51000213623047,6388.0,0.17955421364390656,0.0,0.12433204592350311,0.01379604997306938
2024-11-08 10:31:00-05:00,72.52999877929688,72.52999877929688,72.43000030517578,72.44000244140625,14721.0,0.0,0.0,-0.06898875474876665,-0.09653798477720077
2024-11-08 10:32:00-05:00,72.45999908447266,72.49500274658203,72.43000030517578,72.43000030517578,18364.0,-0.09651136909187841,-0.04825042507078381,0.0,-0.013807476385108153
2024-11-08 10:33:00-05:00,72.43000030517578,72.48999786376953,72.43000030517578,72.44999694824219,7453.0,-0.04140046877713077,-0.0069037624979451095,0.0,0.02760823275183011
2024-11-08 10:34:00-05:00,72.45500183105469,72.47000122070312,72.41999816894531,72.43000030517578,8778.0,0.034518191044541346,-0.027585382336448028,-0.013809383112417528,-0.027600612710432237
2024-11-08 10:35:00-05:00,72.41000366210938,72.43000030517578,72.33999633789062,72.3499984741211,3570.0,-0.06210498627856609,-0.05519651559756644,-0.11046925307572897,-0.11045399795334143
2024-11-08 10:36:00-05:00,72.36000061035156,72.36000061035156,72.26000213623047,72.26000213623047,10533.0,-0.06905544707764832,-0.0966446148409239,-0.11058087601568678,-0.12439024158765744
2024-11-08 10:37:00-05:00,72.26000213623047,72.2699966430664,72.18000030517578,72.22000122070312,20233.0,-0.13819578949366695,-0.12438359110832353,-0.11071385094046926,-0.05535692547024018
2024-11-08 10:38:00-05:00,72.20010375976562,72.25,72.16000366210938,72.2300033569336,15750.0,-0.08289285177700556,-0.027669356572923576,-0.027703855613547823,0.013849537609256224
2024-11-08 10:39:00-05:00,72.25,72.30999755859375,72.25,72.30999755859375,6972.0,0.0691082666590015,0.08304160358996171,0.12471775682278974,0.11074927030649828
2024-11-08 10:40:00-05:00,72.30999755859375,72.30999755859375,72.26000213623047,72.26000213623047,6695.0,0.08304160358996171,0.0,0.013843787170197963,-0.06914040112194764
2024-11-08 10:41:00-05:00,72.26499938964844,72.29000091552734,72.23999786376953,72.26000213623047,9933.0,-0.06222952629593159,-0.027654050257996943,-0.027683741862094546,0.0
2024-11-08 10:42:00-05:00,72.26000213623047,72.26499938964844,72.19000244140625,72.19000244140625,6683.0,-0.006915178108590769,-0.034585040202339545,-0.06920739734456172,-0.09687198000942754
2024-11-08 10:43:00-05:00,72.20999908447266,72.33000183105469,72.18000030517578,72.33000183105469,13778.0,-0.0691987964012819,0.08995010303087803,-0.01385529282754705,0.19393182561819877
2024-11-08 10:44:00-05:00,72.30999755859375,72.31999969482422,72.2699966430664,72.30000305175781,13310.0,0.13848286302304835,-0.013828475013499819,0.12468320519551934,-0.04147487700463248
2024-11-08 10:45:00-05:00,72.31500244140625,72.33000183105469,72.29000091552734,72.32499694824219,9312.0,0.006921425779937707,0.013830387545188394,0.027679913366718267,0.03456970322184283
2024-11-08 10:46:00-05:00,72.33999633789062,72.37999725341797,72.33999633789062,72.37999725341797,6084.0,0.03456253286395761,0.06912127899576515,0.06915952653216983,0.07604605253581642
2024-11-08 10:47:00-05:00,72.3499984741211,72.36000061035156,72.27999877929688,72.31279754638672,8928.0,0.013826564468910618,-0.02762730564411786,-0.08293829365639827,-0.09284292564417651
2024-11-08 10:48:00-05:00,72.30999755859375,72.34480285644531,72.30999755859375,72.31500244140625,8769.0,-0.05528806685690668,-0.02100297647603666,0.04150356918029008,0.0030491076190353184
2024-11-08 10:49:00-05:00,72.31999969482422,72.43000030517578,72.29000091552734,72.42500305175781,14856.0,0.013832300605964853,0.11776581781490769,-0.027654050257996943,0.1521131254067054
2024-11-08 10:50:00-05:00,72.41999816894531,72.48999786376953,72.38999938964844,72.45999908447266,13251.0,0.13827222696773944,0.08283523172849527,0.13832960693684893,0.04832037451187876
2024-11-08 10:51:00-05:00,72.44999694824219,72.49500274658203,72.44999694824219,72.47000122070312,7773.0,0.04142333617145333,0.0069042391502183165,0.08288100441997681,0.013803665963085798
2024-11-08 10:52:00-05:00,72.45999908447266,72.4800033569336,72.45999908447266,72.46499633789062,3479.0,0.013805571638059178,-0.020690239437426428,0.013805571638059178,-0.006906144236507039
2024-11-08 10:53:00-05:00,72.47000122070312,72.54000091552734,72.46499633789062,72.49500274658203,18622.0,0.013803665963085798,0.0827780847336479,0.006896568425496241,0.04140814214836919
2024-11-08 10:54:00-05:00,72.49500274658203,72.51000213623047,72.49500274658203,72.5,5749.0,0.03449913820583461,-0.04135480964745364,0.04140814214836919,0.006893238469740659
2024-11-08 10:55:00-05:00,72.5,72.5199966430664,72.5,72.51000213623047,11093.0,0.006893238469740659,0.013783625074448302,0.006893238469740659,0.01379604997306938
2024-11-08 10:56:00-05:00,72.49500274658203,72.51000213623047,72.4800033569336,72.48500061035156,21233.0,-0.0068927633351312245,-0.01378172545308809,-0.027581576643320727,-0.03448010638854582
2024-11-08 10:57:00-05:00,72.48999786376953,72.55999755859375,72.48999786376953,72.55999755859375,9420.0,-0.0069037624979451095,0.0689496909258791,0.013789329984881249,0.10346547231936398
2024-11-08 10:58:00-05:00,72.58000183105469,72.58000183105469,72.55999755859375,72.56999969482422,4928.0,0.12416053240102976,0.02756928491458588,0.09656462530978072,0.01378464245729294
2024-11-08 10:59:00-05:00,72.55500030517578,72.56999969482422,72.51000213623047,72.51000213623047,5877.0,-0.034446852091718494,-0.01378084317736894,-0.06890218308360785,-0.08267542902860026
2024-11-08 11:00:00-05:00,72.5,72.52999877929688,72.48999786376953,72.5,7695.0,-0.07580498235054689,-0.05512045706980162,-0.027588293851310564,-0.013794146925660833
2024-11-08 11:01:00-05:00,72.4800033569336,72.61000061035156,72.4800033569336,72.61000061035156,7760.0,-0.027581576643320727,0.11030171294794666,-0.013787428790823508,0.15172497979525357
2024-11-08 11:02:00-05:00,72.56999969482422,72.56999969482422,72.49500274658203,72.5,7611.0,0.12416712710046074,-0.0550900911597596,0.020694521183406422,-0.15149512384921016
2024-11-08 11:03:00-05:00,72.51000213623047,72.5199966430664,72.4800033569336,72.50499725341797,72595.0,-0.08267542902860026,-0.06890319962531422,-0.020690239437426428,0.006892763335120122
2024-11-08 11:04:00-05:00,72.50499725341797,72.54000091552734,72.48500061035156,72.53500366210938,24430.0,-0.0069023343884255794,0.027584491708387837,0.0068946649924406245,0.041385297328577764
2024-11-08 11:05:00-05:00,72.54000091552734,72.56600189208984,72.52999877929688,72.52999877929688,9429.0,0.04827758559458051,0.03584363969444393,0.06207928339161395,-0.006899955276506997
2024-11-08 11:06:00-05:00,72.52999877929688,72.57499694824219,72.48999786376953,72.57499694824219,11822.0,-0.013788442382456356,0.01239568932807078,-0.05515085647397333,0.062040768926863166
2024-11-08 11:07:00-05:00,72.5999984741211,72.62989807128906,72.59500122070312,72.62989807128906,5327.0,0.09651136909187841,0.07564743417904918,0.14485220034208268,0.07564743417904918
2024-11-08 11:08:00-05:00,72.625,72.63999938964844,72.56999969482422,72.59500122070312,12136.0,0.03443736419335153,0.013907934098233987,-0.034439734773050734,-0.04804750042700645
2024-11-08 11:09:00-05:00,72.5999984741211,72.62000274658203,72.55000305175781,72.57499694824219,13013.0,-0.03442550895546015,-0.02752841854959387,-0.027554971958798635,-0.027555991631045273
2024-11-08 11:10:00-05:00,72.5999984741211,72.5999984741211,72.5250015258789,72.56990051269531,13149.0,0.0,-0.027546504687891993,-0.03446109555786947,-0.007022302116677093
2024-11-08 11:11:00-05:00,72.54000091552734,72.55000305175781,72.48999786376953,72.5199966430664,6845.0,-0.08264126701756913,-0.06886421957860156,-0.04826426938699946,-0.0687666226305117
2024-11-08 11:12:00-05:00,72.52999877929688,72.63990020751953,72.52999877929688,72.62000274658203,7414.0,-0.013788442382456356,0.12391061609962062,0.05518128942769707,0.13790141773977194
2024-11-08 11:13:00-05:00,72.61000061035156,72.61000061035156,72.54499816894531,72.55000305175781,5166.0,0.11030171294794666,-0.041161396260935845,0.020680256308946987,-0.09639175458102667
2024-11-08 11:14:00-05:00,72.54509735107422,72.58999633789062,72.52010345458984,72.58999633789062,6490.0,-0.08938611586802869,-0.0275502992601373,-0.03431623817466978,0.055125133632705214
2024-11-08 11:15:00-05:00,72.58000183105469,72.62000274658203,72.55999755859375,72.62000274658203,8364.0,0.04811418173658044,0.04133683731257776,0.055011096376733626,0.04133683731257776
2024-11-08 11:16:00-05:00,72.63999938964844,72.6500015258789,72.6050033569336,72.6050033569336,5711.0,0.08266403565737601,0.04130925111853756,0.062025633757079035,-0.02065462555926878
2024-11-08 11:17:00-05:00,72.5999984741211,72.6500015258789,72.58999633789062,72.6500015258789,8258.0,-0.055067340120384944,0.0,-0.020669400659889536,0.06197667772853688
2024-11-08 11:18:00-05:00,72.66000366210938,72.66000366210938,72.62000274658203,72.66000366210938,11836.0,0.08265177582569283,0.013767565065925247,0.04133683731257776,0.013767565065925247
2024-11-08 11:19:00-05:00,72.66500091552734,72.75,72.66000366210938,72.75,12049.0,0.006877584869391384,0.1238595284265731,0.05508250346248911,0.1238595284265731
2024-11-08 11:20:00-05:00,72.77999877929688,72.80999755859375,72.77999877929688,72.80999755859375,7269.0,0.15825756873411034,0.08247087091923788,0.16514603790209748,0.08247087091923788
2024-11-08 11:21:00-05:00,72.80999755859375,72.83999633789062,72.73999786376953,72.73999786376953,44123.0,0.04121843885687149,0.04120145625980953,-0.054961412748366634,-0.09614022410574519
2024-11-08 11:22:00-05:00,72.73999786376953,72.75,72.70999908447266,72.75,10993.0,-0.09614022410574519,-0.12355346295344072,-0.041241105551115265,0.01375053137779858
2024-11-08 11:23:00-05:00,72.7699966430664,72.79000091552734,72.76000213623047,72.78500366210938,4477.0,0.04124110555110416,0.05498407632624769,0.06877053003360167,0.048114999463066965
2024-11-08 11:24:00-05:00,72.78500366210938,72.78500366210938,72.73999786376953,72.75,6391.0,0.020622536395831226,-0.006865302040270915,-0.02749350175043075,-0.048091860064847225
2024-11-08 11:25:00-05:00,72.75,72.82499694824219,72.74009704589844,72.82499694824219,12266.0,-0.048091860064847225,0.05494715136440398,0.0001363515697239137,0.10308858864904735
2024-11-08 11:26:00-05:00,72.86000061035156,72.95999908447266,72.86000061035156,72.91999816894531,9932.0,0.15120358811211432,0.18537884227638468,0.1648383344573512,0.13045138988558858
2024-11-08 11:27:00-05:00,72.93499755859375,72.94999694824219,72.875,72.94499969482422,11112.0,0.10293295033478866,-0.013709068470368901,0.020586590066962174,0.03428624040964223
2024-11-08 11:28:00-05:00,72.94000244140625,72.98999786376953,72.91000366210938,72.93499755859375,15441.0,0.006862114183903145,0.05483333406541835,0.04803246944682371,-0.013711887411493873
2024-11-08 11:29:00-05:00,72.91999816894531,72.9800033569336,72.91999816894531,72.94499969482422,12577.0,-0.02742565367612748,-0.013692981406288052,0.01370800484699064,0.013713767827905343
2024-11-08 11:30:00-05:00,72.94000244140625,72.94000244140625,72.87999725341797,72.87999725341797,6880.0,0.0274331774043457,-0.054810788828973944,-0.05485589211708941,-0.0891115795163433
2024-11-08 11:31:00-05:00,72.87120056152344,72.87999725341797,72.83000183105469,72.83000183105469,8476.0,-0.09432667614466261,-0.08226650120622958,-0.0685996490771501,-0.0685996490771501
2024-11-08 11:32:00-05:00,72.83000183105469,72.83000183105469,72.7300033569336,72.7300033569336,5662.0,-0.05653636848478305,-0.0685996490771501,-0.13730395662087114,-0.13730395662087114
2024-11-08 11:33:00-05:00,72.7300033569336,72.7300033569336,72.5999984741211,72.69000244140625,17501.0,-0.13730395662087114,-0.13730395662087114,-0.17875000249137907,-0.054999193841687166
2024-11-08 11:34:00-05:00,72.69999694824219,72.7699966430664,72.68000030517578,72.76249694824219,9083.0,-0.04125726289897491,0.05498870381805965,0.11019536189549317,0.0997310557175668
2024-11-08 11:35:00-05:00,72.75499725341797,72.80999755859375,72.75499725341797,72.7699966430664,8697.0,0.07565379296361474,0.054968967119162215,0.10318787551910624,0.010307088319905233
2024-11-08 11:36:00-05:00,72.7699966430664,72.7750015258789,72.75,72.77320098876953,5996.0,0.020616301580211882,-0.04806487280359928,-0.006868605053422794,0.004403388554274912
2024-11-08 11:37:00-05:00,72.7699966430664,72.7699966430664,72.70010375976562,72.70010375976562,7092.0,0.0,-0.006877200560029273,-0.06858589722937847,-0.10044525733475806
2024-11-08 11:38:00-05:00,72.71499633789062,72.71499633789062,72.66500091552734,72.66500091552734,10714.0,-0.07558101925654315,-0.07558101925654315,-0.048284448608593156,-0.048284448608593156
2024-11-08 11:39:00-05:00,72.62999725341797,72.68000030517578,72.62999725341797,72.67500305175781,9262.0,-0.11689347280949836,-0.0481276689504706,-0.04817128145373495,0.013764723187836836
2024-11-08 11:40:00-05:00,72.66999816894531,72.69000244140625,72.66000366210938,72.68499755859375,7949.0,0.055074923640408,0.013761882482765664,0.04131407108101115,0.013752330810112845
2024-11-08 11:41:00-05:00,72.70999908447266,72.7300033569336,72.66999816894531,72.68000030517578,7984.0,0.055044607864651596,0.0550294596008305,0.013755169738804973,-0.006875219902069407
2024-11-08 11:42:00-05:00,72.66000366210938,72.66500091552734,72.62000274658203,72.62000274658203,5915.0,-0.0687600371239161,-0.08937500124569508,-0.0687978858167182,-0.082550300415285
2024-11-08 11:43:00-05:00,72.62999725341797,72.62999725341797,72.5999984741211,72.62999725341797,6399.0,-0.0412970096051013,-0.04817128145373495,-0.027546504687891993,0.013762746430634465
2024-11-08 11:44:00-05:00,72.58999633789062,72.58999633789062,72.55000305175781,72.55000305175781,6130.0,-0.0550749236403969,-0.0550749236403969,-0.06886421957860156,-0.11013934281319804
2024-11-08 11:45:00-05:00,72.56999969482422,72.58000183105469,72.55500030517578,72.55500030517578,6415.0,-0.02754738128560863,-0.013768435514749378,0.006888012691619316,0.006888012691619316
2024-11-08 11:46:00-05:00,72.55500030517578,72.55999755859375,72.51000213623047,72.55999755859375,22967.0,-0.020668857257155615,-0.02756168635473788,-0.06201939047073557,0.006887538277089433
2024-11-08 11:47:00-05:00,72.55999755859375,72.5999984741211,72.54499816894531,72.5999984741211,7815.0,0.006887538277089433,0.05512805522773778,0.04826373146300522,0.05512805522773778
2024-11-08 11:48:00-05:00,72.5999984741211,72.5999984741211,72.57499694824219,72.58000183105469,4426.0,0.05512805522773778,0.0,0.04135196092638349,-0.027543586069822545
2024-11-08 11:49:00-05:00,72.55999755859375,72.56999969482422,72.5199966430664,72.53500366210938,5316.0,-0.055097680947746586,-0.04132063350879012,-0.07578409574720002,-0.06199802674303756
2024-11-08 11:50:00-05:00,72.51000213623047,72.63999938964844,72.51000213623047,72.63999938964844,8339.0,-0.06890218308360785,0.09645817158410175,-0.01378172545308809,0.14475180566360102
2024-11-08 11:51:00-05:00,72.63999938964844,72.70999908447266,72.62999725341797,72.70999908447266,6763.0,0.1792818226287407,0.09636521945537435,0.16548767570307987,0.09636521945537435
2024-11-08 11:52:00-05:00,72.69999694824219,72.72000122070312,72.68000030517578,72.68000030517578,5091.0,0.08259575866997881,0.01375620458865523,0.06884628066738951,-0.04125812085628011
2024-11-08 11:53:00-05:00,72.63999938964844,72.66000366210938,72.5999984741211,72.61000061035156,3027.0,-0.08252759437729074,-0.08250489217080936,-0.11007406538080522,-0.09631218289803956
2024-11-08 11:54:00-05:00,72.6050033569336,72.62000274658203,72.58000183105469,72.62000274658203,8724.0,-0.048177358217094124,-0.05505217934389517,-0.027543586069822545,0.013775149630057548
2024-11-08 11:55:00-05:00,72.62999725341797,72.66999816894531,72.62999725341797,72.6500015258789,10690.0,0.034424482237827014,0.06884524989312357,0.06888319248001817,0.04130925111853756
2024-11-08 11:56:00-05:00,72.6449966430664,72.6449966430664,72.62999725341797,72.62999725341797,2365.0,0.020651783306702143,-0.034404192251091814,0.0,-0.02753513013183939
2024-11-08 11:57:00-05:00,72.61000061035156,72.61000061035156,72.5199966430664,72.5199966430664,11377.0,-0.04817404409389603,-0.04817404409389603,-0.15145341389419809,-0.15145341389419809
2024-11-08 11:58:00-05:00,72.5250015258789,72.52999877929688,72.4800033569336,72.48500061035156,5512.0,-0.11706250345429048,-0.1101801823195192,-0.05514794261457512,-0.048257079888036625
2024-11-08 11:59:00-05:00,72.49500274658203,72.5199966430664,72.4800033569336,72.5,8611.0,-0.04136336251736594,-0.013790343856068255,0.0,0.020693094463863915
2024-11-08 12:00:00-05:00,72.5,72.5,72.4800033569336,72.5,2614.0,0.006893238469740659,-0.02757397130729311,0.0,0.0
2024-11-08 12:01:00-05:00,72.49500274658203,72.49500274658203,72.36000061035156,72.36000061035156,7323.0,-0.0068927633351312245,-0.0068927633351312245,-0.16556669567338034,-0.19310260641163257
2024-11-08 12:02:00-05:00,72.37000274658203,72.37000274658203,72.31999969482422,72.33000183105469,4433.0,-0.17242567799735653,-0.17242567799735653,-0.055280424530046446,-0.0414576824818047
2024-11-08 12:03:00-05:00,72.30999755859375,72.375,72.30000305175781,72.3499984741211,10889.0,-0.08291444757629884,0.0069051447123325005,-0.027650225595665656,0.027646401991132663
2024-11-08 12:04:00-05:00,72.33000183105469,72.33499908447266,72.29080200195312,72.29499816894531,10255.0,0.027664601211929707,-0.055268967913424394,-0.012726209427815771,-0.07601977378818292
2024-11-08 12:05:00-05:00,72.30500030517578,72.33499908447266,72.27010345458984,72.28500366210938,15297.0,-0.03456591351580496,0.0,-0.028632338817768943,-0.013824617316648968
2024-11-08 12:06:00-05:00,72.30000305175781,72.3499984741211,72.23999786376953,72.23999786376953,10813.0,-0.006911352460936548,0.020736005859234297,-0.04165704680252347,-0.06226159792454
2024-11-08 12:07:00-05:00,72.25,72.29000091552734,72.2300033569336,72.28500366210938,7688.0,-0.06916051126860667,-0.08292682772510496,-0.013835142762308461,0.06230038714110098
2024-11-08 12:08:00-05:00,72.30000305175781,72.30999755859375,72.26499938964844,72.26499938964844,4797.0,0.06920837613537678,0.027661699838366083,0.04845082526427902,-0.02767416676693335
2024-11-08 12:09:00-05:00,72.24500274658203,72.24500274658203,72.22000122070312,72.23500061035156,4327.0,-0.07607234143047759,-0.08988357655392853,-0.06226827554883796,-0.041512183699221605
2024-11-08 12:10:00-05:00,72.23500061035156,72.25,72.2300033569336,72.2300033569336,18521.0,-0.013844744757718352,0.006917092155833693,0.013849537609256224,-0.006918049942195026
2024-11-08 12:11:00-05:00,72.2300033569336,72.23999786376953,72.20999908447266,72.2249984741211,3623.0,-0.006918049942195026,-0.013843787170197963,-0.027695239555902695,-0.006929091208496274
2024-11-08 12:12:00-05:00,72.23999786376953,72.23999786376953,72.16999816894531,72.18190002441406,29894.0,0.013837057138910147,0.0,-0.055395258322255,-0.05967248268267111
2024-11-08 12:13:00-05:00,72.19999694824219,72.19999694824219,72.18499755859375,72.18499755859375,2508.0,-0.055372254582253255,-0.055372254582253255,0.020783414201175354,0.004291289337965409
2024-11-08 12:14:00-05:00,72.16999816894531,72.22000122070312,72.16999816894531,72.18499755859375,5872.0,-0.04154955756906498,0.027706749731959412,-0.02077909559567992,0.0
2024-11-08 12:15:00-05:00,72.19000244140625,72.2249984741211,72.19000244140625,72.20999908447266,17459.0,0.027718266549081605,0.0069194867536648275,0.027718266549081605,0.03463534906766874
2024-11-08 12:16:00-05:00,72.2300033569336,72.2300033569336,72.19999694824219,72.22000122070312,7190.0,0.05541060281832877,0.0069295713648109825,0.013844724335676517,0.013851455971858329
2024-11-08 12:17:00-05:00,72.22000122070312,72.22000122070312,72.19000244140625,72.19499969482422,12625.0,-0.013847619777951348,-0.013847619777951348,-0.013842807837105564,-0.03461856197218838
2024-11-08 12:18:00-05:00,72.19499969482422,72.22000122070312,72.19000244140625,72.20359802246094,9297.0,-0.03461856197218838,0.0,0.0,0.011909865881376547
2024-11-08 12:19:00-05:00,72.22000122070312,72.2300033569336,72.12000274658203,72.19499969482422,45405.0,0.03463055057080222,0.013849537609256224,-0.09696591280909939,-0.011908447601249872
2024-11-08 12:20:00-05:00,72.19499969482422,72.26000213623047,72.19499969482422,72.25,5318.0,-0.03461856197218838,0.04153229669481284,0.10398910896567415,0.07618298415164038
2024-11-08 12:21:00-05:00,72.2300033569336,72.25,72.22000122070312,72.22000122070312,6967.0,0.048484884351185364,-0.013841870931041722,0.03463055057080222,-0.041520801794980855
2024-11-08 12:22:00-05:00,72.22000122070312,72.2300033569336,72.18000030517578,72.19000244140625,5668.0,-0.013847619777951348,-0.027677014624782892,-0.05538758633512053,-0.04153804872586431
2024-11-08 12:23:00-05:00,72.16999816894531,72.2300033569336,72.16000366210938,72.2300033569336,10970.0,-0.06923712394437675,0.0,-0.027703855613547823,0.05541060281832877
2024-11-08 12:24:00-05:00,72.2300033569336,72.2699966430664,72.22000122070312,72.2699966430664,5161.0,0.08314422822599532,0.05536935383372299,0.08314517121519316,0.05536935383372299
2024-11-08 12:25:00-05:00,72.2699966430664,72.29000091552734,72.26000213623047,72.26499938964844,6639.0,0.05536935383372299,0.027679913366718267,0.05538758633512053,-0.006914699944782221
2024-11-08 12:26:00-05:00,72.29000091552734,72.30999755859375,72.29000091552734,72.29499816894531,1582.0,0.027679913366718267,0.027661699838366083,0.04151505453919846,0.04151218369923271
2024-11-08 12:27:00-05:00,72.27999877929688,72.29000091552734,72.23999786376953,72.23999786376953,12679.0,-0.01383612685543767,-0.027654050257996943,-0.06917008040467909,-0.07607760781355166
2024-11-08 12:28:00-05:00,72.20999908447266,72.2249984741211,72.19999694824219,72.22000122070312,2688.0,-0.09684517986497942,-0.08991899375158097,-0.055372254582253255,-0.027680846702282658
2024-11-08 12:29:00-05:00,72.2051010131836,72.2300033569336,72.16999816894531,72.22000122070312,9050.0,-0.006783092855788819,0.0069295713648109825,-0.04154955756906498,0.0
2024-11-08 12:30:00-05:00,72.2300033569336,72.23999786376953,72.21499633789062,72.21499633789062,7315.0,0.03448834417592028,0.013837057138910147,0.06235024260354827,-0.0069300508555913964
2024-11-08 12:31:00-05:00,72.25,72.28500366210938,72.25,72.2699966430664,4173.0,0.027684676916872597,0.06230038714110098,0.048471458678189805,0.07616188875567698
2024-11-08 12:32:00-05:00,72.2750015258789,72.37999725341797,72.2699966430664,72.37999725341797,5192.0,0.03460418806768839,0.13141535103551316,0.027677014624782892,0.1522078531355664
2024-11-08 12:33:00-05:00,72.4000015258789,72.4000015258789,72.31500244140625,72.31999969482422,5982.0,0.17295053249530845,0.027637846394079624,0.06227452667824096,-0.08289245768231535
2024-11-08 12:34:00-05:00,72.33000183105469,72.33999633789062,72.32499694824219,72.33499908447266,4726.0,-0.09668465932172188,-0.08288009215970948,0.013820793056096292,0.020740306570421474
2024-11-08 12:35:00-05:00,72.33999633789062,72.37000274658203,72.33000183105469,72.3499984741211,7682.0,0.013817926977632844,0.04147969340675406,0.006919990354203875,0.020736005859234297
2024-11-08 12:36:00-05:00,72.37000274658203,72.38999938964844,72.33000183105469,72.33999633789062,5385.0,0.04147969340675406,0.02763112105499399,0.0,-0.013824652994354203
2024-11-08 12:37:00-05:00,72.31999969482422,72.33999633789062,72.22000122070312,72.22000122070312,4660.0,-0.06909361594596986,-0.06907452987899854,-0.15208158104087488,-0.16587658731280763
2024-11-08 12:38:00-05:00,72.22000122070312,72.26000213623047,72.20999908447266,72.25,9760.0,-0.13827222696773944,-0.11058087601568678,-0.013849537609256224,0.04153804872586431
2024-11-08 12:39:00-05:00,72.2562026977539,72.2562026977539,72.22000122070312,72.22000122070312,3435.0,0.05012666358195084,-0.005258010468089935,0.013851455971858329,-0.041520801794980855
2024-11-08 12:40:00-05:00,72.2249984741211,72.2300033569336,72.19000244140625,72.2300033569336,5215.0,-0.04318552936325437,-0.03625895057052242,-0.04153804872586431,0.013849537609256224
2024-11-08 12:41:00-05:00,72.2300033569336,72.2300033569336,72.19000244140625,72.2300033569336,6184.0,0.0069295713648109825,0.0,0.0,0.0
2024-11-08 12:42:00-05:00,72.19999694824219,72.21499633789062,72.19999694824219,72.20500183105469,2954.0,-0.04154285933385404,-0.020776710986447622,0.013844724335676517,-0.03461376812535777
2024-11-08 12:43:00-05:00,72.19000244140625,72.19499969482422,72.16000366210938,72.16840362548828,5523.0,-0.013842807837105564,-0.02769043007748717,-0.05539236540617054,-0.05068652397799411
2024-11-08 12:44:00-05:00,72.16500091552734,72.2300033569336,72.16500091552734,72.20999908447266,5854.0,-0.03463294782293236,0.048484884351185364,0.006925239972788155,0.05763666216067609
2024-11-08 12:45:00-05:00,72.2300033569336,72.25,72.22000122070312,72.24500274658203,4712.0,0.09007474618110134,0.027684676916872597,0.07621465319478382,0.048474813118914994
2024-11-08 12:46:00-05:00,72.24500274658203,72.30999755859375,72.24500274658203,72.30999755859375,7007.0,0.02076614834740642,0.08304160358996171,0.03461856197219948,0.08996443981004187
2024-11-08 12:47:00-05:00,72.30999755859375,72.33499908447266,72.29000091552734,72.33000183105469,7643.0,0.08996443981004187,0.03457547603793465,0.062285510740656136,0.027664601211929707
2024-11-08 12:48:00-05:00,72.33399963378906,72.3499984741211,72.30000305175781,72.30000305175781,5778.0,0.03319330107274254,0.020736005859234297,0.01383612685543767,-0.04147487700463248
2024-11-08 12:49:00-05:00,72.29000091552734,72.3499984741211,72.29000091552734,72.33000183105469,8394.0,-0.06082716078811279,0.0,-0.013834212736207885,0.0414920857961798
2024-11-08 12:50:00-05:00,72.33049774169922,72.38999938964844,72.31999969482422,72.3499984741211,15631.0,0.056019955262143206,0.05528806685690668,0.04149782669380375,0.027646401991132663
2024-11-08 12:51:00-05:00,72.37000274658203,72.37999725341797,72.34500122070312,72.34500122070312,10289.0,0.054617355218389285,-0.013817013834505065,0.03457069411560987,-0.006907053936922036
2024-11-08 12:52:00-05:00,72.38999938964844,72.42500305175781,72.36000061035156,72.4000015258789,6385.0,0.02763112105499399,0.06217988401169272,0.02073313898036666,0.07602502487766838
2024-11-08 12:53:00-05:00,72.41999816894531,72.42769622802734,72.4000015258789,72.41000366210938,2950.0,0.041440502209977303,0.00371857253165242,0.055280424530046446,0.013815104999537198
2024-11-08 12:54:00-05:00,72.41000366210938,72.41000366210938,72.38999938964844,72.40499877929688,3839.0,-0.013800755438608814,-0.024427900981782713,-0.013815104999537198,-0.006911866536918332
2024-11-08 12:55:00-05:00,72.38999938964844,72.48999786376953,72.37999725341797,72.48500061035156,16266.0,-0.02762639338382833,0.11047396438956802,-0.013817013834505065,0.11049213784057876
2024-11-08 12:56:00-05:00,72.48500061035156,72.48500061035156,72.44000244140625,72.46499633789062,4388.0,0.1312352831939867,-0.006893714395417305,0.08290299843227711,-0.02759780960542857
2024-11-08 12:57:00-05:00,72.45500183105469,72.45500183105469,72.42500305175781,72.43499755859375,4106.0,-0.04138618892773893,-0.04138618892773893,-0.02070594856836694,-0.04139761376237283
2024-11-08 12:58:00-05:00,72.44999694824219,72.4800033569336,72.44999694824219,72.46499633789062,5051.0,-0.006907573923153887,0.03450628010086554,0.034510038565715995,0.04141475848413734
2024-11-08 12:59:00-05:00,72.47000122070312,72.4800033569336,72.44999694824219,72.47000122070312,5157.0,0.02761114327614056,0.0,0.0,0.006906621217739328
2024-11-08 13:00:00-05:00,72.47000122070312,72.48999786376953,72.47000122070312,72.48999786376953,3742.0,0.0,0.013789329984881249,0.02761114327614056,0.027592993969327573
2024-11-08 13:01:00-05:00,72.48999786376953,72.5999984741211,72.48999786376953,72.5999984741211,7668.0,0.027592993969327573,0.15174591473747778,0.027592993969327573,0.15174591473747778
2024-11-08 13:02:00-05:00,72.6050033569336,72.62000274658203,72.58999633789062,72.5999984741211,16080.0,0.1586501538876961,0.027554094877935142,0.13794796119186437,0.0
2024-11-08 13:03:00-05:00,72.6050033569336,72.6050033569336,72.58999633789062,72.59500122070312,3239.0,0.0,-0.02065462555926878,0.0,-0.006883269315427487
2024-11-08 13:04:00-05:00,72.58000183105469,72.61000061035156,72.55999755859375,72.61000061035156,7042.0,-0.03443499032153019,0.006882794830831429,-0.04132632705646788,0.0206617389575392
2024-11-08 13:05:00-05:00,72.61000061035156,72.61499786376953,72.61000061035156,72.61499786376953,3526.0,0.04133201782869911,0.006882321134771274,0.06891269768503072,0.006882321134771274
2024-11-08 13:06:00-05:00,72.62999725341797,72.68000030517578,72.62999725341797,72.68000030517578,3628.0,0.0275397918996223,0.08951655073818898,0.0275397918996223,0.08951655073818898
2024-11-08 13:07:00-05:00,72.68000030517578,72.69999694824219,72.68000030517578,72.69999694824219,2537.0,0.06884628066738951,0.027513267724876833,0.06884628066738951,0.027513267724876833
2024-11-08 13:08:00-05:00,72.70999908447266,72.71499633789062,72.68000030517578,72.68000030517578,4702.0,0.0412751502076425,0.020631898594314357,0.0,-0.027505700008001455
2024-11-08 13:09:00-05:00,72.66000366210938,72.66999816894531,72.5999984741211,72.61499786376953,3893.0,-0.0687600371239161,-0.061882928159984196,-0.11007406538080522,-0.08943649027698397
2024-11-08 13:10:00-05:00,72.61499786376953,72.63999938964844,72.61499786376953,72.63999938964844,4246.0,-0.06194026434286348,-0.04128083122711956,0.020660316754383956,0.03443025079448159
2024-11-08 13:11:00-05:00,72.63500213623047,72.6500015258789,72.63500213623047,72.6500015258789,2466.0,0.027548403290555967,0.013769460785395538,0.027548403290555967,0.013769460785395538
2024-11-08 13:12:00-05:00,72.6500015258789,72.6500015258789,72.61000061035156,72.61000061035156,4402.0,0.02065036030467482,0.0,-0.03442076842238295,-0.05505975868850266
2024-11-08 13:13:00-05:00,72.61499786376953,72.62999725341797,72.5999984741211,72.62000274658203,5739.0,-0.04818122694313365,-0.02753513013183939,-0.01377514963006865,0.013775149630057548
2024-11-08 13:14:00-05:00,72.61000061035156,72.61000061035156,72.55999755859375,72.57499694824219,8996.0,-0.006881847503936722,-0.02753220958640057,-0.055097680947746586,-0.06197438259111232
2024-11-08 13:15:00-05:00,72.5687026977539,72.5687026977539,72.5199966430664,72.5250015258789,6138.0,-0.05687634244664341,-0.05687634244664341,-0.05512805522773778,-0.06888794277033483
2024-11-08 13:16:00-05:00,72.5250015258789,72.5250015258789,72.47000122070312,72.47000122070312,6133.0,-0.060220412175504556,-0.060220412175504556,-0.06894018846878014,-0.07583633784020716
2024-11-08 13:17:00-05:00,72.47000122070312,72.48639678955078,72.44000244140625,72.44999694824219,26269.0,-0.07583633784020716,-0.05322955603710433,-0.04139475478345256,-0.027603521628227767
2024-11-08 13:18:00-05:00,72.44999694824219,72.47000122070312,72.43000030517578,72.47000122070312,5216.0,-0.027603521628227767,-0.022618821701481107,-0.013807476385108153,0.02761114327614056
2024-11-08 13:19:00-05:00,72.45999908447266,72.4800033569336,72.44000244140625,72.44000244140625,11375.0,0.013805571638059178,0.013801760814113884,0.013809383112417528,-0.04139475478345256
2024-11-08 13:20:00-05:00,72.45500183105469,72.45999908447266,72.44000244140625,72.45500183105469,4628.0,-0.006896568425485139,-0.027599712381942698,0.0,0.020705948568355836
2024-11-08 13:21:00-05:00,72.44000244140625,72.51499938964844,72.44000244140625,72.51499938964844,7160.0,-0.020701662092859063,0.0759043691287653,0.0,0.08280664837141405
2024-11-08 13:22:00-05:00,72.5199966430664,72.55000305175781,72.48999786376953,72.48999786376953,7288.0,0.11042821502507127,0.0482709265724246,0.0690163178883374,-0.03447773024800593
2024-11-08 13:23:00-05:00,72.5,72.5,72.46890258789062,72.47000122070312,2354.0,-0.02757397130729311,-0.06892219111575004,-0.029100947027960178,-0.027585382336448028
2024-11-08 13:24:00-05:00,72.4800033569336,72.51000213623047,72.4800033569336,72.5,4544.0,-0.027581576643320727,0.01379604997306938,0.015317975913187176,0.041394754783441456
2024-11-08 13:25:00-05:00,72.52999877929688,72.54000091552734,72.51000213623047,72.54000091552734,4527.0,0.06897822854265989,0.04137191892576997,0.041389042366812845,0.055173676589448384
2024-11-08 13:26:00-05:00,72.54000091552734,72.54000091552734,72.5000991821289,72.51000213623047,5753.0,0.013790343856068255,0.0,-0.013657362860031164,-0.04135480964745364
2024-11-08 13:27:00-05:00,72.5199966430664,72.52999877929688,72.5199966430664,72.52999877929688,3301.0,-0.02757688476490161,-0.013788442382456356,0.02744473616169696,0.027577772000109135
2024-11-08 13:28:00-05:00,72.52999877929688,72.56999969482422,72.52999877929688,72.55000305175781,8220.0,0.01379224585420502,0.05515085647396223,0.01379224585420502,0.02758068771213651
2024-11-08 13:29:00-05:00,72.54000091552734,72.55000305175781,72.52999877929688,72.55000305175781,2781.0,0.013790343856068255,-0.027554971958798635,0.0,0.0
2024-11-08 13:30:00-05:00,72.52999877929688,72.54000091552734,72.51000213623047,72.51000213623047,3701.0,-0.013788442382456356,-0.013786541433136179,-0.02757016876182572,-0.05513564968261386
2024-11-08 13:31:00-05:00,72.5,72.55000305175781,72.5,72.5199966430664,6158.0,-0.041360512617905076,0.013788442382445254,-0.013794146925660833,0.013783625074448302
2024-11-08 13:32:00-05:00,72.5,72.5,72.4800033569336,72.4800033569336,2913.0,0.0,-0.06892219111575004,-0.027581576643320727,-0.05514794261457512
2024-11-08 13:33:00-05:00,72.4800033569336,72.48999786376953,72.45999908447266,72.45999908447266,6130.0,-0.027581576643320727,-0.013796049973058278,-0.027599712381942698,-0.027599712381942698
2024-11-08 13:34:00-05:00,72.47019958496094,72.5,72.47019958496094,72.48999786376953,7873.0,-0.013526174832489968,0.013797953545635622,0.014077422877667445,0.04140046877711967
2024-11-08 13:35:00-05:00,72.4800033569336,72.5,72.45999908447266,72.45999908447266,4194.0,0.01352800465406201,0.0,-0.014075441418270884,-0.04138333588208365
2024-11-08 13:36:00-05:00,72.46499633789062,72.51000213623047,72.46499633789062,72.51000213623047,6653.0,-0.020705047389502074,0.01379604997306938,0.006896568425496241,0.06900780070329127
2024-11-08 13:37:00-05:00,72.50499725341797,72.63999938964844,72.50250244140625,72.5999984741211,6970.0,0.05520032781183293,0.1792818226287407,0.05175754558897072,0.1241157567773099
2024-11-08 13:38:00-05:00,72.58999633789062,72.61000061035156,72.58999633789062,72.60240173339844,2758.0,0.11723203598721366,-0.04129787933498941,0.12067707118810223,0.003310274556267423
2024-11-08 13:39:00-05:00,72.61499786376953,72.76000213623047,72.61499786376953,72.7300033569336,13254.0,0.034442109299104295,0.20658521500895866,0.034442109299104295,0.1757539977860878
2024-11-08 13:40:00-05:00,72.70999908447266,72.75,72.70999908447266,72.7300033569336,8039.0,0.1308286490365962,-0.013746750875209823,0.1308286490365962,0.0
2024-11-08 13:41:00-05:00,72.7300033569336,72.73999786376953,72.68000030517578,72.69999694824219,10655.0,0.02751240917731046,-0.013748640866628747,-0.04125812085628011,-0.04125726289897491
2024-11-08 13:42:00-05:00,72.69999694824219,72.75,72.69999694824219,72.73999786376953,6187.0,-0.04125726289897491,0.01375053137779858,0.027513267724876833,0.055021894369300384
2024-11-08 13:43:00-05:00,72.75,72.7699966430664,72.72000122070312,72.74500274658203,6257.0,0.06877999154994985,0.027486794592990194,0.02751619436129893,0.0068805099800339775
2024-11-08 13:44:00-05:00,72.75,72.76000213623047,72.70999908447266,72.70999908447266,10832.0,0.0,-0.013734378585938956,-0.01375431251728898,-0.04811830474639178
2024-11-08 13:45:00-05:00,72.72000122070312,72.73999786376953,72.70999908447266,72.70999908447266,8904.0,-0.04123543545961894,-0.02749350175043075,0.0,0.0
2024-11-08 13:46:00-05:00,72.70999908447266,72.70999908447266,72.69499969482422,72.69999694824219,3307.0,-0.01375431251728898,-0.041241105551115265,-0.020629060428145607,-0.01375620458865523
2024-11-08 13:47:00-05:00,72.69999694824219,72.76000213623047,72.69999694824219,72.76000213623047,8921.0,-0.01375620458865523,0.06877053003360167,0.006874273937618192,0.08253808873059931
2024-11-08 13:48:00-05:00,72.7699966430664,72.78500366210938,72.76010131835938,72.7750015258789,6679.0,0.0962856915579513,0.034361634338742064,0.0826745153235331,0.02061488346352114
2024-11-08 13:49:00-05:00,72.7699966430664,72.7699966430664,72.7249984741211,72.75,6007.0,0.0,-0.020618284382645236,-0.04824463353162445,-0.0343545521878319
2024-11-08 13:50:00-05:00,72.75,72.77999877929688,72.75,72.7750015258789,5568.0,-0.02747924143035041,0.013744862844400352,0.03437817312268443,0.03436635859643822
2024-11-08 13:51:00-05:00,72.77999877929688,72.77999877929688,72.73999786376953,72.73999786376953,7736.0,0.04123543545961894,0.0,-0.013748640866628747,-0.04809846977045229
2024-11-08 13:52:00-05:00,72.73500061035156,72.76499938964844,72.72000122070312,72.76499938964844,8054.0,-0.06182765828530723,-0.020609219428435743,-0.027490574173316684,0.034371084153361764
2024-11-08 13:53:00-05:00,72.76499938964844,72.76499938964844,72.72000122070312,72.72000122070312,6344.0,0.04124393901854262,0.0,0.0,-0.061840403109680864
2024-11-08 13:54:00-05:00,72.72000122070312,72.73999786376953,72.68000030517578,72.70999908447266,9746.0,-0.061840403109680864,-0.03435927449820797,-0.05500675860268256,-0.01375431251728898
2024-11-08 13:55:00-05:00,72.70999908447266,72.71499633789062,72.68000030517578,72.68000030517578,4270.0,-0.01375431251728898,-0.034371084153361764,0.0,-0.04125812085628011
2024-11-08 13:56:00-05:00,72.66500091552734,72.72000122070312,72.66500091552734,72.72000122070312,6365.0,-0.06188718128442572,0.0068828756990324536,-0.02063757510382125,0.05503703269040816
2024-11-08 13:57:00-05:00,72.72000122070312,72.7699966430664,72.70999908447266,72.76000213623047,3794.0,0.07569022842195405,0.06875057965352038,0.06192550523411722,0.05500675860268256
2024-11-08 13:58:00-05:00,72.7699966430664,72.7699966430664,72.73500061035156,72.75990295410156,5931.0,0.06875057965352038,0.0,0.03438526501680084,-0.00013631408189995753
2024-11-08 13:59:00-05:00,72.7520980834961,72.79000091552734,72.74500274658203,72.7500991821289,7825.0,-0.024596070353144484,0.027489725688822908,0.013751476107159988,-0.01347414107855105
2024-11-08 14:00:00-05:00,72.75,72.7699966430664,72.75,72.75,3902.0,-0.00288388039845211,-0.02748217091541605,0.006869548737764575,-0.00013633263736823054
2024-11-08 14:01:00-05:00,72.76000213623047,72.79000091552734,72.76000213623047,72.79000091552734,3139.0,0.013748640866628747,0.027489725688822908,0.013748640866628747,0.05498407632624769
2024-11-08 14:02:00-05:00,72.79000091552734,72.80999755859375,72.77999877929688,72.77999877929688,9508.0,0.04122976692704228,0.027471689538249855,0.027483016051821352,-0.013741085457708024
2024-11-08 14:03:00-05:00,72.76499938964844,72.7699966430664,72.76000213623047,72.76000213623047,2975.0,-0.034347472955686964,-0.054938767845935654,-0.02747546496537634,-0.02747546496537634
2024-11-08 14:04:00-05:00,72.76499938964844,72.83000183105469,72.76499938964844,72.82499694824219,6842.0,0.0,0.08245869280798512,0.006868132588300213,0.08932766644238477
2024-11-08 14:05:00-05:00,72.86000061035156,72.87999725341797,72.86000061035156,72.87999725341797,1476.0,0.1305589521060968,0.06864674050024444,0.1305589521060968,0.07552393749479247
2024-11-08 14:06:00-05:00,72.87999725341797,72.87999725341797,72.87000274658203,72.87999725341797,4211.0,0.027445296320194323,0.0,0.013727883813730024,0.0
2024-11-08 14:07:00-05:00,72.87999725341797,72.91100311279297,72.87999725341797,72.8949966430664,6140.0,0.0,0.04254371644278887,0.013715529654501069,0.020580941566561428
2024-11-08 14:08:00-05:00,72.88999938964844,72.91500091552734,72.88999938964844,72.8949966430664,2750.0,0.013724117189095608,0.005483126776062441,0.013724117189095608,0.0
2024-11-08 14:09:00-05:00,72.88140106201172,72.88140106201172,72.8550033569336,72.8584976196289,7851.0,-0.011796306363998088,-0.04608085180517474,-0.04801211827121232,-0.050070684022685
2024-11-08 14:10:00-05:00,72.86000061035156,72.86000061035156,72.83000183105469,72.83999633789062,4719.0,-0.02936339223493789,-0.02936339223493789,-0.034316827571079234,-0.02539344392588072
2024-11-08 14:11:00-05:00,72.8499984741211,72.94000244140625,72.8499984741211,72.91000366210938,7161.0,-0.013727883813730024,0.10980212789528654,0.027456601076014664,0.09611110343004103
2024-11-08 14:12:00-05:00,72.90499877929688,72.90499877929688,72.8499984741211,72.86000061035156,4562.0,0.07549801829482838,-0.04798966402214111,0.0,-0.06858188073826099
2024-11-08 14:13:00-05:00,72.86000061035156,72.86000061035156,72.83999633789062,72.86000061035156,4913.0,-0.06172165105102767,-0.06172165105102767,-0.013729768620407423,0.0
2024-11-08 14:14:00-05:00,72.86000061035156,72.88999938964844,72.86000061035156,72.88999938964844,4294.0,0.0,0.04117318013392435,0.027463307889452615,0.04117318013392435
2024-11-08 14:15:00-05:00,72.87999725341797,72.93000030517578,72.87999725341797,72.93000030517578,5226.0,0.027445296320194323,0.054878468736863084,0.027445296320194323,0.054878468736863084
2024-11-08 14:16:00-05:00,72.91000366210938,72.91000366210938,72.88999938964844,72.8949966430664,5129.0,0.041172351567286825,-0.027418953767621712,0.013724117189095608,-0.047996245664205794
2024-11-08 14:17:00-05:00,72.9000015258789,72.91000366210938,72.87000274658203,72.87000274658203,4124.0,-0.013718468972823139,0.0,-0.02743400086959724,-0.0342875336242332
2024-11-08 14:18:00-05:00,72.87000274658203,72.87000274658203,72.8499984741211,72.8499984741211,3699.0,-0.041150588023275425,-0.054863411765448955,-0.027451999048921927,-0.027451999048921927
2024-11-08 14:19:00-05:00,72.83999633789062,72.83999633789062,72.80500030517578,72.80500030517578,4711.0,-0.04117799857337179,-0.04117799857337179,-0.06176824967443206,-0.06176824967443206
2024-11-08 14:20:00-05:00,72.80500030517578,72.80500030517578,72.77999877929688,72.77999877929688,9936.0,-0.0480450775319996,-0.0480450775319996,-0.03434039664048649,-0.03434039664048649
2024-11-08 14:21:00-05:00,72.7699966430664,72.7699966430664,72.75,72.75,4504.0,-0.04807865114023757,-0.04807865114023757,-0.04121843885687149,-0.04121843885687149
2024-11-08 14:22:00-05:00,72.75,72.76000213623047,72.7300033569336,72.76000213623047,7834.0,-0.02747924143035041,-0.013734378585938956,-0.027486794593001296,0.013748640866628747
2024-11-08 14:23:00-05:00,72.76000213623047,72.83999633789062,72.76000213623047,72.83000183105469,9102.0,0.013748640866628747,0.1099425499059059,0.041246772875358495,0.09620628472928328
2024-11-08 14:24:00-05:00,72.83999633789062,72.87000274658203,72.83000183105469,72.87000274658203,3274.0,0.1099425499059059,0.04119496183416782,0.09620628472928328,0.054923677772422685
2024-11-08 14:25:00-05:00,72.87000274658203,72.9800033569336,72.87000274658203,72.9800033569336,13844.0,0.04119496183416782,0.1509545851591465,0.054923677772422685,0.1509545851591465
2024-11-08 14:26:00-05:00,72.99569702148438,72.99569702148438,72.93000030517578,72.95999908447266,10291.0,0.17249110767769693,0.021504061152244347,0.08233505740682379,-0.02741062145900086
2024-11-08 14:27:00-05:00,72.97000122070312,73.0,72.97000122070312,73.0,4329.0,-0.03520180206469936,0.005894838588038631,0.05484836879192656,0.05482581692610733
2024-11-08 14:28:00-05:00,72.98999786376953,73.01499938964844,72.98999786376953,73.0,12755.0,0.027403923162783173,0.02054710910743829,0.027403923162783173,0.0
2024-11-08 14:29:00-05:00,73.0,73.0199966430664,73.0,73.00499725341797,16826.0,0.013703434063860875,0.006844146353146563,0.013703434063860875,0.006845552627354756
2024-11-08 14:30:00-05:00,73.00499725341797,73.01000213623047,72.93000030517578,72.93000030517578,10293.0,0.006845552627354756,-0.013687355923597266,-0.0958899929098922,-0.10272851320280996
2024-11-08 14:31:00-05:00,72.92500305175781,72.92500305175781,72.87999725341797,72.87999725341797,6332.0,-0.10957359724633742,-0.11642115050765067,-0.06856307630409564,-0.06856307630409564
2024-11-08 14:32:00-05:00,72.88999938964844,72.8949966430664,72.87999725341797,72.8949966430664,4294.0,-0.047999534651421705,-0.041146941975589435,0.0,0.020580941566561428
2024-11-08 14:33:00-05:00,72.88089752197266,72.9000015258789,72.87000274658203,72.87000274658203,5586.0,-0.012487128209626164,0.006865879748940706,-0.01371364875493164,-0.0342875336242332
2024-11-08 14:34:00-05:00,72.87000274658203,72.87999725341797,72.87000274658203,72.87999725341797,4195.0,-0.014948739328213279,-0.02744070238988039,0.0,0.013715529654501069
2024-11-08 14:35:00-05:00,72.88500213623047,72.91000366210938,72.875,72.87999725341797,13958.0,0.020583764351700395,0.041172351567286825,0.006857764827250534,0.0
2024-11-08 14:36:00-05:00,72.87000274658203,72.87000274658203,72.83000183105469,72.83000183105469,4662.0,-0.02057952831009402,-0.054863411765448955,-0.06174705858704721,-0.0685996490771501
2024-11-08 14:37:00-05:00,72.81999969482422,72.8499984741211,72.81999969482422,72.83000183105469,5518.0,-0.06861952775232272,-0.027451999048921927,-0.01373353834820401,0.0
2024-11-08 14:38:00-05:00,72.81999969482422,72.82689666748047,72.80000305175781,72.80000305175781,4767.0,0.0,-0.03171147168772315,-0.027460372356780116,-0.041190139424218675
2024-11-08 14:39:00-05:00,72.79000091552734,72.79499816894531,72.79000091552734,72.79499816894531,2757.0,-0.041195797064808026,-0.04380043637010056,-0.013739197542828041,-0.006874838739967526
2024-11-08 14:40:00-05:00,72.79000091552734,72.80000305175781,72.77999877929688,72.80000305175781,7815.0,0.0,0.006875311406528972,-0.013741085457708024,0.006875311406528972
2024-11-08 14:41:00-05:00,72.79000091552734,72.79000091552734,72.7699966430664,72.7699966430664,3741.0,0.0,-0.013739197542828041,-0.013742973891495147,-0.041217592628495225
2024-11-08 14:42:00-05:00,72.7750015258789,72.77999877929688,72.75,72.76000213623047,5354.0,-0.02060638749797894,-0.013741085457708024,-0.02747924143035041,-0.013734378585938956
2024-11-08 14:43:00-05:00,72.75,72.78810119628906,72.72489929199219,72.72489929199219,12054.0,-0.0343545521878319,0.011132752305687,-0.034502691419668885,-0.048244699295851845
2024-11-08 14:44:00-05:00,72.71499633789062,72.75,72.71499633789062,72.73999786376953,7757.0,-0.04811499946305586,-0.052345363682881896,-0.013617006277044652,0.020761213730557948
2024-11-08 14:45:00-05:00,72.7300033569336,72.74500274658203,72.7300033569336,72.7300033569336,6912.0,0.02063813490855715,-0.006869076863191825,0.02063813490855715,-0.013740042795518104
2024-11-08 14:46:00-05:00,72.70999908447266,72.72000122070312,72.66000366210938,72.66000366210938,9458.0,-0.027504841932657342,-0.03436871941018271,-0.09624596671704566,-0.09624596671704566
2024-11-08 14:47:00-05:00,72.66010284423828,72.66010284423828,72.63999938964844,72.6500015258789,7607.0,-0.0686236292980924,-0.08236850310694432,-0.027531339736730498,-0.0137656698683708
2024-11-08 14:48:00-05:00,72.6500015258789,72.6500015258789,72.5999984741211,72.5999984741211,5838.0,-0.01390215257612848,-0.01390215257612848,-0.055067340120384944,-0.0688273237544279
2024-11-08 14:49:00-05:00,72.61000061035156,72.62000274658203,72.58999633789062,72.62000274658203,9445.0,-0.05505975868850266,-0.04129219362257741,-0.013777047438967571,0.027554094877935142
2024-11-08 14:50:00-05:00,72.62999725341797,72.68000030517578,72.62999725341797,72.66999816894531,14707.0,0.0275397918996223,0.08261850223707512,0.055105272827327134,0.06884524989312357
2024-11-08 14:51:00-05:00,72.67500305175781,72.77999877929688,72.67500305175781,72.77999877929688,12617.0,0.06196585438769109,0.13758733310569315,0.06196585438769109,0.15137004695642275
2024-11-08 14:52:00-05:00,72.77999877929688,72.80000305175781,72.77999877929688,72.78500366210938,17688.0,0.1444729592433358,0.027485947782990294,0.1444729592433358,0.006876728354554551
2024-11-08 14:53:00-05:00,72.78500366210938,72.80000305175781,72.70500183105469,72.70500183105469,9702.0,0.006876728354554551,0.0,-0.10304609714217872,-0.10991526692240017
2024-11-08 14:54:00-05:00,72.69999694824219,72.69999694824219,72.69499969482422,72.69499969482422,3438.0,-0.11679152241554913,-0.1373710155541108,-0.013757150097748472,-0.013757150097748472
2024-11-08 14:55:00-05:00,72.68589782714844,72.7300033569336,72.68000030517578,72.68000030517578,19670.0,-0.019393564904535143,0.041274291541948394,-0.020633316887552766,-0.020633316887552766
2024-11-08 14:56:00-05:00,72.69999694824219,72.70999908447266,72.63999938964844,72.69999694824219,26976.0,0.01939732673768013,-0.027504841932657342,-0.05503703269039706,0.027513267724876833
2024-11-08 14:57:00-05:00,72.69999694824219,72.69999694824219,72.6500015258789,72.6500015258789,4566.0,0.0,-0.01375620458865523,0.013769460785395538,-0.06876949719664127
2024-11-08 14:58:00-05:00,72.6417007446289,72.6449966430664,72.5999984741211,72.5999984741211,16392.0,-0.08018735359065499,-0.07565379296361474,-0.0688273237544279,-0.0688273237544279
2024-11-08 14:59:00-05:00,72.5999984741211,72.61000061035156,72.58999633789062,72.5999984741211,14691.0,-0.05740816924759695,-0.04817404409389603,-0.013777047438967571,0.0
2024-11-08 15:00:00-05:00,72.58999633789062,72.58999633789062,72.5199966430664,72.56500244140625,10022.0,-0.013777047438967571,-0.0275502992601373,-0.09643159988379502,-0.0482039028242065
2024-11-08 15:01:00-05:00,72.58000183105469,72.58999633789062,72.54000091552734,72.54499816894531,11796.0,-0.013768435514749378,0.0,0.027584491708387837,-0.02756738343265841
2024-11-08 15:02:00-05:00,72.55000305175781,72.55999755859375,72.52999877929688,72.55500030517578,6500.0,-0.041332017828688006,-0.04132632705646788,-0.013788442382456356,0.013787492567263193
2024-11-08 15:03:00-05:00,72.55500030517578,72.58000183105469,72.5,72.50499725341797,14070.0,0.006888012691619316,0.02756928491458588,-0.041360512617905076,-0.06891744407345746
2024-11-08 15:04:00-05:00,72.5199966430664,72.58999633789062,72.51000213623047,72.58499908447266,14182.0,-0.0482443139165345,0.013770331473961228,0.01379604997306938,0.11033974772121091
2024-11-08 15:05:00-05:00,72.58999633789062,72.5999984741211,72.58000183105469,72.58999633789062,15381.0,0.09652468017717908,0.013778945770859252,0.09653798477720077,0.006884691714548197
2024-11-08 15:06:00-05:00,72.5999984741211,72.61499786376953,72.5999984741211,72.5999984741211,6572.0,0.013778945770859252,0.020660316754383956,0.027551174651319066,0.013778945770859252
2024-11-08 15:07:00-05:00,72.5999984741211,72.63999938964844,72.5999984741211,72.6050033569336,12573.0,0.0,0.03443025079448159,0.0,0.006893778123551186
2024-11-08 15:08:00-05:00,72.62000274658203,72.62000274658203,72.59500122070312,72.5999984741211,8354.0,0.027554094877935142,-0.02752841854959387,-0.006883269315427487,-0.006893302914534605
2024-11-08 15:09:00-05:00,72.5999984741211,72.6500015258789,72.5999984741211,72.6500015258789,13938.0,-0.027546504687891993,0.04130925111853756,0.0068837431419943584,0.06887472838672526
2024-11-08 15:10:00-05:00,72.63999938964844,72.6500015258789,72.61000061035156,72.61000061035156,5144.0,0.05509768094775769,0.0,0.013777047438967571,-0.05505975868850266
2024-11-08 15:11:00-05:00,72.62000274658203,72.62000274658203,72.59110260009766,72.5999984741211,15777.0,-0.02752841854959387,-0.04129219362257741,-0.026026731986028562,-0.01377514963006865
2024-11-08 15:12:00-05:00,72.5999984741211,72.61000061035156,72.58999633789062,72.5999984741211,12263.0,-0.027546504687891993,-0.013773252343951548,-0.001523963912108961,0.0
2024-11-08 15:13:00-05:00,72.5999984741211,72.64189910888672,72.59500122070312,72.63999938964844,12796.0,0.0,0.04393127429695998,0.006894728013495666,0.05509768094775769
2024-11-08 15:14:00-05:00,72.6500015258789,72.65709686279297,72.62999725341797,72.63760375976562,8759.0,0.06887472838672526,0.020921471069290654,0.04820722105707276,-0.0032979486549344905
2024-11-08 15:15:00-05:00,72.63999938964844,72.6500015258789,72.62000274658203,72.62960052490234,11282.0,-0.013767565065925247,-0.009765511175685582,-0.013760852559396852,-0.011018032601617378
2024-11-08 15:16:00-05:00,72.62999725341797,72.63999938964844,72.58999633789062,72.62000274658203,43526.0,-0.013769460785395538,-0.013767565065925247,-0.04131975703184354,-0.01321469242698825
2024-11-08 15:17:00-05:00,72.5999984741211,72.5999984741211,72.58999633789062,72.5999984741211,7633.0,-0.04130356661339318,-0.055067340120384944,0.0,-0.027546504687891993
2024-11-08 15:18:00-05:00,72.5999984741211,72.5999984741211,72.59500122070312,72.59500122070312,4645.0,0.0,0.0,0.006894728013495666,-0.006883269315427487
2024-11-08 15:19:00-05:00,72.59500122070312,72.6449966430664,72.59500122070312,72.63999938964844,16356.0,-0.006883269315427487,0.06198095026317407,0.0,0.061985216872595394
2024-11-08 15:20:00-05:00,72.63999938964844,72.6449966430664,72.5999984741211,72.5999984741211,7378.0,0.061985216872595394,0.0,0.0068837431419943584,-0.055067340120384944
2024-11-08 15:21:00-05:00,72.5999984741211,72.6050033569336,72.59500122070312,72.6050033569336,8490.0,-0.055067340120384944,-0.05505304973626446,-0.006883269315427487,0.006893778123551186
2024-11-08 15:22:00-05:00,72.5999984741211,72.63999938964844,72.59500122070312,72.63500213623047,12646.0,0.0,0.048200579983181946,0.0,0.04131778515235052
2024-11-08 15:23:00-05:00,72.62999725341797,72.66000366210938,72.625,72.66000366210938,12132.0,0.04132063350879012,0.027538921570791075,0.041323477915056195,0.034420768422394055
2024-11-08 15:24:00-05:00,72.68000030517578,72.68299865722656,72.66999816894531,72.67500305175781,5786.0,0.06884628066738951,0.0316473905287884,0.06195961300559105,0.020643254737762184
2024-11-08 15:25:00-05:00,72.68000030517578,72.69999694824219,72.68000030517578,72.69000244140625,7183.0,0.0,0.023386887345955287,0.013763776637532033,0.020638994177613057
2024-11-08 15:26:00-05:00,72.68009948730469,72.68009948730469,72.66000366210938,72.66500091552734,9536.0,0.0001364641283529977,-0.027369273415056572,-0.027513267724876833,-0.034394724225050854
2024-11-08 15:27:00-05:00,72.66500091552734,72.69000244140625,72.6500015258789,72.69000244140625,12410.0,-0.02077401088310671,0.013625399760619494,-0.0137656698683708,0.03440655826587591
2024-11-08 15:28:00-05:00,72.69000244140625,72.69000244140625,72.69000244140625,72.69000244140625,2305.0,0.03440655826587591,0.0,0.05505975868851376,0.0
2024-11-08 15:29:00-05:00,72.68000030517578,72.69499969482422,72.66500091552734,72.67500305175781,11623.0,-0.01375998884927121,0.006874746526519537,-0.034394724225050854,-0.020634735375790747
2024-11-08 15:30:00-05:00,72.67500305175781,72.67500305175781,72.6449966430664,72.6449966430664,7684.0,-0.006875692621055585,-0.027507590825159856,-0.027529446375695876,-0.04128848631769211
2024-11-08 15:31:00-05:00,72.6449966430664,72.69499969482422,72.6449966430664,72.69499969482422,14324.0,-0.04128848631769211,0.02751515958268058,0.0,0.06883206561836275
2024-11-08 15:32:00-05:00,72.69499969482422,72.69499969482422,72.6500015258789,72.69000244140625,15762.0,0.06883206561836275,0.0,0.0068895079410546956,-0.006874273937607089
2024-11-08 15:33:00-05:00,72.69999694824219,72.73500061035156,72.69000244140625,72.73500061035156,16634.0,0.006874273937618192,0.05502567672504011,0.05505975868851376,0.06190420612737224
2024-11-08 15:34:00-05:00,72.73500061035156,72.80500030517578,72.7300033569336,72.80500030517578,19515.0,0.048148092955613286,0.09623935414424523,0.0550294596008305,0.09623935414424523
2024-11-08 15:35:00-05:00,72.80500030517578,72.80500030517578,72.73500061035156,72.75,14773.0,0.09623935414424523,0.0,0.006870965471361679,-0.07554468092196842
2024-11-08 15:36:00-05:00,72.76499938964844,72.7699966430664,72.74210357666016,72.74210357666016,9793.0,-0.054942538781221906,-0.04807865114023757,0.0097655410036257,-0.01085419015786071
2024-11-08 15:37:00-05:00,72.73999786376953,72.75,72.71299743652344,72.75,10614.0,-0.03435927449820797,-0.02747924143035041,-0.04001278311404066,0.010855368420181755
2024-11-08 15:38:00-05:00,72.75,72.79000091552734,72.75,72.77999877929688,9590.0,0.01375053137779858,0.05498407632624769,0.050888513444746764,0.04123543545961894
2024-11-08 15:39:00-05:00,72.77999877929688,72.83000183105469,72.77999877929688,72.83000183105469,16026.0,0.04123543545961894,0.054953860453665904,0.04123543545961894,0.06870438663986178
2024-11-08 15:40:00-05:00,72.83000183105469,72.84940338134766,72.83000183105469,72.83999633789062,8492.0,0.06870438663986178,0.02663950268457782,0.06870438663986178,0.013723062727799551
2024-11-08 15:41:00-05:00,72.83999633789062,72.88999938964844,72.83999633789062,72.86000061035156,21608.0,0.013723062727799551,0.05572593105296342,0.013723062727799551,0.027463307889452615
2024-11-08 15:42:00-05:00,72.86000061035156,72.86000061035156,72.83999633789062,72.86000061035156,14949.0,0.027463307889452615,-0.04115623480323016,0.0,0.0
2024-11-08 15:43:00-05:00,72.8646011352539,72.88999938964844,72.8646011352539,72.88999938964844,14993.0,0.006314198275880756,0.04117318013392435,0.03377924025302903,0.04117318013392435
2024-11-08 15:44:00-05:00,72.88999938964844,72.9000015258789,72.87999725341797,72.9000015258789,39909.0,0.03485678093178013,0.013722233933632921,0.02112976386912102,0.013722233933632921
2024-11-08 15:45:00-05:00,72.90499877929688,72.9800033569336,72.90499877929688,72.9800033569336,39484.0,0.02057811740161508,0.10974187843644234,0.034305058755657036,0.10974187843644234
2024-11-08 15:46:00-05:00,72.97000122070312,72.9800033569336,72.87000274658203,72.87000274658203,66459.0,0.08916047252538473,0.0,-0.04800224031384914,-0.15072705575740475
2024-11-08 15:47:00-05:00,72.86000061035156,72.9000015258789,72.83049774169922,72.83049774169922,16175.0,-0.1507477162003279,-0.10962157765793679,-0.05421298668012442,-0.05421298668012442
2024-11-08 15:48:00-05:00,72.83999633789062,72.8550033569336,72.83000183105469,72.8499984741211,16424.0,-0.027455767627448946,-0.06172588203491314,-0.0006809106897653905,0.026775503431308856
2024-11-08 15:49:00-05:00,72.83999633789062,72.8949966430664,72.83999633789062,72.8499984741211,23571.0,0.0,0.05489435768313289,0.013723062727799551,0.0
2024-11-08 15:50:00-05:00,72.83999633789062,72.87999725341797,72.81999969482422,72.87999725341797,31460.0,0.0,-0.020576706686581403,-0.0274528337064206,0.041178833116295444
2024-11-08 15:51:00-05:00,72.86000061035156,72.87000274658203,72.80999755859375,72.86000061035156,38636.0,0.027463307889452615,-0.01371364875493164,-0.01373542470802791,-0.027437765944027248
2024-11-08 15:52:00-05:00,72.86000061035156,72.91999816894531,72.86000061035156,72.9000015258789,26138.0,0.0,0.06860905788235172,0.06867607943203957,0.05490106394765437
2024-11-08 15:53:00-05:00,72.88999938964844,72.91999816894531,72.80999755859375,72.8550033569336,54071.0,0.04117318013392435,0.0,-0.0686289477613733,-0.06172588203491314
2024-11-08 15:54:00-05:00,72.86000061035156,72.93000030517578,72.83000183105469,72.93000030517578,73696.0,-0.04115623480323016,0.01371658870217285,0.02747462317223004,0.1029400106877576
2024-11-08 15:55:00-05:00,72.91000366210938,72.91000366210938,72.73999786376953,72.74500274658203,65874.0,0.06862894776136219,-0.027418953767621712,-0.12358089389307159,-0.25366455206311533
2024-11-08 15:56:00-05:00,72.74500274658203,72.84500122070312,72.74500274658203,72.83000183105469,95714.0,-0.22630764948526894,-0.08915435213457945,0.0068805099800339775,0.1168452557060995
2024-11-08 15:57:00-05:00,72.83000183105469,72.93000030517578,72.83000183105469,72.88999938964844,79505.0,0.1168452557060995,0.11668485558140596,0.1168452557060995,0.08238027884843735
2024-11-08 15:58:00-05:00,72.88999938964844,72.93000030517578,72.87000274658203,72.88500213623047,74969.0,0.08238027884843735,0.0,0.054923677772422685,-0.00685588346798216
2024-11-08 15:59:00-05:00,72.88500213623047,72.88999938964844,72.83999633789062,72.88999938964844,186338.0,-0.00685588346798216,-0.05484836879193766,-0.04117799857337179,0.0068563535315924184
2024-11-11 09:30:00-05:00,72.3499984741211,72.48999786376953,72.13009643554688,72.1500015258789,58960.0,-0.7340380687777093,-0.5487742203709178,-0.9746017820356001,-1.0152255041377067
2024-11-11 09:31:00-05:00,72.16000366210938,72.16000366210938,71.75,71.75499725341797,22509.0,-0.2626051361696691,-0.45522721945766564,-0.5269595554839079,-0.547476457528917
2024-11-11 09:32:00-05:00,71.7300033569336,71.84500122070312,71.62999725341797,71.68000030517578,11873.0,-0.5958983971082743,-0.43653329465066504,-0.16725121474847615,-0.10451808391451767
2024-11-11 09:33:00-05:00,71.76000213623047,71.9749984741211,71.68000030517578,71.9749984741211,12052.0,0.04182180104970179,0.180941264123069,0.06980741822577574,0.4115487830487874
2024-11-11 09:34:00-05:00,71.93000030517578,72.01499938964844,71.81999969482422,71.81999969482422,20570.0,0.23689822168981856,0.05557612556494895,0.19531164767354614,-0.215350861525343
2024-11-11 09:35:00-05:00,71.79499816894531,71.94280242919922,71.79499816894531,71.83999633789062,9156.0,-0.18768543814500216,-0.10025267105618907,-0.03481137007120827,0.02784272229374718
2024-11-11 09:36:00-05:00,71.83999633789062,72.01000213623047,71.79499816894531,72.01000213623047,8158.0,0.06267591070818757,0.09340713005638879,0.0,0.23664505429572547
2024-11-11 09:37:00-05:00,72.03500366210938,72.05999755859375,71.94000244140625,71.98500061035156,10984.0,0.27144673463170843,0.06942844171660134,0.20196988113254655,-0.034719518313031106
2024-11-11 09:38:00-05:00,71.99749755859375,71.99749755859375,71.80500030517578,71.9800033569336,8145.0,-0.0520664976870866,-0.08673328076257425,-0.18765934340970736,-0.006942075954152749
2024-11-11 09:39:00-05:00,71.93499755859375,71.95719909667969,71.87999725341797,71.91500091552734,9140.0,-0.08680857268564823,-0.05597203136298301,0.10444530035993438,-0.09030624947864441
2024-11-11 09:40:00-05:00,71.9000015258789,71.91000366210938,71.83000183105469,71.83000183105469,4954.0,-0.04864952235014153,-0.0655882040473843,-0.0695540126233185,-0.11819381685400643
2024-11-11 09:41:00-05:00,71.83999633789062,71.83999633789062,71.7300033569336,71.75,6174.0,-0.08345644883843706,-0.0973540823995811,-0.13921546926350947,-0.1113766239945968
2024-11-11 09:42:00-05:00,71.72000122070312,71.7699966430664,71.6500015258789,71.67430114746094,15842.0,-0.16703107364193226,-0.09743833295172699,-0.11153189364371263,-0.10550362723213969
2024-11-11 09:43:00-05:00,71.66999816894531,71.7699966430664,71.66999816894531,71.69499969482422,5097.0,-0.06971981442657205,0.0,0.02790878247111994,0.028878617624328307
2024-11-11 09:44:00-05:00,71.68000030517578,71.81999969482422,71.54000091552734,71.55999755859375,24093.0,0.013955820407440811,0.06967124717378592,-0.1813830846088882,-0.1883006301766077
2024-11-11 09:45:00-05:00,71.55000305175781,71.63999938964844,71.3499984741211,71.3550033569336,13450.0,-0.18135777464356462,-0.25062699239853936,-0.2655890955754914,-0.28646479688921866
2024-11-11 09:46:00-05:00,71.3550033569336,71.5,71.30000305175781,71.41999816894531,12713.0,-0.2725362494857775,-0.1954207019000398,-0.07007067054306537,0.09108655168383883
2024-11-11 09:47:00-05:00,71.4000015258789,71.4000015258789,71.16999816894531,71.33309936523438,20706.0,0.06306238781914608,-0.13985800576377105,-0.18233503120347327,-0.12167292906585248
2024-11-11 09:48:00-05:00,71.26000213623047,71.29000091552734,71.18000030517578,71.19999694824219,25257.0,-0.19607757234808565,-0.1540624761915299,0.014053866078134192,-0.18659278536418133
2024-11-11 09:49:00-05:00,71.12000274658203,71.12999725341797,71.05500030517578,71.05999755859375,22044.0,-0.19646279182085058,-0.22444053872150427,-0.17561112596807815,-0.19662836467564393
2024-11-11 09:50:00-05:00,71.0999984741211,71.0999984741211,70.97000122070312,71.00499725341797,11631.0,-0.028127491125407023,-0.042174582391729665,-0.11962435311743125,-0.07739981292629317
2024-11-11 09:53:00-05:00,70.91999816894531,70.95999908447266,70.87000274658203,70.9000015258789,67104.0,-0.2531649916157175,-0.19690491231078022,-0.14090245512342614,-0.14787089866975522
2024-11-11 09:54:00-05:00,70.86000061035156,70.93270111083984,70.86000061035156,70.91000366210938,16717.0,-0.08459892857135554,-0.03846952365418321,-0.014113356628808749,0.014107385070816214
2024-11-11 09:55:00-05:00,70.93000030517578,71.02999877929688,70.90499877929688,70.94999694824219,14474.0,0.09878590773535478,0.13716898825690826,0.06350291921777274,0.05640006214551185
2024-11-11 09:56:00-05:00,70.95500183105469,71.0999984741211,70.94000244140625,71.0999984741211,19729.0,0.03524816829456601,0.09854948053951151,0.04936698781750071,0.21141865021971906
2024-11-11 09:57:00-05:00,71.0999984741211,71.125,70.91000366210938,70.94999694824219,18302.0,0.2043501364592304,0.03516389087969696,-0.04228753631867477,-0.21097261476524798
2024-11-11 09:58:00-05:00,70.94100189208984,70.98999786376953,70.91000366210938,70.91000366210938,8342.0,-0.22362388951262524,-0.18980968187061187,0.0,-0.05636827040597092
2024-11-11 09:59:00-05:00,70.94999694824219,70.95500183105469,70.86000061035156,70.87999725341797,19128.0,0.012679629427880812,-0.04929713166353933,-0.07051621657796492,-0.04231618550520899
2024-11-11 10:00:00-05:00,70.87000274658203,70.97000122070312,70.81500244140625,70.94999694824219,18972.0,-0.1127472940111729,0.021139298515060467,-0.06350291921778384,0.09875803828540697
2024-11-11 10:01:00-05:00,70.94000244140625,71.09500122070312,70.91999816894531,70.9800033569336,11284.0,0.09877196572789515,0.17613075644633547,0.14826763244968344,0.042292332603333094
2024-11-11 10:02:00-05:00,71.0199966430664,71.16999816894531,70.9800033569336,71.0999984741211,12165.0,0.11276317861170781,0.10548835636048359,0.08460968631913701,0.16905482038946928
2024-11-11 10:03:00-05:00,71.06999969482422,71.06999969482422,70.9000015258789,70.98999786376953,13680.0,0.070407003831785,-0.140506500904658,-0.1127103793619022,-0.15471253546032182
2024-11-11 10:04:00-05:00,70.9800033569336,71.02999877929688,70.88500213623047,70.93499755859375,15444.0,-0.1266305589940453,-0.05628382678923849,-0.02115569721526933,-0.07747613301992695
2024-11-11 10:05:00-05:00,70.94000244140625,70.98999786376953,70.91999816894531,70.91999816894531,17833.0,-0.05635518968094555,-0.05631552332083789,0.04937015117469912,-0.02114525997699568
2024-11-11 10:06:00-05:00,70.92500305175781,70.95999908447266,70.8499984741211,70.93000030517578,19972.0,-0.021143768159337384,-0.04225775489449246,-0.09870233591583455,0.014103407344490115
2024-11-11 10:07:00-05:00,70.99430084228516,70.99430084228516,70.87000274658203,70.94999694824219,13955.0,0.09770572794585153,0.048339569130573246,0.02823468298061016,0.0281920808971714
2024-11-11 10:08:00-05:00,70.91999816894531,70.98999786376953,70.91000366210938,70.9800033569336,17346.0,-0.10466005363573005,-0.006061019637593201,0.0564426611783464,0.042292332603333094
2024-11-11 10:09:00-05:00,70.9800033569336,71.05999755859375,70.94000244140625,71.05000305175781,23332.0,0.08460968631913701,0.09860501046716763,0.04230542624115152,0.09861889477831287
2024-11-11 10:10:00-05:00,71.08000183105469,71.12000274658203,71.06500244140625,71.09500122070312,11462.0,0.1408825998756802,0.08444299190808469,0.17620523780392805,0.06333309924355657
2024-11-11 10:11:00-05:00,71.08999633789062,71.19999694824219,71.08999633789062,71.19000244140625,10062.0,0.014060926531334061,0.11247778201752823,0.03517047157632902,0.1336257389014106
2024-11-11 10:12:00-05:00,71.16999816894531,71.16999816894531,70.9800033569336,71.00499725341797,7760.0,0.11253598983806956,-0.0421331187958951,-0.15472357099898248,-0.2598752375947089
2024-11-11 10:13:00-05:00,70.98999786376953,71.05999755859375,70.98999786376953,71.04499816894531,16289.0,-0.25291598961193484,-0.15456036698278108,0.014080735930210864,0.056335352545078266
2024-11-11 10:14:00-05:00,71.06999969482422,71.06999969482422,70.91999816894531,70.91999816894531,5922.0,0.11269451114537254,0.014075621410225558,-0.09860501046717873,-0.17594482823793944
2024-11-11 10:15:00-05:00,70.94999694824219,70.95999908447266,70.88999938964844,70.91000366210938,7558.0,-0.16885148036770437,-0.1547778399098143,-0.04229946428567777,-0.014092649596697537
2024-11-11 10:16:00-05:00,70.94000244140625,70.98999786376953,70.87000274658203,70.87999725341797,5271.0,-0.014086691001868878,0.04227561962220072,-0.028207988769324288,-0.04231618550520899
2024-11-11 10:17:00-05:00,70.8499984741211,70.93499755859375,70.8499984741211,70.93499755859375,10978.0,-0.1268733636702324,-0.07747613301992695,-0.028226713257606395,0.07759637035416045
2024-11-11 10:18:00-05:00,70.97000122070312,70.98999786376953,70.95999908447266,70.9749984741211,22838.0,0.1693757927544226,0.07753620507331416,0.15525845126409532,0.05639094509632958
2024-11-11 10:19:00-05:00,70.92500305175781,70.95989990234375,70.81999969482422,70.83000183105469,10764.0,-0.06340449228030565,-0.04239746771586006,-0.19729339269266566,-0.2042925624285541
2024-11-11 10:20:00-05:00,70.82589721679688,70.85559844970703,70.7699966430664,70.80000305175781,10715.0,-0.13973328261771556,-0.14698647092267203,-0.07060583447230373,-0.042353209828271954
2024-11-11 10:21:00-05:00,70.83000183105469,70.83000183105469,70.79000091552734,70.81999969482422,4279.0,0.005795357939830659,-0.036125047579005365,0.028266600833437572,0.028243844921571615
2024-11-11 10:22:00-05:00,70.80999755859375,70.87999725341797,70.78710174560547,70.87999725341797,5802.0,-0.02824265416320193,0.07058509257493739,-0.0040954511716040365,0.08471838301651324
2024-11-11 10:23:00-05:00,70.8499984741211,70.95999908447266,70.83000183105469,70.94999694824219,7576.0,0.05649049132396833,0.11286940484585006,0.060604381859552525,0.09875803828540697
2024-11-11 10:24:00-05:00,70.93000030517578,70.95649719238281,70.91999816894531,70.93499755859375,19474.0,0.11291719516961507,-0.004935022738195016,0.12705962948480476,-0.02114078970204547
2024-11-11 10:25:00-05:00,70.9800033569336,70.9800033569336,70.91999816894531,70.91999816894531,3064.0,0.07049633658913201,0.033127571795232846,0.0,-0.02114525997699568
2024-11-11 10:26:00-05:00,70.9000015258789,70.91500091552734,70.86499786376953,70.87000274658203,3487.0,-0.1127103793619022,-0.09157852681321854,-0.07755260377300122,-0.07049552122686542
2024-11-11 10:27:00-05:00,70.86000061035156,70.86000061035156,70.79000091552734,70.80500030517578,11744.0,-0.056418779501354877,-0.07755806876643678,-0.10583073520493702,-0.09172067008192952
2024-11-11 10:28:00-05:00,70.79000091552734,70.83000183105469,70.79000091552734,70.80000305175781,5744.0,-0.09878590773536589,-0.04233527947852256,0.0,-0.007057769079066301
2024-11-11 10:29:00-05:00,70.80000305175781,70.80000305175781,70.7699966430664,70.79000091552734,3916.0,0.01412930654203226,-0.042353209828271954,-0.028258613084086726,-0.014127310451039765
2024-11-11 10:30:00-05:00,70.77999877929688,70.94000244140625,70.77999877929688,70.93000030517578,11803.0,-0.02825462090207953,0.19773924239252505,0.014133300416729888,0.19776718157624718
2024-11-11 10:31:00-05:00,70.9207992553711,70.9207992553711,70.8499984741211,70.88999938964844,4724.0,0.19892692639520426,-0.027069615695340943,0.09889756432814867,-0.056394918025148844
2024-11-11 10:32:00-05:00,70.88999938964844,70.9000015258789,70.87000274658203,70.88999938964844,34751.0,-0.043428537250056465,-0.0293252892107132,0.02823468298061016,0.0
2024-11-11 10:33:00-05:00,70.9000015258789,70.9000015258789,70.8499984741211,70.9000015258789,8493.0,0.01410937553474323,0.0,-0.028226713257606395,0.01410937553474323
2024-11-11 10:34:00-05:00,70.91999816894531,70.94999694824219,70.86000061035156,70.88999938964844,10655.0,0.02820400935972245,0.07051540379026111,0.01411734149030508,-0.014107385070816214
2024-11-11 10:35:00-05:00,70.87000274658203,70.94000244140625,70.87000274658203,70.91500091552734,2903.0,-0.07049552122686542,-0.014086691001868878,0.014115348778309666,0.03526805768678809
2024-11-11 10:36:00-05:00,70.9000015258789,70.91999816894531,70.86000061035156,70.89620208740234,8163.0,0.04232930454954875,-0.02819886068859967,-0.014113356628808749,-0.026508958446458397
2024-11-11 10:37:00-05:00,70.86000061035156,70.86000061035156,70.80000305175781,70.80500030517578,9322.0,-0.056418779501354877,-0.08459892857135554,-0.08467055895704512,-0.12864128055001256
2024-11-11 10:38:00-05:00,70.80999755859375,70.89929962158203,70.79000091552734,70.87999725341797,6210.0,-0.070565977035153,0.055460077465374624,-0.014127310451039765,0.10592041228578708
2024-11-11 10:39:00-05:00,70.87000274658203,70.91000366210938,70.87000274658203,70.9000015258789,11461.0,0.08474112421572588,0.015097526469909361,0.11301289733016695,0.028222733120908394
2024-11-11 10:40:00-05:00,70.91999816894531,70.93000030517578,70.88999938964844,70.93000030517578,6679.0,0.07054525247029986,0.028200031072755927,0.028215947920751105,0.04231139443053866
2024-11-11 10:41:00-05:00,70.91000366210938,70.94999694824219,70.88999938964844,70.88999938964844,7147.0,-0.014092649596697537,0.0281920808971714,0.0,-0.056394918025148844
2024-11-11 10:42:00-05:00,70.9000015258789,70.9000015258789,70.83000183105469,70.8499984741211,6910.0,-0.014105395168406698,-0.07046571460708195,-0.08463472860815724,-0.05642673983883295
2024-11-11 10:43:00-05:00,70.82499694824219,70.82499694824219,70.79499816894531,70.80999755859375,6972.0,-0.10578924685825664,-0.10578924685825664,-0.04941925907734346,-0.056458597584807535
2024-11-11 10:44:00-05:00,70.81999969482422,70.81999969482422,70.75,70.75,16278.0,-0.0070557763971690335,-0.0070557763971690335,-0.06356122622946936,-0.0847303497561902
2024-11-11 10:45:00-05:00,70.73999786376953,70.7699966430664,70.7300033569336,70.7300033569336,7473.0,-0.11296502598056035,-0.07060583447230373,-0.028263806454287277,-0.028263806454287277
2024-11-11 10:46:00-05:00,70.7300033569336,70.7699966430664,70.62000274658203,70.62999725341797,11656.0,-0.014128508817856655,0.0,-0.15552185088476556,-0.14139134563723177
2024-11-11 10:47:00-05:00,70.625,70.62999725341797,70.55000305175781,70.56999969482422,7379.0,-0.1484565982609931,-0.1978230836360395,-0.09912162574591266,-0.08494628476124477
2024-11-11 10:48:00-05:00,70.56999969482422,70.58999633789062,70.55999755859375,70.57499694824219,7382.0,-0.07787653830199082,-0.056634457146897965,0.014166557623829235,0.007081271701259162
2024-11-11 10:49:00-05:00,70.58999633789062,70.62999725341797,70.58999633789062,70.5999984741211,3114.0,0.02833589790687263,0.05666654993983222,0.042515278252341915,0.035425472136041414
2024-11-11 10:50:00-05:00,70.58000183105469,70.61000061035156,70.54000091552734,70.55999755859375,8977.0,-0.01415853145549928,-0.028311827614346807,-0.0708250813953426,-0.056658521801533634
2024-11-11 10:51:00-05:00,70.54000091552734,70.54000091552734,70.48999786376953,70.52999877929688,8408.0,-0.05667457422726674,-0.09913566664656592,-0.07088609456880057,-0.04251527825233081
2024-11-11 10:52:00-05:00,70.52999877929688,70.55000305175781,70.5199966430664,70.52999877929688,16163.0,-0.01417938205365843,0.01417938205365843,0.042557497809614375,0.0
2024-11-11 10:53:00-05:00,70.56500244140625,70.58999633789062,70.54989624023438,70.56999969482422,6633.0,0.04962946648972011,0.05668785882755323,0.04239875012941319,0.05671475431683337
2024-11-11 10:54:00-05:00,70.57499694824219,70.62000274658203,70.57499694824219,70.61000061035156,5064.0,0.0141635463617229,0.04250801848433294,0.035578660416923924,0.056682606915581246
2024-11-11 10:55:00-05:00,70.6500015258789,70.69999694824219,70.62999725341797,70.66999816894531,6646.0,0.10627641640810204,0.11327414124751023,0.07793171456473846,0.08497034141783377
2024-11-11 10:56:00-05:00,70.68000030517578,70.70500183105469,70.68000030517578,70.69000244140625,3743.0,0.04246111627597138,0.007079042473168151,0.0707957719131791,0.02830659824430981
2024-11-11 10:57:00-05:00,70.67500305175781,70.72019958496094,70.67500305175781,70.69000244140625,6425.0,-0.007070250985274917,0.021494595166782204,-0.007070250985274917,0.0
2024-11-11 10:58:00-05:00,70.69999694824219,70.69999694824219,70.62999725341797,70.66000366210938,5609.0,0.035364549565097825,-0.02856699618681846,-0.06367993830419527,-0.04243708906608301
2024-11-11 10:59:00-05:00,70.6500015258789,70.69999694824219,70.62999725341797,70.68000030517578,11454.0,-0.07071488616877675,0.0,0.0,0.028299804741060974
2024-11-11 11:00:00-05:00,70.68000030517578,70.69000244140625,70.58499908447266,70.59500122070312,10824.0,0.04246111627597138,-0.014136502499784154,-0.06370971357093635,-0.12025903240754365
2024-11-11 11:01:00-05:00,70.5999984741211,70.63999938964844,70.56500244140625,70.56500244140625,7167.0,-0.11318878142226874,-0.07073567694280136,-0.02832987649752372,-0.04249419757510475
2024-11-11 11:02:00-05:00,70.56999969482422,70.5999984741211,70.54000091552734,70.58000183105469,6557.0,-0.04249118972413646,-0.056626438098761334,-0.035430489639198814,0.021256131410041235
2024-11-11 11:03:00-05:00,70.5719985961914,70.57270050048828,70.5,70.5,4054.0,0.002832508680494783,-0.03866568586798902,-0.056706712515142144,-0.11334914845452237
2024-11-11 11:04:00-05:00,70.49569702148438,70.51000213623047,70.43000030517578,70.43000030517578,78226.0,-0.10811876696822376,-0.08884223476381958,-0.09929034726839925,-0.09929034726839925
2024-11-11 11:05:00-05:00,70.4000015258789,70.43000030517578,70.37999725341797,70.37999725341797,17941.0,-0.13574657695250014,-0.11346167725271306,-0.07099680752683524,-0.07099680752683524
2024-11-11 11:06:00-05:00,70.3499984741211,70.3499984741211,70.2699966430664,70.30999755859375,14950.0,-0.0710270606165131,-0.11359055900616033,-0.1562952751411495,-0.09945964415453146
2024-11-11 11:07:00-05:00,70.30000305175781,70.3550033569336,70.2844009399414,70.3550033569336,7623.0,-0.07106669999669135,0.0071142614371799695,0.020498502295596133,0.0640105246801248
2024-11-11 11:08:00-05:00,70.3550033569336,70.3949966430664,70.30000305175781,70.30500030517578,17135.0,0.07823656157637249,0.05684497793272403,0.02219854136586985,-0.07107248862476823
2024-11-11 11:09:00-05:00,70.29000091552734,70.30999755859375,70.25,70.2699966430664,20908.0,-0.09239206638435027,-0.12074591736063178,-0.07112809329609115,-0.04978829664665785
2024-11-11 11:10:00-05:00,70.26499938964844,70.29000091552734,70.23999786376953,70.2479019165039,7877.0,-0.03556910734565655,-0.02844068235067221,-0.014237916342307866,-0.031442617928001404
2024-11-11 11:11:00-05:00,70.23500061035156,70.25,70.17500305175781,70.17500305175781,12057.0,-0.04269377294165988,-0.056908400919519764,-0.09253248005185455,-0.10377372527472506
2024-11-11 11:12:00-05:00,70.18499755859375,70.2300033569336,70.16999816894531,70.19000244140625,8420.0,-0.07119392229412158,-0.028464972336517125,-0.007132002272669524,0.021374262908646635
2024-11-11 11:13:00-05:00,70.19000244140625,70.24759674072266,70.16000366210938,70.2300033569336,6313.0,0.007130986658965277,0.025051093475880748,-0.01424327646678547,0.05698947732726278
2024-11-11 11:14:00-05:00,70.25499725341797,70.27999877929688,70.19000244140625,70.22000122070312,12211.0,0.09259838972932588,0.04612547628328745,0.04275766495303035,-0.014241970315209684
2024-11-11 11:15:00-05:00,70.21499633789062,70.25,70.19999694824219,70.23500061035156,8946.0,-0.05693675480913374,-0.04268466109551561,0.014239217108280577,0.021360565918104868
2024-11-11 11:16:00-05:00,70.26000213623047,70.27999877929688,70.25,70.25,4490.0,0.06409713122146332,0.04270288867882499,0.07122942155493028,0.021356004154760022
2024-11-11 11:17:00-05:00,70.24859619140625,70.24859619140625,70.24859619140625,70.24859619140625,10346.0,-0.016233909019958137,-0.04468211217424356,-0.0019983040480453518,-0.0019983040480453518
2024-11-11 11:18:00-05:00,70.2300033569336,70.30000305175781,70.2300033569336,70.26000213623047,6450.0,-0.026467197183555058,0.07317848774015534,-0.026467197183555058,0.016236544845882328
2024-11-11 11:19:00-05:00,70.2249984741211,70.23999786376953,70.19999694824219,70.20500183105469,17508.0,-0.0071264168777895875,-0.08535588247997605,-0.042725910945640155,-0.07828110376247865
2024-11-11 11:20:00-05:00,70.22000122070312,70.2300033569336,70.19000244140625,70.19000244140625,10780.0,-0.007116060557565973,-0.014229081918992748,-0.014237189843901987,-0.021365129630701585
2024-11-11 11:21:00-05:00,70.20500183105469,70.20999908447266,70.1500015258789,70.15129852294922,13982.0,-0.021360565918093766,-0.02848394063043047,-0.05698947732725168,-0.05514163999259525
2024-11-11 11:22:00-05:00,70.1500015258789,70.16999816894531,70.0999984741211,70.16999816894531,11262.0,-0.07834243108224559,-0.05697324604607701,-0.07128018627250432,0.02665616515991065
2024-11-11 11:23:00-05:00,70.17500305175781,70.22000122070312,70.17500305175781,70.18499755859375,3424.0,0.03564009313625771,0.07125987325440342,0.10699654674659609,0.021375787430288895
2024-11-11 11:24:00-05:00,70.18499755859375,70.18499755859375,70.11000061035156,70.11000061035156,33796.0,0.014242260635977111,-0.04984856380072511,-0.09262905390727827,-0.10685609581958522
2024-11-11 11:25:00-05:00,70.11000061035156,70.16500091552734,70.11000061035156,70.11000061035156,8104.0,-0.10685609581958522,-0.028491335416391816,0.0,0.0
2024-11-11 11:26:00-05:00,70.08999633789062,70.0999984741211,70.05000305175781,70.06500244140625,10729.0,-0.028532694746519205,-0.09264225833119921,-0.08557632017035521,-0.06418224012776363
2024-11-11 11:27:00-05:00,70.06500244140625,70.08000183105469,70.04000091552734,70.06999969482422,5238.0,-0.035659720060310374,-0.02852588231337938,-0.014278566445002916,0.00713231034588091
2024-11-11 11:28:00-05:00,70.08999633789062,70.12000274658203,70.01499938964844,70.01499938964844,19764.0,0.03567244075282083,0.05707893048259027,-0.035696067321666636,-0.07849337150752644
2024-11-11 11:29:00-05:00,70.02999877929688,70.02999877929688,69.94999694824219,69.95500183105469,22245.0,-0.08560074436944065,-0.12835705042744117,-0.0928407369462314,-0.08569243607338128
2024-11-11 11:30:00-05:00,69.94999694824219,69.9800033569336,69.93000030517578,69.9800033569336,11237.0,-0.1142393723392976,-0.07139143686243354,-0.028587053522255435,0.0357394399606914
2024-11-11 11:31:00-05:00,69.95999908447266,69.95999908447266,69.9000015258789,69.94999694824219,14226.0,0.014298980224225488,-0.028585698058491982,-0.04289829710562021,-0.042878547087743524
2024-11-11 11:32:00-05:00,69.94000244140625,69.95999908447266,69.91000366210938,69.94999694824219,14723.0,-0.028582966449530733,0.0,0.014309207456553175,0.0
2024-11-11 11:33:00-05:00,69.95999908447266,69.95999908447266,69.91000366210938,69.91000366210938,6029.0,0.02859113864510654,0.0,0.0,-0.05717410704449977
2024-11-11 11:34:00-05:00,69.91000366210938,69.91999816894531,69.86499786376953,69.87999725341797,8766.0,-0.07146286880723718,-0.05717683826588216,-0.06437676438606488,-0.042921480645941035
2024-11-11 11:35:00-05:00,69.9000015258789,69.91000366210938,69.87999725341797,69.87999725341797,6196.0,-0.014307160215309978,-0.014294203514975123,0.021469104855165178,0.0
2024-11-11 11:36:00-05:00,69.87000274658203,69.87000274658203,69.81999969482422,69.82779693603516,4066.0,-0.04291670764237088,-0.05721772769555766,-0.0858579864795539,-0.07469994194978513
2024-11-11 11:37:00-05:00,69.81999969482422,69.83999633789062,69.81999969482422,69.81999969482422,5151.0,-0.07156583625618218,-0.04294605340182667,0.0,-0.011166385813488056
2024-11-11 11:38:00-05:00,69.82499694824219,69.93000030517578,69.80000305175781,69.93000030517578,8892.0,0.007157338069041508,0.1288716666732137,-0.028640279509895006,0.15754885538865615
2024-11-11 11:39:00-05:00,69.93000030517578,69.94000244140625,69.9000015258789,69.9000015258789,12134.0,0.15038075406064166,0.01430306905021439,0.1432642833080422,-0.04289829710562021
2024-11-11 11:40:00-05:00,69.90499877929688,69.91000366210938,69.83999633789062,69.91000366210938,13544.0,-0.035752217603035596,-0.042892162210039775,-0.0858443300120193,0.014309207456553175
2024-11-11 11:41:00-05:00,69.88999938964844,69.91000366210938,69.80999755859375,69.81999969482422,7724.0,-0.021456819841725316,0.0,-0.04295358085607548,-0.1287426156064364
2024-11-11 11:42:00-05:00,69.78500366210938,69.78500366210938,69.69000244140625,69.70999908447266,10356.0,-0.1502299734668644,-0.17880130661149796,-0.17188815554216585,-0.15754885538865615
2024-11-11 11:43:00-05:00,69.69000244140625,69.76000213623047,69.6864013671875,69.76000213623047,11666.0,-0.1361341487679968,-0.035826502209501676,-0.00516727520820659,0.0717300995761283
2024-11-11 11:44:00-05:00,69.7300033569336,69.75499725341797,69.72000122070312,69.73999786376953,6020.0,0.05739835575551133,-0.007174430417489219,0.048215796563488844,-0.02867584840646753
2024-11-11 11:45:00-05:00,69.73999786376953,69.73999786376953,69.70860290527344,69.7300033569336,3618.0,0.01433315123302581,-0.021502960703945195,-0.016348702280721827,-0.014331097135189541
2024-11-11 11:46:00-05:00,69.75,69.7699966430664,69.75,69.7699966430664,3502.0,0.014342036904002597,0.043015170943183634,0.05938591938619009,0.057354487605709714
2024-11-11 11:47:00-05:00,69.7699966430664,69.86519622802734,69.7699966430664,69.86000061035156,9366.0,0.02866902231741797,0.1364477419254717,0.02866902231741797,0.1290009626137678
2024-11-11 11:48:00-05:00,69.8550033569336,69.91000366210938,69.83999633789062,69.83999633789062,25509.0,0.12183849499387556,0.06413412757875214,0.10032922200402528,-0.028634801440263757
2024-11-11 11:49:00-05:00,69.83000183105469,69.86000061035156,69.81199645996094,69.86000061035156,6792.0,-0.03579060149945246,-0.07152488791087874,-0.040091465346336896,0.028643003307382564
2024-11-11 11:50:00-05:00,69.8550033569336,69.94999694824219,69.8550033569336,69.94999694824219,4399.0,0.03580341575730728,0.12882384355046295,0.06160387777667253,0.12882384355046295
2024-11-11 11:51:00-05:00,69.91999816894531,69.94499969482422,69.91000366210938,69.91999816894531,10458.0,0.09304245778876119,-0.007144036649020524,0.07873495459551627,-0.04288603374646982
2024-11-11 11:52:00-05:00,69.91500091552734,69.93409729003906,69.91500091552734,69.91999816894531,3395.0,-0.007147101757487562,-0.015587111062587145,0.007148123524802763,0.0
2024-11-11 11:53:00-05:00,69.94400024414062,69.97000122070312,69.94000244140625,69.94999694824219,4725.0,0.04147797787819041,0.051339664134308904,0.03575988779449535,0.042904433756407734
2024-11-11 11:54:00-05:00,69.94190216064453,69.9800033569336,69.94190216064453,69.96829986572266,5056.0,-0.0029996618562955213,0.01429489217661395,0.002716212713704813,0.02616571590992045
2024-11-11 11:55:00-05:00,69.95500183105469,69.95500183105469,69.81999969482422,69.83999633789062,54054.0,0.01872935966207301,-0.03572667144838837,-0.17429103592339068,-0.18337379653108332
2024-11-11 11:56:00-05:00,69.86000061035156,69.87000274658203,69.75,69.76000213623047,20053.0,-0.1358033281630977,-0.1215053709496483,-0.10025736913518157,-0.11453924091453516
2024-11-11 11:57:00-05:00,69.76000213623047,69.82499694824219,69.76000213623047,69.81500244140625,17438.0,-0.14314124427058372,-0.06441362039597553,0.014339980258726293,0.078842178170202
2024-11-11 11:58:00-05:00,69.81500244140625,69.81500244140625,69.76000213623047,69.79000091552734,19861.0,0.078842178170202,-0.0143136516616571,0.0,-0.035811107934702324
2024-11-11 11:59:00-05:00,69.80999755859375,69.80999755859375,69.7300033569336,69.75,17757.0,-0.007168778396449138,-0.007168778396449138,-0.043002835977978826,-0.05731611262730363
2024-11-11 12:00:00-05:00,69.73999786376953,69.73999786376953,69.66000366210938,69.66999816894531,11630.0,-0.10027173366603526,-0.10027173366603526,-0.10038676531521906,-0.11469796566980772
2024-11-11 12:01:00-05:00,69.65499877929688,69.68000030517578,69.62000274658203,69.62999725341797,12862.0,-0.12187996426196168,-0.08603034188636727,-0.05742307410917524,-0.05741483648433743
2024-11-11 12:02:00-05:00,69.62999725341797,69.66000366210938,69.5999984741211,69.63999938964844,14621.0,-0.035893369201145386,-0.028697822874323986,-0.02873351288673609,0.014364694276891576
2024-11-11 12:03:00-05:00,69.61000061035156,69.66999816894531,69.61000061035156,69.66999816894531,14439.0,-0.028718431502483543,0.014347554278648644,0.01437088570366285,0.043076937908947954
2024-11-11 12:04:00-05:00,69.66000366210938,69.69000244140625,69.63999938964844,69.66000366210938,8635.0,0.07183314368535143,0.028712893622340196,0.04309550213164037,-0.014345496050827133
2024-11-11 12:05:00-05:00,69.63999938964844,69.6500015258789,69.58000183105469,69.6500015258789,11277.0,-0.028717013220336263,-0.05739835575551133,-0.08615387581790701,-0.014358506610168131
2024-11-11 12:06:00-05:00,69.66000366210938,69.72000122070312,69.6500015258789,69.66000366210938,5643.0,0.028725262257700557,0.10050207220484442,0.10060318048594752,0.014360568573357213
2024-11-11 12:07:00-05:00,69.66000366210938,69.66000366210938,69.55000305175781,69.55000305175781,9346.0,0.0,-0.08605501655661874,-0.14357282402059912,-0.1579107157173354
2024-11-11 12:08:00-05:00,69.56999969482422,69.58000183105469,69.54000091552734,69.56999969482422,12003.0,-0.12920465482850751,-0.11484614821833938,-0.014381216091430282,0.028751462529097438
2024-11-11 12:09:00-05:00,69.55999755859375,69.55999755859375,69.51000213623047,69.51000213623047,6874.0,-0.01437708246995184,-0.02875003152416067,-0.04313888251643583,-0.08624056181821826
2024-11-11 12:10:00-05:00,69.51499938964844,69.51499938964844,69.41000366210938,69.41999816894531,17313.0,-0.06468972185832422,-0.06468972185832422,-0.14386199258793475,-0.12948347650566516
2024-11-11 12:11:00-05:00,69.41999816894531,69.41999816894531,69.3499984741211,69.41999816894531,18597.0,-0.13666290949758686,-0.13666290949758686,-0.08645034551559849,0.0
2024-11-11 12:12:00-05:00,69.44999694824219,69.44999694824219,69.4000015258789,69.41000366210938,5773.0,0.04321345446289815,0.04321345446289815,0.07210245545494764,-0.014397158022982914
2024-11-11 12:13:00-05:00,69.41000366210938,69.44999694824219,69.4000015258789,69.43499755859375,12749.0,-0.05758572770365733,0.0,0.0,0.036009069537068505
2024-11-11 12:14:00-05:00,69.439697265625,69.439697265625,69.37999725341797,69.4000015258789,9425.0,0.04278000568933571,-0.014830357191897292,-0.02882459945404703,-0.05040114343679569
2024-11-11 12:15:00-05:00,69.41000366210938,69.41000366210938,69.30999755859375,69.32990264892578,12902.0,-0.04276171222642455,-0.04276171222642455,-0.10089319342077019,-0.10100702508916148
2024-11-11 12:16:00-05:00,69.30000305175781,69.40499877929688,69.29000091552734,69.33000183105469,40932.0,-0.158479476369211,-0.00721060733098744,-0.028851022609688304,0.0001430582261319202
2024-11-11 12:17:00-05:00,69.33999633789062,69.41000366210938,69.33999633789062,69.4000015258789,11904.0,0.057710367058638745,0.007211127297068742,0.07215387747538937,0.10096594976991558
2024-11-11 12:18:00-05:00,69.4000015258789,69.42680358886719,69.37999725341797,69.4000015258789,11501.0,0.08653762785892916,0.02420389838846404,0.057688084280282936,0.0
2024-11-11 12:19:00-05:00,69.41000366210938,69.44499969482422,69.36000061035156,69.4000015258789,8122.0,0.014412299727029065,0.026209050419190305,-0.028821913891641238,0.0
2024-11-11 12:20:00-05:00,69.4561996459961,69.47000122070312,69.41500091552734,69.47000122070312,7995.0,0.06655522467857722,0.03600190940855619,0.07929686374248401,0.10086411136189799
2024-11-11 12:21:00-05:00,69.47000122070312,69.48639678955078,69.37999725341797,69.37999725341797,19644.0,0.019870903932805994,0.023600933582201833,-0.050426653673851796,-0.12955803325700455
2024-11-11 12:22:00-05:00,69.37999725341797,69.48999786376953,69.37000274658203,69.46499633789062,19528.0,-0.12955803325700455,0.005182416106075394,-0.014405458679156435,0.12251237797284986
2024-11-11 12:23:00-05:00,69.47000122070312,69.47000122070312,69.36499786376953,69.36499786376953,22941.0,0.129726103845762,-0.028776289654819376,-0.007214765192942174,-0.14395519958668723
2024-11-11 12:24:00-05:00,69.37000274658203,69.47000122070312,69.36000061035156,69.47000122070312,17754.0,-0.14394482850720314,0.0,-0.007204286847639629,0.1513780150902866
2024-11-11 12:25:00-05:00,69.51000213623047,69.51000213623047,69.45500183105469,69.45500183105469,11696.0,0.20181545928414923,0.05758012786016842,0.13696831007372623,-0.021591175161761456
2024-11-11 12:26:00-05:00,69.44999694824219,69.45999908447266,69.41999816894531,69.45999908447266,7861.0,-0.08632597632594052,-0.0719364842772019,-0.050397611671682,0.0071949510995983346
2024-11-11 12:27:00-05:00,69.47000122070312,69.50499725341797,69.46289825439453,69.50499725341797,5848.0,0.028803849301595186,0.06478285277629059,0.06179787752920163,0.06478285277629059
2024-11-11 12:28:00-05:00,69.51730346679688,69.51730346679688,69.44999694824219,69.47000122070312,11221.0,0.06809017599334055,0.01770550876225574,-0.018572945380268546,-0.05035038356629995
2024-11-11 12:29:00-05:00,69.48040008544922,69.51000213623047,69.4800033569336,69.51000213623047,6399.0,-0.05308517377300426,-0.010502896692321517,0.04320577395240388,0.05758012786016842
2024-11-11 12:30:00-05:00,69.50499725341797,69.61000061035156,69.5,69.6050033569336,10603.0,0.035401592303019314,0.14386199258793475,0.02878042904470579,0.1366727345468055
2024-11-11 12:31:00-05:00,69.61000061035156,69.68000030517578,69.52999877929688,69.53500366210938,23028.0,0.15107310421256237,0.10055982504015848,0.04316371121853013,-0.10056704467817923
2024-11-11 12:32:00-05:00,69.54000091552734,69.5999984741211,69.54000091552734,69.58999633789062,6553.0,-0.10055982504014738,-0.11481318987415223,0.014385353669021939,0.07908632039264063
2024-11-11 12:33:00-05:00,69.59600067138672,69.66500091552734,69.59600067138672,69.6500015258789,28361.0,0.08052883969242863,0.0933943144128424,0.08052883969242863,0.08622674399483277
2024-11-11 12:34:00-05:00,69.63999938964844,69.63999938964844,69.5999984741211,69.5999984741211,6238.0,0.0632201819605438,-0.035888215819046554,0.0057442995226919535,-0.07179188896245803
2024-11-11 12:35:00-05:00,69.58499908447266,69.61000061035156,69.56999969482422,69.5999984741211,15350.0,-0.07897803799228331,-0.043076937908959057,-0.043101695337000034,0.0
2024-11-11 12:36:00-05:00,69.58999633789062,69.61499786376953,69.56999969482422,69.6050033569336,7939.0,0.007181509641029926,0.007178930288964658,0.0,0.007190923738820132
2024-11-11 12:37:00-05:00,69.61000061035156,69.61000061035156,69.54000091552734,69.56999969482422,10203.0,0.028745902448124028,-0.007178414955566481,-0.04312028090911468,-0.05028900283199356
2024-11-11 12:38:00-05:00,69.58000183105469,69.59500122070312,69.55999755859375,69.55999755859375,7598.0,-0.043095502131651475,-0.021547751065820187,0.02875559793376059,-0.01437708246995184
2024-11-11 12:39:00-05:00,69.5479965209961,69.55000305175781,69.5250015258789,69.5250015258789,3052.0,-0.04599785745379448,-0.06465718536682319,-0.05031057208615408,-0.05031057208615408
2024-11-11 12:40:00-05:00,69.52999877929688,69.55999755859375,69.52999877929688,69.53500366210938,8381.0,-0.02587815983137176,0.014370246437667156,0.007187707023792456,0.014386387646103671
2024-11-11 12:41:00-05:00,69.53500366210938,69.55000305175781,69.49500274658203,69.49500274658203,7064.0,0.007198163239419131,-0.014368181694546234,-0.0503322786268523,-0.057526301029220406
2024-11-11 12:42:00-05:00,69.5,69.50499725341797,69.4800033569336,69.50499725341797,5550.0,-0.05033962790808033,-0.0647099875845436,-0.021583407519432107,0.01438161945597205
2024-11-11 12:43:00-05:00,69.5,69.52999877929688,69.48999786376953,69.5199966430664,4544.0,0.0,0.035970832122678154,0.014384724169613783,0.021580303922252853
2024-11-11 12:44:00-05:00,69.51499938964844,69.54000091552734,69.51499938964844,69.5199966430664,6521.0,0.021581855609253964,0.014385353669021939,0.03597859641313317,0.0
2024-11-11 12:45:00-05:00,69.52999877929688,69.54000091552734,69.5199966430664,69.54000091552734,7814.0,0.021577198849365153,0.0,0.007188741223984607,0.028774846701518086
2024-11-11 12:46:00-05:00,69.52999877929688,69.58000183105469,69.51499938964844,69.55999755859375,13245.0,0.0,0.05752216709908886,-0.007188224481113892,0.02875559793376059
2024-11-11 12:47:00-05:00,69.56999969482422,69.63500213623047,69.55000305175781,69.61000061035156,10637.0,0.05753044186627143,0.0790461393049835,0.05035411410014845,0.0718847807832157
2024-11-11 12:48:00-05:00,69.61499786376953,69.61499786376953,69.58000183105469,69.5999984741211,6498.0,0.06468042136367202,-0.02872732368386366,0.04313267862052772,-0.014368820776855529
2024-11-11 12:49:00-05:00,69.61479949951172,69.61479949951172,69.55999755859375,69.55999755859375,2698.0,-0.0002849447157893259,-0.0002849447157893259,-0.02875003152416067,-0.05747258104067399
2024-11-11 12:50:00-05:00,69.55999755859375,69.58499908447266,69.54010009765625,69.58499908447266,9399.0,-0.07872168175727667,-0.042807585819837346,-0.028604746457527863,0.03594239039161895
2024-11-11 12:51:00-05:00,69.60649871826172,69.60649871826172,69.54499816894531,69.56500244140625,8572.0,0.0668504331513109,0.030896937661761825,0.0070435206193097954,-0.02873700270101809
2024-11-11 12:52:00-05:00,69.55000305175781,69.55999755859375,69.5250015258789,69.52999877929688,7771.0,-0.08116435612223194,-0.06680577320256065,-0.028753531659930776,-0.05031791975981248
2024-11-11 12:53:00-05:00,69.51010131835938,69.5199966430664,69.4800033569336,69.4800033569336,3386.0,-0.05737128921294854,-0.05750563101105666,-0.06472228400967728,-0.07190482272547705
2024-11-11 12:54:00-05:00,69.48999786376953,69.5,69.4749984741211,69.48500061035156,5058.0,-0.02892163039407425,-0.028763872312986827,-0.007203342790285117,0.007192362084817994
2024-11-11 12:55:00-05:00,69.5,69.5199966430664,69.5,69.51499938964844,6244.0,0.014393634390486021,0.028772148296996036,0.035986364056150855,0.04317302875924689
2024-11-11 12:56:00-05:00,69.51000213623047,69.5199966430664,69.48999786376953,69.48999786376953,8943.0,0.014391562921534096,0.0,-0.014391562921534096,-0.0359656564747457
2024-11-11 12:57:00-05:00,69.51000213623047,69.51499938964844,69.49500274658203,69.5,3124.0,0.0,-0.007188224481113892,0.0072023067583248945,0.014393634390486021
2024-11-11 12:58:00-05:00,69.48999786376953,69.5,69.47000122070312,69.48999786376953,6571.0,-0.028778984097466154,-0.021577198849365153,-0.03597600531087819,-0.014391562921534096
2024-11-11 12:59:00-05:00,69.48999786376953,69.5199966430664,69.4800033569336,69.5199966430664,9700.0,0.0,0.028772148296996036,0.014397777536645506,0.0431699240453165
2024-11-11 13:00:00-05:00,69.51000213623047,69.51000213623047,69.3550033569336,69.3550033569336,32837.0,0.028787268780972042,-0.014376448962238886,-0.17990787846950962,-0.23733212615059118
2024-11-11 13:01:00-05:00,69.33999633789062,69.4800033569336,69.30999755859375,69.4574966430664,48647.0,-0.2445774609626028,-0.04315750017973574,-0.06489192727483495,0.14778066638585496
2024-11-11 13:02:00-05:00,69.5,69.51000213623047,69.3550033569336,69.3550033569336,8329.0,0.23075233712110954,0.0431761339197978,0.0649340642405738,-0.14756259739608923
2024-11-11 13:03:00-05:00,69.36000061035156,69.36000061035156,69.33999633789062,69.34500122070312,5512.0,-0.20143797071717762,-0.21579847686513665,-0.021637976089106115,-0.014421650560658694
2024-11-11 13:04:00-05:00,69.36499786376953,69.375,69.30000305175781,69.30000305175781,5708.0,0.007204805902527589,0.021625417411264003,-0.05767708140324013,-0.06489028502876248
2024-11-11 13:05:00-05:00,69.30999755859375,69.30999755859375,69.18000030517578,69.19000244140625,12862.0,-0.07929115096896311,-0.09369721283783994,-0.17316412885639565,-0.15873103247832088
2024-11-11 13:06:00-05:00,69.19000244140625,69.19000244140625,69.15499877929688,69.16999816894531,9369.0,-0.17312815093675216,-0.17312815093675216,-0.036139817531966045,-0.028912085207510874
2024-11-11 13:07:00-05:00,69.12999725341797,69.20500183105469,69.12999725341797,69.19000244140625,6484.0,-0.08672522889285883,0.021678550540804586,-0.03615288311795695,0.02892044671169991
2024-11-11 13:08:00-05:00,69.19999694824219,69.22000122070312,69.18000030517578,69.18499755859375,8839.0,0.10125806105214519,0.021673851963832647,0.07233191630908742,-0.007233534666717389
2024-11-11 13:09:00-05:00,69.18000030517578,69.23500061035156,69.18000030517578,69.23500061035156,3873.0,-0.028896884318307947,0.021669155423165165,0.0,0.07227441428390158
2024-11-11 13:10:00-05:00,69.22000122070312,69.22000122070312,69.18499755859375,69.18499755859375,4659.0,0.05782150238635708,-0.021664460917469874,0.007223552176816028,-0.07222221610023727
2024-11-11 13:11:00-05:00,69.1500015258789,69.1500015258789,69.08000183105469,69.11000061035156,8483.0,-0.10112639929177325,-0.10112639929177325,-0.1517608314579144,-0.10840059389851664
2024-11-11 13:12:00-05:00,69.125,69.13510131835938,69.06919860839844,69.11000061035156,7906.0,-0.03615549577327126,-0.0215476604349063,-0.01563871217413748,0.0
2024-11-11 13:13:00-05:00,69.11499786376953,69.16999816894531,69.11499786376953,69.1500015258789,2847.0,-0.014469636499769845,0.050476313653224913,0.06630923232620045,0.05788006825939718
2024-11-11 13:14:00-05:00,69.13500213623047,69.20999908447266,69.12999725341797,69.19000244140625,6652.0,0.02894346101314227,0.05782986350475472,0.021702076411833637,0.05784658661558417
2024-11-11 13:15:00-05:00,69.19999694824219,69.20999908447266,69.16999816894531,69.16999816894531,4778.0,0.09401144138774242,0.0,0.057863325787077535,-0.028912085207510874
2024-11-11 13:16:00-05:00,69.16500091552734,69.20500183105469,69.1500015258789,69.19000244140625,3990.0,-0.05057230384131195,-0.00722042115889332,-0.02890941679305481,0.02892044671169991
2024-11-11 13:17:00-05:00,69.19139862060547,69.19999694824219,69.16500091552734,69.16500091552734,3416.0,0.0381662759035617,-0.007231966881116048,0.02169109084231291,-0.03613459314455447
2024-11-11 13:18:00-05:00,69.16000366210938,69.19499969482422,69.16000366210938,69.19499969482422,7134.0,-0.045374077012438896,-0.007221464795303945,-0.007225118704290434,0.043372773656891184
2024-11-11 13:19:00-05:00,69.19000244140625,69.23999786376953,69.19000244140625,69.2249984741211,3762.0,0.043375907617693166,0.06503095475651754,0.043375907617693166,0.04335396983767836
2024-11-11 13:20:00-05:00,69.2301025390625,69.23999786376953,69.12000274658203,69.12000274658203,10852.0,0.05795649117110724,0.0,-0.10117024476693492,-0.1516731381053238
2024-11-11 13:21:00-05:00,69.11000061035156,69.12000274658203,69.01000213623047,69.0199966430664,8638.0,-0.17348223432598342,-0.17330317863901712,-0.15914439522646262,-0.1446847504944171
2024-11-11 13:22:00-05:00,69.01000213623047,69.05999755859375,68.99500274658203,69.05000305175781,13770.0,-0.1446946509013891,-0.08681305787600069,-0.02173509518058614,0.04347494950860398
2024-11-11 13:23:00-05:00,69.06999969482422,69.11499786376953,69.02999877929688,69.11000061035156,12642.0,0.08694038072236676,0.07964133669293716,0.0507225615214324,0.08689001584660794
2024-11-11 13:24:00-05:00,69.0999984741211,69.11000061035156,69.07009887695312,69.07009887695312,5915.0,0.04343243004114594,-0.007230345905262503,0.05809082770587004,-0.057736554834386666
2024-11-11 13:25:00-05:00,69.08000183105469,69.08999633789062,69.04000091552734,69.04000091552734,5886.0,-0.028938702616465584,-0.028945553876813523,-0.043575964006359325,-0.043575964006359325
2024-11-11 13:26:00-05:00,69.04000091552734,69.08000183105469,69.0374984741211,69.06999969482422,9125.0,-0.05790520333970317,-0.014465924686202225,-0.003624625395515224,0.04345130199749914
2024-11-11 13:27:00-05:00,69.05999755859375,69.05999755859375,69.04000091552734,69.05000305175781,4980.0,0.028963851102603577,-0.02895812381398244,0.0036247567793745716,-0.0289512713982365
2024-11-11 13:28:00-05:00,69.08499908447266,69.12999725341797,69.08000183105469,69.11000061035156,6374.0,0.0362026162217699,0.10136069692854299,0.05793875289237249,0.08689001584660794
2024-11-11 13:29:00-05:00,69.11000061035156,69.12000274658203,69.0999984741211,69.0999984741211,3394.0,0.03618951467065923,-0.01445755422107009,0.02894707952572073,-0.014472776938412313
2024-11-11 13:30:00-05:00,69.08499908447266,69.08499908447266,69.05999755859375,69.06999969482422,3945.0,-0.036176422598899194,-0.05064187025239919,-0.057888446325105036,-0.04341357447078531
2024-11-11 13:31:00-05:00,69.06999969482422,69.12000274658203,69.06999969482422,69.12000274658203,5454.0,-0.021711500104526493,0.05066752923681417,0.014483255986186272,0.07239474732698703
2024-11-11 13:32:00-05:00,69.12000274658203,69.12999725341797,69.12000274658203,69.12999725341797,2756.0,0.07239474732698703,0.014459644732056631,0.07239474732698703,0.014459644732056631
2024-11-11 13:33:00-05:00,69.1500015258789,69.21499633789062,69.1500015258789,69.21499633789062,4369.0,0.04340100998962981,0.12295542868470122,0.04340100998962981,0.12295542868470122
2024-11-11 13:34:00-05:00,69.2300033569336,69.2699966430664,69.2300033569336,69.2300033569336,5990.0,0.11569317323116834,0.07946298936041263,0.11569317323116834,0.021681745050905477
2024-11-11 13:35:00-05:00,69.2300033569336,69.25,69.19000244140625,69.20500183105469,9076.0,0.0,-0.028867683030853186,-0.05777973940158665,-0.036113714670793495
2024-11-11 13:36:00-05:00,69.19999694824219,69.22000122070312,69.19000244140625,69.21499633789062,9067.0,-0.04334306982003433,-0.04331953689079571,0.0,0.014441885082727701
2024-11-11 13:37:00-05:00,69.22000122070312,69.30500030517578,69.22000122070312,69.2699966430664,8807.0,0.028907909455400116,0.12279555471494952,0.04335710108158697,0.07946298936041263
2024-11-11 13:38:00-05:00,69.2699966430664,69.2699966430664,69.22000122070312,69.2249984741211,5724.0,0.07222684409362579,-0.05050669065037594,0.0,-0.06496054731629508
2024-11-11 13:39:00-05:00,69.20999908447266,69.22000122070312,69.16000366210938,69.16999816894531,4242.0,-0.08661406308838604,-0.07217471457505731,-0.08667662169269397,-0.07945150796405676
2024-11-11 13:40:00-05:00,69.15499877929688,69.18990325927734,69.13999938964844,69.1449966430664,7028.0,-0.07946872692290441,-0.043481596207739504,-0.02892462608687918,-0.03614504343030234
2024-11-11 13:41:00-05:00,69.0999984741211,69.0999984741211,69.05000305175781,69.06999969482422,6765.0,-0.07953192993511715,-0.12993916875320144,-0.1301653727004526,-0.10846330448076591
2024-11-11 13:42:00-05:00,69.05999755859375,69.06999969482422,69.05000305175781,69.05000305175781,3835.0,-0.057888446325105036,-0.04341357447078531,0.0,-0.0289512713982365
2024-11-11 13:43:00-05:00,69.06500244140625,69.07879638671875,69.04019927978516,69.04019927978516,8082.0,0.007247151736788915,0.012735908402206064,-0.01419807608886714,-0.01419807608886714
2024-11-11 13:44:00-05:00,69.05999755859375,69.05999755859375,69.04000091552734,69.04000091552734,6528.0,-0.007246626562773528,-0.027213601145803512,-0.00028731704120321666,-0.00028731704120321666
2024-11-11 13:45:00-05:00,69.04000091552734,69.06999969482422,69.04000091552734,69.05000305175781,4554.0,-0.028955464484980986,0.014483255986186272,0.0,0.01448745089489556
2024-11-11 13:46:00-05:00,69.05999755859375,69.12000274658203,69.05999755859375,69.11000061035156,6556.0,0.028963851102603577,0.07239474732698703,0.028963851102603577,0.08689001584660794
2024-11-11 13:47:00-05:00,69.08000183105469,69.08999633789062,69.08000183105469,69.08999633789062,2477.0,0.028966511972372544,-0.043412047886370875,0.028966511972372544,-0.028945553876813523
2024-11-11 13:48:00-05:00,69.11000061035156,69.1500015258789,69.08499908447266,69.11000061035156,8844.0,0.04342614143271195,0.08685076157020077,0.007234008809375858,0.02895393475359498
2024-11-11 13:49:00-05:00,69.0999984741211,69.12000274658203,69.08999633789062,69.12000274658203,3524.0,-0.014472776938412313,-0.04338218168462582,0.007233485538393758,0.01447277693840121
2024-11-11 13:50:00-05:00,69.12999725341797,69.12999725341797,69.11000061035156,69.11000061035156,4057.0,0.04341357447079641,0.014459644732056631,0.02895393475359498,-0.01447068262878659
2024-11-11 13:51:00-05:00,69.11499786376953,69.16500091552734,69.11499786376953,69.16500091552734,5372.0,-0.021697367632533826,0.05063454867655359,0.007230868722096773,0.07958371391989516
2024-11-11 13:52:00-05:00,69.16000366210938,69.16000366210938,69.13500213623047,69.13999938964844,4061.0,0.06511726793156924,-0.007225118704290434,0.02894346101314227,-0.03614765495260075
2024-11-11 13:53:00-05:00,69.1449966430664,69.16000366210938,69.11000061035156,69.11000061035156,6185.0,-0.021698985321472186,0.0,-0.03616333999619803,-0.04338845756681753
2024-11-11 13:54:00-05:00,69.11000061035156,69.13999938964844,69.08999633789062,69.13999938964844,8091.0,-0.05061253078874062,-0.02892462608687918,-0.028945553876813523,0.04340729132099597
2024-11-11 13:55:00-05:00,69.13999938964844,69.13999938964844,69.11000061035156,69.11000061035156,3327.0,0.04340729132099597,0.0,0.02895393475359498,-0.04338845756681753
2024-11-11 13:56:00-05:00,69.11000061035156,69.13999938964844,69.08999633789062,69.11000061035156,5810.0,-0.04338845756681753,0.0,-0.028945553876813523,0.0
2024-11-11 13:57:00-05:00,69.12000274658203,69.12000274658203,69.08999633789062,69.12000274658203,5307.0,0.01447277693840121,-0.02892196014309123,0.0,0.01447277693840121
2024-11-11 13:58:00-05:00,69.12999725341797,69.12999725341797,69.08499908447266,69.08989715576172,6149.0,0.014459644732056631,0.014459644732056631,-0.007232962343095561,-0.04355554054401578
2024-11-11 13:59:00-05:00,69.08999633789062,69.13500213623047,69.08999633789062,69.11000061035156,4351.0,-0.057863325787077535,0.007239813411463736,0.007233485538393758,0.02909753150235339
2024-11-11 14:00:00-05:00,69.12000274658203,69.12999725341797,69.08000183105469,69.08000183105469,10331.0,0.04343090213039247,-0.007239289300431384,-0.014465924686202225,-0.04340729132099597
2024-11-11 14:01:00-05:00,69.08000183105469,69.13500213623047,69.08000183105469,69.12000274658203,6030.0,-0.057871692618416404,0.007239813411463736,0.0,0.05790520333970317
2024-11-11 14:02:00-05:00,69.11000061035156,69.11000061035156,69.06999969482422,69.06999969482422,2348.0,0.04342614143271195,-0.03616333999619803,-0.01447906190699122,-0.072342375247203
2024-11-11 14:03:00-05:00,69.05999755859375,69.06999969482422,69.02999877929688,69.06099700927734,8093.0,-0.07235284519780949,-0.05788006825939718,-0.057913588684066486,-0.013034147367385618
2024-11-11 14:04:00-05:00,69.05000305175781,69.05000305175781,69.03929901123047,69.04000091552734,4030.0,-0.014472208498783612,-0.0289512713982365,0.013472739530717703,-0.030402245347227463
2024-11-11 14:05:00-05:00,69.04000091552734,69.08000183105469,69.0250015258789,69.05999755859375,5906.0,-0.014485352336579549,0.04344500792330397,-0.02070919832085627,0.028963851102603577
2024-11-11 14:06:00-05:00,69.05500030517578,69.06999969482422,69.05500030517578,69.05999755859375,3685.0,0.021725650998738466,-0.01447906190699122,0.043460744127088446,0.0
2024-11-11 14:07:00-05:00,69.05500030517578,69.06999969482422,69.05000305175781,69.05000305175781,5164.0,0.0,0.0,-0.007236627899331882,-0.014472208498783612
2024-11-11 14:08:00-05:00,69.06999969482422,69.11000061035156,69.06999969482422,69.0801010131836,6829.0,0.021720931984869907,0.057913588684055384,0.028959655586713318,0.043588646047165724
2024-11-11 14:09:00-05:00,69.08999633789062,69.08999633789062,69.07890319824219,69.07890319824219,3431.0,0.0289512713982365,-0.028945553876813523,0.012890550828581482,-0.001733950767068837
2024-11-11 14:10:00-05:00,69.08000183105469,69.16000366210938,69.08000183105469,69.16000366210938,7744.0,-0.014465924686202225,0.10132772894699826,0.0015904028026536565,0.11740265133399763
2024-11-11 14:11:00-05:00,69.16000366210938,69.19000244140625,69.1500015258789,69.16000366210938,30954.0,0.11581040667940634,0.043375907617693166,0.10133134477241512,0.0
2024-11-11 14:12:00-05:00,69.16999816894531,69.16999816894531,69.1500015258789,69.1698989868164,17291.0,0.014451281530813986,-0.028912085207510874,0.0,0.014307871866781063
2024-11-11 14:13:00-05:00,69.16999816894531,69.19499969482422,69.16999816894531,69.16999816894531,6405.0,0.0,0.03614504343030234,0.028917776753667468,0.00014338914811062864
2024-11-11 14:14:00-05:00,69.18000030517578,69.25,69.17250061035156,69.25,10642.0,0.014460223355849955,0.07948595334685837,0.003617813318634866,0.11565972700950944
2024-11-11 14:15:00-05:00,69.25,69.25,69.22000122070312,69.22000122070312,6556.0,0.10118487209516136,0.0,0.06866978919719546,-0.04331953689079571
2024-11-11 14:16:00-05:00,69.2249984741211,69.25,69.2249984741211,69.25,5344.0,-0.03610328646773686,0.0,0.007219377824108086,0.043338310846352535
2024-11-11 14:17:00-05:00,69.26000213623047,69.27999877929688,69.25640106201172,69.2699966430664,7564.0,0.050565060138585416,0.043319536890784605,0.04536307487585933,0.028876018868451148
2024-11-11 14:18:00-05:00,69.2699966430664,69.2699966430664,69.26000213623047,69.2699966430664,5200.0,0.014430416586308503,-0.014437263866495798,0.005199626552254699,0.0
2024-11-11 14:19:00-05:00,69.28500366210938,69.31999969482422,69.28500366210938,69.31999969482422,3257.0,0.021664529767906338,0.07218572857086158,0.036098072636114864,0.07218572857086158
2024-11-11 14:20:00-05:00,69.318603515625,69.31999969482422,69.26499938964844,69.2699966430664,6626.0,0.04849513132667571,0.0,-0.028872441947891403,-0.07213365836403751
2024-11-11 14:21:00-05:00,69.30000305175781,69.33999633789062,69.21499633789062,69.2249984741211,16950.0,-0.02683329283025282,0.02884685971500378,-0.07219093654577957,-0.06496054731629508
2024-11-11 14:22:00-05:00,69.2249984741211,69.2249984741211,69.22000122070312,69.22000122070312,4603.0,-0.10823170899530998,-0.1658463655076492,0.007230922599577028,-0.007218856667556839
2024-11-11 14:23:00-05:00,69.22000122070312,69.2300033569336,69.17500305175781,69.17500305175781,14722.0,-0.007218856667556839,0.007229877822778619,-0.0650074662695288,-0.0650074662695288
2024-11-11 14:24:00-05:00,69.17250061035156,69.19000244140625,69.16500091552734,69.17500305175781,3689.0,-0.0686226661570144,-0.05777973940158665,-0.014459177143777424,0.0
2024-11-11 14:25:00-05:00,69.16999816894531,69.19000244140625,69.125,69.13999938964844,8499.0,-0.003617682437628833,0.0,-0.05783404178104634,-0.05060160544291259
2024-11-11 14:26:00-05:00,69.16999816894531,69.16999816894531,69.13999938964844,69.13999938964844,9400.0,0.0,-0.028912085207510874,0.021698936200276187,0.0
2024-11-11 14:27:00-05:00,69.1500015258789,69.18000030517578,69.13999938964844,69.16010284423828,6743.0,-0.02890941679305481,0.014460223355849955,0.0,0.02907644600420589
2024-11-11 14:28:00-05:00,69.16999816894531,69.19000244140625,69.16999816894531,69.16999816894531,4058.0,0.028917776753667468,0.014458132677575009,0.04338845756681753,0.01430785134792778
2024-11-11 14:29:00-05:00,69.16000366210938,69.16999816894531,69.15399932861328,69.16999816894531,4346.0,-0.014449193437193752,-0.028912085207510874,-0.023129739418170647,0.0
2024-11-11 14:30:00-05:00,69.16999816894531,69.16999816894531,69.13999938964844,69.13999938964844,7477.0,0.014451281530813986,0.0,-0.02024458325008416,-0.043369640148904764
2024-11-11 14:31:00-05:00,69.1500015258789,69.16999816894531,69.1500015258789,69.16000366210938,4867.0,-0.02890941679305481,0.0,0.014466497423737401,0.028932994847452598
2024-11-11 14:32:00-05:00,69.16999816894531,69.16999816894531,69.13999938964844,69.1500015258789,4285.0,0.028917776753667468,0.0,-0.014464404930958352,-0.01446231304343959
2024-11-11 14:33:00-05:00,69.1500015258789,69.16999816894531,69.1500015258789,69.16000366210938,3704.0,-0.02890941679305481,0.0,0.014466497423737401,0.014464404930958352
2024-11-11 14:34:00-05:00,69.16999816894531,69.23999786376953,69.16000366210938,69.23999786376953,7886.0,0.028917776753667468,0.10119950365365948,0.014464404930958352,0.11566540980967321
2024-11-11 14:35:00-05:00,69.23999786376953,69.25,69.20999908447266,69.2300033569336,11877.0,0.10119950365365948,0.014445604475832319,0.07228950219195784,-0.014434585708111847
2024-11-11 14:36:00-05:00,69.2300033569336,69.25,69.2300033569336,69.24659729003906,8938.0,-0.014434585708111847,0.0,0.028903731723106674,0.023969279648761166
2024-11-11 14:37:00-05:00,69.24500274658203,69.2750015258789,69.24500274658203,69.26000213623047,5688.0,0.021666024730793154,0.03610328646772576,0.021666024730793154,0.019358129808555447
2024-11-11 14:38:00-05:00,69.26000213623047,69.29000091552734,69.26000213623047,69.29000091552734,6868.0,0.021661331581324106,0.02165195137937559,0.021661331581324106,0.04331328092925801
2024-11-11 14:39:00-05:00,69.30999755859375,69.30999755859375,69.30000305175781,69.30999755859375,5157.0,0.07218512968703017,0.028859348826948406,0.05775471310074387,0.028859348826948406
2024-11-11 14:40:00-05:00,69.30999755859375,69.30999755859375,69.2699966430664,69.30000305175781,8939.0,0.0,0.0,-0.04329928913422432,-0.01442000748519412
2024-11-11 14:41:00-05:00,69.29000091552734,69.29000091552734,69.2699966430664,69.29000091552734,5050.0,-0.028851022609688304,-0.028851022609688304,0.0,-0.014433096378074772
2024-11-11 14:42:00-05:00,69.27999877929688,69.29499816894531,69.27999877929688,69.29000091552734,4510.0,-0.01443517982149256,0.00721208450271682,0.014439348513328731,0.0
2024-11-11 14:43:00-05:00,69.29309844970703,69.33000183105469,69.29309844970703,69.32499694824219,6488.0,0.018908300578757142,0.050513980856203844,0.018908300578757142,0.050506613151157786
2024-11-11 14:44:00-05:00,69.30999755859375,69.34500122070312,69.30999755859375,69.34500122070312,5759.0,0.024387867283759412,0.021634774631884568,0.024387867283759412,0.028855785562997838
2024-11-11 14:45:00-05:00,69.33999633789062,69.3499984741211,69.33000183105469,69.33999633789062,8948.0,0.04328203773418249,0.007206364308887103,0.02886203024898837,-0.007217366391809588
2024-11-11 14:46:00-05:00,69.3550033569336,69.37000274658203,69.3550033569336,69.37000274658203,4435.0,0.021642659122500518,0.028845382698028388,0.03606162587421746,0.043274315367991534
2024-11-11 14:47:00-05:00,69.37999725341797,69.38500213623047,69.375,69.37999725341797,4190.0,0.036037625657292516,0.02162229934346005,0.02883230062507014,0.01440753415054008
2024-11-11 14:48:00-05:00,69.37999725341797,69.41000366210938,69.37999725341797,69.4000015258789,6884.0,0.0,0.036033040439797936,0.007203248170051246,0.02883291042499181
2024-11-11 14:49:00-05:00,69.41000366210938,69.44999694824219,69.41000366210938,69.44999694824219,6201.0,0.04324936563748771,0.05761890797111313,0.04324936563748771,0.07203951190783986
2024-11-11 14:50:00-05:00,69.45500183105469,69.52999877929688,69.44999694824219,69.52999877929688,24338.0,0.06482951530208947,0.1151934263068588,0.05761890797111313,0.1151934263068588
2024-11-11 14:51:00-05:00,69.5199966430664,69.53500366210938,69.48999786376953,69.52249908447266,12487.0,0.09357830292744396,0.007198163239419131,0.0575967131534183,-0.010786272049312373
2024-11-11 14:52:00-05:00,69.5199966430664,69.5199966430664,69.5,69.5199966430664,9805.0,0.0,-0.021581963403483062,0.014393634390486021,-0.003599469868320604
2024-11-11 14:53:00-05:00,69.51499938964844,69.5250015258789,69.48149871826172,69.5250015258789,22367.0,-0.007188224481113892,0.007199198869645151,-0.026620549263711712,0.007199198869645151
2024-11-11 14:54:00-05:00,69.54000091552734,69.61000061035156,69.54000091552734,69.58999633789062,12047.0,0.0359656564747457,0.1222568609955621,0.0841982374370609,0.09348408570335476
2024-11-11 14:55:00-05:00,69.59960174560547,69.62000274658203,69.59960174560547,69.61990356445312,5957.0,0.0857072609914411,0.014368820776855529,0.0857072609914411,0.04297633012837476
2024-11-11 14:56:00-05:00,69.61499786376953,69.6500015258789,69.61000061035156,69.6178970336914,19043.0,0.022120986008422605,0.04308931070582389,0.014940983116695783,-0.002882122294034506
2024-11-11 14:57:00-05:00,69.61000061035156,69.61000061035156,69.57499694824219,69.57499694824219,3442.0,-0.007178414955566481,-0.057431320389100815,-0.050285392619531244,-0.06162220819232456
2024-11-11 14:58:00-05:00,69.57499694824219,69.64900207519531,69.57499694824219,69.64739990234375,12109.0,-0.050285392619531244,0.05602853685071629,0.0,0.10406461699943304
2024-11-11 14:59:00-05:00,69.6500015258789,69.66999816894531,69.6449966430664,69.66500091552734,9085.0,0.10780392515505888,0.030145577286710967,0.10061041738353982,0.025271601248966213
2024-11-11 15:00:00-05:00,69.66500091552734,69.7300033569336,69.66000366210938,69.7300033569336,9437.0,0.021535375907877352,0.08612773010667762,0.021547878191285896,0.09330717082034479
2024-11-11 15:01:00-05:00,69.73999786376953,69.80000305175781,69.73999786376953,69.80000305175781,4111.0,0.1076536959112806,0.10038676531520796,0.1148351958868199,0.10038676531520796
2024-11-11 15:02:00-05:00,69.79000091552734,69.79000091552734,69.75,69.75,8854.0,0.07169924475118883,-0.014329707440063899,0.014342036904002597,-0.07163760683611686
2024-11-11 15:03:00-05:00,69.76010131835938,69.81500244140625,69.76010131835938,69.81500244140625,3617.0,-0.042842236388784816,0.03582393688339458,0.014482176859309526,0.09319346438172449
2024-11-11 15:04:00-05:00,69.80999755859375,69.81999969482422,69.79000091552734,69.80999755859375,7151.0,0.07152546984796615,0.007157850380590247,0.04286059882785409,-0.007168778396449138
2024-11-11 15:05:00-05:00,69.83000183105469,69.90869903564453,69.83000183105469,69.89959716796875,10923.0,0.02865531178990466,0.12704001891723493,0.05731611262731473,0.12834781909252246
2024-11-11 15:06:00-05:00,69.88999938964844,69.91799926757812,69.88999938964844,69.91500091552734,8093.0,0.08591945728271266,0.013303397233666026,0.08591945728271266,0.02203696184626125
2024-11-11 15:07:00-05:00,69.91919708251953,69.91999816894531,69.83999633789062,69.83999633789062,8749.0,0.04177663918454311,0.0028589224350339393,-0.07154536012947688,-0.10727966338345274
2024-11-11 15:08:00-05:00,69.83000183105469,69.87000274658203,69.81999969482422,69.87000274658203,10281.0,-0.12756904424914284,-0.07150375239209916,-0.028632079202384197,0.042964504961062744
2024-11-11 15:09:00-05:00,69.87999725341797,69.91600036621094,69.87999725341797,69.9000015258789,9435.0,0.0715959058460891,0.06583314415449237,0.08593176576339179,0.042935133988297736
2024-11-11 15:10:00-05:00,69.90190124511719,69.91000366210938,69.87020111083984,69.87999725341797,12042.0,0.031345152490191985,-0.008577012515231797,-0.01401852169884421,-0.028618414913095247
2024-11-11 15:11:00-05:00,69.87999725341797,69.9000015258789,69.86000061035156,69.86000061035156,5840.0,-0.03133533038308656,-0.014307160215309978,-0.01459921443778267,-0.028615689542588196
2024-11-11 15:12:00-05:00,69.86000061035156,69.9000015258789,69.8550033569336,69.88999938964844,9591.0,-0.028615689542588196,0.0,-0.0071532398716156465,0.04294128118349505
2024-11-11 15:13:00-05:00,69.9000015258789,69.95999908447266,69.9000015258789,69.95999908447266,7292.0,0.057258681903604725,0.08583341528474175,0.06441652964410682,0.10015695440768191
2024-11-11 15:14:00-05:00,69.95999908447266,69.98999786376953,69.94999694824219,69.94999694824219,8343.0,0.08583341528474175,0.04287990235771755,0.07152420782818858,-0.014296935908175712
2024-11-11 15:15:00-05:00,69.94999694824219,69.94999694824219,69.91000366210938,69.91000366210938,17470.0,-0.014296935908175712,-0.05715233140198839,-0.05717410704449977,-0.05717410704449977
2024-11-11 15:16:00-05:00,69.89320373535156,69.91999816894531,69.86499786376953,69.91999816894531,11588.0,-0.08119115849661851,-0.04288603374646982,-0.06437676438606488,0.01429624704962773
2024-11-11 15:17:00-05:00,69.94000244140625,70.0,69.94000244140625,69.98999786376953,3934.0,0.066957448726912,0.11441909775424808,0.10735644447161796,0.10011398263352067
2024-11-11 15:18:00-05:00,70.0,70.02999877929688,69.9800033569336,69.98999786376953,10109.0,0.08578432442007955,0.04285539899553381,0.057193185774995214,0.0
2024-11-11 15:19:00-05:00,69.99500274658203,70.06999969482422,69.98249816894531,70.05999755859375,8941.0,-0.0071389334542426575,0.0571196861696599,0.003565035570218811,0.100013854780312
2024-11-11 15:20:00-05:00,70.05999755859375,70.10459899902344,70.05000305175781,70.08000183105469,10421.0,0.09285636039908507,0.04937819944328403,0.09645966431426345,0.028553059032310202
2024-11-11 15:21:00-05:00,70.08999633789062,70.08999633789062,70.03500366210938,70.05999755859375,7934.0,0.042818698747160155,-0.020829819072232247,-0.02141240398998434,-0.02854490858770209
2024-11-11 15:22:00-05:00,70.06999969482422,70.07499694824219,70.04000091552734,70.06700134277344,10905.0,-0.02852995307633943,-0.021400186092357387,0.007135365398247551,0.009996837601700115
2024-11-11 15:23:00-05:00,70.06999969482422,70.08000183105469,70.05000305175781,70.05999755859375,9084.0,0.0,0.007142180564345679,0.014280605510741395,-0.009995838333975993
2024-11-11 15:24:00-05:00,70.06500244140625,70.08999633789062,70.06500244140625,70.08999633789062,8794.0,-0.007131801683646355,0.014261567601026037,0.02141240398998434,0.042818698747160155
2024-11-11 15:25:00-05:00,70.07499694824219,70.08999633789062,70.05000305175781,70.06929779052734,9175.0,0.01426462069176182,0.0,-0.021407820061070115,-0.02953138599622873
2024-11-11 15:26:00-05:00,70.07499694824219,70.11000061035156,70.07499694824219,70.11000061035156,9063.0,0.0,0.02854083821677289,0.03568007907994719,0.058089378811665426
2024-11-11 15:27:00-05:00,70.11000061035156,70.13999938964844,70.11000061035156,70.125,9444.0,0.049951714068896536,0.04278816008518316,0.049951714068896536,0.021394080042580477
2024-11-11 15:28:00-05:00,70.12000274658203,70.12000274658203,70.1050033569336,70.11499786376953,7254.0,0.014266347373270705,-0.028509613972649284,-0.007127732669320874,-0.014263295872329884
2024-11-11 15:29:00-05:00,70.11000061035156,70.13500213623047,70.0999984741211,70.0999984741211,7787.0,-0.014264312376910393,0.021391028324191375,-0.007139123561583638,-0.021392555238441968
2024-11-11 15:30:00-05:00,70.06999969482422,70.06999969482422,69.94999694824219,69.97000122070312,10794.0,-0.05705450745844276,-0.09268188411827305,-0.2139822099058719,-0.18544544400519447
2024-11-11 15:31:00-05:00,69.95999908447266,69.9800033569336,69.94000244140625,69.9749984741211,18290.0,-0.1569867430150529,-0.1284377597867592,-0.014288073298029946,0.007141994184345357
2024-11-11 15:32:00-05:00,69.96080017089844,70.01000213623047,69.95999908447266,69.95999908447266,16921.0,0.0011450635166720957,0.04286764483829586,0.02859113864510654,-0.021435355449106464
2024-11-11 15:33:00-05:00,69.95999908447266,69.9749984741211,69.90499877929688,69.90499877929688,13503.0,-0.0011450504051158106,-0.04999808747507828,-0.07861678944474093,-0.07861678944474093
2024-11-11 15:34:00-05:00,69.90499877929688,69.95999908447266,69.90499877929688,69.95999908447266,14590.0,-0.07861678944474093,-0.021435355449106464,0.0,0.07867864406867486
2024-11-11 15:35:00-05:00,69.95999908447266,69.95999908447266,69.91000366210938,69.91999816894531,16059.0,0.07867864406867486,0.0,0.00715954924526141,-0.05717683826588216
2024-11-11 15:36:00-05:00,69.91500091552734,69.93000030517578,69.89749908447266,69.91500091552734,29042.0,-0.06431985353656522,-0.042879902357706445,-0.017886678560563585,-0.007147101757487562
2024-11-11 15:37:00-05:00,69.91999816894531,69.94000244140625,69.88330078125,69.9375,19478.0,0.007147612604629927,0.01430306905021439,-0.020313034670238483,0.03218062529934951
2024-11-11 15:38:00-05:00,69.9800033569336,70.0199966430664,69.97000122070312,70.01000213623047,14052.0,0.08581977911854555,0.11437546306518609,0.12406460267884167,0.10366704018656137
2024-11-11 15:39:00-05:00,70.0199966430664,70.08499908447266,70.0199966430664,70.06500244140625,22201.0,0.057149591618088635,0.0928341110006059,0.07145265326720107,0.0785606391908944
2024-11-11 15:40:00-05:00,70.06999969482422,70.08999633789062,70.05500030517578,70.06500244140625,13640.0,0.07141253092699529,0.007130275355993199,0.049990950853384675,0.0
2024-11-11 15:41:00-05:00,70.08000183105469,70.08000183105469,69.93000030517578,69.94000244140625,63502.0,0.014274491614152396,-0.014259533967952986,-0.1784312318256709,-0.1784057598578359
2024-11-11 15:42:00-05:00,69.91999816894531,69.93499755859375,69.86000061035156,69.86000061035156,13396.0,-0.22831572193035,-0.20691248383598593,-0.10009966326145481,-0.11438637154996822
2024-11-11 15:43:00-05:00,69.86399841308594,69.86499786376953,69.83000183105469,69.86499786376953,15119.0,-0.0800911861068232,-0.10009251057108148,-0.04294128118348395,0.0071532398716156465
2024-11-11 15:44:00-05:00,69.86000061035156,69.86000061035156,69.80500030517578,69.80999755859375,13445.0,-0.00572226443544821,-0.007152728219805837,-0.03580341575730728,-0.07872369120088818
2024-11-11 15:45:00-05:00,69.80999755859375,69.81999969482422,69.79000091552734,69.80999755859375,16599.0,-0.0715760826237477,-0.05725868190361583,-0.021487557600263774,0.0
2024-11-11 15:46:00-05:00,69.81500244140625,69.83499908447266,69.7699966430664,69.7699966430664,23070.0,0.007169292347120049,0.021482941440842396,-0.028663522279004372,-0.05729969478048824
2024-11-11 15:47:00-05:00,69.7699966430664,69.81999969482422,69.76000213623047,69.79019927978516,28807.0,-0.0644643654888033,-0.02147832726437926,-0.014324935239806713,0.028956052301531976
2024-11-11 15:48:00-05:00,69.80999755859375,69.87000274658203,69.80999755859375,69.80999755859375,23900.0,0.05733254615445382,0.07161708962528657,0.07166774775271278,0.028368279519064288
2024-11-11 15:49:00-05:00,69.79000091552734,69.83499908447266,69.76000213623047,69.7750015258789,17590.0,-0.028644382990594686,-0.05009826926203331,-0.0716164218761306,-0.05013040243336819
2024-11-11 15:50:00-05:00,69.77999877929688,69.80999755859375,69.72000122070312,69.75,42895.0,-0.014331761139496635,-0.0358008537362009,-0.05734076018121259,-0.035831637881988954
2024-11-11 15:51:00-05:00,69.76000213623047,69.76000213623047,69.63999938964844,69.63999938964844,30526.0,-0.028656697357720695,-0.0716164218761306,-0.11474731734647525,-0.1577069682459631
2024-11-11 15:52:00-05:00,69.6500015258789,69.68000030517578,69.58000183105469,69.6050033569336,62770.0,-0.1576843563403929,-0.11468152036242518,-0.08615387581790701,-0.050252775734582755
2024-11-11 15:53:00-05:00,69.58999633789062,69.72000122070312,69.58999633789062,69.70999908447266,38339.0,-0.08615245753581524,0.057406594937070565,0.014364050837767373,0.1508450865243871
2024-11-11 15:54:00-05:00,69.69999694824219,69.83999633789062,69.66999816894531,69.69999694824219,78982.0,0.1580695734160642,0.17211003311323747,0.11496168309341748,-0.014348208810543994
2024-11-11 15:55:00-05:00,69.70999908447266,69.73999786376953,69.62000274658203,69.67500305175781,56526.0,0.014350267816931606,-0.14318224422191772,-0.07176033253516456,-0.03585925047161487
2024-11-11 15:56:00-05:00,69.68000030517578,69.70999908447266,69.66000366210938,69.70500183105469,54151.0,-0.043033681955040315,-0.043015170943183634,0.05745606714919749,0.04305529671033703
2024-11-11 15:57:00-05:00,69.70999908447266,69.80000305175781,69.69499969482422,69.80000305175781,45228.0,0.04305220890570283,0.1291119903417126,0.050238344638331434,0.1362903926656278
2024-11-11 15:58:00-05:00,69.79499816894531,69.80999755859375,69.76000213623047,69.79000091552734,62784.0,0.12193241369815588,0.014318777075872369,0.09326700866758575,-0.014329707440063899
2024-11-11 15:59:00-05:00,69.80000305175781,69.94999694824219,69.79000091552734,69.87000274658203,243679.0,0.007170833073710803,0.2005434673320705,0.043002835977978826,0.11463222525460726
2024-11-12 09:30:00-05:00,68.91999816894531,69.37999725341797,68.8949966430664,68.91999816894531,137346.0,-1.2607519259848154,-0.8148673619614022,-1.282424789683323,-1.35967445297287
2024-11-12 09:31:00-05:00,69.0,69.20999908447266,68.8499984741211,69.04000091552734,36513.0,0.11607927042971422,-0.24502475594568862,-0.06531413184972523,0.17411890564458243
2024-11-12 09:32:00-05:00,69.0,69.25,69.0,69.05500030517578,12948.0,0.0,0.05779643990244665,0.2178671448123337,0.021725650998738466
2024-11-12 09:33:00-05:00,69.0,69.0999984741211,68.88200378417969,68.88200378417969,26597.0,0.0,-0.2166087016301943,-0.17100900843523004,-0.2505199047593498
2024-11-12 09:34:00-05:00,68.94000244140625,68.98999786376953,68.75,68.80999755859375,31097.0,-0.08695298346920177,-0.15919046712100648,-0.1916375496178624,-0.10453561399221822
2024-11-12 09:35:00-05:00,68.78500366210938,69.16000366210938,68.73999786376953,69.16000366210938,36686.0,-0.2248314096429116,0.2464209357935454,-0.014548561789773373,0.5086558871297608
2024-11-12 09:36:00-05:00,69.27999877929688,69.51499938964844,69.27320098876953,69.51499938964844,5386.0,0.7196265040837257,0.5132962821596143,0.775681032252451,0.5132962821596143
2024-11-12 09:37:00-05:00,69.4749984741211,69.4749984741211,69.4749984741211,69.4749984741211,4848.0,0.28146607716523775,-0.05754285532411085,0.29130671381025763,-0.05754285532411085
2024-11-12 09:38:00-05:00,69.54000091552734,69.62000274658203,69.5199966430664,69.5199966430664,8644.0,0.093562350246712,0.2087143226278121,0.06476886640318646,0.06476886640318646
2024-11-12 09:39:00-05:00,69.41000366210938,69.51000213623047,69.16000366210938,69.20999908447266,19593.0,-0.18693881464839635,-0.15800144500419666,-0.5178265223534595,-0.4459113543767268
2024-11-12 09:40:00-05:00,69.1449966430664,69.33999633789062,69.13999938964844,69.33999633789062,15440.0,-0.381799459819987,-0.2445774609626028,-0.02892462608687918,0.1878301620251488
2024-11-12 09:41:00-05:00,69.37999725341797,69.43000030517578,69.29000091552734,69.43000030517578,9211.0,0.3398663992489004,0.12980094034988898,0.2169533225384601,0.12980094034988898
2024-11-12 09:42:00-05:00,69.43000030517578,69.5199966430664,69.33000183105469,69.5199966430664,10506.0,0.07207127952912895,0.12962168730383805,0.05772970846993353,0.12962168730383805
2024-11-12 09:43:00-05:00,69.52999877929688,69.56999969482422,69.36000061035156,69.375,12590.0,0.14402775987549798,0.07192614236526396,0.04326954926379134,-0.20856825383760436
2024-11-12 09:44:00-05:00,69.33000183105469,69.36740112304688,69.18000030517578,69.22000122070312,12629.0,-0.28764123652155194,-0.29121542714685145,-0.25951600863872715,-0.2234216638513531
2024-11-12 09:45:00-05:00,69.26000213623047,69.38999938964844,69.26000213623047,69.33000183105469,7158.0,-0.10096594976990447,0.03257764632333959,0.11564300477273637,0.15891448773719397
2024-11-12 09:47:00-05:00,69.33000183105469,69.3550033569336,69.2699966430664,69.2699966430664,13472.0,0.10106799403000188,-0.05043382767353499,0.014430416586308503,-0.08655010299076782
2024-11-12 09:48:00-05:00,69.29499816894531,69.30000305175781,69.07499694824219,69.1050033569336,6931.0,-0.050488477116550357,-0.0793025773392686,-0.28150671903307556,-0.23818867349306716
2024-11-12 09:49:00-05:00,69.13999938964844,69.19000244140625,69.0199966430664,69.13999938964844,38521.0,-0.22367960659870345,-0.15873103247832088,-0.07962404286024904,0.050641821886743266
2024-11-12 09:50:00-05:00,69.13999938964844,69.13999938964844,68.98999786376953,69.0,5800.0,0.0,-0.07226918628909784,-0.043463895618556236,-0.2024868251147227
2024-11-12 09:53:00-05:00,69.05000305175781,69.16000366210938,69.0199966430664,69.11499786376953,42216.0,-0.1301653727004526,0.028932994847452598,0.04348279493515683,0.16666357068046977
2024-11-12 09:54:00-05:00,69.04959869384766,69.05999755859375,68.97000122070312,69.05999755859375,7923.0,-0.0005856015818705984,-0.1446010674091558,-0.07243614140092225,-0.07957795974209425
2024-11-12 09:55:00-05:00,69.02999877929688,69.02999877929688,68.91000366210938,68.91000366210938,9806.0,-0.028385269315878148,-0.04343872047116726,-0.08699080401892711,-0.2171936023558585
2024-11-12 09:56:00-05:00,68.94999694824219,69.13999938964844,68.94999694824219,69.12999725341797,21847.0,-0.11589429591396527,0.15935189380962278,0.058036981580955604,0.319247684831514
2024-11-12 09:57:00-05:00,69.12999725341797,69.16999816894531,69.05999755859375,69.16999816894531,9195.0,0.26105919237515707,0.04338845756681753,0.15953678784661474,0.057863325787077535
2024-11-12 09:58:00-05:00,69.19000244140625,69.19000244140625,69.08999633789062,69.1500015258789,6582.0,0.0868005068310751,0.02892044671169991,0.04343872047116726,-0.02890941679305481
2024-11-12 09:59:00-05:00,69.13999938964844,69.30999755859375,69.13999938964844,69.25,9388.0,-0.07226918628909784,0.17342840432637008,0.07237379419340328,0.1446109499848136
2024-11-12 10:00:00-05:00,69.30000305175781,69.30000305175781,69.1500015258789,69.1500015258789,8077.0,0.2314198199621753,-0.01442000748519412,0.014466497423737401,-0.14440212869472058
2024-11-12 10:01:00-05:00,69.16999816894531,69.16999816894531,69.04000091552734,69.08999633789062,5917.0,-0.18759722523447042,-0.18759722523447042,-0.15907535491578306,-0.08677539647750088
2024-11-12 10:02:00-05:00,69.10489654541016,69.13500213623047,68.95999908447266,68.97229766845703,4687.0,-0.09411829587756548,-0.05059423686750719,-0.11587750578475609,-0.17035558788854877
2024-11-12 10:03:00-05:00,68.95999908447266,68.96499633789062,68.88999938964844,68.91000366210938,14550.0,-0.2096775600297529,-0.24590409067297703,-0.10150767945700245,-0.09031742953830024
2024-11-12 10:04:00-05:00,68.91000366210938,68.94499969482422,68.88749694824219,68.88749694824219,11853.0,-0.07249916332225936,-0.028995351451099882,-0.0036325176780649393,-0.03266102549862593
2024-11-12 10:05:00-05:00,68.89250183105469,68.9800033569336,68.88469696044922,68.93000030517578,16472.0,-0.025398099150464315,0.05077041448156017,-0.004064580536400353,0.06169966803342142
2024-11-12 10:06:00-05:00,68.88999938964844,68.92459869384766,68.80000305175781,68.81999969482422,23667.0,-0.003632385731011656,-0.08031989038801424,-0.12295025227451184,-0.1595830695844347
2024-11-12 10:07:00-05:00,68.82499694824219,68.87000274658203,68.7699966430664,68.8550033569336,17871.0,-0.09435686163762336,-0.07921112099343874,-0.043613964186650644,0.05086263043387884
2024-11-12 10:08:00-05:00,68.8550033569336,68.95500183105469,68.8550033569336,68.93000030517578,30288.0,0.043598125712907,0.12341960372126426,0.12361017597308788,0.10892011413232705
2024-11-12 10:09:00-05:00,68.93499755859375,69.0,68.91999816894531,68.93000030517578,8569.0,0.11617776161521043,0.06525729497559585,0.09439373878874502,0.0
2024-11-12 10:10:00-05:00,68.93000030517578,68.9800033569336,68.88999938964844,68.9800033569336,4950.0,-0.007249225494965206,-0.028980642125231437,-0.04352695892901881,0.07254178374644926
2024-11-12 10:11:00-05:00,68.98999786376953,69.0199966430664,68.95999908447266,68.95999908447266,4313.0,0.08704128583798543,0.05797808667227233,0.10161082224473539,-0.029000103635001828
2024-11-12 10:12:00-05:00,68.98500061035156,69.01000213623047,68.94499969482422,68.9800033569336,8590.0,-0.007243446256999242,-0.014480595946164687,-0.021750855347413278,0.02900851613474309
2024-11-12 10:13:00-05:00,68.94999694824219,68.98999786376953,68.91000366210938,68.91999816894531,6487.0,-0.05074097528401378,-0.028987497234744808,-0.050759348567330775,-0.08698925060612872
2024-11-12 10:14:00-05:00,68.9000015258789,68.91000366210938,68.87999725341797,68.90499877929688,9147.0,-0.07250968031341509,-0.11595043359490242,-0.04354434348681213,-0.021763479464509405
2024-11-12 10:15:00-05:00,68.90499877929688,68.98999786376953,68.8949966430664,68.98999786376953,4628.0,0.00725290755776431,0.11608503469597853,0.021776118244098974,0.1233569203664242
2024-11-12 10:16:00-05:00,68.98500061035156,69.01000213623047,68.93000030517578,68.93000030517578,4441.0,0.11610453881718552,0.028995902421158348,0.050807262958030286,-0.08696558987032477
2024-11-12 10:17:00-05:00,68.94999694824219,68.94999694824219,68.92500305175781,68.92500305175781,4682.0,-0.05074097528401378,-0.08695143621330059,-0.0072497510457680825,-0.0072497510457680825
2024-11-12 10:18:00-05:00,68.91000366210938,68.95999908447266,68.88500213623047,68.93000030517578,13330.0,-0.05800331820584592,0.014506362107558068,-0.058035420756241685,0.007250276672765565
2024-11-12 10:19:00-05:00,68.91999816894531,68.93000030517578,68.88500213623047,68.8949966430664,16455.0,0.014503709628210792,-0.043501710694815454,0.0,-0.05078146228696401
2024-11-12 10:20:00-05:00,68.9000015258789,68.9000015258789,68.69999694824219,68.76000213623047,37552.0,-0.02901428264316941,-0.043520642918992714,-0.26857107098930966,-0.1959423955491646
2024-11-12 10:21:00-05:00,68.76000213623047,68.77259826660156,68.7300033569336,68.77259826660156,7635.0,-0.20319214303043953,-0.18491038672835414,0.043677452728285715,0.018318979028153493
2024-11-12 10:22:00-05:00,68.76000213623047,68.87999725341797,68.72000122070312,68.87999725341797,16097.0,0.0,0.15616537621578885,-0.014552794619437925,0.15616537621578885
2024-11-12 10:23:00-05:00,68.88240051269531,68.91999816894531,68.87000274658203,68.87000274658203,9157.0,0.17800810451160665,0.05807334076999293,0.21827928290798493,-0.014510027924607982
2024-11-12 10:24:00-05:00,68.87999725341797,68.87999725341797,68.76000213623047,68.7699966430664,29002.0,-0.003488930785588984,-0.05803963521485711,-0.15972209374860435,-0.14520996010936038
2024-11-12 10:25:00-05:00,68.76000213623047,68.76000213623047,68.66000366210938,68.66000366210938,12987.0,-0.1742089459528029,-0.1742089459528029,-0.14543116785100674,-0.1599432693416003
2024-11-12 10:26:00-05:00,68.6500015258789,68.69000244140625,68.58000183105469,68.5999984741211,27558.0,-0.15997761334216598,-0.1018029270643872,-0.11651882724678098,-0.08739467635856535
2024-11-12 10:27:00-05:00,68.58999633789062,68.66999816894531,68.58000183105469,68.62000274658203,28815.0,-0.08740740954777948,-0.029122538579029467,0.0,0.029160747676226784
2024-11-12 10:28:00-05:00,68.61000061035156,68.63999938964844,68.5999984741211,68.63500213623047,7837.0,0.029165000042263856,-0.043685423178652094,0.029158125594208606,0.021858625835147194
2024-11-12 10:29:00-05:00,68.63500213623047,68.66999816894531,68.5999984741211,68.6500015258789,13184.0,0.03644006071490402,0.043704515681275424,0.0,0.021853848884090255
2024-11-12 10:30:00-05:00,68.6500015258789,68.69300079345703,68.56500244140625,68.56500244140625,12945.0,0.021853848884090255,0.033497342544164255,-0.05101462608347873,-0.12381512393793148
2024-11-12 10:32:00-05:00,68.53500366210938,68.58999633789062,68.44000244140625,68.44999694824219,29307.0,-0.16751327197884747,-0.1499489822494704,-0.18230875162124072,-0.16773206310660704
2024-11-12 10:33:00-05:00,68.44999694824219,68.45999908447266,68.37000274658203,68.41999816894531,35724.0,-0.12403401083377341,-0.18952800752105592,-0.10227891923900723,-0.0438258299990224
2024-11-12 10:34:00-05:00,68.37999725341797,68.37999725341797,68.29499816894531,68.29499816894531,13964.0,-0.1022639853105467,-0.11685923477149363,-0.10970392661051598,-0.18269512327572235
2024-11-12 10:35:00-05:00,68.29000091552734,68.30509948730469,68.21499633789062,68.27999877929688,25987.0,-0.13161208175703765,-0.10953168926829404,-0.11714156702483658,-0.021962647412820946
2024-11-12 10:36:00-05:00,68.2699966430664,68.28990173339844,68.19000244140625,68.20500183105469,8325.0,-0.029293120797702077,-0.02224980860919823,-0.0366398854008132,-0.10983736025625968
2024-11-12 10:37:00-05:00,68.20500183105469,68.20500183105469,68.1500015258789,68.16000366210938,7265.0,-0.09520260027480187,-0.124322777143826,-0.058660968023449556,-0.0659748812217198
2024-11-12 10:38:00-05:00,68.18000030517578,68.2750015258789,68.16000366210938,68.2699966430664,15070.0,-0.03665644044821281,0.10263132166994371,0.01467664857890405,0.16137466996377636
2024-11-12 10:39:00-05:00,68.26000213623047,68.26000213623047,68.12000274658203,68.15499877929688,13347.0,0.11733914739893159,-0.02196907991682817,-0.058686786059525264,-0.16844568540228533
2024-11-12 10:40:00-05:00,68.16999816894531,68.16999816894531,68.06500244140625,68.08000183105469,10675.0,-0.13185462125466785,-0.13185462125466785,-0.08074031555810324,-0.11003880798977628
2024-11-12 10:41:00-05:00,68.08499908447266,68.1500015258789,68.08499908447266,68.12000274658203,12149.0,-0.12468693964462485,-0.02933349509097738,0.02937874436075294,0.05875574978186915
2024-11-12 10:42:00-05:00,68.11000061035156,68.11289978027344,68.0250015258789,68.0250015258789,17412.0,0.03672104900507289,-0.054441298275509364,-0.08812155305945035,-0.13946156323062509
2024-11-12 10:43:00-05:00,68.01000213623047,68.0250015258789,67.96499633789062,67.98999786376953,12695.0,-0.1468190768242228,-0.12904788179344262,-0.0882104912051429,-0.05145705450084748
2024-11-12 10:44:00-05:00,67.98789978027344,67.98999786376953,67.86499786376953,67.86499786376953,15249.0,-0.03249868440344805,-0.05145705450084748,-0.1471323173828254,-0.18385057203629263
2024-11-12 10:45:00-05:00,67.86000061035156,68.0,67.86000061035156,67.98999786376953,16976.0,-0.1881204895800903,0.014711187740457099,-0.007363521071646062,0.18418920494320812
2024-11-12 10:46:00-05:00,68.0,68.04000091552734,67.94499969482422,67.94999694824219,9627.0,0.2063062015756678,0.05882487577550943,0.12525653361059597,-0.058833529613422364
2024-11-12 10:47:00-05:00,67.94499969482422,67.95999908447266,67.87999725341797,67.91000366210938,11165.0,-0.08088280172908746,-0.11758058491799783,-0.0956692055312569,-0.05885693587782681
2024-11-12 10:48:00-05:00,67.91999816894531,67.97000122070312,67.91999816894531,67.93499755859375,7807.0,-0.03679671203355994,0.014717681526210669,0.058928870279717493,0.03680443990068394
2024-11-12 10:49:00-05:00,67.92680358886719,67.93000030517578,67.86499786376953,67.86499786376953,11035.0,0.010019758694546077,-0.05885083832418703,-0.08097807222987585,-0.1030392247587053
2024-11-12 10:50:00-05:00,67.86000061035156,68.0250015258789,67.83999633789062,68.0250015258789,12763.0,-0.09834553517334976,0.13985164180234655,-0.03684008939202066,0.23576757849541607
2024-11-12 10:51:00-05:00,68.01000213623047,68.02999877929688,67.88999938964844,67.91000366210938,20421.0,0.22104557107243128,0.007346201111180228,0.07370733263127871,-0.169052350150678
2024-11-12 10:52:00-05:00,67.88999938964844,67.9000015258789,67.81999969482422,67.83000183105469,11114.0,-0.1764486734490256,-0.19108813133997815,-0.10310752018490854,-0.11780566446843999
2024-11-12 10:53:00-05:00,67.81999969482422,67.83000183105469,67.76000213623047,67.79499816894531,16817.0,-0.10310752018490854,-0.10309233173955157,-0.08846587859587807,-0.05160498476258768
2024-11-12 10:54:00-05:00,67.80999755859375,67.80999755859375,67.77999877929688,67.77999877929688,6766.0,-0.014748062924618832,-0.02949177638349454,0.029510983524172474,-0.022124625788855212
2024-11-12 10:55:00-05:00,67.83999633789062,67.83999633789062,67.7699966430664,67.77999877929688,10527.0,0.04423946376188592,0.04423946376188592,-0.014756766613466255,0.0
2024-11-12 10:56:00-05:00,67.7750015258789,67.83000183105469,67.7300033569336,67.7300033569336,15318.0,-0.0958060370286562,-0.01473246959825536,-0.059013262673524025,-0.07376132083753983
2024-11-12 10:57:00-05:00,67.75,67.75,67.5999984741211,67.68499755859375,26130.0,-0.03688900821250396,-0.1179446098998338,-0.19194577937251545,-0.06644883524169476
2024-11-12 10:58:00-05:00,67.69999694824219,67.73999786376953,67.62000274658203,67.69000244140625,107462.0,-0.07380524244695597,-0.014763300709175198,0.029592119693022667,0.00739437540522303
2024-11-12 10:59:00-05:00,67.69999694824219,67.79000091552734,67.63999938964844,67.69499969482422,83134.0,0.0,0.07381614014569937,0.029572082600104466,0.00738255759746842
2024-11-12 11:00:00-05:00,67.69000244140625,67.75,67.62999725341797,67.63999938964844,20268.0,-0.014762935430523427,-0.05900710279852506,-0.014787309758612643,-0.08124721977063043
2024-11-12 11:01:00-05:00,67.63999938964844,67.69000244140625,67.55000305175781,67.58499908447266,15140.0,-0.07387066029594935,-0.08855728205720004,-0.11828213057647474,-0.08131328455363018
2024-11-12 11:02:00-05:00,67.5999984741211,67.69999694824219,67.58999633789062,67.66000366210938,10735.0,-0.05913795962195767,0.014765115194959044,0.05920545422057888,0.11097814404490425
2024-11-12 11:03:00-05:00,67.6449966430664,67.6449966430664,67.57499694824219,67.57499694824219,11332.0,0.0665653401790145,-0.08124122253333477,-0.02219173022802723,-0.1256380568521842
2024-11-12 11:04:00-05:00,67.55999755859375,67.56999969482422,67.48500061035156,67.5,32943.0,-0.1256546510323031,-0.11086843368167676,-0.13317993630034275,-0.11098328025028747
2024-11-12 11:05:00-05:00,67.51000213623047,67.51000213623047,67.38999938964844,67.42500305175781,23487.0,-0.07400151594132431,-0.08879319056492863,-0.14077383099045937,-0.11110658998843004
2024-11-12 11:06:00-05:00,67.41999816894531,67.41999816894531,67.36000061035156,67.41000366210938,17327.0,-0.13331945554310165,-0.13331945554310165,-0.044515179653614734,-0.02224603480837084
2024-11-12 11:07:00-05:00,67.40499877929688,67.43000030517578,67.26000213623047,67.36000061035156,34585.0,-0.022247686229315278,0.014835562892479004,-0.14845379040232531,-0.07417749449837308
2024-11-12 11:08:00-05:00,67.36000061035156,67.37999725341797,67.29000091552734,67.375,32536.0,-0.06675791077846993,-0.07415549685823031,0.044601216687611966,0.02226750224543217
2024-11-12 11:09:00-05:00,67.375,67.44000244140625,67.33999633789062,67.33999633789062,15269.0,0.02226750224543217,0.08905489824020396,0.07429844209103642,-0.051953487360856254
2024-11-12 11:10:00-05:00,67.34500122070312,67.36499786376953,67.30999755859375,67.36000061035156,10737.0,-0.04452508986548809,-0.11121674810419258,-0.04454823422672671,0.029706375926363826
2024-11-12 11:11:00-05:00,67.36000061035156,67.38999938964844,67.30000305175781,67.37999725341797,13996.0,0.02227246176635944,0.037113525824583604,-0.014848473032902376,0.02968622756118755
2024-11-12 11:12:00-05:00,67.4000015258789,67.42500305175781,67.37999725341797,67.37999725341797,17305.0,0.05938378142056333,0.05194192376674067,0.11886210703235811,0.0
2024-11-12 11:13:00-05:00,67.40679931640625,67.43000030517578,67.34500122070312,67.37999725341797,15160.0,0.010085742393828312,0.007411573143167871,-0.05193831128135207,0.0
2024-11-12 11:14:00-05:00,67.37999725341797,67.40499877929688,67.33000183105469,67.4000015258789,10506.0,-0.039761660930481835,-0.037077748429115154,-0.02227246176635944,0.02968874039235292
2024-11-12 11:15:00-05:00,67.4000015258789,67.44000244140625,67.33999633789062,67.36399841308594,9112.0,0.02968874039235292,0.051930365319030614,0.014844061434926559,-0.05341708008589352
2024-11-12 11:16:00-05:00,67.3550033569336,67.43000030517578,67.3550033569336,67.37999725341797,7353.0,-0.06676286042520685,-0.01483116231966175,0.022285446776182383,0.02374983776041173
2024-11-12 11:18:00-05:00,67.54000091552734,67.54000091552734,67.48500061035156,67.54000091552734,30258.0,0.27466045486390644,0.16313304145592067,0.19300311326402309,0.23746463139142637
2024-11-12 11:19:00-05:00,67.55500030517578,67.58000183105469,67.53500366210938,67.57499694824219,7597.0,0.022208157306957688,0.059225518189398585,0.07409506009568023,0.05181526834536765
2024-11-12 11:20:00-05:00,67.57499694824219,67.63999938964844,67.57499694824219,67.61000061035156,16174.0,0.029600537304519392,0.08878004878387635,0.059218603633914846,0.05179972429179003
2024-11-12 11:21:00-05:00,67.5999984741211,67.62000274658203,67.55999755859375,67.56500244140625,22403.0,0.036998190170933754,-0.029563340104743485,-0.022196656050055275,-0.0665554925885048
2024-11-12 11:22:00-05:00,67.5625,67.56999969482422,67.5199966430664,67.55999755859375,21504.0,-0.05547111681585282,-0.0739471306222872,-0.05920798841452246,-0.007407507780143874
2024-11-12 11:23:00-05:00,67.53500366210938,67.55000305175781,67.44999694824219,67.50250244140625,32731.0,-0.040697632400554795,-0.029593966489149803,-0.10367253895798845,-0.08510230797097451
2024-11-12 11:24:00-05:00,67.5,67.5199966430664,67.47000122070312,67.5199966430664,8868.0,-0.05183039936520473,-0.0444210323253702,0.029657929378834602,0.02591637498972066
2024-11-12 11:25:00-05:00,67.54000091552734,67.55999755859375,67.48999786376953,67.52999877929688,16287.0,0.05926061559606843,0.05924306504161425,0.029637828226780627,0.014813591125228953
2024-11-12 11:26:00-05:00,67.54000091552734,67.59500122070312,67.54000091552734,67.56999969482422,9653.0,0.0,0.051811224651121535,0.07408957377468273,0.05923429031604588
2024-11-12 11:27:00-05:00,67.55000305175781,67.62000274658203,67.5425033569336,67.61000061035156,13998.0,0.01480920357548321,0.036987240812780264,0.003705124922004366,0.05919922407577882
2024-11-12 11:28:00-05:00,67.62999725341797,67.68000030517578,67.58999633789062,67.66999816894531,14081.0,0.11842220288111882,0.08872753054831595,0.07031569544595495,0.08874065678468046
2024-11-12 11:29:00-05:00,67.68000030517578,67.69999694824219,67.63999938964844,67.68620300292969,11355.0,0.07393620255586875,0.029545867281677296,0.07397995926474721,0.023946851518918955
2024-11-12 11:30:00-05:00,67.6500015258789,67.66999816894531,67.63999938964844,67.66999816894531,7317.0,-0.044324437295517605,-0.04431134512430379,0.0,-0.023941118374848358
2024-11-12 11:31:00-05:00,67.6500015258789,67.73500061035156,67.63999938964844,67.70999908447266,16892.0,0.0,0.09605799196856779,0.0,0.059111743179718346
2024-11-12 11:32:00-05:00,67.69999694824219,67.77999877929688,67.69000244140625,67.72000122070312,13665.0,0.07390306169343663,0.06643266928447744,0.07392526938057031,0.014772022398035212
2024-11-12 11:33:00-05:00,67.72000122070312,67.75,67.66000366210938,67.66999816894531,9832.0,0.029548409693780364,-0.044259043725503044,-0.04431788774544865,-0.07383793688197082
2024-11-12 11:34:00-05:00,67.68499755859375,67.73999786376953,67.68250274658203,67.69000244140625,13156.0,-0.05168880903486661,-0.014763300709175198,0.03325315290405584,0.02956150879596109
2024-11-12 11:35:00-05:00,67.68000030517578,67.69499969482422,67.6500015258789,67.68499755859375,11455.0,-0.0073831034914983995,-0.0664277684741088,-0.048020122460334935,-0.007393828677770831
2024-11-12 11:36:00-05:00,67.69499969482422,67.69999694824219,67.6449966430664,67.66000366210938,19187.0,0.022162218647769905,0.007382012616141687,-0.007398200590702508,-0.03692678937121663
2024-11-12 11:37:00-05:00,67.66500091552734,67.68000030517578,67.62999725341797,67.6500015258789,47090.0,-0.04431461619338606,-0.02953714027741361,-0.022173686736337572,-0.014782937761015358
2024-11-12 11:38:00-05:00,67.6500015258789,67.6500015258789,67.53500366210938,67.53500366210938,60764.0,-0.02216713137588311,-0.044324437295517605,-0.14046073512711255,-0.1699894474141872
2024-11-12 11:39:00-05:00,67.54000091552734,67.58999633789062,67.45999908447266,67.48999786376953,16953.0,-0.16260252456828939,-0.08869946287485275,-0.11106029994754074,-0.06664069874788847
2024-11-12 11:40:00-05:00,67.48999786376953,67.51000213623047,67.43499755859375,67.44499969482422,16098.0,-0.0740347217648818,-0.118352131963817,-0.03706126032939627,-0.06667383370813074
2024-11-12 11:41:00-05:00,67.44999694824219,67.45999908447266,67.42500305175781,67.44000244140625,21410.0,-0.05926939812338494,-0.07406761987195365,-0.01482094935534306,-0.007409375699574117
2024-11-12 11:42:00-05:00,67.44000244140625,67.44499969482422,67.37000274658203,67.41000366210938,25038.0,-0.014817653503540473,-0.022234494295880758,-0.08157256609030439,-0.04448217409680488
2024-11-12 11:43:00-05:00,67.40149688720703,67.41000366210938,67.3499984741211,67.37000274658203,19225.0,-0.05709601542893683,-0.051888253944987195,-0.029693144790543524,-0.05933973201937004
2024-11-12 11:44:00-05:00,67.36000061035156,67.4000015258789,67.36000061035156,67.4000015258789,15512.0,-0.061565809027819274,-0.014837762479003036,0.014850982118885803,0.0445283925691875
2024-11-12 11:45:00-05:00,67.41000366210938,67.43000030517578,67.37000274658203,67.41500091552734,14044.0,0.07423255835026232,0.044508573616797165,0.014848776929698992,0.022254286808398582
2024-11-12 11:46:00-05:00,67.41500091552734,67.41999816894531,67.33000183105469,67.33999633789062,21143.0,0.007413222291186017,-0.014833362279698115,-0.059374964964464816,-0.11125799394514635
2024-11-12 11:47:00-05:00,67.34500122070312,67.37999725341797,67.29000091552734,67.29000091552734,17590.0,-0.10383400411420052,-0.05933093535112066,-0.05941023977351634,-0.07424328049027151
2024-11-12 11:48:00-05:00,67.27999877929688,67.30500030517578,67.19000244140625,67.30500030517578,17727.0,-0.09652155353480074,-0.11130446912920311,-0.14860822226265835,0.02229066643537614
2024-11-12 11:49:00-05:00,67.29499816894531,67.33000183105469,67.23999786376953,67.25,27347.0,0.02229398026245555,0.037146609858917934,0.07440902001287775,-0.0817180074680901
2024-11-12 11:50:00-05:00,67.2699966430664,67.33000183105469,67.25,67.31999969482422,38380.0,-0.03715213100405901,0.0,0.014875277436399159,0.10408876553786861
2024-11-12 11:51:00-05:00,67.31999969482422,67.37000274658203,67.31999969482422,67.37000274658203,8046.0,0.07433187788477014,0.05941023977351634,0.10408876553786861,0.07427666664361343
2024-11-12 11:52:00-05:00,67.3499984741211,67.3499984741211,67.29199981689453,67.3499984741211,8466.0,0.04456146677489503,-0.029693144790543524,-0.04159221339367081,-0.029693144790543524
2024-11-12 11:53:00-05:00,67.3550033569336,67.37000274658203,67.33999633789062,67.33999633789062,10515.0,0.007431155049575366,0.02970196423779381,0.0713257461907757,-0.014850982118896905
2024-11-12 11:54:00-05:00,67.33999633789062,67.37000274658203,67.33000183105469,67.33000183105469,8435.0,-0.022280481471348423,0.0,-0.014841858300362887,-0.014841858300362887
2024-11-12 11:55:00-05:00,67.33000183105469,67.3550033569336,67.31500244140625,67.33000183105469,5856.0,-0.014841858300362887,-0.02226419628459375,-0.022277423496996906,0.0
2024-11-12 11:56:00-05:00,67.30999755859375,67.31500244140625,67.20999908447266,67.20999908447266,9082.0,-0.029710785559067254,-0.059388187267050974,-0.15598804594115778,-0.178230719320549
2024-11-12 11:57:00-05:00,67.1500015258789,67.1500015258789,67.0999984741211,67.13500213623047,19886.0,-0.23770025036112807,-0.24511759569639802,-0.16366703146849515,-0.11158599801188718
2024-11-12 11:58:00-05:00,67.13999938964844,67.1500015258789,67.04499816894531,67.06999969482422,18373.0,-0.01489521370541258,0.0,-0.08196766978615377,-0.09682347410125969
2024-11-12 11:59:00-05:00,67.08000183105469,67.08000183105469,67.0,67.06999969482422,32958.0,-0.08936186943576674,-0.10424377249975691,-0.06711636986240777,0.0
2024-11-12 12:00:00-05:00,67.05999755859375,67.12999725341797,67.04000091552734,67.12999725341797,8577.0,-0.029821514482542,0.07453103905572522,0.05970285899603578,0.08945513473497257
2024-11-12 12:01:00-05:00,67.12999725341797,67.25,67.12999725341797,67.25,14778.0,0.10438368233320894,0.17876173319211208,0.1342427456169304,0.17876173319211208
2024-11-12 12:02:00-05:00,67.23999786376953,67.23999786376953,67.1500015258789,67.1500015258789,5722.0,0.16386208081657916,-0.014873065026721477,0.02979930475108805,-0.14869661579345328
2024-11-12 12:03:00-05:00,67.16500091552734,67.20999908447266,67.1500015258789,67.19499969482422,7361.0,-0.11153621449264683,-0.04461448579705651,0.0,0.0670114190957527
2024-11-12 12:04:00-05:00,67.19999694824219,67.25,67.16000366210938,67.22000122070312,7036.0,0.05210456672049002,0.05951631613188013,0.01489521370541258,0.03720742018371581
2024-11-12 12:05:00-05:00,67.2300033569336,67.25,67.18000030517578,67.25,11276.0,0.04465239591382453,0.0,0.029774630696888238,0.044627757738924245
2024-11-12 12:06:00-05:00,67.25,67.26000213623047,67.19999694824219,67.25499725341797,9209.0,0.02974362943319875,0.014873065026721477,0.029765768049361263,0.007430860101065306
2024-11-12 12:07:00-05:00,67.25,67.25,67.19999694824219,67.19999694824219,4669.0,0.0,-0.014870853275039675,0.0,-0.08177876354457103
2024-11-12 12:08:00-05:00,67.19999694824219,67.19999694824219,67.11000061035156,67.11000061035156,7212.0,-0.07435398030901652,-0.07435398030901652,-0.13392312794290318,-0.13392312794290318
2024-11-12 12:09:00-05:00,67.0999984741211,67.125,67.08000183105469,67.09500122070312,9529.0,-0.14880725991418542,-0.11160260661908783,-0.04470090750118283,-0.022350453750585864
2024-11-12 12:10:00-05:00,67.08000183105469,67.1050033569336,67.05000305175781,67.06500244140625,11569.0,-0.029801257110484425,-0.029790157268394513,-0.04472089814849811,-0.044710900590339
2024-11-12 12:11:00-05:00,67.0999984741211,67.12000274658203,67.02999877929688,67.05000305175781,27557.0,0.02981014090721601,0.022352118170165802,-0.02983485689850296,-0.022365450089323335
2024-11-12 12:12:00-05:00,67.05500030517578,67.05999755859375,66.94000244140625,66.99500274658203,21551.0,-0.06706135613798736,-0.08939985925632277,-0.1342627771588445,-0.08202878847496375
2024-11-12 12:13:00-05:00,66.99500274658203,67.02999877929688,66.95999908447266,66.97000122070312,12625.0,-0.08947514476279617,-0.04473423857592751,0.02987248631176609,-0.03731849369941198
2024-11-12 12:14:00-05:00,66.97000122070312,67.05999755859375,66.97000122070312,67.05000305175781,5739.0,-0.03731849369941198,0.044754259052948164,0.014937479640431128,0.11945920501186258
2024-11-12 12:15:00-05:00,67.04000091552734,67.08499908447266,67.04000091552734,67.08000183105469,5965.0,0.10452395632116751,0.03728232446931212,0.10452395632116751,0.04474090668380448
2024-11-12 12:16:00-05:00,67.06999969482422,67.0999984741211,67.06999969482422,67.08999633789062,6873.0,0.04474758187231753,0.022358783413789496,0.04474758187231753,0.01489938366594501
2024-11-12 12:17:00-05:00,67.09500122070312,67.0999984741211,67.05999755859375,67.0999984741211,3355.0,0.03727676456339868,0.0,-0.014912980879644433,0.014908535961288827
2024-11-12 12:18:00-05:00,67.12000274658203,67.12000274658203,67.05000305175781,67.05000305175781,7192.0,0.03726287416951912,0.029812627296332828,-0.014903828213241876,-0.07450882786914637
2024-11-12 12:19:00-05:00,67.06500244140625,67.08999633789062,67.04000091552734,67.05400085449219,16537.0,-0.08194324035331046,-0.044705613026718716,-0.01491742844925703,0.005962419914129491
2024-11-12 12:20:00-05:00,67.05999755859375,67.05999755859375,66.9800033569336,67.0,8880.0,-0.007462734109153768,-0.04471423600291846,-0.08949516374462396,-0.08053338175804114
2024-11-12 12:21:00-05:00,66.98500061035156,67.02999877929688,66.95999908447266,66.97000122070312,15280.0,-0.11183559643982433,-0.04473423857592751,-0.029866036814507613,-0.044774297458027856
2024-11-12 12:22:00-05:00,66.99500274658203,67.02999877929688,66.97000122070312,67.01000213623047,7249.0,0.014931904365655946,0.0,0.014937479640431128,0.05972960250593129
2024-11-12 12:23:00-05:00,67.0,67.0,66.95999908447266,66.95999908447266,9728.0,0.0074591435377246995,-0.044754259052948164,-0.014935248690683967,-0.07462028079950889
2024-11-12 12:24:00-05:00,66.94000244140625,66.95999908447266,66.87999725341797,66.93000030517578,50055.0,-0.08954859491604461,-0.05970285899603578,-0.11947704920629576,-0.044801044962727854
2024-11-12 12:25:00-05:00,66.92500305175781,66.94999694824219,66.92500305175781,66.94499969482422,6002.0,-0.022407214074371407,-0.014937479640420026,0.06729336152528909,0.022410562647601218
2024-11-12 12:26:00-05:00,66.95249938964844,66.95999908447266,66.93000030517578,66.95500183105469,5286.0,0.04108529941995176,0.014939711256745092,0.007466945371836786,0.014940826463605283
2024-11-12 12:27:00-05:00,66.9800033569336,67.02999877929688,66.9800033569336,67.01499938964844,5715.0,0.04107982156884571,0.10453956956586463,0.0747094748689836,0.08960877746690965
2024-11-12 12:28:00-05:00,67.01499938964844,67.05999755859375,67.01000213623047,67.05000305175781,9833.0,0.05224847859195414,0.044754259052948164,0.04478766466613493,0.05223257842001949
2024-11-12 12:29:00-05:00,67.05000305175781,67.05999755859375,67.0199966430664,67.05500030517578,16270.0,0.05223257842001949,0.0,0.014914947794841815,0.00745302489264521
2024-11-12 12:30:00-05:00,67.05999755859375,67.08999633789062,67.04000091552734,67.07499694824219,20675.0,0.01490604978529042,0.04473423857593861,0.02984821465670251,0.029821255648943
2024-11-12 12:31:00-05:00,67.05999755859375,67.07499694824219,67.04000091552734,67.05000305175781,7618.0,0.0,-0.02235711800145923,0.0,-0.03726261292812394
2024-11-12 12:32:00-05:00,67.05000305175781,67.05000305175781,66.94000244140625,66.94000244140625,13772.0,-0.014903828213241876,-0.03726261292812394,-0.14916239969491318,-0.1640575769499164
2024-11-12 12:33:00-05:00,66.95999908447266,66.95999908447266,66.91500091552734,66.93000030517578,11875.0,-0.13423409871536895,-0.13423409871536895,-0.03734915591135923,-0.014941941836976724
2024-11-12 12:34:00-05:00,66.95999908447266,66.97000122070312,66.94000244140625,66.94000244140625,5552.0,0.0,0.014937479640431128,0.037363110717825165,0.014944174786890585
2024-11-12 12:35:00-05:00,66.93000030517578,66.95999908447266,66.9000015258789,66.95999908447266,14286.0,-0.044801044962727854,-0.014935248690683967,-0.05975636998573064,0.02987248631176609
2024-11-12 12:36:00-05:00,66.94999694824219,66.95999908447266,66.88999938964844,66.88999938964844,11882.0,0.029876950508334055,0.0,-0.014950875937724817,-0.10453956956587573
2024-11-12 12:37:00-05:00,66.88999938964844,66.8949966430664,66.84500122070312,66.8499984741211,11831.0,-0.08961547621896271,-0.09707652672492628,-0.06727189319166715,-0.05980104035332445
2024-11-12 12:38:00-05:00,66.86000061035156,66.9000015258789,66.86000061035156,66.86000061035156,9697.0,-0.04484792879444477,0.007481699773759232,0.022439059577417098,0.014962059025847019
2024-11-12 12:39:00-05:00,66.8550033569336,66.9000015258789,66.83499908447266,66.9000015258789,4821.0,-0.00747420486442163,0.0,-0.03739384632167608,0.05982787191471939
2024-11-12 12:40:00-05:00,66.87000274658203,66.91000366210938,66.83499908447266,66.83499908447266,9626.0,0.02243570248341431,0.014950875937724817,0.0,-0.09716358732981822
2024-11-12 12:41:00-05:00,66.83999633789062,66.86000061035156,66.7699966430664,66.83999633789062,12802.0,-0.04487274930303764,-0.07473180245262112,-0.09725808677589765,0.007477000802613709
2024-11-12 12:42:00-05:00,66.80999755859375,66.80999755859375,66.75,66.75499725341797,8402.0,-0.044881479563863014,-0.07478769264335217,-0.029948545861557818,-0.1271679969025885
2024-11-12 12:43:00-05:00,66.76000213623047,66.7699966430664,66.69000244140625,66.69000244140625,12432.0,-0.07483224695440382,-0.059872649287651125,-0.08988398291198685,-0.09736321576793161
2024-11-12 12:44:00-05:00,66.69999694824219,66.7300033569336,66.66000366210938,66.66999816894531,12897.0,-0.08988194438016572,-0.059897091723104534,-0.04498242344980197,-0.029995909024760348
2024-11-12 12:45:00-05:00,66.69999694824219,66.70999908447266,66.63999938964844,66.6449966430664,12316.0,0.0,-0.029977928150159983,-0.030009407983733194,-0.03750041482759592
2024-11-12 12:46:00-05:00,66.6500015258789,66.69999694824219,66.62999725341797,66.67500305175781,12273.0,-0.07495565914654723,-0.014993458803380655,-0.015009208166383292,0.045024248184910576
2024-11-12 12:47:00-05:00,66.67500305175781,66.69999694824219,66.62999725341797,66.62999725341797,11260.0,0.037511665876244216,0.0,0.0,-0.06750025688774253
2024-11-12 12:48:00-05:00,66.63999938964844,66.69999694824219,66.61000061035156,66.62000274658203,16616.0,-0.0524989283948063,0.0,-0.030011472145718976,-0.015000010877874725
2024-11-12 12:49:00-05:00,66.6500015258789,66.66000366210938,66.58999633789062,66.6050033569336,16632.0,0.01500920816637219,-0.05995995196798054,-0.03003193556168071,-0.022514843935828033
2024-11-12 12:50:00-05:00,66.5999984741211,66.61000061035156,66.56999969482422,66.61000061035156,7690.0,-0.07502333175251064,-0.07501207472365712,-0.030029500174377777,0.007502819857529985
2024-11-12 12:51:00-05:00,66.61000061035156,66.62999725341797,66.52999877929688,66.52999877929688,23034.0,0.015018222912366319,0.030020481734238658,-0.06008850189382908,-0.12010483459183874
2024-11-12 12:52:00-05:00,66.52999877929688,66.52999877929688,66.41000366210938,66.44999694824219,81029.0,-0.12010483459183874,-0.15008026150858944,-0.18036242204898523,-0.12024925976638068
2024-11-12 12:53:00-05:00,66.43000030517578,66.47000122070312,66.4000015258789,66.44499969482422,30046.0,-0.15030584090768295,-0.09018121102448706,-0.015061189096388095,-0.007520321516130135
2024-11-12 12:54:00-05:00,66.45500183105469,66.5,66.43000030517578,66.45999908447266,17167.0,0.037635896077148345,0.04513130547008082,0.04517888344504062,0.022574143603470986
2024-11-12 12:55:00-05:00,66.44999694824219,66.45999908447266,66.27999877929688,66.3499984741211,37226.0,-0.007531235685198645,-0.06015175267269912,-0.2258038915998961,-0.1655140112351572
2024-11-12 12:56:00-05:00,66.3499984741211,66.37999725341797,66.20999908447266,66.25,41028.0,-0.15048680017093474,-0.12037591356720556,-0.10561209431718677,-0.15071360425139568
2024-11-12 12:57:00-05:00,66.2300033569336,66.23999786376953,66.08000183105469,66.1500015258789,70814.0,-0.18085172561730367,-0.21090598891404522,-0.19634081742262444,-0.15094109301296843
2024-11-12 12:58:00-05:00,66.1500015258789,66.22000122070312,66.1500015258789,66.19999694824219,21931.0,-0.12079394081189188,-0.030188169854006297,0.1059317386267411,0.07557886804239189
2024-11-12 12:59:00-05:00,66.18499755859375,66.33499908447266,66.18499755859375,66.2300033569336,15069.0,0.05290405428206579,0.1736603165956696,0.05290405428206579,0.045326903436060384
2024-11-12 13:00:00-05:00,66.20999908447266,66.25,66.13999938964844,66.22000122070312,33166.0,0.03777521613832491,-0.12813610559400113,-0.0679884726224822,-0.015102122487542502
2024-11-12 13:01:00-05:00,66.22000122070312,66.36000061035156,66.22000122070312,66.36000061035156,9155.0,0.015106685347787696,0.16603865713442634,0.12095831840484017,0.21141556488626367
2024-11-12 13:02:00-05:00,66.3499984741211,66.44779968261719,66.27999877929688,66.44779968261719,18316.0,0.1963111613131785,0.13230722040096232,0.09060337887005776,0.13230722040096232
2024-11-12 13:03:00-05:00,66.41000366210938,66.43000030517578,66.30000305175781,66.34500122070312,15500.0,0.09043736151959081,-0.026787008037021387,0.030181461722023073,-0.15470559206636203
2024-11-12 13:04:00-05:00,66.33000183105469,66.375,66.2699966430664,66.2699966430664,13460.0,-0.12046653612870495,-0.08279437742452211,-0.045258532896264025,-0.11305234193486058
2024-11-12 13:05:00-05:00,66.29000091552734,66.33999633789062,66.2750015258789,66.30500030517578,10792.0,-0.06030591651305928,-0.05273621410075702,0.007552260549315015,0.0528197734759317
2024-11-12 13:06:00-05:00,66.29000091552734,66.30000305175781,66.26000213623047,66.2750015258789,8609.0,0.0,-0.060285330630882594,-0.02263204723214063,-0.0452436153514868
2024-11-12 13:07:00-05:00,66.27999877929688,66.31500244140625,66.25,66.29850006103516,7323.0,-0.015088453903044918,0.022623512757191655,-0.015095285101118794,0.035456106548825694
2024-11-12 13:08:00-05:00,66.30000305175781,66.38999938964844,66.30000305175781,66.38500213623047,10912.0,0.030181461722023073,0.11309197840783103,0.07547630454010079,0.13047365342455652
2024-11-12 13:09:00-05:00,66.37000274658203,66.42500305175781,66.36000061035156,66.42500305175781,9947.0,0.10558022866087313,0.05272429948965929,0.09049405102878882,0.0602559527606239
2024-11-12 13:10:00-05:00,66.41999816894531,66.5199966430664,66.41000366210938,66.5199966430664,19975.0,0.07532834156143142,0.14300878727031563,0.07535119243204935,0.14300878727031563
2024-11-12 13:11:00-05:00,66.52999877929688,66.58999633789062,66.5250015258789,66.55999755859375,6388.0,0.16561369073175847,0.10523105585802384,0.17316346548426065,0.060133670393858196
2024-11-12 13:12:00-05:00,66.55000305175781,66.58000183105469,66.54499816894531,66.58000183105469,4655.0,0.030068048741882514,-0.015009021453049609,0.030058838944380106,0.030054496987208523
2024-11-12 13:13:00-05:00,66.55999755859375,66.62000274658203,66.55999755859375,66.58999633789062,7683.0,0.015018041138437077,0.06007947495831889,0.022540220995059812,0.015011274498455407
2024-11-12 13:14:00-05:00,66.58999633789062,66.62000274658203,66.55000305175781,66.5647964477539,12774.0,0.045070283048720405,0.0,-0.01501578606150078,-0.037843357144595746
2024-11-12 13:15:00-05:00,66.55000305175781,66.63999938964844,66.54000091552734,66.62000274658203,11704.0,-0.060059000348755553,0.03001597454517224,-0.015029505291963563,0.08293617914305607
2024-11-12 13:16:00-05:00,66.63999938964844,66.68000030517578,66.63999938964844,66.63999938964844,5934.0,0.1352311551670926,0.06002538399416668,0.15028324728765252,0.03001597454517224
2024-11-12 13:17:00-05:00,66.63999938964844,66.69000244140625,66.62999725341797,66.67340087890625,5395.0,0.0,0.015000204236192971,-0.015009208166383292,0.050122283258913214
2024-11-12 13:18:00-05:00,66.69000244140625,66.69000244140625,66.66999816894531,66.67500305175781,5988.0,0.07503459216053887,0.0,0.06003439468142968,0.0024030165409971715
2024-11-12 13:19:00-05:00,66.67500305175781,66.7300033569336,66.67500305175781,66.7249984741211,13709.0,-0.022491211724895432,0.05998037796217659,0.007506949077473735,0.07498375714278804
2024-11-12 13:20:00-05:00,66.70999908447266,66.73529815673828,66.66000366210938,66.66000366210938,9472.0,0.0524874857338542,0.007934661379183083,-0.022496271408933843,-0.09740698913155432
2024-11-12 13:21:00-05:00,66.66000366210938,66.72000122070312,66.6449966430664,66.72000122070312,5791.0,-0.07494442070067331,-0.022921806686515556,-0.022512778605654482,0.09000533347982564
2024-11-12 13:22:00-05:00,66.70999908447266,66.70999908447266,66.65499877929688,66.66500091552734,6324.0,0.0750006294879535,-0.014991211102322044,0.015008082728296124,-0.08243450864733326
2024-11-12 13:23:00-05:00,66.66500091552734,66.72000122070312,66.66000366210938,66.69000244140625,16246.0,-0.0674534096280377,0.014993458803380655,0.0075086383679590085,0.03750322588398358
2024-11-12 13:24:00-05:00,66.69000244140625,66.69999694824219,66.61000061035156,66.61000061035156,33626.0,0.03750322588398358,-0.029982422204644088,-0.07501207472365712,-0.11996075592436428
2024-11-12 13:25:00-05:00,66.5999984741211,66.61000061035156,66.55999755859375,66.58499908447266,8939.0,-0.13495871043675,-0.13492704948766532,-0.07506838507675972,-0.03753419253837986
2024-11-12 13:26:00-05:00,66.56999969482422,66.5999984741211,66.54630279541016,66.58999633789062,10040.0,-0.045043213189455145,-0.015015967780840356,-0.020575065633887668,0.007505073945601737
2024-11-12 13:27:00-05:00,66.61000061035156,66.63999938964844,66.58000183105469,66.63999938964844,11320.0,0.06008850189382908,0.060061436101821464,0.050639981830591374,0.07509093633837338
2024-11-12 13:28:00-05:00,66.63999938964844,66.66000366210938,66.63500213623047,66.6500015258789,7021.0,0.04503644951507901,0.030018416332766584,0.08260784569418256,0.01500920816637219
2024-11-12 13:29:00-05:00,66.6500015258789,66.66500091552734,66.62999725341797,66.63999938964844,20035.0,0.01500920816637219,0.007496629378089814,-0.007510891651607565,-0.015006955741159178
2024-11-12 13:30:00-05:00,66.63999938964844,66.72000122070312,66.63999938964844,66.72000122070312,4349.0,-0.015006955741159178,0.08250251919366125,0.015011461267855353,0.12005076798833336
2024-11-12 13:31:00-05:00,66.7300033569336,66.7699966430664,66.720703125,66.75,5036.0,0.13505997615470555,0.07493318562434848,0.12110404575438327,0.04496219836334081
2024-11-12 13:32:00-05:00,66.75,66.83999633789062,66.75,66.77999877929688,14141.0,0.02996649492050807,0.10483705008765831,0.04390972161236739,0.044941991455993424
2024-11-12 13:33:00-05:00,66.76000213623047,66.7699966430664,66.68000030517578,66.68000030517578,11730.0,0.014984473753520966,-0.10472725712065145,-0.10486845666549671,-0.1497431505675495
2024-11-12 13:34:00-05:00,66.66999816894531,66.69000244140625,66.66500091552734,66.68499755859375,7809.0,-0.1348172025241956,-0.1198056098276945,-0.02249458545259264,0.007494381216410773
2024-11-12 13:35:00-05:00,66.68499755859375,66.69999694824219,66.66000366210938,66.66000366210938,11144.0,0.022497960192580102,0.01498651442504162,-0.007496067425694086,-0.037480538950929176
2024-11-12 13:36:00-05:00,66.66000366210938,66.66000366210938,66.5999984741211,66.5999984741211,6958.0,-0.037480538950929176,-0.05995995196798054,-0.09001677871552927,-0.09001677871552927
2024-11-12 13:37:00-05:00,66.61000061035156,66.62000274658203,66.58999633789062,66.59500122070312,6778.0,-0.07501207472365712,-0.06000737073178497,-0.015018222912355217,-0.007503383682372355
2024-11-12 13:38:00-05:00,66.5999984741211,66.62000274658203,66.55999755859375,66.55999755859375,5331.0,-0.015015967780840356,0.0,-0.04504997889571705,-0.05256199634769976
2024-11-12 13:39:00-05:00,66.56500244140625,66.58000183105469,66.53500366210938,66.58000183105469,15168.0,-0.0525465968718386,-0.06004340119813989,-0.03755092758586098,0.030054496987208523
2024-11-12 13:40:00-05:00,66.56999969482422,66.58000183105469,66.5,66.5,17697.0,0.007507328528033597,0.0,-0.05260939382695229,-0.12015894991665999
2024-11-12 13:41:00-05:00,66.5199966430664,66.5199966430664,66.4447021484375,66.44999694824219,15617.0,-0.07511349254475386,-0.09012494193157972,-0.08315466400375948,-0.07519255903430944
2024-11-12 13:42:00-05:00,66.47000122070312,66.55999755859375,66.46499633789062,66.5,54446.0,-0.07515848599864983,0.060133670393858196,0.030542976034086955,0.07524914078891332
2024-11-12 13:43:00-05:00,66.5,66.5199966430664,66.49500274658203,66.51000213623047,19093.0,0.04513130547008082,-0.06009753154232467,0.04514618271977966,0.015040806361610315
2024-11-12 13:44:00-05:00,66.51000213623047,66.66999816894531,66.5,66.65499877929688,42685.0,0.015040806361610315,0.22549839664571802,0.007515231538546274,0.21800727470946413
2024-11-12 13:45:00-05:00,66.69000244140625,66.7300033569336,66.6500015258789,66.7300033569336,17379.0,0.2706364447366827,0.09000328429022986,0.22556620432918617,0.11252656066360611
2024-11-12 13:46:00-05:00,66.72000122070312,66.72000122070312,66.68000030517578,66.68499755859375,6023.0,0.044982423449790865,-0.014988964075079991,0.04500942027019228,-0.0674446217230229
2024-11-12 13:47:00-05:00,66.66999816894531,66.72000122070312,66.62000274658203,66.69999694824219,19548.0,-0.0749446205679849,0.0,-0.08997834181037057,0.0224928997489382
2024-11-12 13:48:00-05:00,66.7300033569336,66.7300033569336,66.63999938964844,66.65499877929688,8587.0,0.09000328429022986,0.014991211102333146,0.03001597454517224,-0.06746352474382711
2024-11-12 13:49:00-05:00,66.6500015258789,66.66500091552734,66.63999938964844,66.66000366210938,3562.0,-0.1198888461413139,-0.09741111664351987,0.0,0.0075086383679590085
2024-11-12 13:50:00-05:00,66.66999816894531,66.69999694824219,66.6500015258789,66.69999694824219,11786.0,0.030002464529044204,0.052495360735371754,0.01500920816637219,0.05999592549610355
2024-11-12 13:51:00-05:00,66.69000244140625,66.69999694824219,66.66000366210938,66.67500305175781,5104.0,0.030004909270053837,0.0,0.015006955741148076,-0.03747211038670484
2024-11-12 13:52:00-05:00,66.68000030517578,66.68000030517578,66.61000061035156,66.63500213623047,13031.0,-0.014997954512385725,-0.02997997598399582,-0.07501207472365712,-0.059993871310803915
2024-11-12 13:53:00-05:00,66.62000274658203,66.625,66.5999984741211,66.5999984741211,8261.0,-0.08997834181037057,-0.0824839605939709,-0.015015967780840356,-0.05253044344144531
2024-11-12 13:54:00-05:00,66.58999633789062,66.61000061035156,66.57499694824219,66.6050033569336,19010.0,-0.045041139979462574,-0.022513155194647805,-0.03753982950708279,0.0075148392299828615
2024-11-12 13:55:00-05:00,66.61000061035156,66.66000366210938,66.57499694824219,66.66000366210938,16152.0,0.030040957442656335,0.07506838507675972,0.0,0.08257683717998177
2024-11-12 13:56:00-05:00,66.66999816894531,66.66999816894531,66.63999938964844,66.66000366210938,8547.0,0.09007289903015803,0.014993258756179628,0.09763791871713057,0.0
2024-11-12 13:57:00-05:00,66.63999938964844,66.66000366210938,66.61000061035156,66.66000366210938,10364.0,-0.044995920385138,-0.014991011115095265,-0.04501617582778339,0.0
2024-11-12 13:58:00-05:00,66.66000366210938,66.66999816894531,66.625,66.625,5813.0,0.030018416332766584,0.014993258756179628,0.022518224757539507,-0.052510741353695156
2024-11-12 13:59:00-05:00,66.61000061035156,66.62000274658203,66.59010314941406,66.61170196533203,10778.0,-0.07501207472365712,-0.07498938613526018,-0.05237801213648918,-0.01995952670614809
2024-11-12 14:00:00-05:00,66.61000061035156,66.66000366210938,66.5999984741211,66.5999984741211,8146.0,0.0,0.06004340119813989,0.014860053129561734,-0.017569722534682697
2024-11-12 14:01:00-05:00,66.5999984741211,66.75,66.5999984741211,66.72000122070312,25850.0,-0.015015967780840356,0.13500800021974957,0.0,0.1801843083054422
2024-11-12 14:02:00-05:00,66.7249984741211,66.72509765625,66.66999816894531,66.68000030517578,11202.0,0.18768769198782564,-0.03730688202246979,0.10510464929127661,-0.059953409465662855
2024-11-12 14:03:00-05:00,66.68499755859375,66.70500183105469,66.68000030517578,66.69999694824219,41459.0,-0.05994891935869884,-0.030117341002389164,0.015002454635015816,0.029988966668992312
2024-11-12 14:04:00-05:00,66.69999694824219,66.76000213623047,66.69999694824219,66.75,7487.0,0.0224928997489382,0.0824530449981653,0.029988966668992312,0.07496709751968478
2024-11-12 14:05:00-05:00,66.76000213623047,66.80000305175781,66.75499725341797,66.78500366210938,6781.0,0.08996280469824036,0.05991748688940479,0.0824592319224049,0.05243994323502754
2024-11-12 14:06:00-05:00,66.78500366210938,66.84500122070312,66.76000213623047,66.7750015258789,14311.0,0.037449857817395404,0.06736252528378728,0.0074973904852448925,-0.014976620022477682
2024-11-12 14:07:00-05:00,66.77999877929688,66.87000274658203,66.7750015258789,66.8499984741211,19347.0,-0.007494021918186267,0.037402237149120054,0.022467629072009387,0.11231291131175158
2024-11-12 14:08:00-05:00,66.83999633789062,66.84750366210938,66.79000091552734,66.81999969482422,11524.0,0.08984360540651437,-0.033646005007537116,0.022462582262350317,-0.04487476437039506
2024-11-12 14:09:00-05:00,66.80999755859375,66.87999725341797,66.80999755859375,66.875,14584.0,-0.044881479563863014,0.04860853364523354,0.029939575972903754,0.08231114251269211
2024-11-12 14:10:00-05:00,66.8499984741211,66.87999725341797,66.80500030517578,66.87000274658203,10799.0,0.05987264928764002,0.0,-0.00747979883337635,-0.007472528475471751
2024-11-12 14:11:00-05:00,66.88500213623047,66.90499877929688,66.87000274658203,66.87000274658203,39622.0,0.05236150023686381,0.037382665827823125,0.09730176051090389,0.0
2024-11-12 14:12:00-05:00,66.88999938964844,66.9000015258789,66.87000274658203,66.8949966430664,8037.0,0.007471411016468643,-0.007469177952534878,0.0,0.03737684381306394
2024-11-12 14:13:00-05:00,66.87999725341797,66.8949966430664,66.78130340576172,66.78500366210938,16149.0,-0.014953111558879684,-0.007481140057319369,-0.13264444022300648,-0.1644263195705431
2024-11-12 14:14:00-05:00,66.7699966430664,66.81999969482422,66.76000213623047,66.80999755859375,19376.0,-0.16447460357206234,-0.11211144630495218,-0.031897055680130126,0.03742441433534083
2024-11-12 14:15:00-05:00,66.79000091552734,66.80999755859375,66.77999877929688,66.80000305175781,9920.0,0.029959972243043254,-0.014968776228896363,0.029953029398654962,-0.014959597666763802
2024-11-12 14:16:00-05:00,66.81999969482422,66.86000061035156,66.80039978027344,66.8499984741211,9096.0,0.044915075438933805,0.07484366649461727,0.030549567759030616,0.07484344323238634
2024-11-12 14:17:00-05:00,66.8499984741211,66.875,66.83999633789062,66.8499984741211,11822.0,0.044894910855863834,0.022434025593054407,0.05927592910734969,0.0
2024-11-12 14:18:00-05:00,66.84500122070312,66.91000366210938,66.84500122070312,66.9000015258789,9233.0,-0.007475323159356062,0.05234192464953491,0.007487856203947096,0.074798882422078
2024-11-12 14:19:00-05:00,66.9000015258789,66.91000366210938,66.88999938964844,66.88999938964844,6232.0,0.08228035630395425,0.0,0.06731717873225129,-0.014950875937724817
2024-11-12 14:20:00-05:00,66.91500091552734,66.91500091552734,66.86000061035156,66.88500213623047,5707.0,0.022420611818119163,0.007468619256401077,-0.04484792879444477,-0.007470852838342701
2024-11-12 14:21:00-05:00,66.87000274658203,66.91000366210938,66.87000274658203,66.9000015258789,7649.0,-0.06724675831973892,-0.007468061495319311,0.014959820728632778,0.022425639783762996
2024-11-12 14:22:00-05:00,66.92500305175781,66.93499755859375,66.87000274658203,66.93499755859375,10128.0,0.08224959311609048,0.03735449875417185,0.0,0.052310959516654876
2024-11-12 14:23:00-05:00,66.91999816894531,66.91999816894531,66.87000274658203,66.87000274658203,6444.0,-0.007478345288425281,-0.022408889513003682,0.0,-0.09710138848488814
2024-11-12 14:24:00-05:00,66.87000274658203,66.87999725341797,66.8499984741211,66.87000274658203,8924.0,-0.07470924048303962,-0.059774232847942255,-0.029915166202021393,0.0
2024-11-12 14:25:00-05:00,66.8499984741211,66.87000274658203,66.84500122070312,66.8499984741211,5472.0,-0.029915166202021393,-0.014943940260747635,-0.007475323159356062,-0.029915166202021393
2024-11-12 14:26:00-05:00,66.83999633789062,66.83999633789062,66.79000091552734,66.80000305175781,11862.0,-0.014962059025835917,-0.04487274930303764,-0.08228035630396535,-0.0747874697149542
2024-11-12 14:27:00-05:00,66.80999755859375,66.81500244140625,66.77999877929688,66.79620361328125,20609.0,-0.044881479563863014,-0.03739362335991592,-0.014975499466030051,-0.005687781890695298
2024-11-12 14:28:00-05:00,66.80989837646484,66.80989837646484,66.7300033569336,66.74500274658203,17861.0,-0.00014845402265262209,-0.0076391001345599285,-0.07486586294874753,-0.0766523603581537
2024-11-12 14:29:00-05:00,66.75859832763672,66.76000213623047,66.73999786376953,66.75,7455.0,-0.07678510231979851,-0.07468390380301893,0.014977530845428078,0.007487082496560049
2024-11-12 14:30:00-05:00,66.76000213623047,66.8407974243164,66.76000213623047,66.83499908447266,11286.0,0.002102813164017725,0.12102349535738632,0.029973438869101976,0.12733945239349342
2024-11-12 14:31:00-05:00,66.83499908447266,66.83999633789062,66.79000091552734,66.83499908447266,8956.0,0.11233814536006914,-0.001198499205057324,0.044935258144018775,0.0
2024-11-12 14:32:00-05:00,66.83999633789062,66.83999633789062,66.79399871826172,66.80999755859375,12227.0,0.007477000802613709,0.0,0.00598563060274504,-0.03740783454984076
2024-11-12 14:33:00-05:00,66.80999755859375,66.94989776611328,66.80000305175781,66.90499877929688,14434.0,-0.044881479563863014,0.16442464728316786,0.00898933079516162,0.14219611461563364
2024-11-12 14:34:00-05:00,66.91999816894531,66.91999816894531,66.86000061035156,66.87999725341797,6833.0,0.16464693065598723,-0.04465966068002425,0.08981670037837564,-0.03736869641292051
2024-11-12 14:35:00-05:00,66.875,66.93000030517578,66.86000061035156,66.92500305175781,22079.0,-0.06724173666549094,0.014946408404292733,0.0,0.06729336152528909
2024-11-12 14:36:00-05:00,66.93000030517578,67.02999877929688,66.91999816894531,67.0199966430664,15209.0,0.0822434469918143,0.1494075506725423,0.08973610237219543,0.14194036156431888
2024-11-12 14:37:00-05:00,67.02799987792969,67.0999984741211,67.02799987792969,67.08899688720703,19535.0,0.1464209955282625,0.10443039847680691,0.16138928861253454,0.10295471142456325
2024-11-12 14:38:00-05:00,67.08000183105469,67.12000274658203,66.98999786376953,67.0199966430664,33429.0,0.07758243304247792,0.029812627296332828,-0.05669573048482368,-0.10284882371490722
2024-11-12 14:39:00-05:00,67.02999877929688,67.04000091552734,67.0,67.02999877929688,11902.0,-0.07454241263104011,-0.11919223447701688,0.014930790490264023,0.014924107328351255
2024-11-12 14:40:00-05:00,67.0199966430664,67.05000305175781,67.01000213623047,67.05000305175781,14624.0,-0.014921880370910579,0.014919654077982791,0.014928561538019025,0.029843760741821157
2024-11-12 14:41:00-05:00,67.05999755859375,67.06999969482422,67.0,67.01000213623047,12351.0,0.059685045554958016,0.02982347823454745,-0.014926333251163992,-0.05965833513306151
2024-11-12 14:42:00-05:00,67.01000213623047,67.05000305175781,66.95010375976562,67.05000305175781,12371.0,-0.0745532719705233,-0.029814586487841854,-0.07447200034981227,0.059693947548344894
2024-11-12 14:43:00-05:00,67.02999877929688,67.0999984741211,67.02999877929688,67.07499694824219,10023.0,0.029841281045994705,0.07456438491835193,0.11933516909539144,0.03727650312719266
2024-11-12 14:44:00-05:00,67.08000183105469,67.12999725341797,67.08000183105469,67.12999725341797,12420.0,0.07459801979476932,0.04470757075865084,0.07459801979476932,0.08199822240502197
2024-11-12 14:45:00-05:00,67.13999938964844,67.13999938964844,67.05000305175781,67.09500122070312,21761.0,0.08944179629699622,0.014899652375532924,-0.04472089814849811,-0.05213173565721263
2024-11-12 14:46:00-05:00,67.12000274658203,67.1500015258789,67.11499786376953,67.11499786376953,5399.0,-0.029783502008029483,0.014897432709859437,0.09693483826025417,0.029803476715994925
2024-11-12 14:47:00-05:00,67.12999725341797,67.16999816894531,67.12000274658203,67.13500213623047,5709.0,0.014890504211795275,0.029779065691748485,0.007457174956115864,0.02980596453499018
2024-11-12 14:48:00-05:00,67.16000366210938,67.18000030517578,67.1500015258789,67.16000366210938,7095.0,0.044698957126620975,0.014890779370446694,0.04469424622961515,0.037240671904914535
2024-11-12 14:49:00-05:00,67.16999816894531,67.16999816894531,67.06999969482422,67.11000061035156,17071.0,0.01488163533496234,-0.01488856234747038,-0.1191389862051695,-0.07445361678266593
2024-11-12 14:50:00-05:00,67.11000061035156,67.16500091552734,67.0999984741211,67.1500015258789,8821.0,-0.08932195954932665,-0.007439710516887743,0.04472756736748629,0.0596049994986414
2024-11-12 14:51:00-05:00,67.16000366210938,67.20999908447266,67.1500015258789,67.20999908447266,7766.0,0.07450909149611107,0.06699645400423115,0.07452019805498367,0.08934855879434433
2024-11-12 14:52:00-05:00,67.2300033569336,67.23650360107422,67.20999908447266,67.2249984741211,3641.0,0.10422824747955417,0.03943537712036704,0.08934855879434433,0.022317199602372995
2024-11-12 14:53:00-05:00,67.2249984741211,67.2249984741211,67.13999938964844,67.17500305175781,14614.0,-0.007444418507507322,-0.017111429561222913,-0.10415071533662612,-0.0743702841176419
2024-11-12 14:54:00-05:00,67.18000030517578,67.20999908447266,67.16000366210938,67.16500091552734,12313.0,-0.06693666041901469,-0.022312220139675265,0.02979486541969667,-0.014889669930884253
2024-11-12 14:55:00-05:00,67.18000030517578,67.19000244140625,67.16999816894531,67.18000030517578,9673.0,0.0,-0.02975248227763405,0.01488163533496234,0.022332151334736317
2024-11-12 14:56:00-05:00,67.18000030517578,67.19000244140625,67.16999816894531,67.18000030517578,8009.0,0.0,0.0,0.0,0.0
2024-11-12 14:57:00-05:00,67.16999816894531,67.19000244140625,67.1500015258789,67.18499755859375,25048.0,-0.01488856234747038,0.0,-0.02977020040422218,0.007438602850950993
2024-11-12 14:58:00-05:00,67.16999816894531,67.18000030517578,67.1500015258789,67.1500015258789,9770.0,0.0,-0.014886345984566063,0.0,-0.05208905854959811
2024-11-12 14:59:00-05:00,67.1500015258789,67.25,67.1500015258789,67.25,31879.0,-0.02977020040422218,0.10419722314116697,0.0,0.14891805189691798
2024-11-12 15:00:00-05:00,67.26000213623047,67.30999755859375,67.26000213623047,67.28500366210938,19174.0,0.16381326560233056,0.08921570051114713,0.16381326560233056,0.05205005518122974
2024-11-12 15:01:00-05:00,67.30000305175781,67.38999938964844,67.29000091552734,67.38500213623047,10028.0,0.059472069962662744,0.11885579253667622,0.044601216687611966,0.14861925938691734
2024-11-12 15:02:00-05:00,67.3949966430664,67.41000366210938,67.36499786376953,67.41000366210938,6695.0,0.1411494606256447,0.029684333939927754,0.11145333217685849,0.037102508104647214
2024-11-12 15:03:00-05:00,67.41000366210938,67.55000305175781,67.41000366210938,67.55000305175781,8339.0,0.022267259871600054,0.20768340311947409,0.06680887666745683,0.20768340311947409
2024-11-12 15:04:00-05:00,67.55000305175781,67.61000061035156,67.52999877929688,67.6050033569336,15526.0,0.20768340311947409,0.08881947577081828,0.17800787816149022,0.08142161760325006
2024-11-12 15:05:00-05:00,67.58999633789062,67.66999816894531,67.55000305175781,67.59500122070312,28213.0,0.05920545422057888,0.08874065678468046,0.029622794050854218,-0.014794964475717265
2024-11-12 15:06:00-05:00,67.56999969482422,67.5999984741211,67.48999786376953,67.49500274658203,13036.0,-0.029585211051708082,-0.10344273196144504,-0.08883077021077934,-0.14793767632992338
2024-11-12 15:07:00-05:00,67.4800033569336,67.48999786376953,67.37999725341797,67.37999725341797,9209.0,-0.1331897858473985,-0.16272280005106277,-0.16298801871886814,-0.1703911230226396
2024-11-12 15:08:00-05:00,67.38500213623047,67.4800033569336,67.38500213623047,67.4800033569336,16791.0,-0.1407842560419259,-0.014808871169491589,0.007427846566510077,0.148421056088055
2024-11-12 15:09:00-05:00,67.48999786376953,67.48999786376953,67.41999816894531,67.43000030517578,16783.0,0.15581468310528201,0.014811064520947603,0.051934453669821856,-0.07410054722926107
2024-11-12 15:10:00-05:00,67.44000244140625,67.5199966430664,67.44000244140625,67.50499725341797,8101.0,-0.07407826929287653,0.04444922247208716,0.029671125784980212,0.1112219307470852
2024-11-12 15:11:00-05:00,67.50499725341797,67.53829956054688,67.49369812011719,67.5199966430664,11360.0,0.09637427292235046,0.027107402829451566,0.07961992403187068,0.022219673000112294
2024-11-12 15:12:00-05:00,67.51499938964844,67.54000091552734,67.5,67.50499725341797,11400.0,0.014816882656720765,0.0025190965593502312,0.009336990057340344,-0.02221473695819265
2024-11-12 15:13:00-05:00,67.51000213623047,67.51499938964844,67.48999786376953,67.48999786376953,18453.0,-0.007401693643105389,-0.0370173608824409,-0.014817979600689757,-0.022219673000101192
2024-11-12 15:14:00-05:00,67.48999786376953,67.5,67.43499755859375,67.43499755859375,12943.0,-0.0296315684016224,-0.022216381224970938,-0.08149400935942852,-0.08149400935942852
2024-11-12 15:15:00-05:00,67.44000244140625,67.47000122070312,67.41000366210938,67.47000122070312,15484.0,-0.07407826929287653,-0.044442635995367574,-0.037063687090166386,0.05190726384909361
2024-11-12 15:16:00-05:00,67.4749984741211,67.5,67.41000366210938,67.48999786376953,23603.0,0.051892098825545574,0.04446239625628401,0.0,0.029637828226780627
2024-11-12 15:17:00-05:00,67.48500061035156,67.5250015258789,67.4800033569336,67.5250015258789,12778.0,0.014823470109903703,0.037039297598373544,0.10384170155974815,0.05186496253863915
2024-11-12 15:18:00-05:00,67.5199966430664,67.52249908447266,67.47000122070312,67.51000213623047,11817.0,0.0518574978118469,-0.0037059479447654198,-0.014822370677081143,-0.02221309042501618
2024-11-12 15:19:00-05:00,67.5199966430664,67.54000091552734,67.48500061035156,67.5199966430664,16027.0,0.0,0.025919998951451362,0.022231198128142005,0.014804483068697749
2024-11-12 15:20:00-05:00,67.52999877929688,67.5344009399414,67.48500061035156,67.5199966430664,11550.0,0.014813591125228953,-0.008291346624267337,0.0,0.0
2024-11-12 15:21:00-05:00,67.52999877929688,67.55000305175781,67.44999694824219,67.53500366210938,42782.0,0.0,0.023102465705271413,-0.051868803130761254,0.022226036417483108
2024-11-12 15:22:00-05:00,67.53500366210938,67.58499908447266,67.48500061035156,67.56999969482422,19332.0,0.007411347405561486,0.05180759605301066,0.05189572082002769,0.05181910241678356
2024-11-12 15:23:00-05:00,67.55999755859375,67.58000183105469,67.44000244140625,67.44999694824219,26404.0,0.03700880303409981,-0.007394027499685318,-0.06667877089476804,-0.17759767222734757
2024-11-12 15:24:00-05:00,67.4800033569336,67.56990051269531,67.37999725341797,67.56990051269531,123327.0,-0.1184046840599362,-0.014947200481918443,-0.08897566105579013,0.17776659729893396
2024-11-12 15:25:00-05:00,67.55999755859375,67.63999938964844,67.55000305175781,67.56999969482422,23041.0,0.11854504694823742,0.10374275590350202,0.25230900158759173,0.00014678448265748045
2024-11-12 15:26:00-05:00,67.56999969482422,67.57499694824219,67.54499816894531,67.55999755859375,15294.0,0.014804820295899468,-0.09610059431224283,-0.007409152607540381,-0.01480262879332006
2024-11-12 15:27:00-05:00,67.55999755859375,67.57499694824219,67.4800033569336,67.4800033569336,19370.0,-0.01480262879332006,0.0,-0.09622446335575408,-0.1184046840599362
2024-11-12 15:28:00-05:00,67.44000244140625,67.5,67.41999816894531,67.5,13207.0,-0.17761267247445867,-0.11098328025028747,-0.08892291790634221,0.029633435198039848
2024-11-12 15:29:00-05:00,67.5,67.55000305175781,67.48999786376953,67.53089904785156,19155.0,0.08896434819360977,0.07407859519676929,0.10382630780976232,0.0457763671875
2024-11-12 15:30:00-05:00,67.54000091552734,67.54000091552734,67.48999786376953,67.50340270996094,13586.0,0.05926061559606843,-0.0148070107751197,0.0,-0.04071667677805202
2024-11-12 15:31:00-05:00,67.5,67.54000091552734,67.48999786376953,67.50499725341797,19526.0,-0.059225518189398585,0.0,0.0,0.0023621675249163587
2024-11-12 15:32:00-05:00,67.51000213623047,67.61000061035156,67.51000213623047,67.61000061035156,23440.0,0.014817979600700859,0.10364183280329176,0.02964035130259557,0.15554901297070156
2024-11-12 15:33:00-05:00,67.61000061035156,67.70999908447266,67.61000061035156,67.66000366210938,26109.0,0.1481239386117883,0.14790485611353432,0.1481239386117883,0.07395807026535639
2024-11-12 15:34:00-05:00,67.63999938964844,67.70999908447266,67.62999725341797,67.68000030517578,18539.0,0.04437032839232913,0.0,0.0295764574558266,0.02955459944440353
2024-11-12 15:35:00-05:00,67.70999908447266,67.70999908447266,67.53500366210938,67.56999969482422,23204.0,0.1034886094853027,0.0,-0.14046073512711255,-0.16253045191424453
2024-11-12 15:36:00-05:00,67.55000305175781,67.6500015258789,67.52999877929688,67.63500213623047,21582.0,-0.2362960196103936,-0.0886095988849478,-0.007410798165552457,0.09620015051032826
2024-11-12 15:37:00-05:00,67.61000061035156,67.69999694824219,67.61000061035156,67.66000366210938,22894.0,0.08881947577081828,0.07390306169343663,0.11846858063206955,0.036965365697105845
2024-11-12 15:38:00-05:00,67.65499877929688,67.66999816894531,67.63999938964844,67.66000366210938,24020.0,0.0665554925885159,-0.04431134512430379,0.04437032839232913,0.0
2024-11-12 15:39:00-05:00,67.66000366210938,67.68000030517578,67.63999938964844,67.65499877929688,35558.0,0.007397654131713338,0.014780754397980544,0.0,-0.007397106919315721
2024-11-12 15:40:00-05:00,67.63999938964844,67.75,67.625,67.71479797363281,32891.0,-0.029565875522030716,0.10342744460487552,-0.022175324931672513,0.08838843457970036
2024-11-12 15:41:00-05:00,67.70999908447266,67.7699966430664,67.59500122070312,67.59500122070312,56279.0,0.1034886094853027,0.029515340319408168,-0.04436048694547168,-0.17691369761796416
2024-11-12 15:42:00-05:00,67.58000183105469,67.58999633789062,67.5199966430664,67.55000305175781,26769.0,-0.1919912201679197,-0.2656047131355366,-0.1109617224383519,-0.06657026131028365
2024-11-12 15:43:00-05:00,67.56999969482422,67.57499694824219,67.54000091552734,67.54000091552734,13279.0,-0.014800437939421762,-0.02219173022802723,0.029627182250457906,-0.0148070107751197
2024-11-12 15:44:00-05:00,67.54000091552734,67.62000274658203,67.52799987792969,67.61499786376953,26986.0,-0.044396595282469864,0.0666012584126463,-0.017768785068073,0.11104078653476623
2024-11-12 15:45:00-05:00,67.61000061035156,67.68000030517578,67.61000061035156,67.66000366210938,51433.0,0.10364183280329176,0.08872753054831595,0.12143219489708645,0.06656185722362373
2024-11-12 15:46:00-05:00,67.66000366210938,67.66999816894531,67.59310150146484,67.5999984741211,26082.0,0.07395807026535639,-0.014778570013840309,-0.024994984076553983,-0.08868635048845386
2024-11-12 15:47:00-05:00,67.59500122070312,67.62000274658203,67.55999755859375,67.61499786376953,26531.0,-0.0960721813301535,-0.07388122316549506,-0.048975327564126925,0.022188446726345568
2024-11-12 15:48:00-05:00,67.62999725341797,67.6500015258789,67.61000061035156,67.62000274658203,23636.0,0.05177310760093867,0.044363765274169076,0.07401280871042193,0.007402030571057594
2024-11-12 15:49:00-05:00,67.62000274658203,67.62000274658203,67.58000183105469,67.6050033569336,22556.0,-0.014778215646660264,-0.04434409256501848,-0.04437032839234023,-0.022181882637084538
2024-11-12 15:50:00-05:00,67.58999633789062,67.58999633789062,67.43000030517578,67.44000244140625,44078.0,-0.04437504802219383,-0.04437504802219383,-0.221961411386018,-0.24406613021847878
2024-11-12 15:51:00-05:00,67.43499755859375,67.44999694824219,67.41000366210938,67.41999816894531,41380.0,-0.2293220708609267,-0.20713034063289948,-0.029655410019135964,-0.0296623246393235
2024-11-12 15:52:00-05:00,67.43000030517578,67.44000244140625,67.37000274658203,67.43000030517578,35695.0,-0.00741047467767153,-0.014817653503540473,-0.05933973201937004,0.014835562892479004
2024-11-12 15:53:00-05:00,67.41000366210938,67.41999816894531,67.3499984741211,67.38500213623047,48266.0,-0.029655410019135964,-0.0296623246393235,-0.029693144790543524,-0.06673315844825112
2024-11-12 15:54:00-05:00,67.38500213623047,67.41999816894531,67.3499984741211,67.40499877929688,83502.0,-0.03708874724918099,0.0,0.0,0.02967521322621014
2024-11-12 15:55:00-05:00,67.4000015258789,67.4000015258789,67.23999786376953,67.23999786376953,139453.0,0.022259240443611716,-0.02965980956614045,-0.16332681936708227,-0.2447903249247152
2024-11-12 15:56:00-05:00,67.23500061035156,67.28500366210938,67.22000122070312,67.22000122070312,101617.0,-0.24480847446863852,-0.17061997205649604,-0.029739208360657354,-0.029739208360657354
2024-11-12 15:57:00-05:00,67.2249984741211,67.27999877929688,67.19999694824219,67.2750015258789,88410.0,-0.014876383044060137,-0.007438333269083053,-0.02975940508429531,0.08182133915053402
2024-11-12 15:58:00-05:00,67.27999877929688,67.30999755859375,67.26000213623047,67.30000305175781,97681.0,0.08181525686006275,0.0445879605249111,0.08929343856145522,0.03716317400497271
2024-11-12 15:59:00-05:00,67.30500030517578,67.33000183105469,67.20999908447266,67.27999877929688,313573.0,0.037160413692816086,0.02971961549029789,-0.07434292323770242,-0.029724029054722934
2024-11-13 09:30:00-05:00,66.36000061035156,66.75499725341797,66.20999908447266,66.75499725341797,75064.0,-1.4040557024580402,-0.8540094489816408,-1.4878738485670118,-0.7803233284844446
2024-11-13 09:31:00-05:00,66.625,66.69000244140625,66.30000305175781,66.48999786376953,10375.0,0.39933602653869915,-0.09736321576793161,0.1359371220807981,-0.3969731114547681
2024-11-13 09:32:00-05:00,66.48999786376953,66.7959976196289,66.48999786376953,66.7959976196289,4175.0,-0.2026298480007016,0.15893713351680105,0.286568330718473,0.4602192294942409
2024-11-13 09:33:00-05:00,66.8550033569336,66.9800033569336,66.75499725341797,66.9800033569336,3086.0,0.5489630093114428,0.27547419585303157,0.3985552687058247,0.27547419585303157
2024-11-13 09:34:00-05:00,66.90499877929688,66.91000366210938,66.80000305175781,66.81999969482422,3644.0,0.07478187099378975,-0.10450834773954032,0.06741936962260109,-0.23888273229357715
2024-11-13 09:35:00-05:00,66.81500244140625,66.81500244140625,66.69999694824219,66.72000122070312,2821.0,-0.13451362309638837,-0.1419835831766969,-0.1497097289623439,-0.14965350879646566
2024-11-13 09:36:00-05:00,66.76499938964844,66.88500213623047,66.7300033569336,66.88500213623047,4438.0,-0.07483806021209016,0.10476643308605649,0.044987121535688956,0.24730352594199978
2024-11-13 09:37:00-05:00,66.91999816894531,66.97000122070312,66.7699966430664,66.77999877929688,11289.0,0.23215574135226902,0.12708242768615374,0.05993298984099393,-0.15699088522076465
2024-11-13 09:38:00-05:00,66.80000305175781,66.80000305175781,66.62000274658203,66.69499969482422,10978.0,-0.1793112977746425,-0.25384226645759345,-0.22464265991535282,-0.1272822492159209
2024-11-13 09:39:00-05:00,66.87000274658203,66.87000274658203,66.7300033569336,66.7300033569336,2402.0,0.10478995752436493,0.10478995752436493,0.16511649026793584,0.05248318804940144
2024-11-13 09:40:00-05:00,66.7300033569336,66.7300033569336,66.5,66.5250015258789,9925.0,-0.20936052624223045,-0.20936052624223045,-0.3446775743488617,-0.3072108807759988
2024-11-13 09:41:00-05:00,66.5,66.5999984741211,66.4800033569336,66.58999633789062,6287.0,-0.3446775743488617,-0.19482223328705084,-0.03007013994947849,0.0976998279157204
2024-11-13 09:42:00-05:00,66.6050033569336,66.68000030517578,66.5199966430664,66.58999633789062,13729.0,0.1578997848625363,0.12012287220362072,0.06015836960489018,0.0
2024-11-13 09:43:00-05:00,66.61000061035156,66.83999633789062,66.56999969482422,66.81659698486328,13041.0,0.007502819857529985,0.23994605876211939,0.07516995532352855,0.34029232532593046
2024-11-13 09:44:00-05:00,66.80999755859375,66.84500122070312,66.69999694824219,66.7699966430664,12499.0,0.3002506326521548,0.007487856203947096,0.1952790356225309,-0.06974366235298346
2024-11-13 09:45:00-05:00,66.75,66.77999877929688,66.6500015258789,66.6500015258789,30999.0,-0.08980326416136997,-0.09724353387567941,-0.07495565914654723,-0.17971412793228447
2024-11-13 09:46:00-05:00,66.63999938964844,66.69499969482422,66.62999725341797,66.63999938964844,5703.0,-0.164794921875,-0.1272822492159209,-0.030013911482318356,-0.015006955741159178
2024-11-13 09:49:00-05:00,66.625,66.66999816894531,66.6050033569336,66.6050033569336,46970.0,-0.022508087913886143,-0.0374863572881079,-0.03751147758466189,-0.05251505557528624
2024-11-13 09:50:00-05:00,66.54000091552734,66.61090087890625,66.52999877929688,66.59880065917969,5985.0,-0.12757836318597615,-0.08864150541793014,-0.11261102598369988,-0.00931266037277334
2024-11-13 09:53:00-05:00,66.4749984741211,66.54000091552734,66.4749984741211,66.54000091552734,22331.0,-0.09768927038154018,-0.1064389798717702,-0.0826699326393121,-0.08828949330972335
2024-11-13 09:54:00-05:00,66.55999755859375,66.6500015258789,66.55999755859375,66.56999969482422,10448.0,0.1278662450902468,0.1653150117794766,0.1278662450902468,0.04508382759862428
2024-11-13 09:55:00-05:00,66.52999877929688,66.58499908447266,66.52999877929688,66.58499908447266,5185.0,-0.0450702830487093,-0.09752804188760678,-0.0450702830487093,0.022531755621457705
2024-11-13 09:56:00-05:00,66.60089874267578,66.63999938964844,66.58000183105469,66.6050033569336,5085.0,0.10656841226481806,0.08260164591427088,0.07515865425413715,0.03004321203874394
2024-11-13 09:57:00-05:00,66.5999984741211,66.5999984741211,66.5199966430664,66.58000183105469,4215.0,-0.0013517363454340625,-0.06002538399416668,-0.09012494193157972,-0.03753700866123699
2024-11-13 09:58:00-05:00,66.58000183105469,66.67500305175781,66.55999755859375,66.67500305175781,10582.0,-0.030024990277099928,0.11261948852125947,0.060133670393858196,0.14268732065250145
2024-11-13 09:59:00-05:00,66.67500305175781,66.70999908447266,66.62000274658203,66.68000030517578,40905.0,0.14268732065250145,0.0524874857338542,0.09015202852953319,0.007494942915986513
2024-11-13 10:00:00-05:00,66.68499755859375,66.68499755859375,66.55999755859375,66.55999755859375,7806.0,0.014989885831995231,-0.03747792867939692,-0.09007082785111864,-0.17996812542413476
2024-11-13 10:01:00-05:00,66.56999969482422,66.58000183105469,66.50499725341797,66.5199966430664,11607.0,-0.17244937839052676,-0.1574502982425785,-0.08263267306667377,-0.06009753154232467
2024-11-13 10:02:00-05:00,66.48500061035156,66.55500030517578,66.48500061035156,66.55500030517578,8641.0,-0.1276837687581689,-0.03755110422247743,-0.030067880448458872,0.05262126259144573
2024-11-13 10:03:00-05:00,66.54499816894531,66.55999755859375,66.5199966430664,66.5199966430664,6356.0,0.09024224718801044,0.007508456757654436,0.0526374857390044,-0.052593587181837265
2024-11-13 10:04:00-05:00,66.53399658203125,66.5999984741211,66.51000213623047,66.58499908447266,4042.0,-0.016532552733916628,0.06009753154232467,-0.01502481560479163,0.09771864805563357
2024-11-13 10:05:00-05:00,66.53500366210938,66.54000091552734,66.49620056152344,66.51499938964844,7725.0,0.0015136323231246251,-0.09008642637892139,-0.020751126542983833,-0.10512832587924459
2024-11-13 10:06:00-05:00,66.48999786376953,66.48999786376953,66.37999725341797,66.37999725341797,8912.0,-0.06764228731150901,-0.07514735658222804,-0.17475180104156163,-0.20296495146849836
2024-11-13 10:07:00-05:00,66.36000061035156,66.375,66.33999633789062,66.35060119628906,7815.0,-0.19551399848789508,-0.17295513229695914,-0.06026049590607263,-0.04428451091476049
2024-11-13 10:08:00-05:00,66.37000274658203,66.41000366210938,66.3499984741211,66.375,9588.0,0.015072537881977155,0.05273621410075702,0.015077082880021742,0.03677254353544601
2024-11-13 10:09:00-05:00,66.38999938964844,66.43000030517578,66.33000183105469,66.43000030517578,20190.0,0.030129037575532536,0.030110889871570734,-0.03013812136590799,0.0828629833156791
2024-11-13 10:10:00-05:00,66.48999786376953,66.52999877929688,66.44999694824219,66.51000213623047,5822.0,0.1506227971688867,0.15053209944559942,0.1809062473616896,0.12043027350168156
2024-11-13 10:11:00-05:00,66.51499938964844,66.55999755859375,66.45999908447266,66.48999786376953,7578.0,0.03760193515141008,0.04509060551225463,0.01505212443915216,-0.03007708888651539
2024-11-13 10:12:00-05:00,66.51000213623047,66.51000213623047,66.43499755859375,66.47139739990234,5990.0,-0.007512972207512902,-0.07511331760381434,-0.037618907949621416,-0.027974829996679773
2024-11-13 10:13:00-05:00,66.48999786376953,66.48999786376953,66.43399810791016,66.44999694824219,7219.0,-0.03007708888651539,-0.03007708888651539,-0.0015044038839784335,-0.032194977835964256
2024-11-13 10:14:00-05:00,66.43000030517578,66.48999786376953,66.3926010131836,66.44000244140625,5967.0,-0.09023546476371047,0.0,-0.06231311663542627,-0.015040643032271372
2024-11-13 10:15:00-05:00,66.42500305175781,66.4800033569336,66.42500305175781,66.44999694824219,5942.0,-0.007522585270225424,-0.015031594460890307,0.048803689085441526,0.015042905582007826
2024-11-13 10:16:00-05:00,66.41000366210938,66.43000030517578,66.38500213623047,66.38500213623047,6292.0,-0.022580939344107875,-0.07521517634309083,-0.06021966682662194,-0.09781010533731482
2024-11-13 10:17:00-05:00,66.4000015258789,66.48999786376953,66.3949966430664,66.46990203857422,6987.0,-0.015061189096388095,0.09031696269474754,0.01505536870425317,0.1278901854511183
2024-11-13 10:18:00-05:00,66.45500183105469,66.47000122070312,66.38999938964844,66.38999938964844,6226.0,0.08283178299979266,-0.030074663421375547,-0.00752655120209722,-0.12020876588536566
2024-11-13 10:19:00-05:00,66.37000274658203,66.43499755859375,66.37000274658203,66.37999725341797,5287.0,-0.1279047206841466,-0.0526608416827834,-0.03011996272065387,-0.0150657272517285
2024-11-13 10:20:00-05:00,66.37999725341797,66.44999694824219,66.31999969482422,66.3949966430664,10499.0,0.01505877116518839,0.02257754225882813,-0.07533983680659828,0.02259624927547499
2024-11-13 10:21:00-05:00,66.37039947509766,66.41000366210938,66.23999786376953,66.29000091552734,20418.0,-0.014458841092857,-0.060185534942858165,-0.12063002325516381,-0.15813801166902897
2024-11-13 10:22:00-05:00,66.29499816894531,66.29499816894531,66.2300033569336,66.26499938964844,105494.0,-0.113606828870505,-0.173174953805455,-0.015088326023937615,-0.037715380198544146
2024-11-13 10:23:00-05:00,66.31500244140625,66.3499984741211,66.29000091552734,66.3499984741211,6732.0,0.030174633099711023,0.08296297864829327,0.09058969583679577,0.12827146345062435
2024-11-13 10:24:00-05:00,66.36000061035156,66.36000061035156,66.30999755859375,66.30999755859375,5569.0,0.0678551870447075,0.01507481003841793,0.030165398687942435,-0.06028774144274385
2024-11-13 10:25:00-05:00,66.31999969482422,66.31999969482422,66.23999786376953,66.23999786376953,6034.0,-0.0602786545500833,-0.0602786545500833,-0.10556431518846665,-0.10556431518846665
2024-11-13 10:26:00-05:00,66.20999908447266,66.20999908447266,66.19499969482422,66.19499969482422,10642.0,-0.16586340599779037,-0.16586340599779037,-0.06793202052611802,-0.06793202052611802
2024-11-13 10:27:00-05:00,66.20500183105469,66.22000122070312,66.0999984741211,66.1050033569336,11703.0,-0.0075475811615599575,0.015106685347787696,-0.1435172160149656,-0.13595639898108525
2024-11-13 10:28:00-05:00,66.1050033569336,66.19000244140625,66.0999984741211,66.18499755859375,12593.0,-0.15104368454860184,-0.04530168943502888,0.0,0.121010812492095
2024-11-13 10:29:00-05:00,66.16999816894531,66.2300033569336,66.15499877929688,66.16000366210938,8216.0,0.09832056381691157,0.06043347039117464,0.08320772533347842,-0.037763688760805714
2024-11-13 10:30:00-05:00,66.16999816894531,66.19999694824219,66.12999725341797,66.16000366210938,6722.0,0.0,-0.045306367462627506,-0.03779234576409829,0.0
2024-11-13 10:31:00-05:00,66.16999816894531,66.25,66.16999816894531,66.24500274658203,4547.0,0.0,0.07553331429441812,0.06048830665159599,0.12847502987871628
2024-11-13 10:32:00-05:00,66.25,66.30999755859375,66.19499969482422,66.30999755859375,16459.0,0.12090348083495517,0.09056235259434775,0.03778377900973684,0.09811277729183665
2024-11-13 10:33:00-05:00,66.30999755859375,66.41000366210938,66.27999877929688,66.41000366210938,11529.0,0.09056235259434775,0.15081602653845838,0.1284071075829285,0.15081602653845838
2024-11-13 10:34:00-05:00,66.41000366210938,66.47000122070312,66.37999725341797,66.38500213623047,10183.0,0.15081602653845838,0.09034415793591766,0.15087277604526328,-0.03764722858037306
2024-11-13 10:35:00-05:00,66.37999725341797,66.41000366210938,66.27999877929688,66.27999877929688,25546.0,-0.045183567289164284,-0.09026261094013943,-0.1506454930079726,-0.15817331257761413
2024-11-13 10:36:00-05:00,66.2699966430664,66.33999633789062,66.26000213623047,66.30999755859375,7899.0,-0.16571349036309524,-0.1054168353535112,-0.030169950867064976,0.04526068172807651
2024-11-13 10:37:00-05:00,66.30000305175781,66.3499984741211,66.29000091552734,66.30999755859375,15358.0,0.04527902551891838,0.015077082880021742,0.04527434097452154,0.0
2024-11-13 10:38:00-05:00,66.30000305175781,66.30000305175781,66.19999694824219,66.19999694824219,8399.0,0.0,-0.0753510527702339,-0.13577306689110946,-0.16588842467436526
2024-11-13 10:39:00-05:00,66.20500183105469,66.22000122070312,66.17169952392578,66.17169952392578,7584.0,-0.1432899190501713,-0.12066640629296854,-0.04274535592279083,-0.04274535592279083
2024-11-13 10:40:00-05:00,66.16999816894531,66.18499755859375,66.0199966430664,66.0250015258789,42765.0,-0.052871627733952486,-0.05285965186365704,-0.22925643734528212,-0.22169295802026978
2024-11-13 10:41:00-05:00,66.02999877929688,66.05999755859375,65.98500061035156,66.04000091552734,54128.0,-0.21157532646591815,-0.18886455331411645,-0.05300823158784773,0.02271774222157852
2024-11-13 10:42:00-05:00,66.06500244140625,66.07499694824219,66.0199966430664,66.05999755859375,13673.0,0.05301175640843869,0.02270570724005605,0.05303634521653944,0.030279592351889484
2024-11-13 10:43:00-05:00,66.07499694824219,66.1050033569336,66.0199966430664,66.02999877929688,21948.0,0.015128292540067534,0.04541265240602943,0.0,-0.045411414480101
2024-11-13 10:44:00-05:00,66.02999877929688,66.0999984741211,66.0199966430664,66.0999984741211,15206.0,-0.06810165875688057,-0.0075711104429943,0.0,0.10601195838000343
2024-11-13 10:45:00-05:00,66.08999633789062,66.11499786376953,66.0199966430664,66.02999877929688,8664.0,0.09086409162946119,0.022691966709054157,0.0,-0.10589969204254368
2024-11-13 10:46:00-05:00,66.05999755859375,66.08999633789062,66.05000305175781,66.08000183105469,10979.0,-0.045390801874922726,-0.03781521090029383,0.045450485030529286,0.07572777931579289
2024-11-13 10:47:00-05:00,66.06999969482422,66.12999725341797,66.05999755859375,66.1050033569336,9538.0,0.015140987889972202,0.06052491714909625,0.015131728045658654,0.037835237872463345
2024-11-13 10:48:00-05:00,66.0999984741211,66.1449966430664,66.0999984741211,66.12000274658203,8768.0,0.04540453978423287,0.02268167287373668,0.0605524023700843,0.022690248675205638
2024-11-13 10:49:00-05:00,66.12000274658203,66.16000366210938,66.1050033569336,66.16000366210938,13338.0,0.030263650412587495,0.022688063806164394,0.007571683703533338,0.06049744988767536
2024-11-13 10:50:00-05:00,66.16999816894531,66.23999786376953,66.16000366210938,66.19000244140625,23353.0,0.07561315832804727,0.1209102134708262,0.08320142558468913,0.04534277151808652
2024-11-13 10:51:00-05:00,66.1863021850586,66.197998046875,66.13999938964844,66.13999938964844,11487.0,0.024639589790598215,-0.06340552271892896,-0.03023620216695555,-0.07554471961543907
2024-11-13 10:52:00-05:00,66.1500015258789,66.20999908447266,66.1500015258789,66.20999908447266,11461.0,-0.05484618113003048,0.018129003824496337,0.015122673605638681,0.10583564479920149
2024-11-13 10:53:00-05:00,66.19999694824219,66.21499633789062,66.1050033569336,66.12999725341797,15052.0,0.07557886804239189,0.00754758116157106,-0.06802444128094498,-0.12083043673301042
2024-11-13 10:54:00-05:00,66.12999725341797,66.18499755859375,66.12999725341797,66.13999938964844,8217.0,-0.10573972515277585,-0.045305113578486544,0.03780938690740587,0.015124960904100426
2024-11-13 10:55:00-05:00,66.16999816894531,66.19000244140625,66.1500015258789,66.1500015258789,14881.0,0.06048830665159599,0.007561959654167616,0.030249921808223057,0.015122673605638681
2024-11-13 10:56:00-05:00,66.1500015258789,66.16500091552734,66.0999984741211,66.12000274658203,8010.0,-0.03022010521347429,-0.037772359807719535,-0.07559040151835505,-0.04534962752062999
2024-11-13 10:57:00-05:00,66.0999984741211,66.15399932861328,66.0199966430664,66.02999877929688,17586.0,-0.07559040151835505,-0.016627502096022706,-0.12103151724883743,-0.13612214692445557
2024-11-13 10:58:00-05:00,66.0199966430664,66.04000091552734,65.9800033569336,65.98100280761719,8204.0,-0.12103151724883743,-0.1723227835699892,-0.06057753433256208,-0.07420259364755433
2024-11-13 10:59:00-05:00,66.0,66.04000091552734,66.0,66.02999877929688,9742.0,-0.03028876716628659,0.0,0.030307126476225577,0.07425769478306421
2024-11-13 11:00:00-05:00,66.0199966430664,66.02999877929688,65.91999816894531,65.91999816894531,8846.0,0.03029794404001418,-0.015145572519392747,-0.12121489553740261,-0.16659187094525407
2024-11-13 11:01:00-05:00,65.9000015258789,65.91000366210938,65.76499938964844,65.79000091552734,12347.0,-0.18175571537248914,-0.18172818325891127,-0.23513164988206992,-0.19720457680353354
2024-11-13 11:02:00-05:00,65.78019714355469,65.81999969482422,65.75,65.77999877929688,29263.0,-0.1817972375572241,-0.1365558523506727,-0.02280755688838232,-0.015203125233742565
2024-11-13 11:03:00-05:00,65.80000305175781,65.81999969482422,65.6500015258789,65.6500015258789,23055.0,0.030109225972529963,0.0,-0.15208893402447465,-0.19762428675946797
2024-11-13 11:04:00-05:00,65.6500015258789,65.66000366210938,65.5999984741211,65.61000061035156,12169.0,-0.2279658342278723,-0.2430811811860667,-0.0761661090565302,-0.06093056298189792
2024-11-13 11:05:00-05:00,65.58999633789062,65.63500213623047,65.57499694824219,65.59459686279297,10911.0,-0.0914016551311514,-0.038077253250801135,-0.038112083018981835,-0.02347774335512698
2024-11-13 11:06:00-05:00,65.62000274658203,65.62590026855469,65.58999633789062,65.58999633789062,9733.0,0.04574845306717368,-0.013867399069922293,0.02287364139761383,-0.00701357295017635
2024-11-13 11:07:00-05:00,65.58499908447266,65.62999725341797,65.56999969482422,65.59500122070312,21064.0,-0.053342975684644856,0.006242938910583362,-0.030487336763052042,0.00763055815207192
2024-11-13 11:08:00-05:00,65.5999984741211,65.5999984741211,65.55999755859375,65.5999984741211,13784.0,0.022870153019471928,-0.045708944921996064,-0.015254134935216435,0.007618344881432648
2024-11-13 11:09:00-05:00,65.61000061035156,65.79019927978516,65.61000061035156,65.7699966430664,16555.0,0.015247159242570696,0.2899402592807965,0.07627067361180018,0.259143556249275
2024-11-13 11:10:00-05:00,65.7699966430664,65.88999938964844,65.7699966430664,65.83999633789062,14919.0,0.24385921540381883,0.15169449394560885,0.24385921540381883,0.10643104515286606
2024-11-13 11:11:00-05:00,65.8499984741211,65.97000122070312,65.83999633789062,65.93000030517578,9765.0,0.121638794492962,0.12141725875818299,0.10643104515286606,0.13670105147522982
2024-11-13 11:12:00-05:00,65.94000244140625,65.95999908447266,65.93000030517578,65.94999694824219,9414.0,0.13668028757893858,-0.015161643239947065,0.13670105147522982,0.030330112200593895
2024-11-13 11:13:00-05:00,65.94000244140625,65.94999694824219,65.88999938964844,65.91000366210938,11648.0,0.0,-0.015163942342777403,-0.06067179636309872,-0.060641831665586565
2024-11-13 11:14:00-05:00,65.91000366210938,65.98500061035156,65.91000366210938,65.93499755859375,7470.0,-0.045494052450989475,0.05307606327389358,0.03036010418309143,0.03792124881756287
2024-11-13 11:15:00-05:00,65.93000030517578,66.0,65.91999816894531,65.9800033569336,8377.0,0.030339314148597474,0.022731513995144503,0.015163869337908586,0.06825782969028804
2024-11-13 11:16:00-05:00,65.97000122070312,65.98999786376953,65.95999908447266,65.98999786376953,2573.0,0.060671796363087616,-0.015154751864343563,0.060681002182105814,0.015147781642066427
2024-11-13 11:17:00-05:00,65.8499984741211,65.8499984741211,65.83999633789062,65.8499984741211,9422.0,-0.18190502404351605,-0.21215243852175103,-0.18193260801648847,-0.21215243852175103
2024-11-13 11:18:00-05:00,65.83000183105469,65.86000061035156,65.82499694824219,65.82499694824219,5348.0,-0.030366960561534206,0.015189273291182914,-0.022781577282382504,-0.03796739021753037
2024-11-13 11:19:00-05:00,65.87000274658203,65.87000274658203,65.87000274658203,65.87000274658203,9779.0,0.06076395931144951,0.015186966501334886,0.06837189582435954,0.06837189582435954
2024-11-13 11:20:00-05:00,65.87000274658203,65.88999938964844,65.86000061035156,65.87000274658203,6294.0,0.0,0.03035773832185118,-0.015184660412037587,0.0
2024-11-13 11:22:00-05:00,65.80000305175781,65.81999969482422,65.80000305175781,65.81999969482422,19792.0,-0.10626945787982622,-0.10623720666662617,-0.0910986304854644,-0.07591171955797504
2024-11-13 11:23:00-05:00,65.83999633789062,65.83999633789062,65.83999633789062,65.83999633789062,439.0,0.06078006729171026,0.030380800910245753,0.06078006729171026,0.030380800910245753
2024-11-13 11:24:00-05:00,65.93000030517578,65.93000030517578,65.93000030517578,65.93000030517578,6852.0,0.13670105147522982,0.13670105147522982,0.13670105147522982,0.13670105147522982
2024-11-13 11:25:00-05:00,66.01000213623047,66.05000305175781,66.01000213623047,66.05000305175781,6118.0,0.12134359272619744,0.18201538908928505,0.12134359272619744,0.18201538908928505
2024-11-13 11:27:00-05:00,66.08999633789062,66.0999984741211,66.03500366210938,66.03500366210938,20203.0,0.12118497056714528,0.07569329304057959,0.03787535989971946,-0.022709143005916754
2024-11-13 11:28:00-05:00,66.06999969482422,66.06999969482422,66.05999755859375,66.06999969482422,1919.0,-0.030256686600760307,-0.045383933418119415,0.03784946634100006,0.05299618501410919
2024-11-13 11:29:00-05:00,66.01000213623047,66.0199966430664,66.01000213623047,66.0199966430664,12365.0,-0.09080907956845463,-0.07568193126801237,-0.07568184107020759,-0.07568193126801237
2024-11-13 11:30:00-05:00,65.9800033569336,66.02999877929688,65.9800033569336,66.02999877929688,3308.0,-0.04544580870481374,0.015150161676835694,-0.04544580870481374,0.015150161676835694
2024-11-13 11:31:00-05:00,65.94999694824219,65.9800033569336,65.94999694824219,65.9800033569336,8305.0,-0.04547803450248855,-0.07571622487891894,-0.04547803450248855,-0.07571622487891894
2024-11-13 11:32:00-05:00,65.9800033569336,65.9800033569336,65.94000244140625,65.9800033569336,5548.0,0.045498726428983005,0.0,-0.015154673689798948,0.0
2024-11-13 11:33:00-05:00,65.97000122070312,65.9800033569336,65.93000030517578,65.9800033569336,6961.0,-0.01515934483415915,0.0,-0.015168540885868165,0.0
2024-11-13 11:34:00-05:00,66.0199966430664,66.05000305175781,65.98999786376953,66.05000305175781,8358.0,0.07578508630918801,0.1060922874549508,0.09100190856368151,0.1060922874549508
2024-11-13 11:35:00-05:00,66.0199966430664,66.12999725341797,65.98999786376953,66.11000061035156,10834.0,0.0,0.1211115790524131,0.0,0.09083657202366702
2024-11-13 11:36:00-05:00,66.11000061035156,66.1500015258789,66.0999984741211,66.12000274658203,8469.0,0.13632834271677385,0.030249921808223057,0.16669285333006378,0.01512953583138188
2024-11-13 11:37:00-05:00,66.12000274658203,66.13999938964844,66.0989990234375,66.13999938964844,7154.0,0.01512953583138188,-0.015120386998868085,-0.0015120283005543023,0.03024295558946566
2024-11-13 11:38:00-05:00,66.13500213623047,66.16000366210938,66.11000061035156,66.11499786376953,8922.0,0.022685101369290805,0.030245347211277362,0.016644105170438017,-0.03780091640402938
2024-11-13 11:39:00-05:00,66.12000274658203,66.12000274658203,66.0999984741211,66.1050033569336,7047.0,-0.022679956398186096,-0.0604608726015754,-0.01512953583138188,-0.015116852694352367
2024-11-13 11:40:00-05:00,66.1500015258789,66.16999816894531,66.12000274658203,66.12999725341797,10762.0,0.04537020273858161,0.07561315832804727,0.030263650412587495,0.03780938690740587
2024-11-13 11:41:00-05:00,66.12000274658203,66.16999816894531,66.08000183105469,66.16999816894531,11085.0,-0.04534962752062999,0.0,-0.06049744988767536,0.06048830665159599
2024-11-13 11:42:00-05:00,66.16500091552734,66.17900085449219,66.12999725341797,66.12999725341797,10266.0,0.06805530410785021,0.013605388840853827,0.07565893005134772,-0.060451740417477584
2024-11-13 11:43:00-05:00,66.12000274658203,66.22010040283203,66.12000274658203,66.22000122070312,7249.0,-0.06800902036223633,0.062103609618113786,-0.015113423939272508,0.1361015742073146
2024-11-13 11:44:00-05:00,66.20999908447266,66.31999969482422,66.19999694824219,66.30249786376953,45786.0,0.13611060821572263,0.15085946923136806,0.12098336106662888,0.1245796459463211
2024-11-13 11:45:00-05:00,66.31999969482422,66.37999725341797,66.30000305175781,66.3499984741211,13706.0,0.16613896975170572,0.09046676548527532,0.15106662858883624,0.07164226368840954
2024-11-13 11:46:00-05:00,66.38999938964844,66.41500091552734,66.37000274658203,66.41500091552734,9120.0,0.10554839437022512,0.05273224398569809,0.10558022866087313,0.09796901718333029
2024-11-13 11:47:00-05:00,66.41999816894531,66.4800033569336,66.41999816894531,66.43000030517578,19394.0,0.04518568997238237,0.09787313183797774,0.07532834156143142,0.02258434004618337
2024-11-13 11:48:00-05:00,66.43000030517578,66.47000122070312,66.43000030517578,66.47000122070312,10528.0,0.015058922773580896,-0.01504533051355228,0.015058922773580896,0.06021513675082968
2024-11-13 11:49:00-05:00,66.5,66.5,66.47000122070312,66.48899841308594,11472.0,0.10537361809821455,0.04513130547008082,0.06021513675082968,0.02858009934396666
2024-11-13 11:50:00-05:00,66.4800033569336,66.51000213623047,66.41999816894531,66.43000030517578,21312.0,-0.03007013994947849,0.015040806361610315,-0.0752264944178127,-0.08873363912569321
2024-11-13 11:51:00-05:00,66.41999816894531,66.41999816894531,66.37999725341797,66.37999725341797,8794.0,-0.09026050685664311,-0.13532395789253027,-0.06022420450177979,-0.07527179215429669
2024-11-13 11:52:00-05:00,66.37000274658203,66.48500061035156,66.36000061035156,66.41999816894531,64581.0,-0.0752716406828502,0.09786576813946013,-0.030124501195838427,0.06026049590606153
2024-11-13 11:53:00-05:00,66.43000030517578,66.48999786376953,66.41999816894531,66.44999694824219,20643.0,0.09039860797179777,0.0075163621449769735,0.09041223333621229,0.04516528172819889
2024-11-13 11:54:00-05:00,66.45999908447266,66.52999877929688,66.45999908447266,66.4800033569336,6283.0,0.04515848134738487,0.06016080134232382,0.06022420450177979,0.04515637331747868
2024-11-13 11:55:00-05:00,66.48999786376953,66.5,66.45999908447266,66.47000122070312,8979.0,0.04513809766795163,-0.04509060551224353,0.0,-0.01504533051355228
2024-11-13 11:56:00-05:00,66.47000122070312,66.5199966430664,66.47000122070312,66.47000122070312,8792.0,-0.030074663421375547,0.030070139949489594,0.015049859115645603,0.0
2024-11-13 11:57:00-05:00,66.47000122070312,66.51000213623047,66.43000030517578,66.51000213623047,10002.0,0.0,-0.01502481560479163,-0.06017889994394121,0.06017889994394121
2024-11-13 11:58:00-05:00,66.5,66.5,66.47000122070312,66.47000122070312,7875.0,0.04513130547008082,-0.015038544443257695,0.06021513675082968,-0.06014270672464184
2024-11-13 11:59:00-05:00,66.47000122070312,66.49500274658203,66.43000030517578,66.43000030517578,7611.0,-0.045110946311088806,-0.007514666793939639,-0.06017889994394121,-0.06017889994394121
2024-11-13 12:00:00-05:00,66.41000366210938,66.41000366210938,66.36000061035156,66.37000274658203,18166.0,-0.09026261094013943,-0.1278277779709125,-0.10537361809821455,-0.09031696269475864
2024-11-13 12:01:00-05:00,66.37000274658203,66.38999938964844,66.33000183105469,66.33000183105469,14970.0,-0.06023326806434692,-0.03012237819277619,-0.045206116668106144,-0.060269570396254135
2024-11-13 12:02:00-05:00,66.31999969482422,66.37999725341797,66.30000305175781,66.37999725341797,13168.0,-0.07533983680659828,-0.0150657272517285,-0.045226561840416846,0.07537376900821346
2024-11-13 12:03:00-05:00,66.38999938964844,66.41999816894531,66.3499984741211,66.3499984741211,18349.0,0.10554839437022512,0.06026049590606153,0.07540787339670452,-0.04519249855094998
2024-11-13 12:04:00-05:00,66.3499984741211,66.37000274658203,66.31999969482422,66.33999633789062,11598.0,-0.06025141722411087,-0.0752716406828502,-0.04521293140432592,-0.01507481003841793
2024-11-13 12:05:00-05:00,66.33999633789062,66.33999633789062,66.31999969482422,66.33000183105469,5976.0,-0.01507481003841793,-0.045210799231054644,0.0,-0.015065582435414004
2024-11-13 12:06:00-05:00,66.33999633789062,66.37999725341797,66.33999633789062,66.36000061035156,8601.0,0.0,0.06029683107549033,0.03015175385769897,0.04522656184042795
2024-11-13 12:07:00-05:00,66.37000274658203,66.40499877929688,66.37000274658203,66.38999938964844,6487.0,0.045231248640065225,0.03766424663058654,0.045231248640065225,0.04520611666811725
2024-11-13 12:08:00-05:00,66.4000015258789,66.50499725341797,66.4000015258789,66.48999786376953,4054.0,0.04519930398589889,0.15058877488041134,0.04519930398589889,0.1506227971688867
2024-11-13 12:09:00-05:00,66.49500274658203,66.54000091552734,66.47000122070312,66.48500061035156,8382.0,0.1430741242770983,0.05263313067436215,0.10542122472232407,-0.007515797230450705
2024-11-13 12:10:00-05:00,66.48500061035156,66.55000305175781,66.48500061035156,66.54000091552734,32125.0,-0.015041936713033888,0.01503176449180188,0.02256565273504041,0.08272588504303346
2024-11-13 12:11:00-05:00,66.53500366210938,66.58000183105469,66.52999877929688,66.57009887695312,14256.0,0.07520952289805649,0.0450770517223642,0.06768168539101893,0.0452328839970928
2024-11-13 12:12:00-05:00,66.56999969482422,66.58000183105469,66.4800033569336,66.4800033569336,9201.0,0.05259792708898203,0.0,-0.0751471866535458,-0.13533932131610804
2024-11-13 12:13:00-05:00,66.48999786376953,66.48999786376953,66.44999694824219,66.44999694824219,4828.0,-0.12017700378764706,-0.13518168340328485,-0.04513599154064574,-0.04513599154064574
2024-11-13 12:14:00-05:00,66.45999908447266,66.45999908447266,66.4000015258789,66.44000244140625,15306.0,-0.045117732381849684,-0.045117732381849684,-0.07523765938202143,-0.015040643032271372
2024-11-13 12:15:00-05:00,66.44000244140625,66.47000122070312,66.41999816894531,66.43499755859375,22277.0,-0.030088238552317126,0.015049859115645603,0.03011542561277558,-0.0075329359250253525
2024-11-13 12:16:00-05:00,66.43499755859375,66.43499755859375,66.3499984741211,66.36499786376953,8041.0,-0.0075329359250253525,-0.0526608416827834,-0.10538948622998978,-0.10536569187419298
2024-11-13 12:17:00-05:00,66.37000274658203,66.38999938964844,66.36000061035156,66.37000274658203,4921.0,-0.09783218845518249,-0.06773262677646219,0.01507481003841793,0.007541449519488097
2024-11-13 12:18:00-05:00,66.37999725341797,66.41000366210938,66.3499984741211,66.37000274658203,5653.0,0.01505877116518839,0.030131454503457,-0.015072537881966053,0.0
2024-11-13 12:19:00-05:00,66.37000274658203,66.37999725341797,66.3499984741211,66.36000061035156,7267.0,-0.015056503840726876,-0.045183567289164284,0.0,-0.015070266410355249
2024-11-13 12:20:00-05:00,66.37000274658203,66.37999725341797,66.3499984741211,66.37999725341797,5753.0,0.0,0.0,0.0,0.03013357878614009
2024-11-13 12:21:00-05:00,66.3550033569336,66.37000274658203,66.31999969482422,66.31999969482422,10030.0,-0.022599651992949443,-0.015056503840726876,-0.04521293140432592,-0.09038499710191106
2024-11-13 12:22:00-05:00,66.31999969482422,66.32499694824219,66.29000091552734,66.31999969482422,6560.0,-0.05275210660616869,-0.06781045122400409,-0.04523338274263766,0.0
2024-11-13 12:23:00-05:00,66.31999969482422,66.31999969482422,66.2699966430664,66.2699966430664,9020.0,0.0,-0.0075344947574884635,-0.030176907806089837,-0.07539664051252615
2024-11-13 12:24:00-05:00,66.27999877929688,66.29000091552734,66.26000213623047,66.27999877929688,31182.0,-0.060315011627576354,-0.04523338274263766,-0.015081495914004428,0.015093008506306127
2024-11-13 12:25:00-05:00,66.29000091552734,66.31999969482422,66.27999877929688,66.27999877929688,8426.0,0.015090730861011536,0.04525385259097625,0.030179055873391647,0.0
2024-11-13 12:26:00-05:00,66.27999877929688,66.33999633789062,66.27999877929688,66.33999633789062,7448.0,-0.015088453903044918,0.03015175385769897,0.0,0.09052136345617523
2024-11-13 12:27:00-05:00,66.31999969482422,66.33999633789062,66.30999755859375,66.33499908447266,6571.0,0.060351412589110254,0.0,0.04526068172807651,-0.007532791217712553
2024-11-13 12:28:00-05:00,66.33999633789062,66.3499984741211,66.33000183105469,66.33999633789062,5369.0,0.03015175385769897,0.015077082880021742,0.030167807566661153,0.007533358689881808
2024-11-13 12:29:00-05:00,66.36000061035156,66.3949966430664,66.3499984741211,66.38999938964844,16632.0,0.030154165760043483,0.06781939710649443,0.030147207167785517,0.07537391395551207
2024-11-13 12:30:00-05:00,66.3949966430664,66.3949966430664,66.33499908447266,66.3499984741211,12856.0,0.052736637120198715,0.0,-0.022606465702157408,-0.06025141722411087
2024-11-13 12:31:00-05:00,66.3499984741211,66.44999694824219,66.3499984741211,66.43000030517578,14943.0,-0.06777343357243781,0.08283802689448283,0.022611577380637904,0.1205754828854877
2024-11-13 12:32:00-05:00,66.41999816894531,66.47000122070312,66.41500091552734,66.44999694824219,10515.0,0.10550067284706977,0.030104248878326523,0.09796901718333029,0.03010182594391786
2024-11-13 12:33:00-05:00,66.44000244140625,66.4800033569336,66.42980194091797,66.4800033569336,7360.0,0.030117845547139588,0.015047594473860393,0.022285666169685747,0.04515637331747868
2024-11-13 12:34:00-05:00,66.47000122070312,66.48999786376953,66.44999694824219,66.4800033569336,5586.0,0.04515168301406636,0.015033854288892812,0.03040052316003461,0.0
2024-11-13 12:35:00-05:00,66.4800033569336,66.48999786376953,66.47000122070312,66.48999786376953,5911.0,0.015047594473860393,0.0,0.030104248878326523,0.015033854288892812
2024-11-13 12:36:00-05:00,66.49500274658203,66.5199966430664,66.49500274658203,66.51000213623047,8794.0,0.022562257657998686,0.045117732381849684,0.0376132472089008,0.03008613792097048
2024-11-13 12:37:00-05:00,66.5000991821289,66.54499816894531,66.4800033569336,66.52999877929688,6007.0,0.007664388805728173,0.037584977661775376,-0.022557168251580162,0.030065617838115344
2024-11-13 12:38:00-05:00,66.51000213623047,66.52999877929688,66.51000213623047,66.5199966430664,3666.0,0.01489163809280658,-0.022540220995059812,0.04512451531599737,-0.015034024370941257
2024-11-13 12:39:00-05:00,66.52999877929688,66.55999755859375,66.52999877929688,66.52999877929688,3339.0,0.030065617838115344,0.04509060551225463,0.030065617838115344,0.015036284929692556
2024-11-13 12:40:00-05:00,66.55000305175781,66.56999969482422,66.55000305175781,66.56999969482422,4587.0,0.030068048741882514,0.015027248493604262,0.030068048741882514,0.06012462988318479
2024-11-13 12:41:00-05:00,66.55999755859375,66.55999755859375,66.52999877929688,66.54000091552734,6712.0,0.015018041138437077,-0.015024990650924774,-0.030059010583938228,-0.04506351124290431
2024-11-13 12:42:00-05:00,66.55000305175781,66.55000305175781,66.5199966430664,66.52999877929688,7051.0,-0.01501578606150078,-0.01501578606150078,-0.015034024370941257,-0.015031764491812982
2024-11-13 12:43:00-05:00,66.52999877929688,66.56009674072266,66.52999877929688,66.55999755859375,10450.0,-0.030059010583938228,0.015167075134447927,0.015036284929692556,0.04509060551225463
2024-11-13 12:44:00-05:00,66.55500030517578,66.56390380859375,66.53040313720703,66.55000305175781,8691.0,0.037579327127068574,0.005719745098820006,0.0006077828311745748,-0.01501578606150078
2024-11-13 12:45:00-05:00,66.55000305175781,66.56999969482422,66.54000091552734,66.56999969482422,6400.0,-0.007508456757654436,0.009157945795967848,0.01442615386009205,0.030047546430389538
2024-11-13 12:46:00-05:00,66.57499694824219,66.62000274658203,66.57499694824219,66.5999984741211,6703.0,0.03755656699961918,0.07511349254474275,0.05259397690611234,0.045063511242893206
2024-11-13 12:47:00-05:00,66.59500122070312,66.59500122070312,66.56999969482422,66.58000183105469,4202.0,0.030047725689708038,-0.03752855726231186,-0.007506201497620157,-0.030024990277099928
2024-11-13 12:48:00-05:00,66.56999969482422,66.61000061035156,66.55000305175781,66.59500122070312,8651.0,-0.03754264647589656,0.022523296604082255,-0.03003852059196843,0.022528370735863668
2024-11-13 12:49:00-05:00,66.58000183105469,66.5863037109375,66.5,66.53500366210938,10944.0,0.015024990650935877,-0.03557558804522243,-0.07513606230630243,-0.09009318641636233
2024-11-13 12:50:00-05:00,66.52999877929688,66.56999969482422,66.52999877929688,66.56999969482422,7504.0,-0.07510220844495485,-0.024485540125573912,0.04511094631109991,0.05259792708898203
2024-11-13 12:51:00-05:00,66.56999969482422,66.56999969482422,66.55000305175781,66.55999755859375,5525.0,0.06012462988318479,0.0,0.030068048741882514,-0.015024990650924774
2024-11-13 12:52:00-05:00,66.55999755859375,66.61000061035156,66.55000305175781,66.5999984741211,4586.0,-0.015024990650924774,0.06008850189382908,0.0,0.06009753154232467
2024-11-13 12:53:00-05:00,66.5990982055664,66.5990982055664,66.56999969482422,66.58999633789062,3126.0,0.058744964553580914,-0.016367519419391297,0.030047546430389538,-0.015018222912355217
2024-11-13 12:54:00-05:00,66.58999633789062,66.68180084228516,66.58999633789062,66.68180084228516,4906.0,-0.013666653034383192,0.12417981466277261,0.030038520591979534,0.1378653092706239
2024-11-13 12:55:00-05:00,66.66000366210938,66.66999816894531,66.63999938964844,66.66999816894531,6931.0,0.10513189378102972,-0.017699991887976108,0.07509093633837338,-0.017699991887976108
2024-11-13 12:56:00-05:00,66.66000366210938,66.69999694824219,66.66000366210938,66.69499969482422,8662.0,0.0,0.044995920385138,0.030018416332766584,0.03750041482759592
2024-11-13 12:57:00-05:00,66.70999908447266,66.72000122070312,66.69000244140625,66.72000122070312,7098.0,0.0750006294879535,0.029991414357133372,0.045002666739923924,0.0374863572881079
2024-11-13 12:58:00-05:00,66.70999908447266,66.76000213623047,66.70500183105469,66.7300033569336,6055.0,0.0,0.05995340946567396,0.022491211724906535,0.014991211102333146
2024-11-13 12:59:00-05:00,66.73999786376953,66.75,66.7300033569336,66.74250030517578,3612.0,0.04496893975203253,-0.014982228745374915,0.037480736365513856,0.018727630171611054
2024-11-13 13:00:00-05:00,66.75,66.77999877929688,66.75,66.7699966430664,6594.0,0.01498671943456209,0.044941991455993424,0.02996649492050807,0.04119764432692907
2024-11-13 13:01:00-05:00,66.79000091552734,66.83999633789062,66.79000091552734,66.83999633789062,5202.0,0.05992646520951439,0.08984360540651437,0.05992646520951439,0.10483705008765831
2024-11-13 13:02:00-05:00,66.83999633789062,66.83999633789062,66.80000305175781,66.80000305175781,6559.0,0.07485465141183756,0.0,0.014975499466030051,-0.059834363141852975
2024-11-13 13:03:00-05:00,66.82369995117188,66.86000061035156,66.81999969482422,66.83999633789062,6746.0,-0.024381190322586566,0.029928595985873052,0.029935093043209626,0.05987018608639705
2024-11-13 13:04:00-05:00,66.8499984741211,66.86000061035156,66.83000183105469,66.8499984741211,4933.0,0.0393550835533496,0.0,0.014968776228907466,0.014964297992925424
2024-11-13 13:05:00-05:00,66.83000183105469,66.9000015258789,66.83000183105469,66.9000015258789,4303.0,-0.029912705344559143,0.05982787191471939,0.0,0.074798882422078
2024-11-13 13:06:00-05:00,66.91000366210938,66.95999908447266,66.9000015258789,66.94000244140625,6486.0,0.11970945512904674,0.08968244727249886,0.1047429192074123,0.05979209957396314
2024-11-13 13:07:00-05:00,66.94000244140625,66.94000244140625,66.9000015258789,66.9000015258789,6905.0,0.04483452048271719,-0.029863565322307828,0.0,-0.05975636998573064
2024-11-13 13:08:00-05:00,66.9000015258789,66.91999816894531,66.88999938964844,66.91999816894531,9735.0,-0.05975636998573064,-0.02988388367396455,-0.014950875937724817,0.029890347698535713
2024-11-13 13:09:00-05:00,66.91000366210938,66.91500091552734,66.88999938964844,66.9000015258789,14469.0,0.014950875937724817,-0.007467503817548682,0.0,-0.029881416039378994
2024-11-13 13:10:00-05:00,66.9000015258789,66.99500274658203,66.9000015258789,66.98999786376953,7667.0,-0.014948640984957517,0.11955739364881701,0.014953111558879684,0.13452367090875939
2024-11-13 13:11:00-05:00,66.99500274658203,67.00499725341797,66.9749984741211,67.00370025634766,15107.0,0.14200481096606765,0.014918287075449399,0.11210305909061802,0.020454385751711435
2024-11-13 13:12:00-05:00,67.04000091552734,67.05000305175781,67.01000213623047,67.04000091552734,13564.0,0.06716645585571612,0.06716782357236717,0.05226377440366026,0.05417709625110678
2024-11-13 13:13:00-05:00,67.03500366210938,67.03500366210938,67.01000213623047,67.01000213623047,6691.0,-0.007454136858175975,-0.02237045334190224,0.0,-0.04474758187231753
2024-11-13 13:14:00-05:00,67.0199966430664,67.04000091552734,67.0199966430664,67.0199966430664,9578.0,-0.022386840043464584,0.007454692541175589,0.014914947794841815,0.014914947794841815
2024-11-13 13:15:00-05:00,67.0199966430664,67.0199966430664,66.94499969482422,66.94499969482422,5177.0,0.0,-0.02983930815595448,-0.1119023455665058,-0.1119023455665058
2024-11-13 13:16:00-05:00,66.94499969482422,66.95999908447266,66.93000030517578,66.94499969482422,8571.0,-0.1119023455665058,-0.08952187645320242,-0.0224055414397073,0.0
2024-11-13 13:17:00-05:00,66.94000244140625,66.9800033569336,66.94000244140625,66.96499633789062,5395.0,-0.007464714976102016,0.029874959280840052,0.014944174786890585,0.029870256415809315
2024-11-13 13:18:00-05:00,66.9800033569336,66.9800033569336,66.94000244140625,66.94000244140625,7305.0,0.05975636998571954,0.0,0.0,-0.03732382267037648
2024-11-13 13:19:00-05:00,66.94000244140625,66.94999694824219,66.93000030517578,66.94000244140625,7252.0,-0.05972068307339429,-0.04479905522175587,-0.014941941836976724,0.0
2024-11-13 13:20:00-05:00,66.94999694824219,66.95999908447266,66.93000030517578,66.93000030517578,11977.0,0.014930544474789365,0.014939711256745092,0.0,-0.014941941836976724
2024-11-13 13:21:00-05:00,66.92500305175781,66.93499755859375,66.77999877929688,66.81999969482422,30506.0,-0.03733218465072907,-0.0373380021217784,-0.2241170255415481,-0.16435172545943288
2024-11-13 13:22:00-05:00,66.83000183105469,66.9198989868164,66.83000183105469,66.9000015258789,15987.0,-0.14195176148091848,-0.022557066300221695,0.07487728761881307,0.1197273741695204
2024-11-13 13:23:00-05:00,66.91000366210938,66.91000366210938,66.88999938964844,66.8949966430664,4221.0,0.11970945512904674,-0.014786819551204644,0.08977638328580007,-0.007481140057319369
2024-11-13 13:24:00-05:00,66.9000015258789,66.91999816894531,66.87999725341797,66.87999725341797,21990.0,-0.014948640984957517,0.014937238512802153,-0.014953111558879684,-0.022422289260992656
2024-11-13 13:25:00-05:00,66.86000061035156,66.87000274658203,66.8499984741211,66.8499984741211,6851.0,-0.059792099573974244,-0.07470924048303962,-0.04485463595820249,-0.04485463595820249
2024-11-13 13:26:00-05:00,66.85749816894531,66.87000274658203,66.81999969482422,66.81999969482422,4837.0,-0.003742807932105574,0.0,-0.04487476437039506,-0.04487476437039506
2024-11-13 13:27:00-05:00,66.83999633789062,66.87999725341797,66.83999633789062,66.86000061035156,5550.0,-0.026177813310424014,0.014946173808039198,0.02992613462695637,0.059863687084749095
2024-11-13 13:28:00-05:00,66.87000274658203,66.87000274658203,66.82499694824219,66.82499694824219,5309.0,0.044892893978798476,-0.014943940260747635,-0.022440739781925956,-0.05235366705030886
2024-11-13 13:29:00-05:00,66.83000183105469,66.86000061035156,66.83000183105469,66.8499984741211,8444.0,-0.059818923111065736,-0.014957583101016247,0.007489536911431394,0.03741343362615446
2024-11-13 13:30:00-05:00,66.83999633789062,66.84500122070312,66.80000305175781,66.80500030517578,9820.0,0.01495511979965336,-0.022434025593043305,-0.04488819164290003,-0.06731214655559814
2024-11-13 13:31:00-05:00,66.81999969482422,66.83999633789062,66.80500030517578,66.83999633789062,10582.0,-0.029917181570926488,-0.007487295566011021,0.007480917948599064,0.05238534923279747
2024-11-13 13:32:00-05:00,66.8499984741211,66.87999725341797,66.83999633789062,66.87000274658203,13341.0,0.044894910855863834,0.05984577755679954,0.05238534923279747,0.044892893978798476
2024-11-13 13:33:00-05:00,66.86000061035156,66.95999908447266,66.8499984741211,66.94499969482422,47819.0,0.014962059025847019,0.11961996761384874,0.014964297992925424,0.11215335002512372
2024-11-13 13:34:00-05:00,66.94499969482422,67.0,66.90499877929688,66.94999694824219,15350.0,0.1271299486938604,0.05973852460314788,0.08227420558142295,0.007464714976102016
2024-11-13 13:35:00-05:00,66.97000122070312,66.97000122070312,66.91000366210938,66.91999816894531,14912.0,0.03734636790331258,-0.044774297458027856,0.0074805812776634895,-0.044807738109486905
2024-11-13 13:36:00-05:00,66.91000366210938,66.91000366210938,66.88999938964844,66.8949966430664,4695.0,-0.08958870763048354,-0.08958870763048354,-0.029897281969903933,-0.03736032062611194
2024-11-13 13:37:00-05:00,66.9000015258789,66.91000366210938,66.87999725341797,66.9000015258789,5482.0,-0.014948640984957517,0.0,-0.014953111558879684,0.007481699773759232
2024-11-13 13:38:00-05:00,66.9000015258789,66.91500091552734,66.87000274658203,66.87000274658203,6223.0,0.0,0.007468619256401077,-0.014943940260747635,-0.04484122363624943
2024-11-13 13:39:00-05:00,66.87999725341797,66.87999725341797,66.8499984741211,66.8499984741211,5659.0,-0.029901751875449634,-0.052310635329089195,-0.029915166202021393,-0.029915166202021393
2024-11-13 13:40:00-05:00,66.86000061035156,66.9000015258789,66.83000183105469,66.9000015258789,6978.0,-0.029899288109469513,0.02991069569746596,-0.029912705344559143,0.074798882422078
2024-11-13 13:41:00-05:00,66.9000015258789,66.91999816894531,66.86000061035156,66.90499877929688,6984.0,0.05982787191471939,0.029890347698535713,0.04488819164290003,0.007469735880394346
2024-11-13 13:42:00-05:00,66.90899658203125,66.95999908447266,66.9000015258789,66.94000244140625,6714.0,0.013445524584732027,0.05977423284793115,0.05982787191471939,0.052318455643107775
2024-11-13 13:43:00-05:00,66.94999694824219,66.94999694824219,66.93000030517578,66.94999694824219,3065.0,0.06127780762736901,-0.014937479640420026,0.04484122363626053,0.014930544474789365
2024-11-13 13:44:00-05:00,66.94000244140625,66.94999694824219,66.93000030517578,66.94999694824219,4139.0,-0.01492831559598562,0.0,0.0,0.0
2024-11-13 13:45:00-05:00,66.94999694824219,67.0,66.93000030517578,66.93499755859375,6556.0,0.014930544474789365,0.07468716062297709,0.0,-0.022403869054743453
2024-11-13 13:46:00-05:00,66.93009948730469,67.0,66.93000030517578,66.96900177001953,7597.0,-0.02971988326284647,0.0,0.0,0.05080184158670065
2024-11-13 13:47:00-05:00,66.96499633789062,67.02999877929688,66.96499633789062,67.01000213623047,6552.0,0.052139248041238595,0.044774297458016754,0.05228751315595748,0.06122290183112611
2024-11-13 13:48:00-05:00,67.02690124511719,67.05999755859375,67.0199966430664,67.0250015258789,11121.0,0.09244368044791784,0.044754259052948164,0.08213291746970164,0.0223838071485849
2024-11-13 13:49:00-05:00,67.02999877929688,67.05999755859375,67.02999877929688,67.04499816894531,4781.0,0.0046213298275032955,0.0,0.014924107328351255,0.029834602926026577
2024-11-13 13:50:00-05:00,67.04010009765625,67.05899810791016,67.01499938964844,67.05899810791016,7175.0,0.015069847148052595,-0.0014903828213230774,-0.022377129526474082,0.020881407035866495
2024-11-13 13:51:00-05:00,67.05000305175781,67.05999755859375,67.0199966430664,67.02909851074219,8664.0,0.01477168752304081,0.0014904050340547315,0.007456917799730789,-0.04458700250763448
2024-11-13 13:52:00-05:00,67.01000213623047,67.01000213623047,66.96499633789062,66.97000122070312,4501.0,-0.05965833513306151,-0.0745532719705233,-0.0820655146682614,-0.08816661920284519
2024-11-13 13:53:00-05:00,66.97000122070312,66.9800033569336,66.95999908447266,66.96499633789062,6623.0,-0.059693947548344894,-0.0447676142971698,-0.007462485912423933,-0.007473320473749823
2024-11-13 13:54:00-05:00,66.95999908447266,66.95999908447266,66.90499877929688,66.90499877929688,6958.0,-0.014935248690683967,-0.029866036814507613,-0.08213904708450626,-0.08959540338211447
2024-11-13 13:55:00-05:00,66.91000366210938,66.92500305175781,66.9000015258789,66.90499877929688,6509.0,-0.07466461028502458,-0.052264087803666204,-0.007469177952534878,0.0
2024-11-13 13:56:00-05:00,66.91500091552734,66.94499969482422,66.91500091552734,66.93499755859375,4644.0,0.007468619256401077,0.029879181403913435,0.022420611818119163,0.04483787436546649
2024-11-13 13:57:00-05:00,66.93000030517578,66.93000030517578,66.88020324707031,66.88999938964844,6388.0,0.02241558610658334,-0.0224055414397073,-0.05200279157279164,-0.06722666853901105
2024-11-13 13:58:00-05:00,66.86499786376953,66.86499786376953,66.86000061035156,66.86499786376953,3897.0,-0.09712003751660703,-0.09712003751660703,-0.030207199945431196,-0.03737707595610207
2024-11-13 13:59:00-05:00,66.8499984741211,66.8550033569336,66.83499908447266,66.8550033569336,5110.0,-0.022432348953327352,-0.014947292537570434,-0.03739384632167608,-0.014947292537570434
2024-11-13 14:00:00-05:00,66.8499984741211,66.93000030517578,66.8499984741211,66.9000015258789,89266.0,0.0,0.11217851241707155,0.02244241767621613,0.06730710745024293
2024-11-13 14:01:00-05:00,66.88999938964844,66.88999938964844,66.86000061035156,66.86000061035156,5372.0,0.059836823396230976,-0.05976530008210412,0.014962059025847019,-0.059792099573974244
2024-11-13 14:02:00-05:00,66.8499984741211,66.9000015258789,66.8499984741211,66.9000015258789,5610.0,-0.05980104035332445,0.014953111558879684,-0.014959820728632778,0.05982787191471939
2024-11-13 14:03:00-05:00,66.88999938964844,66.88999938964844,66.86000061035156,66.86000061035156,6398.0,0.059836823396230976,-0.014950875937724817,0.014962059025847019,-0.059792099573974244
2024-11-13 14:04:00-05:00,66.83999633789062,66.8499984741211,66.77999877929688,66.79000091552734,7958.0,-0.07475415191220414,-0.05980104035332445,-0.11965574382944988,-0.1046959231008171
2024-11-13 14:05:00-05:00,66.80000305175781,66.83000183105469,66.77999877929688,66.77999877929688,11930.0,-0.059834363141852975,-0.029912705344559143,0.0,-0.014975499466030051
2024-11-13 14:06:00-05:00,66.80999755859375,66.86000061035156,66.80999755859375,66.83999633789062,5653.0,0.014961835897220332,0.04488819164290003,0.044921802703257185,0.08984360540651437
2024-11-13 14:07:00-05:00,66.86000061035156,66.86000061035156,66.83000183105469,66.83000183105469,4561.0,0.07484366649461727,0.0,0.029942034413932284,-0.014952883577989962
2024-11-13 14:08:00-05:00,66.83999633789062,66.87999725341797,66.83999633789062,66.87999725341797,3388.0,-0.029919641457254453,0.029908230457453833,0.01495511979965336,0.07480984736416563
2024-11-13 14:09:00-05:00,66.88999938964844,66.88999938964844,66.83000183105469,66.83499908447266,5797.0,0.07481007554972496,0.014955347848721878,-0.014952883577989962,-0.06728195393730374
2024-11-13 14:10:00-05:00,66.83499908447266,66.87000274658203,66.83499908447266,66.84500122070312,5913.0,-0.08222500475054684,-0.029894817235565085,0.00747755989982668,0.014965416873624626
2024-11-13 14:11:00-05:00,66.83000183105469,66.92500305175781,66.82450103759766,66.9000015258789,15475.0,-0.007477000802602607,0.08224959311609048,-0.01570740931967629,0.08228035630395425
2024-11-13 14:12:00-05:00,66.91500091552734,66.91999816894531,66.84500122070312,66.8499984741211,7461.0,0.12718701502887342,-0.007478345288425281,0.030677644856536013,-0.07474297551169906
2024-11-13 14:13:00-05:00,66.8499984741211,66.94499969482422,66.8499984741211,66.94499969482422,11942.0,-0.09714180754224477,0.03736032062611194,0.007475882005691936,0.14211102897765393
2024-11-13 14:14:00-05:00,66.94000244140625,66.97000122070312,66.91000366210938,66.91500091552734,7055.0,0.13463570581830897,0.03734636790331258,0.08976094144790281,-0.0448110828794146
2024-11-13 14:15:00-05:00,66.91709899902344,66.96499633789062,66.9000015258789,66.96499633789062,6228.0,-0.034214881307870204,-0.007473320473749823,-0.014948640984957517,0.07471481981506933
2024-11-13 14:16:00-05:00,66.9800033569336,67.01499938964844,66.9800033569336,67.01000213623047,5637.0,0.09400341445027216,0.0746704315572666,0.11958419914794849,0.06720794564485377
2024-11-13 14:17:00-05:00,67.01499938964844,67.0199966430664,66.9800033569336,66.98999786376953,9295.0,0.05224847859195414,0.007456917799730789,0.0,-0.029852666502339087
2024-11-13 14:18:00-05:00,66.98999786376953,66.98999786376953,66.93499755859375,66.95500183105469,6768.0,-0.03730735821325659,-0.04476093822660676,-0.06719288755482333,-0.052240683431592494
2024-11-13 14:19:00-05:00,66.94999694824219,66.95500183105469,66.94000244140625,66.94000244140625,2926.0,-0.059711773104831334,-0.052240683431592494,0.007477228647267964,-0.02240219436672186
2024-11-13 14:20:00-05:00,66.91999816894531,66.93000030517578,66.91000366210938,66.93000030517578,8576.0,-0.044807738109486905,-0.037340788880857456,-0.044814428148753915,-0.014941941836976724
2024-11-13 14:21:00-05:00,66.93000030517578,66.95999908447266,66.93000030517578,66.94439697265625,6172.0,0.014946408404292733,0.04482112529522464,0.029885879497770773,0.02151003647814509
2024-11-13 14:22:00-05:00,66.94999694824219,66.95999908447266,66.94000244140625,66.95500183105469,5747.0,0.029876950508334055,0.0,0.014944174786890585,0.01584129348835006
2024-11-13 14:23:00-05:00,66.94999694824219,66.96499633789062,66.94499969482422,66.95999908447266,7212.0,0.0,0.00746304284093835,0.00746527223738358,0.007463599852597369
2024-11-13 14:24:00-05:00,66.95999908447266,67.0,66.95999908447266,66.98999786376953,6364.0,0.014939711256745092,0.05227158071174909,0.0224055414397073,0.04480104496271675
2024-11-13 14:25:00-05:00,66.97799682617188,66.97799682617188,66.95999908447266,66.95999908447266,2276.0,0.026878348185932488,-0.03284055795242935,0.0,-0.04478098261456731
2024-11-13 14:26:00-05:00,66.95999908447266,66.95999908447266,66.88999938964844,66.88999938964844,4947.0,-0.02687112567121286,-0.02687112567121286,-0.10453956956587573,-0.10453956956587573
2024-11-13 14:27:00-05:00,66.9000015258789,66.9000015258789,66.86000061035156,66.87000274658203,7640.0,-0.08960208992545571,-0.08960208992545571,-0.04484792879444477,-0.029894817235565085
2024-11-13 14:28:00-05:00,66.87999725341797,66.91999816894531,66.86000061035156,66.91000366210938,6429.0,-0.029901751875449634,0.029890347698535713,0.0,0.059818923111065736
2024-11-13 14:29:00-05:00,66.8936996459961,66.8936996459961,66.84010314941406,66.86160278320312,65993.0,0.02048802802159244,-0.03929845138791466,-0.029759887460156786,-0.07233728330171552
2024-11-13 14:30:00-05:00,66.8499984741211,66.86000061035156,66.81999969482422,66.81999969482422,22750.0,-0.06532927929875365,-0.050376994878242876,-0.030076935316669662,-0.062222690822721916
2024-11-13 14:31:00-05:00,66.83580017089844,66.8499984741211,66.80999755859375,66.81999969482422,8818.0,-0.021239047938281796,-0.014959820728632778,-0.014968776228896363,0.0
2024-11-13 14:32:00-05:00,66.8499984741211,66.9000015258789,66.8499984741211,66.88999938964844,6159.0,0.021243559868144857,0.074798882422078,0.05987264928764002,0.10475859794061293
2024-11-13 14:33:00-05:00,66.9000015258789,66.9000015258789,66.83999633789062,66.8499984741211,4717.0,0.074798882422078,0.0,-0.014962059025835917,-0.05980104035332445
2024-11-13 14:34:00-05:00,66.8550033569336,66.88999938964844,66.83999633789062,66.87999725341797,5868.0,-0.06726183545437969,-0.014950875937724817,0.0,0.04487476437040616
2024-11-13 14:35:00-05:00,66.87000274658203,66.87000274658203,66.82499694824219,66.82499694824219,8382.0,0.02243570248341431,-0.029894817235565085,-0.022440739781925956,-0.08223730178602562
2024-11-13 14:36:00-05:00,66.81999969482422,66.83000183105469,66.78500366210938,66.79000091552734,5935.0,-0.07477650621207088,-0.059818923111065736,-0.059847793429435026,-0.05236967349501187
2024-11-13 14:37:00-05:00,66.77999877929688,66.79000091552734,66.77940368652344,66.77999877929688,5359.0,-0.0598636870847602,-0.05985472756452337,-0.008385079402362106,-0.014975499466030051
2024-11-13 14:38:00-05:00,66.7699966430664,66.81999969482422,66.7699966430664,66.81999969482422,5771.0,-0.014977742457777943,0.044915075438933805,-0.014086743722940831,0.05989954516103513
2024-11-13 14:39:00-05:00,66.81999969482422,66.81999969482422,66.76000213623047,66.76000213623047,9022.0,0.0748885042261005,0.0,-0.014968559740036191,-0.08978982171171657
2024-11-13 14:40:00-05:00,66.76000213623047,66.79000091552734,66.7300033569336,66.79000091552734,12277.0,-0.08978982171171657,-0.04489491085585273,-0.04493525814402988,0.044935258144018775
2024-11-13 14:41:00-05:00,66.77999877929688,66.77999877929688,66.76000213623047,66.7699966430664,9480.0,0.029953029398654962,-0.014975499466030051,0.04495545899558806,-0.029950998932071204
2024-11-13 14:42:00-05:00,66.76499938964844,66.76499938964844,66.70999908447266,66.70999908447266,6575.0,-0.022460901351628593,-0.022460901351628593,-0.0748997156347797,-0.08985706396613669
2024-11-13 14:43:00-05:00,66.70999908447266,66.7615966796875,66.70999908447266,66.73500061035156,5540.0,-0.08237894956726333,-0.005096547580385469,0.0,0.037477928679408024
2024-11-13 14:44:00-05:00,66.7300033569336,66.7300033569336,66.69999694824219,66.69999694824219,5259.0,0.02998691760676131,-0.04732259910661396,-0.014993458803380655,-0.052451729660951685
2024-11-13 14:45:00-05:00,66.69999694824219,66.7249984741211,66.69000244140625,66.69999694824219,7512.0,-0.04496689222522887,-0.0075001986523659525,-0.014984268805429135,0.0
2024-11-13 14:46:00-05:00,66.69999694824219,66.69999694824219,66.68000030517578,66.69999694824219,8242.0,0.0,-0.03746950386008807,-0.014997954512385725,0.0
2024-11-13 14:47:00-05:00,66.68360137939453,66.69999694824219,66.66000366210938,66.66000366210938,9790.0,-0.024581063864781427,0.0,-0.029988966668992312,-0.05995995196798054
2024-11-13 14:48:00-05:00,66.6500015258789,66.6500015258789,66.62999725341797,66.62999725341797,7801.0,-0.0503869809377222,-0.07495565914654723,-0.04501411197560534,-0.04501411197560534
2024-11-13 14:49:00-05:00,66.63500213623047,66.65499877929688,66.62999725341797,66.63500213623047,7799.0,-0.02250471013509614,0.007497754393948064,0.0,0.007511455828912439
2024-11-13 14:50:00-05:00,66.6500015258789,66.70999908447266,66.62999725341797,66.70999908447266,15454.0,0.02250977589490777,0.082514899381958,0.0,0.11254887947458325
2024-11-13 14:51:00-05:00,66.70099639892578,66.72000122070312,66.66000366210938,66.70999908447266,14578.0,0.07651143567801721,0.014993458803380655,0.04503438380356606,0.0
2024-11-13 14:52:00-05:00,66.70999908447266,66.72000122070312,66.69000244140625,66.72000122070312,8248.0,0.013497078054180989,0.0,0.045002666739923924,0.014993458803380655
2024-11-13 14:53:00-05:00,66.71499633789062,66.75379943847656,66.69999694824219,66.75379943847656,11953.0,0.007491011072624509,0.050656800292370185,0.01498651442504162,0.050656800292370185
2024-11-13 14:54:00-05:00,66.76000213623047,66.76020050048828,66.73999786376953,66.75499725341797,7650.0,0.06745979286562065,0.009589060196657506,0.05997139034110699,0.0017943771762451988
2024-11-13 14:55:00-05:00,66.76000213623047,66.7750015258789,66.72000122070312,66.7300033569336,11493.0,0.0,0.022170432802282036,-0.029962007351613806,-0.03744123663055321
2024-11-13 14:56:00-05:00,66.7249984741211,66.73999786376953,66.70999908447266,66.7300033569336,10855.0,-0.05243208656277032,-0.05242030896219774,-0.014991211102322044,0.0
2024-11-13 14:57:00-05:00,66.7300033569336,66.7300033569336,66.69000244140625,66.69000244140625,9602.0,0.007500761224354946,-0.014975287917062818,-0.029975480948640776,-0.05994442307065695
2024-11-13 14:58:00-05:00,66.69000244140625,66.69999694824219,66.68000030517578,66.68000030517578,7595.0,-0.05994442307065695,-0.04496689222522887,-0.014997954512385725,-0.014997954512385725
2024-11-13 14:59:00-05:00,66.68000030517578,66.69999694824219,66.67749786376953,66.69000244140625,9713.0,-0.014997954512385725,0.0,-0.0037529115098910992,0.015000204236192971
2024-11-13 15:00:00-05:00,66.68000030517578,66.73999786376953,66.68000030517578,66.73500061035156,13630.0,0.0,0.05997139034110699,0.0037530523586237763,0.0674736351746974
2024-11-13 15:01:00-05:00,66.73500061035156,66.76499938964844,66.69999694824219,66.70500183105469,11082.0,0.082483960593982,0.037461082827627834,0.029988966668992312,-0.04495209263880584
2024-11-13 15:02:00-05:00,66.69999694824219,66.69999694824219,66.66999816894531,66.68000030517578,41564.0,-0.052451729660951685,-0.09736005691678429,-0.044975683162551405,-0.037480736365513856
2024-11-13 15:03:00-05:00,66.69000244140625,66.69000244140625,66.62999725341797,66.62999725341797,9337.0,-0.014984268805429135,-0.014984268805429135,-0.05999837502016492,-0.07498957937757122
2024-11-13 15:04:00-05:00,66.62999725341797,66.63999938964844,66.61000061035156,66.63999938964844,5384.0,-0.08997628698694804,-0.07497833247456231,-0.030011472145718976,0.015011461267855353
2024-11-13 15:05:00-05:00,66.63999938964844,66.69999694824219,66.63999938964844,66.66000366210938,7850.0,0.015011461267855353,0.09003235165556678,0.04503644951507901,0.030018416332766584
2024-11-13 15:06:00-05:00,66.62999725341797,66.63999938964844,66.55000305175781,66.5999984741211,9256.0,-0.015009208166383292,-0.08995136632511391,-0.13504852748333906,-0.09001677871552927
2024-11-13 15:07:00-05:00,66.61000061035156,66.618896484375,66.59500122070312,66.5999984741211,9640.0,-0.030011472145718976,-0.03166702501008478,0.0676155775835463,0.0
2024-11-13 15:08:00-05:00,66.61499786376953,66.62000274658203,66.58999633789062,66.5999984741211,7297.0,0.007502256976699151,0.001660583205986832,-0.007515403139513044,0.0
2024-11-13 15:09:00-05:00,66.58999633789062,66.58999633789062,66.58000183105469,66.58000183105469,5842.0,-0.03753137683804031,-0.045041139979462574,-0.015009021453049609,-0.030024990277099928
2024-11-13 15:10:00-05:00,66.58000183105469,66.6050033569336,66.54000091552734,66.54000091552734,9239.0,-0.015009021453049609,0.022536446716148184,-0.06007947495832999,-0.06007947495832999
2024-11-13 15:11:00-05:00,66.5199966430664,66.5250015258789,66.47000122070312,66.4800033569336,10458.0,-0.09012494193157972,-0.12011384584121876,-0.10519941968903934,-0.09016765519723746
2024-11-13 15:12:00-05:00,66.48999786376953,66.50499725341797,66.44000244140625,66.44000244140625,10777.0,-0.04509738546416564,-0.030070307406393493,-0.045131305470069716,-0.06016984582954965
2024-11-13 15:13:00-05:00,66.44000244140625,66.48999786376953,66.44000244140625,66.48999786376953,10627.0,-0.07519239580322523,-0.02255377831426042,0.0,0.07524897731208124
2024-11-13 15:14:00-05:00,66.4800033569336,66.5199966430664,66.4800033569336,66.48999786376953,8288.0,0.06020607173009562,0.045117732381849684,0.06020607173009562,0.0
2024-11-13 15:15:00-05:00,66.4800033569336,66.48999786376953,66.44000244140625,66.44999694824219,12521.0,0.0,-0.04509738546416564,-0.06016984582954965,-0.060160801342334924
2024-11-13 15:16:00-05:00,66.45999908447266,66.47000122070312,66.41999816894531,66.47000122070312,14084.0,-0.030090661027093457,-0.030074663421375547,-0.03010877743205853,0.030104248878326523
2024-11-13 15:17:00-05:00,66.48999786376953,66.51000213623047,66.4800033569336,66.51000213623047,11753.0,0.04513809766795163,0.06017889994394121,0.09034205004891938,0.06017889994394121
2024-11-13 15:18:00-05:00,66.5199966430664,66.5199966430664,66.47000122070312,66.4749984741211,11706.0,0.045117732381849684,0.01502707339486875,-0.01504533051355228,-0.05262917002720746
2024-11-13 15:19:00-05:00,66.4800033569336,66.49500274658203,66.45999908447266,66.46499633789062,11881.0,-0.06012220106896837,-0.03757350833688555,-0.015047594473871495,-0.015046463271994881
2024-11-13 15:20:00-05:00,66.47000122070312,66.52449798583984,66.47000122070312,66.4800033569336,11713.0,-0.01504533051355228,0.044357076531320594,0.015049859115645603,0.022578830767816527
2024-11-13 15:21:00-05:00,66.48999786376953,66.5199966430664,66.48999786376953,66.48999786376953,7075.0,0.03008371099619822,-0.006766443806005551,0.03008371099619822,0.015033854288892812
2024-11-13 15:22:00-05:00,66.5,66.50499725341797,66.45999908447266,66.45999908447266,8842.0,0.015043068960474137,-0.02254869273208282,-0.045117732381849684,-0.045117732381849684
2024-11-13 15:23:00-05:00,66.45999908447266,66.45999908447266,66.40499877929688,66.40499877929688,11280.0,-0.06015175267269912,-0.06766133494277016,-0.08275700561758415,-0.08275700561758415
2024-11-13 15:24:00-05:00,66.4000015258789,66.4000015258789,66.3550033569336,66.37999725341797,15089.0,-0.09027619533592546,-0.09027619533592546,-0.07528864284667147,-0.03765006601686993
2024-11-13 15:25:00-05:00,66.38999938964844,66.4000015258789,66.37000274658203,66.4000015258789,9148.0,-0.015063457832253935,0.0,0.022604760590172468,0.030135994710223102
2024-11-13 15:26:00-05:00,66.375,66.51499938964844,66.3550033569336,66.51499938964844,22305.0,-0.022592844986191185,0.1731895498898517,-0.022599651992949443,0.1731895498898517
2024-11-13 15:27:00-05:00,66.53500366210938,66.56500244140625,66.44499969482422,66.44499969482422,18902.0,0.24106013123823544,0.0751756028213979,0.135628563541057,-0.10523896183800563
2024-11-13 15:28:00-05:00,66.44000244140625,66.47000122070312,66.43499755859375,66.45999908447266,12254.0,-0.1427838212583188,-0.1427194730245107,-0.015053256492447709,0.022574143603470986
2024-11-13 15:29:00-05:00,66.44000244140625,66.5250015258789,66.44000244140625,66.5250015258789,9338.0,0.0,0.08274455267898162,0.007533503419021592,0.09780686473321865
2024-11-13 15:30:00-05:00,66.5199966430664,66.54000091552734,66.40499877929688,66.40499877929688,67644.0,0.1204006603261476,0.0225469963237801,-0.05268461893909171,-0.1803874390522875
2024-11-13 15:31:00-05:00,66.4000015258789,66.54000091552734,66.38999938964844,66.54000091552734,68653.0,-0.18038954185667366,0.0,-0.02258774177270606,0.20330116514144514
2024-11-13 15:32:00-05:00,66.54499816894531,66.57499694824219,66.54000091552734,66.55000305175781,13688.0,0.2183684333348923,0.05259397690611234,0.22593994164472608,0.01503176449180188
2024-11-13 15:33:00-05:00,66.55999755859375,66.6500015258789,66.55999755859375,66.6500015258789,20907.0,0.022540220995059812,0.11266178156197348,0.030052063106800198,0.15026066045906727
2024-11-13 15:34:00-05:00,66.6449966430664,66.6906967163086,66.6449966430664,66.68499755859375,14436.0,0.12770295611539417,0.061058048759221606,0.12770295611539417,0.052507174664140344
2024-11-13 15:35:00-05:00,66.68000030517578,66.7300033569336,66.66999816894531,66.7300033569336,16548.0,0.05252256564260982,0.05893871643327664,0.037514482914313696,0.06749014019278299
2024-11-13 15:36:00-05:00,66.70999908447266,66.72000122070312,66.66500091552734,66.66500091552734,11309.0,0.04498917090518528,-0.014988964075079991,-0.0074955055575420815,-0.09741111664351987
2024-11-13 15:37:00-05:00,66.66000366210938,66.66999816894531,66.6500015258789,66.66999816894531,11225.0,-0.07494442070067331,-0.0749446205679849,-0.022499646654838834,0.007496067425694086
2024-11-13 15:38:00-05:00,66.69000244140625,66.69999694824219,66.67500305175781,66.69999694824219,9247.0,0.045002666739923924,0.044995920385138,0.037511665876244216,0.044995920385138
2024-11-13 15:39:00-05:00,66.72000122070312,66.7249984741211,66.69000244140625,66.69999694824219,8041.0,0.044982423449790865,0.03748354875983129,0.022496271408933843,0.0
2024-11-13 15:40:00-05:00,66.69499969482422,66.73500061035156,66.69499969482422,66.70099639892578,14494.0,-0.03747231028399245,0.014990088361477305,0.00749325721252081,0.0014984268805529055
2024-11-13 15:41:00-05:00,66.70500183105469,66.70500183105469,66.6449966430664,66.6449966430664,15758.0,0.01499683076127134,-0.04495209263880584,-0.0749727145762269,-0.08395640077766275
2024-11-13 15:42:00-05:00,66.63999938964844,66.6449966430664,66.58000183105469,66.62000274658203,28443.0,-0.09744762704734233,-0.08995605478020474,-0.09752391820171402,-0.037503035101393856
2024-11-13 15:43:00-05:00,66.625,66.625,66.5999984741211,66.60489654541016,12146.0,-0.022508087913886143,-0.030004717643705714,0.03003400798509137,-0.02267517344503034
2024-11-13 15:44:00-05:00,66.61000061035156,66.62999725341797,66.5999984741211,66.62999725341797,12186.0,-0.022513155194647805,0.007500567981932882,0.0,0.037685980025048416
2024-11-13 15:45:00-05:00,66.6500015258789,66.68000030517578,66.62999725341797,66.63500213623047,23497.0,0.06005241729591937,0.07504585594928503,0.045043213189455145,0.007511455828912439
2024-11-13 15:46:00-05:00,66.63500213623047,66.63500213623047,66.55999755859375,66.58000183105469,36314.0,-0.02250471013509614,-0.06748375635777792,-0.10505732809500401,-0.08253966145800318
2024-11-13 15:47:00-05:00,66.58499908447266,66.62999725341797,66.55999755859375,66.57499694824219,19520.0,-0.07504021933635308,-0.007510891651607565,0.0,-0.007517096237397158
2024-11-13 15:48:00-05:00,66.56999969482422,66.57499694824219,66.51000213623047,66.5250015258789,16729.0,-0.022526679964973706,-0.08254586138821685,-0.07511331760381434,-0.07509639452503158
2024-11-13 15:49:00-05:00,66.5199966430664,66.54000091552734,66.50070190429688,66.5199966430664,26705.0,-0.07511349254475386,-0.05256633018255741,-0.013983207991097313,-0.007523311082602291
2024-11-13 15:50:00-05:00,66.5,66.52999877929688,66.41000366210938,66.43000030517578,36403.0,-0.030061100534484186,-0.015031764491812982,-0.1363868945594371,-0.13529215639250802
2024-11-13 15:51:00-05:00,66.43000030517578,66.45999908447266,66.4000015258789,66.43000030517578,37155.0,-0.10526269898378793,-0.10521523539543942,-0.015061189096388095,0.0
2024-11-13 15:52:00-05:00,66.43000030517578,66.44999694824219,66.38999938964844,66.40499877929688,33065.0,0.0,-0.0150498591156345,-0.015063457832253935,-0.037635896077148345
2024-11-13 15:53:00-05:00,66.4000015258789,66.44999694824219,66.4000015258789,66.41999816894531,40537.0,-0.04515848134737377,0.0,0.015065727251739602,0.02258774177270606
2024-11-13 15:54:00-05:00,66.41999816894531,66.55000305175781,66.41500091552734,66.45999908447266,76092.0,0.03011542561277558,0.15049828157782663,0.022589441722509207,0.06022420450177979
2024-11-13 15:55:00-05:00,66.45999908447266,66.58999633789062,66.44999694824219,66.54000091552734,89018.0,0.06022420450177979,0.060095092860779076,0.052692964288825195,0.12037591356719446
2024-11-13 15:56:00-05:00,66.52999877929688,66.58000183105469,66.51499938964844,66.54499816894531,51538.0,0.10532605445157106,-0.015009021453049609,0.09782158674420671,0.007510149307510261
2024-11-13 15:57:00-05:00,66.54000091552734,66.55999755859375,66.5199966430664,66.55500030517578,66928.0,0.015034024370952359,-0.030045466973249724,0.007512972207512902,0.015030635668633607
2024-11-13 15:58:00-05:00,66.55999755859375,66.61000061035156,66.55500030517578,66.58999633789062,78081.0,0.030052063106800198,0.07512478003592893,0.05262126259144573,0.05258212388907779
2024-11-13 15:59:00-05:00,66.59500122070312,66.6500015258789,66.56999969482422,66.56999969482422,185965.0,0.05258963851157983,0.06005241729591937,0.02253683356572278,-0.030029500174377777
2024-11-14 09:30:00-05:00,67.02999877929688,67.48999786376953,67.01000213623047,67.26000213623047,106823.0,0.6531985143331198,1.2603095553785915,0.6609620601222055,1.0365066014262014
2024-11-14 09:31:00-05:00,67.19999694824219,67.43000030517578,67.19999694824219,67.19999694824219,9836.0,0.253615056006562,-0.08889844494417432,0.2835320190342161,-0.0892137765127421
2024-11-14 09:32:00-05:00,67.19000244140625,67.29389953613281,67.13999938964844,67.16999816894531,14530.0,-0.014872778705088407,-0.2018400836823364,-0.08928208529527248,-0.04464104264763069
2024-11-14 09:33:00-05:00,67.22000122070312,67.41999816894531,67.16999816894531,67.28990173339844,20479.0,0.044647682998721905,0.1873849393209781,0.04468093471787782,0.1785076190586432
2024-11-14 09:34:00-05:00,67.27149963378906,67.48999786376953,67.20999908447266,67.34500122070312,50293.0,0.07661174077764343,0.10382630780976232,0.05955175914511557,0.08188373869677523
2024-11-14 09:35:00-05:00,67.30000305175781,67.3499984741211,67.25,67.32749938964844,12817.0,0.04237071883921306,-0.2074372411909553,0.05951631613188013,-0.025988315001035378
2024-11-14 09:36:00-05:00,67.32499694824219,67.33999633789062,67.05000305175781,67.08499908447266,10546.0,0.037138031725136855,-0.014850982118896905,-0.29739323158689546,-0.36018017507578604
2024-11-14 09:37:00-05:00,67.06600189208984,67.07499694824219,66.93000030517578,66.95999908447266,17785.0,-0.38469375104681625,-0.3935245085532113,-0.17897500539917344,-0.18633077693360756
2024-11-14 09:38:00-05:00,66.95500183105469,67.01000213623047,66.91999816894531,66.99500274658203,14705.0,-0.1655086898034508,-0.09689871780668158,-0.014944174786890585,0.05227548176220953
2024-11-14 09:39:00-05:00,66.94999694824219,67.0,66.87000274658203,66.9000015258789,27842.0,-0.0074749946615271234,-0.014926333251163992,-0.07470924048303962,-0.14180344325454008
2024-11-14 09:40:00-05:00,66.91999816894531,66.9800033569336,66.9000015258789,66.91999816894531,27679.0,-0.044807738109486905,-0.02984573592000883,0.04486134001004949,0.029890347698535713
2024-11-14 09:41:00-05:00,66.93000030517578,66.98999786376953,66.69999694824219,66.69999694824219,14854.0,0.014946408404292733,0.01492162785163842,-0.2989604978698712,-0.32875258027909027
2024-11-14 09:42:00-05:00,66.62999725341797,66.7750015258789,66.62999725341797,66.76000213623047,11768.0,-0.4482340510830851,-0.3209379679752211,-0.1049470735036695,0.08996280469824036
2024-11-14 09:43:00-05:00,66.76000213623047,66.76499938964844,66.66999816894531,66.68000030517578,19325.0,0.1951146453121444,-0.01497886334992371,0.06003439468142968,-0.11983497377880958
2024-11-14 09:44:00-05:00,66.6500015258789,66.70999908447266,66.58499908447266,66.5999984741211,19394.0,-0.16477023192283946,-0.08237894956726333,-0.12749225559788302,-0.11997875028275651
2024-11-14 09:45:00-05:00,66.6050033569336,66.6050033569336,66.48999786376953,66.5199966430664,9819.0,-0.06751413040529952,-0.15739128913210276,-0.14267661186359026,-0.12012287220363183
2024-11-14 09:46:00-05:00,66.52999877929688,66.54000091552734,66.44000244140625,66.51000213623047,10004.0,-0.11261102598369988,-0.09759393158184082,-0.07519239580322523,-0.01502481560479163
2024-11-14 09:47:00-05:00,66.55000305175781,66.58999633789062,66.55000305175781,66.58999633789062,559.0,0.030068048741882514,0.07513589070542448,0.1655638264742354,0.12027394240088363
2024-11-14 09:49:00-05:00,66.5,66.5999984741211,66.5,66.56500244140625,34823.0,-0.07513606230630243,0.015020478721328168,-0.07513606230630243,-0.03753401090090813
2024-11-14 09:50:00-05:00,66.56230163574219,66.83000183105469,66.56230163574219,66.80000305175781,12293.0,0.09368667028899491,0.34535039369854026,0.09368667028899491,0.35303928751211355
2024-11-14 09:53:00-05:00,66.3499984741211,66.3499984741211,66.30999755859375,66.30999755859375,30363.0,-0.31895405718226355,-0.7182453146522993,-0.3790495084276868,-0.7335411239194123
2024-11-14 09:54:00-05:00,66.33000183105469,66.35299682617188,66.2699966430664,66.31500244140625,10466.0,-0.03013812136590799,0.004518993398239246,-0.060324109485898614,0.007547704715382686
2024-11-14 09:55:00-05:00,66.32499694824219,66.32499694824219,66.25140380859375,66.29499816894531,12182.0,-0.007545428425059786,-0.042198362197631845,-0.028056187436975577,-0.030165530761483428
2024-11-14 09:56:00-05:00,66.29499816894531,66.41000366210938,66.29499816894531,66.37999725341797,11159.0,-0.045229974635785375,0.12816693219530606,0.06580141377459103,0.12821342004722958
2024-11-14 09:57:00-05:00,66.38870239257812,66.41999816894531,66.33000183105469,66.33000183105469,7965.0,0.1413443339933762,0.015049700775193742,0.052799853799179175,-0.0753169997467995
2024-11-14 09:58:00-05:00,66.33999633789062,66.3499984741211,66.29000091552734,66.29499816894531,10435.0,-0.07336497466012837,-0.10538948622998978,-0.06030591651305928,-0.05277199026547663
2024-11-14 09:59:00-05:00,66.30999755859375,66.375,66.30999755859375,66.31500244140625,11025.0,-0.04521974819546859,0.03768127574057534,0.030165398687942435,0.030174633099711023
2024-11-14 10:00:00-05:00,66.30000305175781,66.30000305175781,66.2300033569336,66.2300033569336,3932.0,-0.015072398135895781,-0.11298975253060117,-0.12063671332437353,-0.1281747437885672
2024-11-14 10:01:00-05:00,66.19000244140625,66.30000305175781,66.19000244140625,66.27999877929688,9184.0,-0.16591343180737406,0.0,-0.06039697040594039,0.07548757334925327
2024-11-14 10:02:00-05:00,66.26000213623047,66.27999877929688,66.23500061035156,66.26000213623047,4944.0,0.10575569155808484,-0.030172355264179718,0.0679833317503542,-0.030169950867064976
2024-11-14 10:03:00-05:00,66.2300033569336,66.2300033569336,66.18000030517578,66.2300033569336,29585.0,-0.04527434097451044,-0.07543063259515259,-0.08303812888798001,-0.04527434097451044
2024-11-14 10:04:00-05:00,66.23999786376953,66.36000061035156,66.23999786376953,66.34500122070312,11129.0,0.01509060294331288,0.19628151416115625,0.0906581419115815,0.1736340902019462
2024-11-14 10:05:00-05:00,66.33000183105469,66.33000183105469,66.22000122070312,66.2300033569336,8430.0,0.1358755588583449,-0.045206116668106144,-0.030188169854006297,-0.17333312480767304
2024-11-14 10:06:00-05:00,66.19000244140625,66.19000244140625,66.06999969482422,66.13999938964844,16432.0,-0.21106495670695224,-0.21106495670695224,-0.22651996845933775,-0.13589606329943438
2024-11-14 10:07:00-05:00,66.1449966430664,66.23500061035156,66.11000061035156,66.23500061035156,9428.0,-0.0679948582562484,0.0679833317503542,0.060543235526111516,0.14363656120321977
2024-11-14 10:08:00-05:00,66.23999786376953,66.27999877929688,66.16000366210938,66.16000366210938,10594.0,0.1436257094633575,0.06793714581514454,0.07563613870240626,-0.11322857635855943
2024-11-14 10:09:00-05:00,66.16000366210938,66.16500091552734,66.04000091552734,66.04000091552734,5137.0,-0.12076419722215626,-0.17350311690931264,-0.1813826178047151,-0.1813826178047151
2024-11-14 10:10:00-05:00,66.04000091552734,66.06610107421875,66.0199966430664,66.05999755859375,8427.0,-0.1813826178047151,-0.14947455594364056,-0.030291145038785494,0.030279592351889484
2024-11-14 10:11:00-05:00,66.08499908447266,66.14630126953125,66.08499908447266,66.12000274658203,7907.0,0.0681377473069178,0.1213938676696058,0.09845871661835481,0.09083437815005091
2024-11-14 10:12:00-05:00,66.12000274658203,66.16999816894531,66.12000274658203,66.12000274658203,6182.0,0.05296763652009595,0.03582498032279613,0.05296763652009595,0.0
2024-11-14 10:13:00-05:00,66.12999725341797,66.16500091552734,66.06999969482422,66.06999969482422,7438.0,0.015115708440371911,-0.007552143805733547,-0.07562469703678021,-0.07562469703678021
2024-11-14 10:14:00-05:00,66.08999633789062,66.19499969482422,66.08000183105469,66.19499969482422,4724.0,-0.06048830665160709,0.04533934690815755,0.015138695741900854,0.18919328072857233
2024-11-14 10:15:00-05:00,66.18000030517578,66.19999694824219,66.1500015258789,66.19999694824219,4043.0,0.1361839495723327,0.007549291398145641,0.1059317386267411,0.007549291398145641
2024-11-14 10:16:00-05:00,66.21150207519531,66.30359649658203,66.19499969482422,66.30359649658203,8365.0,0.04760013580276112,0.15649479322610294,0.06802444128093388,0.15649479322610294
2024-11-14 10:17:00-05:00,66.30000305175781,66.30000305175781,66.13999938964844,66.13999938964844,4394.0,0.13366405199808362,-0.005419683115381879,-0.08308830792257416,-0.24673941622763707
2024-11-14 10:18:00-05:00,66.15499877929688,66.15499877929688,66.08999633789062,66.12000274658203,11053.0,-0.21870929982874543,-0.21870929982874543,-0.07560183280805877,-0.030233811991142723
2024-11-14 10:19:00-05:00,66.13500213623047,66.19999694824219,66.11000061035156,66.125,10496.0,-0.03022695704842926,0.06801930281252755,0.030268230548324837,0.007557854220174853
2024-11-14 10:20:00-05:00,66.20999908447266,66.30999755859375,66.19999694824219,66.25,5411.0,0.11339978199094158,0.16616407163518865,0.13613120111897192,0.1890359168241984
2024-11-14 10:21:00-05:00,66.25,66.41500091552734,66.24500274658203,66.41500091552734,18646.0,0.06041521836650521,0.15835222560640627,0.06798459277124191,0.2490579857016506
2024-11-14 10:22:00-05:00,66.41000366210938,66.41500091552734,66.33999633789062,66.38999938964844,7880.0,0.24151496167452713,0.0,0.1433973694166646,-0.03764439589589719
2024-11-14 10:23:00-05:00,66.3499984741211,66.36000061035156,66.26000213623047,66.30000305175781,8348.0,-0.09035564625712311,-0.08281307598826393,-0.12058216170637293,-0.1355570699171582
2024-11-14 10:24:00-05:00,66.29000091552734,66.33000183105469,66.25,66.30999755859375,51178.0,-0.09042586280865184,-0.045206116668106144,-0.015095285101118794,0.015074670250214695
2024-11-14 10:25:00-05:00,66.31999969482422,66.37999725341797,66.29000091552734,66.31999969482422,16543.0,0.04525385259097625,0.07537376900821346,0.060378740418642884,0.015083903783330577
2024-11-14 10:26:00-05:00,66.33999633789062,66.33999633789062,66.30999755859375,66.32499694824219,3084.0,0.03015175385769897,-0.06026049590607263,0.030165398687942435,0.007535062486385691
2024-11-14 10:27:00-05:00,66.2699966430664,66.29000091552734,66.2300033569336,66.29000091552734,17435.0,-0.10551657927095892,-0.07536241351090434,-0.12063671332437353,-0.05276446939327384
2024-11-14 10:28:00-05:00,66.2750015258789,66.30000305175781,66.19999694824219,66.2750015258789,17305.0,0.007552260549315015,0.01508845390305602,-0.045306367462627506,-0.022626926295488126
2024-11-14 10:29:00-05:00,66.26000213623047,66.30000305175781,66.2300033569336,66.24500274658203,10630.0,-0.02263204723214063,0.0,0.045326903436060384,-0.04526409446428126
2024-11-14 10:30:00-05:00,66.23999786376953,66.26480102539062,66.22000122070312,66.24500274658203,6617.0,-0.030190570202226485,-0.05309505995000352,-0.015102122487542502,0.0
2024-11-14 10:31:00-05:00,66.25499725341797,66.33000183105469,66.25499725341797,66.30999755859375,9403.0,0.02264400684204304,0.09839432799183534,0.05284813057946369,0.09811277729183665
2024-11-14 10:32:00-05:00,66.2699966430664,66.29000091552734,66.24500274658203,66.26499938964844,4944.0,0.02263888049238716,-0.06030591651305928,-0.015084910195839463,-0.0678603085538465
2024-11-14 10:33:00-05:00,66.26000213623047,66.33999633789062,66.23999786376953,66.32499694824219,37106.0,-0.015081495914004428,0.07541925127891869,-0.00755510997809683,0.09054185338621679
2024-11-14 10:34:00-05:00,66.3499984741211,66.37999725341797,66.33000183105469,66.33999633789062,10198.0,0.13582302292354242,0.06029683107549033,0.1358755588583449,0.022614987317881585
2024-11-14 10:35:00-05:00,66.3499984741211,66.36499786376953,66.30999755859375,66.31999969482422,6805.0,0.0,-0.02259624927547499,-0.030158709345262658,-0.030142665315435746
2024-11-14 10:36:00-05:00,66.31999969482422,66.31999969482422,66.2699966430664,66.29000091552734,5204.0,-0.04521293140432592,-0.06780406900288583,-0.060324109485898614,-0.04523338274263766
2024-11-14 10:37:00-05:00,66.27999877929688,66.27999877929688,66.25,66.2750015258789,8063.0,-0.060315011627576354,-0.060315011627576354,-0.030174504420321657,-0.022626926295488126
2024-11-14 10:38:00-05:00,66.2699966430664,66.27999877929688,66.19999694824219,66.2750015258789,12310.0,-0.015090730861011536,0.0,-0.07547630454008969,0.0
2024-11-14 10:39:00-05:00,66.2699966430664,66.31999969482422,66.25,66.31999969482422,4088.0,0.0,0.060351412589110254,0.07553331429441812,0.06789614169642189
2024-11-14 10:40:00-05:00,66.30999755859375,66.30999755859375,66.23999786376953,66.25,7756.0,0.060360521432945013,-0.015081628884938691,-0.015097564121457907,-0.10554839437021402
2024-11-14 10:41:00-05:00,66.25,66.25,66.18000030517578,66.19999694824219,6056.0,-0.09048041140513607,-0.09048041140513607,-0.09057602736814996,-0.07547630454008969
2024-11-14 10:42:00-05:00,66.19499969482422,66.25,66.19499969482422,66.22250366210938,7258.0,-0.08301932856721317,0.0,0.022664535477900927,0.03399805876846962
2024-11-14 10:43:00-05:00,66.21499633789062,66.25,66.20999908447266,66.23500061035156,5332.0,0.030208691228339468,0.0,0.022659399830171623,0.018871150365962208
2024-11-14 10:44:00-05:00,66.26000213623047,66.27999877929688,66.23999786376953,66.25499725341797,7030.0,0.06796919252276545,0.04528117629716277,0.04530853301871751,0.03019044747059052
2024-11-14 10:45:00-05:00,66.23999786376953,66.23999786376953,66.19000244140625,66.22000122070312,5293.0,-0.030190570202226485,-0.06035141258909915,-0.07547618353808128,-0.05282021608270515
2024-11-14 10:46:00-05:00,66.24500274658203,66.2699966430664,66.24420166015625,66.2699966430664,2937.0,0.007555680818094324,0.04528801368408608,0.08188429785598306,0.07549897529699479
2024-11-14 10:47:00-05:00,66.2750015258789,66.2750015258789,66.23999786376953,66.23999786376953,3637.0,0.04528459212482794,0.007552260549315015,-0.00634590844386107,-0.045267512926627784
2024-11-14 10:48:00-05:00,66.22000122070312,66.2699966430664,66.20999908447266,66.24500274658203,8909.0,-0.08298801042547765,-0.007551690225982011,-0.04528801368407498,0.007555680818094324
2024-11-14 10:49:00-05:00,66.24500274658203,66.29000091552734,66.2300033569336,66.2699966430664,3530.0,0.03775524829059407,0.030186017012612254,0.030213370695597597,0.03772948214673111
2024-11-14 10:50:00-05:00,66.26000213623047,66.26499938964844,66.20999908447266,66.20999908447266,4969.0,0.02264229606241397,-0.037715380198544146,-0.030204244975085004,-0.09053502585325557
2024-11-14 10:51:00-05:00,66.20999908447266,66.24800109863281,66.18000030517578,66.19000244140625,7414.0,-0.07546491117673693,-0.025651989998021207,-0.04530853301870641,-0.030201847670918713
2024-11-14 10:52:00-05:00,66.18000030517578,66.23999786376953,66.18000030517578,66.22000122070312,8195.0,-0.04530853301870641,-0.012080719011231533,0.0,0.045322221166910204
2024-11-14 10:53:00-05:00,66.23999786376953,66.25499725341797,66.19999694824219,66.23500061035156,3811.0,0.0906581419115815,0.02264400684204304,0.030215537887867683,0.02265084471750889
2024-11-14 10:54:00-05:00,66.24140167236328,66.24140167236328,66.2300033569336,66.23999786376953,5351.0,0.002119276327028352,-0.020520083945796408,0.045326903436060384,0.007544732198860871
2024-11-14 10:55:00-05:00,66.25,66.26000213623047,66.20999908447266,66.24500274658203,4279.0,0.012980292414765948,0.02807981624419753,-0.030204244975085004,0.007555680818094324
2024-11-14 10:56:00-05:00,66.2300033569336,66.31500244140625,66.2300033569336,66.30000305175781,55746.0,-0.030183612175704866,0.0830067965628789,0.030213370695597597,0.08302559120751951
2024-11-14 10:57:00-05:00,66.31999969482422,66.3499984741211,66.29000091552734,66.31500244140625,6511.0,0.13588454375519365,0.05277242166394913,0.09058969583679577,0.022623512757191655
2024-11-14 10:58:00-05:00,66.33000183105469,66.38500213623047,66.31999969482422,66.31999969482422,15901.0,0.015081628884949794,0.05275608577899327,0.04525385259097625,0.007535630300825602
2024-11-14 10:59:00-05:00,66.34500122070312,66.37000274658203,66.30999755859375,66.37000274658203,9865.0,0.022613280920213974,-0.02259454570424646,-0.015081628884938691,0.07539664051252615
2024-11-14 11:00:00-05:00,66.37000274658203,66.5,66.37000274658203,66.44999694824219,19361.0,0.03768411397828686,0.1958674823539397,0.09049191705257087,0.12052764554733031
2024-11-14 11:01:00-05:00,66.47000122070312,66.48999786376953,66.43000030517578,66.45999908447266,4640.0,0.1506681783680408,-0.015040806361610315,0.09039860797179777,0.01505212443915216
2024-11-14 11:02:00-05:00,66.45999908447266,66.5,66.45999908447266,66.5,14643.0,-0.015047594473871495,0.015043068960474137,0.04515848134738487,0.06018795678359723
2024-11-14 11:03:00-05:00,66.5,66.54000091552734,66.4800033569336,66.50499725341797,16870.0,0.06018795678359723,0.06015175267268802,0.030099718231269,0.007514666793939639
2024-11-14 11:04:00-05:00,66.5,66.5199966430664,66.44999694824219,66.5199966430664,61580.0,0.0,-0.030063528983614862,-0.04513599154064574,0.02255377831426042
2024-11-14 11:05:00-05:00,66.50499725341797,66.55999755859375,66.4800033569336,66.55999755859375,12772.0,0.007514666793939639,0.060133670393858196,0.04515637331747868,0.060133670393858196
2024-11-14 11:06:00-05:00,66.54499816894531,66.5510025024414,66.47000122070312,66.4749984741211,21285.0,0.0601472328085606,-0.01351420745534515,-0.01504533051355228,-0.12770295611539417
2024-11-14 11:07:00-05:00,66.47000122070312,66.47000122070312,66.41999816894531,66.44000244140625,10576.0,-0.11270110497528796,-0.1217130902503083,-0.0752264944178127,-0.05264540581895183
2024-11-14 11:08:00-05:00,66.43000030517578,66.47000122070312,66.40499877929688,66.45999908447266,43296.0,-0.06017889994394121,0.0,-0.022582640864099446,0.03009729429803709
2024-11-14 11:09:00-05:00,66.47000122070312,66.5199966430664,66.45999908447266,66.51000213623047,6491.0,0.06021513675082968,0.07521501646627904,0.08282554956229315,0.07523781589924283
2024-11-14 11:10:00-05:00,66.5198974609375,66.55000305175781,66.4800033569336,66.4800033569336,7161.0,0.07506580309619704,0.045108854789055464,0.030099718231269,-0.04510416228138414
2024-11-14 11:11:00-05:00,66.4800033569336,66.4800033569336,66.43000030517578,66.43000030517578,4093.0,-0.059973189266160354,-0.10518360873669197,-0.07521517634309083,-0.07521517634309083
2024-11-14 11:12:00-05:00,66.44000244140625,66.44000244140625,66.38999938964844,66.41000366210938,2900.0,-0.06016984582954965,-0.06016984582954965,-0.06021513675084078,-0.03010182594391786
2024-11-14 11:13:00-05:00,66.38999938964844,66.44999694824219,66.38999938964844,66.43000030517578,7704.0,-0.07526046044611379,0.015042905582007826,0.0,0.030110889871570734
2024-11-14 11:14:00-05:00,66.44989776611328,66.44999694824219,66.33999633789062,66.33999633789062,6356.0,0.09022198676835735,0.0,-0.07531714447583937,-0.13548692890513747
2024-11-14 11:15:00-05:00,66.36920166015625,66.41000366210938,66.33000183105469,66.41000366210938,3231.0,-0.12143902198474832,-0.060185534942858165,-0.015065582435414004,0.10552807971555556
2024-11-14 11:16:00-05:00,66.38999938964844,66.41999816894531,66.37000274658203,66.37000274658203,3101.0,0.03133641654857744,0.015049700775193742,0.060305916513048174,-0.06023326806434692
2024-11-14 11:17:00-05:00,66.37999725341797,66.38999938964844,66.33000183105469,66.33409881591797,5880.0,-0.0150657272517285,-0.045165281728209994,-0.060269570396254135,-0.054096623743038474
2024-11-14 11:18:00-05:00,66.3499984741211,66.3499984741211,66.30000305175781,66.31999969482422,10231.0,-0.04519249855094998,-0.06025141722411087,-0.045226561840416846,-0.02125471114468036
2024-11-14 11:19:00-05:00,66.30500030517578,66.30999755859375,66.28500366210938,66.30999755859375,4285.0,-0.06781939710648333,-0.06028774144274385,-0.022623512757202757,-0.015081628884938691
2024-11-14 11:21:00-05:00,66.33000183105469,66.33499908447266,66.30999755859375,66.30999755859375,10132.0,0.03770684829775828,0.037704006634609044,0.03770671359057953,0.0
2024-11-14 11:23:00-05:00,66.33000183105469,66.33000183105469,66.29499816894531,66.30000305175781,11291.0,0.0,-0.007533358689892911,-0.022620102851278467,-0.015072398135895781
2024-11-14 11:24:00-05:00,66.31999969482422,66.33000183105469,66.31500244140625,66.33000183105469,2571.0,-0.015079354672631329,0.0,0.030174633099711023,0.045247025514405514
2024-11-14 11:25:00-05:00,66.30000305175781,66.30000305175781,66.30000305175781,66.30000305175781,8338.0,-0.03015175385768787,-0.045226561840416846,-0.022618395681561765,-0.045226561840416846
2024-11-14 11:26:00-05:00,66.27999877929688,66.27999877929688,66.26000213623047,66.2750015258789,2524.0,-0.030172355264179718,-0.030172355264179718,-0.06033320314648982,-0.037709690389287065
2024-11-14 11:28:00-05:00,66.22000122070312,66.2699966430664,66.22000122070312,66.25499725341797,16539.0,-0.09052136345616413,-0.015090730861011536,-0.060369626075629235,-0.03018373745812264
2024-11-14 11:29:00-05:00,66.25499725341797,66.25499725341797,66.25499725341797,66.25499725341797,564.0,0.05284813057946369,-0.02263375646330834,0.05284813057946369,0.0
2024-11-14 11:30:00-05:00,66.24500274658203,66.2699966430664,66.23999786376953,66.2699966430664,8759.0,-0.015084910195839463,0.02263888049238716,-0.02263888049238716,0.02263888049238716
2024-11-14 11:31:00-05:00,66.24500274658203,66.25,66.23999786376953,66.23999786376953,3271.0,0.0,-0.030174504420321657,0.0,-0.045267512926627784
2024-11-14 11:32:00-05:00,66.2300033569336,66.2300033569336,66.19000244140625,66.19999694824219,2469.0,-0.02264229606241397,-0.030183612175704866,-0.07547618353808128,-0.06038785751414366
2024-11-14 11:35:00-05:00,66.16500091552734,66.19999694824219,66.16500091552734,66.19000244140625,13034.0,-0.09814651685269293,-0.045306367462627506,-0.037772359807719535,-0.015097443046341308
2024-11-14 11:36:00-05:00,66.16000366210938,66.19989776611328,66.1500015258789,66.16999816894531,8286.0,-0.007552714197567312,-0.0001498219538986767,-0.022669673454078776,-0.030222498448528867
2024-11-14 11:37:00-05:00,66.21499633789062,66.23999786376953,66.20999908447266,66.20999908447266,3667.0,0.08312072662828296,0.060574259189838386,0.09069925504125997,0.060451740417488686
2024-11-14 11:38:00-05:00,66.19000244140625,66.19000244140625,66.1500015258789,66.16999816894531,5605.0,-0.03774657987871688,-0.07547618353808128,-0.09061706603741282,-0.06041521836650521
2024-11-14 11:39:00-05:00,66.16999816894531,66.20999908447266,66.16999816894531,66.19499969482422,2807.0,-0.030222498448528867,0.03021097194264577,0.030229240521761902,0.03778377900973684
2024-11-14 11:40:00-05:00,66.19499969482422,66.19999694824219,66.16999816894531,66.19000244140625,2510.0,0.03778377900973684,-0.015106685347798798,0.0,-0.007549291398156743
2024-11-14 11:41:00-05:00,66.19999694824219,66.20999908447266,66.16000366210938,66.19000244140625,5708.0,0.007549291398145641,0.01510896781202753,-0.015104287611467093,0.0
2024-11-14 11:42:00-05:00,66.19499969482422,66.19499969482422,66.16000366210938,66.16000366210938,2929.0,-0.007548721523165103,-0.022654266509358756,0.0,-0.045322221166910204
2024-11-14 11:43:00-05:00,66.16500091552734,66.16999816894531,66.0999984741211,66.0999984741211,11678.0,-0.04531879966036545,-0.037769508262208706,-0.09069707476851985,-0.09069707476851985
2024-11-14 11:44:00-05:00,66.08999633789062,66.0999984741211,66.04000091552734,66.06999969482422,9157.0,-0.11335989813175962,-0.10578766323295907,-0.09076786683624993,-0.045383933418119415
2024-11-14 11:45:00-05:00,66.08999633789062,66.12999725341797,66.06999969482422,66.11000061035156,4300.0,0.0,0.04538393341813052,0.04542516487129333,0.060543235526111516
2024-11-14 11:46:00-05:00,66.0999984741211,66.1050033569336,66.05000305175781,66.05000305175781,4102.0,0.015134115274162419,-0.03779509681302029,-0.030265844042332013,-0.09075413407930721
2024-11-14 11:47:00-05:00,66.05000305175781,66.08000183105469,66.03500366210938,66.07499694824219,3915.0,-0.07563604162994508,-0.037820928234300055,-0.022709143005916754,0.037840871051564307
2024-11-14 11:48:00-05:00,66.08609771728516,66.12000274658203,66.08000183105469,66.08989715576172,4716.0,0.054647485025949294,0.06053407145723,0.06814290368719611,0.022550447533431495
2024-11-14 11:49:00-05:00,66.08000183105469,66.0999984741211,66.05000305175781,66.05000305175781,3263.0,-0.009224158243614777,-0.0302544942982097,-0.045397667169522204,-0.060363392471141086
2024-11-14 11:50:00-05:00,66.06500244140625,66.08000183105469,66.05000305175781,66.08000183105469,4311.0,-0.02269883358475555,-0.030252108211825668,0.0,0.04541828601183351
2024-11-14 11:51:00-05:00,66.08499908447266,66.08499908447266,65.98999786376953,66.01000213623047,13447.0,0.03026813339503942,0.007562429297069961,-0.090848122961118,-0.1059317386267411
2024-11-14 11:52:00-05:00,66.02999877929688,66.02999877929688,65.94999694824219,65.94999694824219,7146.0,-0.0832266110883606,-0.0832266110883606,-0.06061663406918827,-0.09090317534673487
2024-11-14 11:53:00-05:00,65.94999694824219,65.95999908447266,65.9209976196289,65.94499969482422,11914.0,-0.12115982513053458,-0.10601195837999233,-0.043971690606814384,-0.007577336844899474
2024-11-14 11:54:00-05:00,65.94999694824219,65.97989654541016,65.94000244140625,65.94000244140625,6150.0,0.0,0.03016595090006291,0.028829693820786595,-0.007577911048739505
2024-11-14 11:55:00-05:00,65.93000030517578,65.94999694824219,65.9000015258789,65.91999816894531,6833.0,-0.030320915832793283,-0.04531622317320849,-0.06066259333685764,-0.03033708177173633
2024-11-14 11:56:00-05:00,65.91000366210938,65.95999908447266,65.91000366210938,65.94000244140625,8220.0,-0.030330112200582793,0.015166242142994335,0.015177748101469213,0.03034628794993388
2024-11-14 11:57:00-05:00,65.94000244140625,65.97000122070312,65.88999938964844,65.94999694824219,12577.0,0.045514758959308566,0.015163942342777403,-0.030350889621388877,0.015156970679242043
2024-11-14 11:58:00-05:00,65.94000244140625,65.98500061035156,65.94000244140625,65.95500183105469,7561.0,0.0,0.022736682387280993,0.07588868147063721,0.0075889052981059635
2024-11-14 11:59:00-05:00,65.97000122070312,65.9800033569336,65.93000030517578,65.93000030517578,5043.0,0.04549405245097837,-0.007573317226250431,-0.015168540885868165,-0.03790694440878317
2024-11-14 12:00:00-05:00,65.91000366210938,65.94999694824219,65.91000366210938,65.93000030517578,2469.0,-0.09094672954912397,-0.04547803450248855,-0.030330112200582793,0.0
2024-11-14 12:01:00-05:00,65.94499969482422,65.97000122070312,65.93000030517578,65.94499969482422,5909.0,0.05309669362825176,0.03033248428598867,0.030339314148597474,0.022750477140909275
2024-11-14 12:02:00-05:00,65.94499969482422,65.97589874267578,65.92500305175781,65.94000244140625,3929.0,0.0,0.008939702688381956,-0.007579635059662415,-0.007577911048739505
2024-11-14 12:03:00-05:00,65.94999694824219,66.01000213623047,65.94000244140625,65.97000122070312,7202.0,0.007577911048750607,0.05169068433261703,0.022752201674780537,0.04549405245097837
2024-11-14 12:04:00-05:00,65.97000122070312,65.97000122070312,65.93000030517578,65.95999908447266,3007.0,0.03033248428598867,-0.06059826425212078,-0.015168540885868165,-0.015161643239947065
2024-11-14 12:05:00-05:00,65.93000030517578,65.94499969482422,65.91999816894531,65.91999816894531,2417.0,-0.06063500801450905,-0.03789832562722806,-0.015170842081257963,-0.060644202672166525
2024-11-14 12:06:00-05:00,65.91999816894531,65.95999908447266,65.91999816894531,65.91999816894531,4781.0,-0.015170842081257963,0.02274530247607931,0.0,0.0
2024-11-14 12:07:00-05:00,65.91000366210938,65.91000366210938,65.88999938964844,65.9000015258789,3412.0,-0.015161570257216095,-0.07579657831597864,-0.045507858207138874,-0.030334714232183035
2024-11-14 12:08:00-05:00,65.8499984741211,65.94999694824219,65.8499984741211,65.94999694824219,7182.0,-0.09104109339137523,0.06067862829721715,-0.060708629379091494,0.07586558604804061
2024-11-14 12:09:00-05:00,65.94000244140625,65.94999694824219,65.91010284423828,65.94000244140625,2913.0,0.13668028757893858,0.0,0.0912746719968549,-0.015154673689798948
2024-11-14 12:10:00-05:00,65.94000244140625,65.97000122070312,65.94000244140625,65.94999694824219,2516.0,0.0,0.03033248428598867,0.045364209548615086,0.015156970679242043
2024-11-14 12:11:00-05:00,65.94999694824219,65.95999908447266,65.93000030517578,65.94000244140625,2855.0,0.015156970679242043,-0.015161643239947065,-0.015168540885868165,-0.015154673689798948
2024-11-14 12:12:00-05:00,65.94999694824219,65.96269989013672,65.94000244140625,65.94999694824219,3215.0,0.0,0.004094611433513862,0.01517084208124686,0.015156970679242043
2024-11-14 12:13:00-05:00,65.94000244140625,65.94000244140625,65.9000015258789,65.90499877929688,3833.0,-0.015154673689798948,-0.034409520483957845,-0.06066259333685764,-0.06823073696368143
2024-11-14 12:14:00-05:00,65.9000015258789,65.91000366210938,65.8499984741211,65.8499984741211,4159.0,-0.06066259333685764,-0.045494052450989475,-0.07587716327772664,-0.0834539203315443
2024-11-14 12:15:00-05:00,65.83999633789062,65.87999725341797,65.83499908447266,65.86000061035156,5014.0,-0.09105491137919586,-0.045526334432077764,-0.02277811692635856,0.015189273291182914
2024-11-14 12:16:00-05:00,65.87000274658203,65.88500213623047,65.8499984741211,65.88500213623047,4159.0,0.045574742345699804,0.007596968763134981,0.02278330653455729,0.037961624122684334
2024-11-14 12:17:00-05:00,65.86000061035156,65.86499786376953,65.86000061035156,65.86499786376953,1404.0,-0.015184660412037587,-0.03036240693985448,0.015189273291182914,-0.03036240693985448
2024-11-14 12:18:00-05:00,65.8499984741211,65.8499984741211,65.83999633789062,65.8499984741211,3879.0,-0.015186966501323784,-0.022772929681802445,-0.03037393300265867,-0.022772929681802445
2024-11-14 12:19:00-05:00,65.83999633789062,65.86000061035156,65.83999633789062,65.8499984741211,2224.0,-0.015189273291171812,0.015189273291182914,0.0,0.0
2024-11-14 12:20:00-05:00,65.86499786376953,65.87999725341797,65.80000305175781,65.80999755859375,11614.0,0.03797315806428614,0.030362348741408418,-0.06074314756575605,-0.06074550714387783
2024-11-14 12:21:00-05:00,65.81999969482422,65.81999969482422,65.69999694824219,65.69999694824219,13845.0,-0.06831878904540734,-0.0910709791971609,-0.15198495270123402,-0.16714878351670182
2024-11-14 12:22:00-05:00,65.70999908447266,65.7300033569336,65.69999694824219,65.72000122070312,8903.0,-0.16712338325977072,-0.13673099104815067,0.0,0.030447904703390094
2024-11-14 12:23:00-05:00,65.72000122070312,65.76499938964844,65.70999908447266,65.7300033569336,4390.0,0.01522163501723739,0.053242097866323945,0.015223952351695047,0.015219318388148828
2024-11-14 12:24:00-05:00,65.7300033569336,65.80000305175781,65.7300033569336,65.78500366210938,3096.0,0.015219318388148828,0.05322536673646461,0.03044327003447478,0.08367610279451654
2024-11-14 12:25:00-05:00,65.77999877929688,65.77999877929688,65.7300033569336,65.7300033569336,3519.0,0.07606179797647883,-0.030401628469833852,0.0,-0.08360614443114756
2024-11-14 12:26:00-05:00,65.7300033569336,65.77999877929688,65.69999694824219,65.76750183105469,7975.0,-0.07600398797669161,0.0,-0.04565100739225558,0.0570492502753428
2024-11-14 12:27:00-05:00,65.80000305175781,65.80000305175781,65.73500061035156,65.7699966430664,3224.0,0.10649580290464922,0.030410873870723165,0.053278026994352246,0.0037933811415369334
2024-11-14 12:28:00-05:00,65.77999877929688,65.80500030517578,65.7699966430664,65.80500030517578,2102.0,-0.030401628469833852,0.007594609705474653,0.0532380503383445,0.05322132263338997
2024-11-14 12:29:00-05:00,65.80999755859375,65.81999969482422,65.80000305175781,65.80000305175781,2361.0,0.0456047124560266,0.022793692848388503,0.04562324802028783,-0.00759403296830552
2024-11-14 12:30:00-05:00,65.80000305175781,65.80000305175781,65.73999786376953,65.79000091552734,6901.0,-0.015186912637454864,-0.030380800910245753,-0.09119329058553394,-0.015200814234916926
2024-11-14 12:31:00-05:00,65.79750061035156,65.79750061035156,65.68499755859375,65.69000244140625,5891.0,-0.0038031022647211365,-0.0038031022647211365,-0.08366338144664143,-0.15199646257717525
2024-11-14 12:32:00-05:00,65.69999694824219,65.75,65.66999816894531,65.72000122070312,4692.0,-0.1481874861581578,-0.07219211962602445,-0.022835335626003594,0.045667191630305304
2024-11-14 12:33:00-05:00,65.72000122070312,65.76000213623047,65.69000244140625,65.71499633789062,5704.0,0.030447904703390094,0.015212374494999459,0.03046181364201317,-0.007615463663324107
2024-11-14 12:34:00-05:00,65.69999694824219,65.75240325927734,65.68000030517578,65.75,4726.0,-0.030438636776286554,-0.011555469443846889,-0.015226268623436123,0.05326586633194186
2024-11-14 12:35:00-05:00,65.76000213623047,65.80999755859375,65.76000213623047,65.80999755859375,3448.0,0.09133210163700944,0.08759269085465426,0.12180546693509875,0.091251039686302
2024-11-14 12:36:00-05:00,65.80999755859375,65.8499984741211,65.80999755859375,65.81999969482422,3128.0,0.07602709966418875,0.06078242973908132,0.07602709966418875,0.015198505700531051
2024-11-14 12:37:00-05:00,65.77999877929688,65.84500122070312,65.7699966430664,65.84500122070312,2827.0,-0.04558392403853917,-0.007588843635175646,-0.06078242973908132,0.03798469461384624
2024-11-14 12:38:00-05:00,65.86109924316406,65.90499877929688,65.8499984741211,65.90499877929688,5543.0,0.12329046119214926,0.09111938261288088,0.121638794492962,0.09111938261288088
2024-11-14 12:39:00-05:00,65.91000366210938,65.94999694824219,65.88999938964844,65.93000030517578,5642.0,0.07425387597124189,0.06827732308440915,0.06074550714387783,0.03793570494194931
2024-11-14 12:40:00-05:00,65.91999816894531,65.95999908447266,65.91999816894531,65.94000244140625,4307.0,0.015163869337908586,0.015166242142994335,0.04552857728754578,0.01517084208124686
2024-11-14 12:41:00-05:00,65.95999908447266,65.96499633789062,65.94999694824219,65.95999908447266,1883.0,0.060681002182105814,0.007576187821900504,0.045507858207138874,0.03032551156512131
2024-11-14 12:42:00-05:00,65.95999908447266,66.0,65.94999694824219,65.94999694824219,4852.0,0.0,0.05306399462234879,0.0,-0.015163942342777403
2024-11-14 12:43:00-05:00,65.97000122070312,65.97000122070312,65.90499877929688,65.90499877929688,14742.0,0.015163942342777403,-0.04545269590435774,-0.06823073696368143,-0.06823073696368143
2024-11-14 12:44:00-05:00,65.9000015258789,65.95999908447266,65.88999938964844,65.94999694824219,10659.0,-0.10610837278907104,-0.015161643239947065,-0.02275910769480305,0.06827732308440915
2024-11-14 12:45:00-05:00,65.94999694824219,65.9832992553711,65.94499969482422,65.94499969482422,3126.0,0.07586558604804061,0.035324698638339314,0.08347291802286438,-0.007577336844899474
2024-11-14 12:46:00-05:00,65.95999908447266,65.97000122070312,65.94000244140625,65.94999694824219,1439.0,0.015166242142994335,-0.020153637083986098,-0.007577911048739505,0.007577911048750607
2024-11-14 12:47:00-05:00,65.95500183105469,65.95999908447266,65.94999694824219,65.95999908447266,2547.0,-0.007576187821911606,-0.015161643239947065,0.015156970679242043,0.015166242142994335
2024-11-14 12:48:00-05:00,65.9800033569336,65.98999786376953,65.94999694824219,65.97000122070312,2945.0,0.03790694440877207,0.04548026032937802,0.0,0.015163942342777403
2024-11-14 12:49:00-05:00,65.95999908447266,65.95999908447266,65.8499984741211,65.88999938964844,22752.0,-0.0303186896683183,-0.045459585191687246,-0.1516277160703683,-0.1212700160290181
2024-11-14 12:50:00-05:00,65.87999725341797,65.9800033569336,65.875,65.91999816894531,4750.0,-0.12128840534432195,0.030327884685554807,0.03796739021753037,0.04552857728754578
2024-11-14 12:51:00-05:00,65.94000244140625,65.96499633789062,65.88999938964844,65.94999694824219,7008.0,0.09108255994223491,-0.022744798847285086,0.02276947195207768,0.045507858207138874
2024-11-14 12:52:00-05:00,65.95999908447266,66.01000213623047,65.93000030517578,65.94999694824219,9600.0,0.03032551156512131,0.06822678820341821,0.06070862937908039,0.0
2024-11-14 12:53:00-05:00,65.95999908447266,66.02999877929688,65.94999694824219,65.95999908447266,9316.0,0.0,0.0302933531575178,0.030330112200593895,0.015166242142994335
2024-11-14 12:54:00-05:00,65.96499633789062,66.05000305175781,65.93000030517578,66.01000213623047,8057.0,0.007576187821900504,0.030295733501062294,-0.030320915832793283,0.07580814501493283
2024-11-14 12:55:00-05:00,66.0,66.02999877929688,65.9800033569336,66.01000213623047,8209.0,0.05306399462234879,-0.030286557966185956,0.07584263844435668,0.0
2024-11-14 12:56:00-05:00,65.98999786376953,66.04000091552734,65.95999908447266,66.03500366210938,5641.0,-0.015154751864343563,0.01514786675054225,-0.0303186896683183,0.03787535989971946
2024-11-14 12:57:00-05:00,66.05999755859375,66.08000183105469,66.02999877929688,66.04000091552734,6585.0,0.10607621926086441,0.06057073739067498,0.10612446300153344,0.007567582555978447
2024-11-14 12:58:00-05:00,66.05000305175781,66.08000183105469,66.04000091552734,66.07499694824219,5775.0,-0.01512943870013439,0.0,0.01514786675054225,0.05299217478753615
2024-11-14 12:59:00-05:00,66.05000305175781,66.06500244140625,66.0199966430664,66.05999755859375,4654.0,0.0,-0.02269883358475555,-0.030291145038785494,-0.02270055291896389
2024-11-14 13:00:00-05:00,66.04499816894531,66.05000305175781,66.0199966430664,66.0199966430664,4371.0,-0.007577414960269202,-0.022703987125016756,0.0,-0.0605524023700732
2024-11-14 13:01:00-05:00,66.01499938964844,66.08499908447266,66.01499938964844,66.08499908447266,3818.0,-0.04542172780463982,0.05298415003467394,-0.007569302744725448,0.09845871661835481
2024-11-14 13:02:00-05:00,66.08000183105469,66.08000183105469,66.02999877929688,66.06500244140625,6870.0,0.09846616982085443,-0.0075618574369329394,0.022721184256790927,-0.03025897456826465
2024-11-14 13:03:00-05:00,66.08000183105469,66.09500122070312,66.05999755859375,66.09500122070312,6740.0,0.0,0.022698833584766653,0.04543204581473059,0.04540797425003351
2024-11-14 13:04:00-05:00,66.08000183105469,66.08000183105469,66.0199966430664,66.02999877929688,9611.0,0.0,-0.022693682383556624,-0.0605524023700732,-0.09834698571106193
2024-11-14 13:05:00-05:00,66.04000091552734,66.05999755859375,66.02999877929688,66.05500030517578,6598.0,-0.060534071457218896,-0.030272808575404486,0.015150161676835694,0.03786388965789644
2024-11-14 13:06:00-05:00,66.02999877929688,66.05999755859375,66.02999877929688,66.04750061035156,4847.0,-0.015145572519392747,0.0,0.0,-0.011353712496509072
2024-11-14 13:07:00-05:00,66.03500366210938,66.08999633789062,66.02999877929688,66.04000091552734,5075.0,0.0075797105937081,0.045411414480089896,0.0,-0.011355001710755541
2024-11-14 13:08:00-05:00,66.02999877929688,66.05000305175781,66.02999877929688,66.02999877929688,3354.0,-0.00757913611713068,-0.06051337320150951,0.0,-0.015145572519392747
2024-11-14 13:09:00-05:00,66.02999877929688,66.11000061035156,66.01000213623047,66.060302734375,4008.0,0.0,0.09083657202366702,-0.030284179064188343,0.04589422328995507
2024-11-14 13:10:00-05:00,66.08000183105469,66.12999725341797,66.08000183105469,66.0999984741211,4070.0,0.07572777931579289,0.03024753120828283,0.10604407295693452,0.060090157179137904
2024-11-14 13:11:00-05:00,66.0999984741211,66.11000061035156,66.05999755859375,66.11000061035156,4594.0,0.03026126288181441,-0.030238384843384036,-0.030272808575404486,0.015131825206293747
2024-11-14 13:12:00-05:00,66.1050033569336,66.11000061035156,66.07499694824219,66.07499694824219,6777.0,0.007571683703533338,0.0,0.02270570724005605,-0.05294760518258501
2024-11-14 13:13:00-05:00,66.08999633789062,66.11000061035156,66.07499694824219,66.0999984741211,2888.0,-0.02270179000209982,0.0,0.0,0.0378381037209774
2024-11-14 13:14:00-05:00,66.11000061035156,66.11000061035156,66.06999969482422,66.06999969482422,3188.0,0.030268230548324837,0.0,-0.007563002116950379,-0.045383933418119415
2024-11-14 13:15:00-05:00,66.05999755859375,66.0999984741211,66.05999755859375,66.06999969482422,4395.0,-0.07563613870241737,-0.01512953583138188,-0.015138695741889752,0.0
2024-11-14 13:16:00-05:00,66.05999755859375,66.05999755859375,66.0199966430664,66.02999877929688,9897.0,0.0,-0.060515758624424265,-0.0605524023700732,-0.06054323552612262
2024-11-14 13:17:00-05:00,66.01499938964844,66.0199966430664,65.94999694824219,65.95999908447266,6030.0,-0.06811712172014595,-0.0605524023700732,-0.10602801936308026,-0.10601195837999233
2024-11-14 13:18:00-05:00,65.95999908447266,65.9800033569336,65.94999694824219,65.97000122070312,7022.0,-0.0833148612956025,-0.06057753433256208,0.0,0.015163942342777403
2024-11-14 13:19:00-05:00,65.95999908447266,66.0199966430664,65.95999908447266,66.01000213623047,6113.0,0.0,0.06061425295245115,0.015166242142994335,0.06063500801449795
2024-11-14 13:20:00-05:00,66.0250015258789,66.05999755859375,66.0199966430664,66.0199966430664,6911.0,0.09854827517963294,0.06058909051995798,0.09096052065875604,0.015140897610210757
2024-11-14 13:21:00-05:00,66.02999877929688,66.0999984741211,66.02999877929688,66.09729766845703,4959.0,0.007568728970053229,0.0605524023700843,0.015150161676835694,0.11708729070156743
2024-11-14 13:22:00-05:00,66.08999633789062,66.08999633789062,65.99500274658203,65.99500274658203,20811.0,0.09086409162946119,-0.015131825206293747,-0.05300020197155364,-0.15476415146064015
2024-11-14 13:23:00-05:00,66.0199966430664,66.04499816894531,66.00749969482422,66.04499816894531,4351.0,-0.10591571902400787,-0.06808620281237854,0.01893620383679462,0.07575637591115125
2024-11-14 13:24:00-05:00,66.05999755859375,66.06999969482422,66.03500366210938,66.06999969482422,3607.0,0.06058909051995798,0.03785529044144642,0.0416679429039446,0.03785529044144642
2024-11-14 13:25:00-05:00,66.08000183105469,66.0999984741211,66.07499694824219,66.08499908447266,3016.0,0.030281975779966608,0.04540453978423287,0.060563767570087634,0.022702269892116433
2024-11-14 13:26:00-05:00,66.08499908447266,66.13999938964844,66.08000183105469,66.13999938964844,5835.0,0.007562429297069961,0.060515758624424265,0.007574548685074234,0.0832266110883717
2024-11-14 13:27:00-05:00,66.13929748535156,66.16000366210938,66.12999725341797,66.1500015258789,3219.0,0.08216448760103301,0.030245347211277362,0.07565893005134772,0.015122673605638681
2024-11-14 13:28:00-05:00,66.16000366210938,66.18000030517578,66.12000274658203,66.12000274658203,2589.0,0.03130691970594235,0.03022467043463095,-0.015113423939272508,-0.04534962752062999
2024-11-14 13:29:00-05:00,66.125,66.13999938964844,66.07009887695312,66.09500122070312,7761.0,-0.05290758792599881,-0.06044260402370272,-0.075474693823252,-0.03781234851838455
2024-11-14 13:30:00-05:00,66.08999633789062,66.08999633789062,66.08000183105469,66.08000183105469,2266.0,-0.05293559487240529,-0.07560183280805877,0.014988556502704142,-0.022693682383556624
2024-11-14 13:31:00-05:00,66.0999984741211,66.1500015258789,66.0999984741211,66.1449966430664,3731.0,0.015134115274162419,0.09079314769742108,0.03026126288181441,0.09835776363609217
2024-11-14 13:32:00-05:00,66.12999725341797,66.19000244140625,66.12999725341797,66.18000030517578,3844.0,0.04538393341813052,0.06047001451949807,0.04538393341813052,0.05291959163331583
2024-11-14 13:33:00-05:00,66.16500091552734,66.18000030517578,66.16000366210938,66.17500305175781,2681.0,0.05293159468195974,-0.015111249224264434,0.04537488271232348,-0.007551002409977858
2024-11-14 13:34:00-05:00,66.16999816894531,66.16999816894531,66.08999633789062,66.12999725341797,6962.0,0.007552714197567312,-0.015113533067911966,-0.10581517585199762,-0.06801027013877414
2024-11-14 13:35:00-05:00,66.125,66.16000366210938,66.11000061035156,66.15499877929688,4473.0,-0.06800388422321113,-0.015104287611467093,0.030268230548324837,0.03780663377785931
2024-11-14 13:36:00-05:00,66.16999816894531,66.17500305175781,66.12999725341797,66.12999725341797,5125.0,0.06805016097590766,0.02267138575904326,0.03024753120828283,-0.03779234576409829
2024-11-14 13:37:00-05:00,66.12999725341797,66.13500213623047,66.11000061035156,66.11000061035156,1762.0,-0.060451740417477584,-0.06044716839084252,-0.030238384843384036,-0.030238384843384036
2024-11-14 13:38:00-05:00,66.13999938964844,66.16500091552734,66.13999938964844,66.16500091552734,1384.0,0.015124960904100426,0.04535991279637219,0.04537706703966471,0.08319513639085674
2024-11-14 13:39:00-05:00,66.16500091552734,66.16500091552734,66.0999984741211,66.15010070800781,7462.0,0.03780091640401828,0.0,-0.060479159202420085,-0.022519772256268666
2024-11-14 13:40:00-05:00,66.1449966430664,66.16999816894531,66.12999725341797,66.16999816894531,3036.0,-0.030233918513011826,0.007552714197567312,0.04538393341813052,0.030079260234727734
2024-11-14 13:41:00-05:00,66.16999816894531,66.18000030517578,66.16999816894531,66.16999816894531,3173.0,0.037798060545402024,0.015115817602007198,0.06048830665159599,0.0
2024-11-14 13:42:00-05:00,66.18000030517578,66.19999694824219,66.16339874267578,66.18000030517578,4177.0,0.015115817602007198,0.030215537887867683,-0.00997344181978832,0.015115817602007198
2024-11-14 13:43:00-05:00,66.18499755859375,66.2300033569336,66.18499755859375,66.2249984741211,5433.0,0.0075510024099889606,0.045326903436060384,0.032644659023595146,0.06799360643368058
2024-11-14 13:44:00-05:00,66.22000122070312,66.2300033569336,66.19999694824219,66.20999908447266,4734.0,0.05288760806916315,0.0,0.022662824207486665,-0.0226491355138303
2024-11-14 13:45:00-05:00,66.20999908447266,66.22000122070312,66.08999633789062,66.08999633789062,11033.0,-0.015104403573074077,-0.015102122487542502,-0.16616407163517755,-0.18124565509950452
2024-11-14 13:46:00-05:00,66.08999633789062,66.0999984741211,66.05000305175781,66.05999755859375,8648.0,-0.18124565509950452,-0.18121827902430887,-0.06051337320150951,-0.045390801874922726
2024-11-14 13:47:00-05:00,66.05999755859375,66.08000183105469,66.04000091552734,66.08000183105469,9561.0,-0.045390801874922726,-0.030252108211825668,-0.015143278983087427,0.030281975779966608
2024-11-14 13:48:00-05:00,66.08000183105469,66.08999633789062,66.05500030517578,66.08000183105469,13711.0,0.030281975779966608,0.015124858594117718,0.022712582435646667,0.0
2024-11-14 13:49:00-05:00,66.08000183105469,66.08000183105469,65.94999694824219,65.94999694824219,8827.0,0.0,-0.015122571326586787,-0.15896352501472144,-0.19673861865936448
2024-11-14 13:50:00-05:00,65.96499633789062,66.02999877929688,65.96499633789062,65.97000122070312,5987.0,-0.17403978507460893,-0.07567047574492669,0.02274357898790491,0.03033248428598867
2024-11-14 13:51:00-05:00,65.98999786376953,65.98999786376953,65.94499969482422,65.97000122070312,4971.0,0.03790120104130157,-0.06057991256526174,-0.030314021339405972,0.0
2024-11-14 13:52:00-05:00,65.93000030517578,65.93000030517578,65.86000061035156,65.87000274658203,4586.0,-0.0909191703833856,-0.0909191703833856,-0.12889390380773635,-0.15158173756363302
2024-11-14 13:53:00-05:00,65.875,65.88999938964844,65.83110046386719,65.83999633789062,4615.0,-0.0834222735040191,-0.06067179636309872,-0.04388118162245158,-0.04555398123611276
2024-11-14 13:54:00-05:00,65.86000061035156,65.86000061035156,65.79000091552734,65.83000183105469,3996.0,-0.022769471952088782,-0.04552857728753468,-0.06243181118079644,-0.015179993000979941
2024-11-14 13:55:00-05:00,65.81500244140625,65.81500244140625,65.70999908447266,65.70999908447266,11833.0,-0.06832397286410385,-0.06832397286410385,-0.12160180869644766,-0.18229187793432633
2024-11-14 13:56:00-05:00,65.70999908447266,65.71990203857422,65.62999725341797,65.62999725341797,13423.0,-0.1595431938593017,-0.14449654228410047,-0.12174985872673849,-0.12174985872673849
2024-11-14 13:57:00-05:00,65.62999725341797,65.66000366210938,65.58999633789062,65.625,9851.0,-0.12174985872673849,-0.09114191379908654,-0.060949134848942155,-0.0076142825340519416
2024-11-14 13:58:00-05:00,65.625,65.66999816894531,65.625,65.63999938964844,16365.0,-0.0076142825340519416,0.015221605663273685,0.05336737927084112,0.022856212797628395
2024-11-14 13:59:00-05:00,65.63999938964844,65.63999938964844,65.55999755859375,65.56999969482422,8038.0,0.022856212797628395,-0.045681102685124486,-0.09905133928571619,-0.10664182735391492
2024-11-14 14:00:00-05:00,65.56999969482422,65.66999816894531,65.55999755859375,65.63999938964844,6540.0,-0.10664182735391492,0.04570197985347413,0.0,0.10675567355500348
2024-11-14 14:01:00-05:00,65.66000366210938,65.69000244140625,65.61000061035156,65.61000061035156,14620.0,0.13726394342543635,0.03046181364201317,0.07627067361180018,-0.04570197985347413
2024-11-14 14:02:00-05:00,65.6050033569336,65.69000244140625,65.5999984741211,65.67500305175781,24667.0,-0.08376530933323911,0.0,-0.01524483483832384,0.0990739838462984
2024-11-14 14:03:00-05:00,65.68000030517578,65.80999755859375,65.68000030517578,65.80999755859375,9538.0,0.11431589727106672,0.18266876652126562,0.12195401359078595,0.2055492966320127
2024-11-14 14:04:00-05:00,65.81500244140625,65.81500244140625,65.76000213623047,65.76499938964844,6324.0,0.20554527345189033,0.0076050493818202725,0.12180546693509875,-0.0683758860578143
2024-11-14 14:05:00-05:00,65.80500030517578,65.9000015258789,65.80500030517578,65.87999725341797,9025.0,-0.015197349934570337,0.12914849399014994,0.0684278702608454,0.17486180314270072
2024-11-14 14:06:00-05:00,65.875,65.94000244140625,65.875,65.90499877929688,9165.0,0.10637443127359258,0.06069941517623523,0.10637443127359258,0.037950101580497275
2024-11-14 14:07:00-05:00,65.91500091552734,65.93000030517578,65.88999938964844,65.8949966430664,7163.0,0.06072245241341978,-0.015168540885868165,0.02276947195207768,-0.015176597247146262
2024-11-14 14:08:00-05:00,65.88999938964844,65.91000366210938,65.83999633789062,65.8550033569336,13951.0,-0.03792994846643083,-0.030330112200582793,-0.07588868147063721,-0.06069244733321044
2024-11-14 14:09:00-05:00,65.83999633789062,65.87000274658203,65.80999755859375,65.80999755859375,8071.0,-0.07588868147063721,-0.06069020376999745,-0.04556315456477611,-0.06834074260980705
2024-11-14 14:10:00-05:00,65.80500030517578,65.86250305175781,65.80500030517578,65.86250305175781,14742.0,-0.05315315106526608,-0.011385599683477743,-0.007593456318732983,0.07978346013053361
2024-11-14 14:11:00-05:00,65.86000061035156,65.9000015258789,65.85540008544922,65.87000274658203,8718.0,0.08358073842522629,0.05693448074943763,0.07658959051699554,0.011386896149878645
2024-11-14 14:12:00-05:00,65.87000274658203,65.87999725341797,65.79499816894531,65.81999969482422,7133.0,0.015186966501334886,-0.03035549620296063,-0.09171900318809545,-0.07591171955797504
2024-11-14 14:13:00-05:00,65.80999755859375,65.8499984741211,65.80000305175781,65.83000183105469,14015.0,-0.09109637997001263,-0.04553548959858045,0.007606783116931304,0.015196196105815574
2024-11-14 14:14:00-05:00,65.83999633789062,65.8499984741211,65.81500244140625,65.81999969482422,8132.0,0.04558392403855027,0.0,0.02279542394039158,-0.01519388721291648
2024-11-14 14:15:00-05:00,65.81999969482422,65.87000274658203,65.80999755859375,65.87000274658203,15693.0,-0.030371573782872474,0.030378546582343624,-0.0076044710580314145,0.07596938922767027
2024-11-14 14:16:00-05:00,65.875,65.9000015258789,65.86000061035156,65.9000015258789,8360.0,0.08356169162988536,0.04554239873388877,0.07598093543961237,0.04554239873388877
2024-11-14 14:17:00-05:00,65.94000244140625,65.94000244140625,65.8949966430664,65.9000015258789,8196.0,0.09867543287476188,0.06069941517623523,0.05313700636278007,0.0
2024-11-14 14:18:00-05:00,65.9000015258789,65.9000015258789,65.84500122070312,65.86499786376953,7447.0,-0.06066259333685764,-0.06066259333685764,-0.07587134822100161,-0.05311632974034364
2024-11-14 14:19:00-05:00,65.87989807128906,65.93000030517578,65.87989807128906,65.91000366210938,8718.0,-0.030506000188712523,0.045521667074766015,0.05299848118913708,0.06833037242774953
2024-11-14 14:20:00-05:00,65.91000366210938,65.91000366210938,65.8499984741211,65.8499984741211,5362.0,0.04569768882722869,-0.030330112200582793,-0.045385008239717806,-0.09104109339137523
2024-11-14 14:21:00-05:00,65.84500122070312,65.85659790039062,65.83000183105469,65.83999633789062,7666.0,-0.09862302806032952,-0.0810283094392461,-0.030366960561534206,-0.015189273291171812
2024-11-14 14:22:00-05:00,65.8499984741211,65.9000015258789,65.83999633789062,65.875,10856.0,0.007589419584363988,0.06590626736280303,0.015182297672700074,0.05316473884617867
2024-11-14 14:23:00-05:00,65.87529754638672,65.87999725341797,65.83999633789062,65.84500122070312,8907.0,0.03841924502938632,-0.03035549620296063,0.0,-0.045538943904177565
2024-11-14 14:24:00-05:00,65.83000183105469,65.83000183105469,65.80999755859375,65.81999969482422,5823.0,-0.06875978859925969,-0.07588862241594274,-0.04556315456477611,-0.037970271722076454
2024-11-14 14:25:00-05:00,65.80500030517578,65.80999755859375,65.77999877929688,65.79000091552734,8551.0,-0.03797892326217189,-0.030387774425821856,-0.04558392403853917,-0.045576997016050225
2024-11-14 14:26:00-05:00,65.7699966430664,65.81999969482422,65.7699966430664,65.80999755859375,6231.0,-0.053193012608532264,0.015198505700531051,-0.015205436935361583,0.030394653880727596
2024-11-14 14:27:00-05:00,65.80999755859375,65.86000061035156,65.80999755859375,65.83499908447266,6672.0,0.0608193972464699,0.060773193121854696,0.0608193972464699,0.03799046771981729
2024-11-14 14:28:00-05:00,65.84500122070312,65.8499984741211,65.80000305175781,65.83999633789062,8888.0,0.05318897342034834,-0.015186966501323784,-0.015186912637454864,0.00759057262469387
2024-11-14 14:29:00-05:00,65.83989715576172,65.89990234375,65.81999969482422,65.89990234375,6930.0,-0.007751636186170696,0.0757841621644273,0.030390033645866232,0.0909872557585567
2024-11-14 14:30:00-05:00,65.87999725341797,65.88999938964844,65.86499786376953,65.87999725341797,4069.0,0.06090546824728538,-0.015027266732359212,0.06836549552406979,-0.03020503767698912
2024-11-14 14:31:00-05:00,65.87999725341797,65.9000015258789,65.86000061035156,65.875,7703.0,0.0,0.015180052091556817,-0.007587115433149716,-0.00758538801807207
2024-11-14 14:32:00-05:00,65.88999938964844,65.88999938964844,65.86000061035156,65.86000061035156,11276.0,0.015182356781218154,-0.015177748101480315,0.0,-0.022769471952088782
2024-11-14 14:33:00-05:00,65.86000061035156,65.86000061035156,65.80000305175781,65.81999969482422,10748.0,-0.04552857728753468,-0.04552857728753468,-0.0910986304854644,-0.06073628174405599
2024-11-14 14:34:00-05:00,65.80000305175781,65.85990142822266,65.80000305175781,65.8499984741211,8956.0,-0.0910986304854644,-0.00015059539627548801,0.0,0.04557699701606133
2024-11-14 14:35:00-05:00,65.8499984741211,65.87680053710938,65.8499984741211,65.87000274658203,14267.0,0.07598088152664939,0.02565917731465195,0.07598088152664939,0.030378546582343624
2024-11-14 14:36:00-05:00,65.8499984741211,65.9000015258789,65.8499984741211,65.875,4303.0,0.0,0.035218754675958586,0.0,0.0075865389549178985
2024-11-14 14:37:00-05:00,65.87999725341797,65.9000015258789,65.8499984741211,65.9000015258789,8985.0,0.04555623385271712,0.0,0.0,0.0379529804613421
2024-11-14 14:38:00-05:00,65.91000366210938,65.94000244140625,65.90560150146484,65.94000244140625,6447.0,0.04554707034365446,0.06069941517623523,0.084438919714791,0.06069941517623523
2024-11-14 14:39:00-05:00,65.91999816894531,65.9384994506836,65.9000015258789,65.93470001220703,8513.0,0.015163869337908586,-0.0022793307052015876,-0.00849696453466553,-0.008041293604632571
2024-11-14 14:40:00-05:00,65.98999786376953,65.98999786376953,65.97000122070312,65.97000122070312,5844.0,0.10618886038924469,0.078100674893955,0.10622108225100124,0.05353965133618743
2024-11-14 14:41:00-05:00,65.97000122070312,66.02999877929688,65.97000122070312,66.02999877929688,6082.0,-0.030302536314197326,0.06061663406917717,0.0,0.09094672954912397
2024-11-14 14:42:00-05:00,66.04000091552734,66.05000305175781,65.98999786376953,65.98999786376953,9072.0,0.10610837278908214,0.030295733501062294,0.030311721534626024,-0.06057991256526174
2024-11-14 14:43:00-05:00,66.0,66.0199966430664,65.98999786376953,66.0199966430664,6764.0,-0.06057073739067498,-0.04542983694927338,0.0,0.045459585191687246
2024-11-14 14:44:00-05:00,66.04000091552734,66.0459976196289,66.0,66.01100158691406,6156.0,0.060607447768701306,0.039383486647337484,0.01515704887748992,-0.013624744940499145
2024-11-14 14:45:00-05:00,66.0199966430664,66.04000091552734,66.0,66.0,4406.0,-0.030291145038785494,-0.00907958743555648,0.0,-0.016666292965694662
2024-11-14 14:46:00-05:00,66.0199966430664,66.0199966430664,65.9800033569336,65.98100280761719,3943.0,0.0,-0.030291145038785494,-0.03029794404001418,-0.02878362482244823
2024-11-14 14:47:00-05:00,65.9800033569336,65.98999786376953,65.9749984741211,65.98999786376953,3792.0,-0.06057753433256208,-0.045438928843122284,-0.007585454013125936,0.013632796971219108
2024-11-14 14:48:00-05:00,65.98210144042969,66.0,65.91999816894531,65.927001953125,6535.0,0.003179877825632005,0.01515704887748992,-0.08336537544196831,-0.09546281661438893
2024-11-14 14:49:00-05:00,65.93000030517578,65.93000030517578,65.91999816894531,65.91999816894531,10324.0,-0.0789625278924233,-0.10606014367305905,0.0,-0.010623544180987654
2024-11-14 14:50:00-05:00,65.91999816894531,66.0,65.91999816894531,66.0,5506.0,-0.015170842081257963,0.10617275064492837,0.0,0.12136200436421163
2024-11-14 14:51:00-05:00,65.98999786376953,66.0199966430664,65.9800033569336,66.0199966430664,8753.0,0.10618886038924469,0.03029794404001418,0.0910272901320397,0.03029794404001418
2024-11-14 14:52:00-05:00,66.0199966430664,66.0199966430664,66.0,66.01000213623047,7482.0,0.045459585191687246,0.0,0.030307126476225577,-0.015138605489439794
2024-11-14 14:53:00-05:00,66.00499725341797,66.02999877929688,65.94999694824219,66.01000213623047,18765.0,-0.022719464421561142,0.015150161676835694,-0.07576219963304487,0.0
2024-11-14 14:54:00-05:00,65.9800033569336,66.0,65.97630310058594,66.0,11499.0,-0.03786667301630686,-0.04543204581473059,0.039888026627799,-0.015152455547307042
2024-11-14 14:55:00-05:00,66.0,66.01000213623047,65.98999786376953,65.98999786376953,6532.0,0.030307126476225577,0.015154751864354665,0.02075709389584013,-0.015154751864343563
2024-11-14 14:56:00-05:00,65.9739990234375,65.9739990234375,65.9000015258789,65.94999694824219,7025.0,-0.03939541903409394,-0.0545419052080387,-0.13637875557507284,-0.06061663406918827
2024-11-14 14:57:00-05:00,65.93000030517578,65.93000030517578,65.9000015258789,65.9000015258789,4344.0,-0.0666909978370267,-0.0666909978370267,0.0,-0.0758080738085809
2024-11-14 14:58:00-05:00,65.9000015258789,65.91999816894531,65.9000015258789,65.91940307617188,3870.0,-0.045500954281840755,-0.015170842081257963,0.0,0.029440895058785443
2024-11-14 14:59:00-05:00,65.91909790039062,65.93000030517578,65.88999938964844,65.93000030517578,10143.0,0.028977805871854834,0.01517314397496694,-0.015177748101480315,0.01607603908617694
2024-11-14 15:00:00-05:00,65.88999938964844,65.92500305175781,65.79000091552734,65.82499694824219,19974.0,-0.044142762369348,-0.007579635059662415,-0.15176578395416085,-0.15926491194836467
2024-11-14 15:01:00-05:00,65.79000091552734,65.81999969482422,65.79000091552734,65.80999755859375,3653.0,-0.15176578395416085,-0.1592769845625286,0.0,-0.02278676846765304
2024-11-14 15:02:00-05:00,65.77999877929688,65.8550033569336,65.7699966430664,65.8550033569336,5533.0,-0.015203125233742565,0.053180890719639606,-0.03040625046748513,0.0683874791209016
2024-11-14 15:03:00-05:00,65.81999969482422,65.83999633789062,65.79000091552734,65.79000091552734,6106.0,0.06081014939138818,-0.022787970963467075,0.030415498680191888,-0.09870539532726985
2024-11-14 15:04:00-05:00,65.79000091552734,65.80000305175781,65.69999694824219,65.76000213623047,9517.0,-0.045576997016050225,-0.06074314756575605,-0.13680493393019022,-0.04559777911448126
2024-11-14 15:05:00-05:00,65.7699966430664,65.80000305175781,65.70999908447266,65.70999908447266,5604.0,-0.03040625046748513,0.0,0.015223952351695047,-0.07603870154113679
2024-11-14 15:06:00-05:00,65.69999694824219,65.72000122070312,65.62999725341797,65.63999938964844,9414.0,-0.10643104515286606,-0.12158332423140017,-0.12174985872673849,-0.1065282237095011
2024-11-14 15:07:00-05:00,65.63999938964844,65.71499633789062,65.63999938964844,65.70999908447266,8454.0,-0.0913204891638153,-0.007615463663324107,0.015240189926934988,0.10664182735391492
2024-11-14 15:08:00-05:00,65.70999908447266,65.78500366210938,65.70999908447266,65.75,7963.0,0.10664182735391492,0.10653173266386151,0.10664182735391492,0.0608749293633748
2024-11-14 15:09:00-05:00,65.75,65.79000091552734,65.66000366210938,65.66000366210938,14912.0,0.0608749293633748,0.0075963413236790345,-0.07608495367502632,-0.1368765595294641
2024-11-14 15:10:00-05:00,65.66999816894531,65.68000030517578,65.63999938964844,65.65499877929688,8916.0,-0.12167578867633422,-0.16719958781091782,-0.030466450419164293,-0.007622422377939753
2024-11-14 15:11:00-05:00,65.66000366210938,65.68499755859375,65.63500213623047,65.63500213623047,9282.0,-0.015219289043111317,0.0076084856801994505,-0.007613122279759299,-0.03045715244566205
2024-11-14 15:12:00-05:00,65.62999725341797,65.77429962158203,65.62750244140625,65.75,6275.0,-0.04569967562874089,0.13595503738677017,-0.011426364866495842,0.17520813594376072
2024-11-14 15:13:00-05:00,65.77619934082031,65.77619934082031,65.70999908447266,65.73500061035156,6452.0,0.2227671697711875,0.0028882394023321822,0.12570437697223547,-0.0228127599215755
2024-11-14 15:14:00-05:00,65.7249984741211,65.7249984741211,65.66500091552734,65.66500091552734,6075.0,-0.07784102336761967,-0.07784102336761967,-0.06847994151919501,-0.10648770696626286
2024-11-14 15:15:00-05:00,65.66999816894531,65.69999694824219,65.66999816894531,65.66999816894531,8655.0,-0.08368247463320655,-0.038039599025252446,0.007610223632514845,0.007610223632514845
2024-11-14 15:16:00-05:00,65.69999694824219,65.80000305175781,65.69999694824219,65.80000305175781,14126.0,0.045681102685124486,0.1522162985706288,0.045681102685124486,0.1979669353393998
2024-11-14 15:17:00-05:00,65.80000305175781,65.80999755859375,65.70999908447266,65.72149658203125,13725.0,0.1522162985706288,0.015189219410949306,0.015223952351695047,-0.11931073873174824
2024-11-14 15:18:00-05:00,65.72000122070312,65.79000091552734,65.72000122070312,65.76499938964844,13735.0,-0.12158332423140017,-0.030385418337997017,0.01522163501723739,0.06619266127467771
2024-11-14 15:19:00-05:00,65.7699966430664,65.80989837646484,65.7699966430664,65.77999877929688,7121.0,0.07607337406367876,0.030243898252946266,0.07607337406367876,0.022807556888371217
2024-11-14 15:20:00-05:00,65.7750015258789,65.78500366210938,65.73999786376953,65.77799987792969,8960.0,0.007609674727016014,-0.037828221847513444,-0.045611647906385056,-0.0030387677170562455
2024-11-14 15:21:00-05:00,65.76000213623047,65.76000213623047,65.69999694824219,65.69999694824219,8949.0,-0.022804088636219078,-0.03800490155373426,-0.060847150634590896,-0.11858513459250819
2024-11-14 15:22:00-05:00,65.69499969482422,65.69999694824219,65.66999816894531,65.68000030517578,9947.0,-0.09884799162808156,-0.09124876222474931,-0.0456602445819132,-0.03043629223020705
2024-11-14 15:23:00-05:00,65.68000030517578,65.72000122070312,65.68000030517578,65.72000122070312,15237.0,-0.022831858920946413,0.030447904703390094,0.015230906821006585,0.060902733467549375
2024-11-14 15:24:00-05:00,65.72000122070312,65.73899841308594,65.70999908447266,65.70999908447266,22736.0,0.060902733467549375,0.02890625689280224,0.045674146098484414,-0.015219318388137726
2024-11-14 15:25:00-05:00,65.69999694824219,65.73500061035156,65.69999694824219,65.72989654541016,5250.0,-0.030438636776286554,-0.006081325896167833,-0.01522163501723739,0.030280720156339314
2024-11-14 15:26:00-05:00,65.73500061035156,65.73999786376953,65.69000244140625,65.73989868164062,9469.0,0.053278026994352246,0.007602119679872565,-0.015212339878512005,0.01521702719182727
2024-11-14 15:27:00-05:00,65.74800109863281,65.75,65.72000122070312,65.75,9693.0,0.019777117457264737,0.015214689010489835,0.045667191630305304,0.015365582487869567
2024-11-14 15:28:00-05:00,65.74500274658203,65.75,65.69000244140625,65.72000122070312,9455.0,-0.004560369898221062,0.0,-0.04564634622591379,-0.045625519843151
2024-11-14 15:29:00-05:00,65.7249984741211,65.73500061035156,65.69999694824219,65.69999694824219,7258.0,-0.030427061563975677,-0.0228127599215755,0.015214654383455262,-0.030438636776286554
2024-11-14 15:30:00-05:00,65.72000122070312,65.7300033569336,65.62999725341797,65.6500015258789,14374.0,-0.007603276582712759,-0.007602119679883668,-0.10654444151552145,-0.07609653681212025
2024-11-14 15:31:00-05:00,65.6500015258789,65.66000366210938,65.62999725341797,65.63999938964844,10964.0,-0.10651201083996531,-0.10649580290464922,0.0,-0.015235546074632289
2024-11-14 15:32:00-05:00,65.63999938964844,65.63999938964844,65.56999969482422,65.57929992675781,28111.0,-0.015235546074632289,-0.030466450419164293,-0.09141788984400323,-0.09247328375233677
2024-11-14 15:33:00-05:00,65.58000183105469,65.58999633789062,65.56999969482422,65.58000183105469,11903.0,-0.09140395970693715,-0.07617771514741856,0.0,0.0010703137997225554
2024-11-14 15:34:00-05:00,65.57499694824219,65.62999725341797,65.57029724121094,65.5999984741211,10660.0,-0.0076317210624510246,0.06098630547450856,0.0004537843344643022,0.030491983086422536
2024-11-14 15:35:00-05:00,65.58999633789062,65.62000274658203,65.55999755859375,65.55999755859375,11035.0,0.02287364139761383,-0.015228565068114985,-0.015707847989920865,-0.060977006795392974
2024-11-14 15:36:00-05:00,65.58000183105469,65.66999816894531,65.57499694824219,65.66000366210938,14184.0,-0.015237852407323782,0.07618930245456568,0.022878874629350676,0.15254134722357815
2024-11-14 15:37:00-05:00,65.6500015258789,65.6500015258789,65.56999969482422,65.57499694824219,10451.0,0.10673939138421407,-0.0304501958641179,-0.007620668929519958,-0.12946498496198
2024-11-14 15:38:00-05:00,65.58499908447266,65.61000061035156,65.56999969482422,65.6050033569336,11614.0,-0.09901361751016857,-0.06093056298189792,0.0,0.04575891740428162
2024-11-14 15:39:00-05:00,65.60900115966797,65.64900207519531,65.58000183105469,65.64900207519531,14488.0,0.03659689796502441,0.05944439030778348,0.015254134935216435,0.06706610168485394
2024-11-14 15:40:00-05:00,65.6500015258789,65.6500015258789,65.58999633789062,65.61000061035156,11979.0,0.062491983548351726,0.0015224156529436428,0.015240174682640273,-0.05940907494538239
2024-11-14 15:41:00-05:00,65.61000061035156,65.62000274658203,65.58999633789062,65.5999984741211,11926.0,-0.06093056298189792,-0.04569501690727673,0.0,-0.01524483483832384
2024-11-14 15:42:00-05:00,65.58000183105469,65.61000061035156,65.55000305175781,65.5999984741211,14447.0,-0.04572287611309678,-0.015242511142665727,-0.060974673526104084,0.0
2024-11-14 15:43:00-05:00,65.58999633789062,65.59500122070312,65.5199966430664,65.54000091552734,31402.0,0.015240174682640273,-0.02286143805655394,-0.045776365056326984,-0.09145969510566676
2024-11-14 15:44:00-05:00,65.55329895019531,65.55500030517578,65.5199966430664,65.5199966430664,26176.0,-0.05594967181620225,-0.06098165223407115,0.0,-0.030522234027308137
2024-11-14 15:45:00-05:00,65.52999877929688,65.56999969482422,65.52999877929688,65.55999755859375,19102.0,-0.03554385709274577,0.02288061868447322,0.015265776469663983,0.061051461503058846
2024-11-14 15:46:00-05:00,65.5553970336914,65.56999969482422,65.54000091552734,65.55000305175781,38020.0,0.03875820977818911,0.0,0.015263446386071244,-0.015244824905624732
2024-11-14 15:47:00-05:00,65.55000305175781,65.59600067138672,65.55000305175781,65.56500244140625,42332.0,-0.008228127930975937,0.03965376953409816,0.01526111701366517,0.022882363005516382
2024-11-14 15:48:00-05:00,65.56999969482422,65.61000061035156,65.5199966430664,65.5199966430664,26147.0,0.030505937658942273,0.021342671537216695,-0.045776365056326984,-0.06864302091662555
2024-11-14 15:49:00-05:00,65.5199966430664,65.59750366210938,65.5,65.59750366210938,31161.0,-0.0762590391803264,-0.01904732224650152,-0.030519908563708675,0.11829521217041616
2024-11-14 15:50:00-05:00,65.58000183105469,65.6050033569336,65.52999877929688,65.55000305175781,41089.0,0.09158301444240902,0.011432896688945426,0.045799663048673445,-0.07241222256907376
2024-11-14 15:51:00-05:00,65.55000305175781,65.63500213623047,65.54000091552734,65.55000305175781,35193.0,-0.0457437914902159,0.04572635890842669,0.015263446386071244,0.0
2024-11-14 15:52:00-05:00,65.55999755859375,65.56829833984375,65.54000091552734,65.55999755859375,22679.0,0.015247149306829577,-0.10162839066916174,0.0,0.015247149306829577
2024-11-14 15:53:00-05:00,65.56999969482422,65.69000244140625,65.55999755859375,65.66500091552734,44967.0,0.015256462176549412,0.18561424445042718,0.030510593205779202,0.16016375967640162
2024-11-14 15:54:00-05:00,65.6500015258789,65.72000122070312,65.58000183105469,65.618896484375,52130.0,0.12200980849021992,0.045667191630305304,0.03051292435307662,-0.07021157467378414
2024-11-14 15:55:00-05:00,65.61000061035156,65.6500015258789,65.55999755859375,65.625,47320.0,-0.06093056298189792,-0.10651201083996531,-0.030503616807564526,0.009301460329269595
2024-11-14 15:56:00-05:00,65.62000274658203,65.62000274658203,65.54000091552734,65.54499816894531,42209.0,0.01524483483832384,-0.04569501690727673,-0.030501287082163042,-0.12190755208333348
2024-11-14 15:57:00-05:00,65.54000091552734,65.58000183105469,65.5199966430664,65.5199966430664,51281.0,-0.12191683588257396,-0.06095841794128143,-0.030522234027308137,-0.03814406373842116
2024-11-14 15:58:00-05:00,65.52899932861328,65.54000091552734,65.4800033569336,65.50499725341797,109687.0,-0.016786064632867692,-0.060995599893998165,-0.06103981712740625,-0.02289284251668633
2024-11-14 15:59:00-05:00,65.5,65.63999938964844,65.5,65.61000061035156,151734.0,-0.04425419113736062,0.15257624767197608,0.030538549238312562,0.16029823881584804
2024-11-15 09:30:00-05:00,64.86000061035156,64.94999694824219,64.55000305175781,64.93000030517578,212647.0,-0.9770983048067783,-1.0511920289796084,-1.4503770202170752,-1.0364278293704121
2024-11-15 09:31:00-05:00,64.93000030517578,65.06999969482422,64.625,64.66500091552734,12115.0,0.10792428949353283,0.18476174321864214,0.11618426753916555,-0.40813089235010036
2024-11-15 09:32:00-05:00,64.7699966430664,64.83000183105469,64.66000366210938,64.73500061035156,7421.0,-0.24642485962936833,-0.36883028261121,0.05416427405706692,0.10824973916827574
2024-11-15 09:33:00-05:00,64.73500061035156,64.73500061035156,64.58999633789062,64.70999908447266,7491.0,-0.05403124058767084,-0.14653897581353714,-0.10826990450631957,-0.038621341844724544
2024-11-15 09:34:00-05:00,64.70500183105469,64.70500183105469,64.27999877929688,64.31999969482422,15820.0,-0.0463408959821332,-0.0463408959821332,-0.4799467040871974,-0.6026879851123601
2024-11-15 09:35:00-05:00,64.31999969482422,64.404296875,64.29000091552734,64.3949966430664,14035.0,-0.5950113984011796,-0.46473216528117867,0.01556026201059435,0.11659973351683117
2024-11-15 09:36:00-05:00,64.3949966430664,64.51000213623047,64.37999725341797,64.44999694824219,37334.0,0.11659973351683117,0.16412765352540326,0.13998496906053592,0.08541083631177226
2024-11-15 09:37:00-05:00,64.41500091552734,64.5999984741211,64.3499984741211,64.4188003540039,29359.0,0.031064948371395396,0.1395075723305217,-0.04659642835769251,-0.04840433780521902
2024-11-15 09:38:00-05:00,64.48999786376953,64.51499938964844,64.4072036743164,64.4072036743164,14082.0,0.11642776865055104,-0.13157753325134802,0.08889697210843206,-0.01800201125101708
2024-11-15 09:39:00-05:00,64.4000015258789,64.44000244140625,64.30000305175781,64.30500030517578,20117.0,-0.13955084644402538,-0.11624730520298776,-0.16644197611911382,-0.15868313373366139
2024-11-15 09:40:00-05:00,64.30000305175781,64.65499877929688,64.28469848632812,64.6500015258789,38761.0,-0.15527713004930277,0.3336380039496767,-0.023801811358181713,0.5365076107080924
2024-11-15 09:41:00-05:00,64.6500015258789,64.7300033569336,64.5999984741211,64.69999694824219,10497.0,0.5443210847740687,0.11600739162140883,0.4904743978227266,0.07733243802519052
2024-11-15 09:42:00-05:00,64.72000122070312,64.7300033569336,64.5999984741211,64.63999938964844,14872.0,0.10827485409448112,0.0,0.0,-0.09273193419429004
2024-11-15 09:43:00-05:00,64.62000274658203,64.71499633789062,64.56999969482422,64.5999984741211,17073.0,-0.15450938231611477,-0.023184023273126186,-0.04643773994652545,-0.06188260505112231
2024-11-15 09:44:00-05:00,64.62249755859375,64.69999694824219,64.55999755859375,64.5999984741211,7360.0,0.0038607426581238613,-0.023177610286995165,-0.015490376765903147,0.0
2024-11-15 09:45:00-05:00,64.6050033569336,64.69000244140625,64.5199966430664,64.68499755859375,10405.0,-0.02707137966045936,-0.015447461062378931,-0.0619592890954479,0.13157753325134802
2024-11-15 09:46:00-05:00,64.7146987915039,64.78500366210938,64.68499755859375,64.69000244140625,5769.0,0.16979402348182848,0.1468561093179277,0.2557360882086801,0.007737316226941182
2024-11-15 09:47:00-05:00,64.72000122070312,64.76000213623047,64.63999938964844,64.71499633789062,10267.0,0.008193546903934035,-0.0385915327091757,-0.06956507790628619,0.03863641295578368
2024-11-15 09:48:00-05:00,64.66999816894531,64.73500061035156,64.63999938964844,64.73500061035156,17522.0,-0.07726058531317692,-0.03860643152282517,0.0,0.030911339863926024
2024-11-15 09:49:00-05:00,64.73999786376953,64.84420013427734,64.72000122070312,64.79499816894531,13747.0,0.10824137437170922,0.16868698987595465,0.12376521010224462,0.0926817919642664
2024-11-15 09:50:00-05:00,64.7699966430664,64.77999877929688,64.6500015258789,64.73999786376953,16890.0,0.046337318947720085,-0.09900863122302983,-0.10815774645230869,-0.0848835662165981
2024-11-15 09:51:00-05:00,64.73290252685547,64.9800033569336,64.7300033569336,64.9800033569336,14025.0,-0.05727052359653095,0.30874433684096037,0.12374606212910422,0.3707221209198863
2024-11-15 09:52:00-05:00,64.98999786376953,65.03500366210938,64.94999694824219,65.03500366210938,7011.0,0.39716330780532605,0.0846418934047577,0.33986340166785034,0.0846418934047577
2024-11-15 09:53:00-05:00,65.01000213623047,65.04000091552734,64.94000244140625,65.0,9416.0,0.030780540265396006,0.0076839442401333,-0.015388002010074953,-0.05382280331871492
2024-11-15 09:54:00-05:00,64.97000122070312,64.97000122070312,64.92500305175781,64.92500305175781,3987.0,-0.06153040180419955,-0.10762560553332357,-0.02309730379510544,-0.11537992037259359
2024-11-15 09:55:00-05:00,64.97000122070312,64.9800033569336,64.87000274658203,64.87000274658203,5786.0,0.0,0.01539500699174745,-0.08471359659688593,-0.08471359659688593
2024-11-15 09:56:00-05:00,64.91999816894531,65.0,64.87000274658203,64.87999725341797,11545.0,-0.07696329200911345,0.030773533446226686,0.0,0.015406977667287158
2024-11-15 09:57:00-05:00,64.8949966430664,64.9000015258789,64.79000091552734,64.81999969482422,3753.0,-0.038511285557718544,-0.15384380634014816,-0.12332638764825932,-0.09247466265974724
2024-11-15 09:58:00-05:00,64.83000183105469,64.83000183105469,64.70999908447266,64.70999908447266,8582.0,-0.1001538105767974,-0.10785777069096669,-0.12347866943078767,-0.16970165206641186
2024-11-15 09:59:00-05:00,64.69999694824219,64.69999694824219,64.6449966430664,64.6449966430664,12562.0,-0.2005319746115175,-0.2005319746115175,-0.10045192756283905,-0.10045192756283905
2024-11-15 10:00:00-05:00,64.66500091552734,64.69000244140625,64.62000274658203,64.63369750976562,11361.0,-0.05408969762833449,-0.015447461062378931,-0.03866331159760872,-0.017478743735066526
2024-11-15 10:01:00-05:00,64.67500305175781,64.78990173339844,64.61000061035156,64.61499786376953,16763.0,0.015467619405962196,0.15442771405469458,-0.015478390289913602,-0.02893172867491911
2024-11-15 10:02:00-05:00,64.63999938964844,64.69999694824219,64.63999938964844,64.68329620361328,12600.0,-0.054122397306055614,-0.13876357696326336,0.04643055101916094,0.10570044432678394
2024-11-15 10:03:00-05:00,64.74500274658203,64.79000091552734,64.7300033569336,64.79000091552734,6727.0,0.16244331362169628,0.13910969324644196,0.13923881209003675,0.16496486446542225
2024-11-15 10:04:00-05:00,64.80999755859375,64.80999755859375,64.68000030517578,64.70500183105469,18183.0,0.10038583559277559,0.03086377957066677,-0.07724864694056421,-0.13119167042994206
2024-11-15 10:05:00-05:00,64.69499969482422,64.80999755859375,64.69499969482422,64.80999755859375,6099.0,-0.1774384633567716,0.0,0.023190150862184566,0.16226833253665252
2024-11-15 10:06:00-05:00,64.83499908447266,64.94000244140625,64.81999969482422,64.94000244140625,4299.0,0.21639908850581424,0.20059387086839298,0.19321431422774094,0.20059387086839298
2024-11-15 10:07:00-05:00,64.93000030517578,64.94000244140625,64.8499984741211,64.88670349121094,11590.0,0.1465276811053018,0.0,0.04628012872278653,-0.08207414258014634
2024-11-15 10:08:00-05:00,64.90499877929688,64.91500091552734,64.7699966430664,64.77999877929688,7180.0,-0.03850535309009029,-0.03849942244992244,-0.12336443012657128,-0.1644477314655335
2024-11-15 10:09:00-05:00,64.73999786376953,64.73999786376953,64.63999938964844,64.66500091552734,7275.0,-0.2542191181428288,-0.2695879985976424,-0.2007059752285545,-0.17752063281342156
2024-11-15 10:10:00-05:00,64.68000030517578,64.7249984741211,64.6615982055664,64.69999694824219,13390.0,-0.09267463789541797,-0.023168659473860043,0.033414010089583,0.05411897041578406
2024-11-15 10:11:00-05:00,64.68000030517578,64.68499755859375,64.62000274658203,64.6449966430664,10326.0,0.0,-0.06180133869503335,-0.0643279166285704,-0.08500820366309503
2024-11-15 10:12:00-05:00,64.62000274658203,64.63500213623047,64.58000183105469,64.61000061035156,9352.0,-0.09276060344877157,-0.07729059944385774,-0.06190175460718539,-0.054135717429260044
2024-11-15 10:13:00-05:00,64.6050033569336,64.62000274658203,64.55000305175781,64.5999984741211,10234.0,-0.023211682158630342,-0.023206295587063774,-0.046452118993978164,-0.015480786466459673
2024-11-15 10:14:00-05:00,64.5999984741211,64.70999908447266,64.58000183105469,64.68499755859375,10275.0,-0.007746896606208864,0.13927009295180426,0.04647370701567066,0.13157753325134802
2024-11-15 10:15:00-05:00,64.69499969482422,64.79000091552734,64.68000030517578,64.73999786376953,7851.0,0.14706071663637132,0.12363132774928509,0.15484433460175584,0.08502791567079893
2024-11-15 10:16:00-05:00,64.70999908447266,64.70999908447266,64.61000061035156,64.63999938964844,7169.0,0.0231847742780511,-0.12347866943078767,-0.10822463589045261,-0.15446165804873235
2024-11-15 10:17:00-05:00,64.6500015258789,64.67500305175781,64.58999633789062,64.5999984741211,15080.0,-0.09271760074579527,-0.054081337057598766,-0.030961572932930448,-0.06188260505112231
2024-11-15 10:18:00-05:00,64.58999633789062,64.5999984741211,64.48999786376953,64.52999877929688,26470.0,-0.09281544713384271,-0.11597151000780626,-0.15482037434708662,-0.1083586632780853
2024-11-15 10:19:00-05:00,64.52999877929688,64.56999969482422,64.4800033569336,64.5250015258789,12768.0,-0.09288986220077344,-0.04643773994652545,-0.015497762702754159,-0.007744077967608565
2024-11-15 10:20:00-05:00,64.50499725341797,64.58000183105469,64.47000122070312,64.58000183105469,7806.0,-0.03874403587765807,0.015490376765892044,-0.015511997068462513,0.08523875067825148
2024-11-15 10:21:00-05:00,64.58000183105469,64.58000183105469,64.44000244140625,64.44999694824219,13084.0,0.11627715809683359,0.0,-0.046531376964265014,-0.20130826746118657
2024-11-15 10:22:00-05:00,64.45999908447266,64.4800033569336,64.43000030517578,64.43000030517578,7603.0,-0.18582028984137633,-0.15484433460174474,-0.015521626088643714,-0.031026600486050437
2024-11-15 10:23:00-05:00,64.41999816894531,64.4800033569336,64.41999816894531,64.45999908447266,5885.0,-0.0620554081530833,0.0,-0.015524035671410363,0.0465602656445574
2024-11-15 10:24:00-05:00,64.44000244140625,64.44000244140625,64.38999938964844,64.38999938964844,15083.0,0.03105289200486805,-0.06203615608689761,-0.04656749479905464,-0.10859400530317531
2024-11-15 10:25:00-05:00,64.37000274658203,64.44999694824219,64.37000274658203,64.43000030517578,14903.0,-0.10862770355707374,0.015509786556933136,-0.031055510569888423,0.06212286986568838
2024-11-15 10:26:00-05:00,64.44000244140625,64.44999694824219,64.41419982910156,64.41999816894531,5929.0,0.10874583165672025,0.0,0.06866099212941013,-0.015524035671410363
2024-11-15 10:27:00-05:00,64.43000030517578,64.45500183105469,64.36000061035156,64.36000061035156,11390.0,-0.015521626088643714,0.007765528393299803,-0.08414172479639381,-0.09313498959810929
2024-11-15 10:28:00-05:00,64.36000061035156,64.38999938964844,64.27200317382812,64.28500366210938,18102.0,-0.10864456696051406,-0.10084933606336888,-0.1367269044265429,-0.11652726465345431
2024-11-15 10:29:00-05:00,64.27999877929688,64.38999938964844,64.2750015258789,64.36000061035156,19425.0,-0.12430365179614267,0.0,0.0046650981807339065,0.11666320909986538
2024-11-15 10:30:00-05:00,64.3499984741211,64.38999938964844,64.3499984741211,64.375,10851.0,0.10889809606959844,0.0,0.11668136361224768,0.023305452930699744
2024-11-15 10:31:00-05:00,64.38500213623047,64.4000015258789,64.29000091552734,64.37000274658203,33491.0,0.05439574660355273,0.015533679647883325,-0.09323630150182005,-0.0077627237560662365
2024-11-15 10:32:00-05:00,64.33999633789062,64.37999725341797,64.33000183105469,64.36000061035156,9909.0,-0.06990105901467647,-0.031062534141246267,0.062219497523274825,-0.015538505210022091
2024-11-15 10:33:00-05:00,64.375,64.375,64.27999877929688,64.27999877929688,11518.0,0.05440420283138181,-0.0077621212040357435,-0.0777289761146438,-0.12430365179614267
2024-11-15 10:34:00-05:00,64.37999725341797,64.41000366210938,64.30999755859375,64.33000183105469,10814.0,0.0077627237560662365,0.05437462075241761,0.046668917029513146,0.07778944105070185
2024-11-15 10:35:00-05:00,64.31999969482422,64.31999969482422,64.18000030517578,64.18000030517578,27901.0,-0.09319285671538502,-0.13973600709186185,-0.202141592836369,-0.23317506856730397
2024-11-15 10:36:00-05:00,64.16000366210938,64.19999694824219,64.16000366210938,64.19999694824219,8755.0,-0.2487500520428565,-0.1865714352478287,-0.031157125227987414,0.031157125227987414
2024-11-15 10:37:00-05:00,64.18000030517578,64.19000244140625,64.11000061035156,64.16500091552734,12388.0,0.03116683591808389,-0.015567768397239945,-0.07793492659562418,-0.05451095697568409
2024-11-15 10:38:00-05:00,64.16999816894531,64.25,64.16999816894531,64.21499633789062,15859.0,-0.015584506361654427,0.09346869654431877,0.09358533461636398,0.07791696664838366
2024-11-15 10:39:00-05:00,64.2300033569336,64.2300033569336,64.1176986694336,64.13999938964844,8713.0,0.09350972370343325,-0.031123179869896322,-0.08150148200725127,-0.11679039557608295
2024-11-15 10:40:00-05:00,64.13999938964844,64.23539733886719,64.13500213623047,64.19000244140625,16112.0,-0.14012760794203105,0.008397916318969578,0.026987036584213975,0.0779592332922352
2024-11-15 10:41:00-05:00,64.16999816894531,64.19999694824219,64.11000061035156,64.1104965209961,10328.0,0.046770782011762435,-0.05511040966750258,-0.038982653849140014,-0.12386028569282281
2024-11-15 10:42:00-05:00,64.12000274658203,64.13500213623047,64.05000305175781,64.05999755859375,23224.0,-0.07791089884661151,-0.1012380297527371,-0.09358533461636398,-0.07876863406572898
2024-11-15 10:43:00-05:00,64.05999755859375,64.05999755859375,63.97999954223633,63.97999954223633,16142.0,-0.09358263477535766,-0.11694796154742004,-0.1092950916253943,-0.12487983048118378
2024-11-15 10:44:00-05:00,63.97999954223633,64.01499938964844,63.96500015258789,63.96500015258789,9167.0,-0.12487983048118378,-0.0702437881052953,-0.023443872703587942,-0.023443872703587942
2024-11-15 10:45:00-05:00,63.970001220703125,64.0199966430664,63.95000076293945,63.98500061035156,24950.0,-0.01562726102647405,0.007806378919972268,-0.02344937014406856,0.03126781476738838
2024-11-15 10:46:00-05:00,64.00499725341797,64.01000213623047,63.88999938964844,63.88999938964844,17658.0,0.054706943953464204,-0.01561153914402258,-0.09382544577823948,-0.148474204574367
2024-11-15 10:47:00-05:00,63.88999938964844,63.915000915527344,63.880001068115234,63.900001525878906,13686.0,-0.17967013312134572,-0.14841621236152402,-0.015649274735829444,0.01565524546254249
2024-11-15 10:48:00-05:00,63.91999816894531,63.939998626708984,63.849998474121094,63.900001525878906,13568.0,0.046953794934201376,0.039110867282432515,-0.04696711567389045,0.0
2024-11-15 10:49:00-05:00,63.88999938964844,63.89500045776367,63.85499954223633,63.86000061035156,8899.0,-0.046931758692458914,-0.07037561762867073,0.007832526601014855,-0.06259924033200637
2024-11-15 10:50:00-05:00,63.849998474121094,64.02999877929688,63.81999969482422,63.93000030517578,53290.0,-0.06260904039674386,0.21128150961113867,-0.05481144415161454,0.10961430340616918
2024-11-15 10:51:00-05:00,63.939998626708984,63.959999084472656,63.84000015258789,63.86000061035156,7463.0,0.1409556064819073,-0.10932327996053814,0.03133885593749053,-0.10949428201167954
2024-11-15 10:52:00-05:00,63.810001373291016,63.814998626708984,63.77000045776367,63.80500030517578,9945.0,-0.2033113171880263,-0.22670490906694374,-0.1096486445127054,-0.08612637746649998
2024-11-15 10:53:00-05:00,63.790000915527344,63.84000015258789,63.769500732421875,63.79999923706055,11948.0,-0.03134376638964653,0.03917813432099404,-0.0007836370365499334,-0.007838050452646517
2024-11-15 10:54:00-05:00,63.79999923706055,63.79999923706055,63.7599983215332,63.775001525878906,6958.0,0.015673806850147187,-0.0626580755509587,-0.014901184389926048,-0.039181365957008385
2024-11-15 10:55:00-05:00,63.775001525878906,63.79999923706055,63.7400016784668,63.755001068115234,12311.0,-0.039181365957008385,0.0,-0.031362364480569394,-0.03136096791084286
2024-11-15 10:56:00-05:00,63.75,63.77000045776367,63.720001220703125,63.77000045776367,9783.0,-0.039202705261809356,-0.04702003080816475,-0.031378188322872536,0.0235266087320829
2024-11-15 10:57:00-05:00,63.77000045776367,63.779998779296875,63.709999084472656,63.709999084472656,11047.0,0.03137326708027022,0.015678722693168723,-0.015697011988158316,-0.09409028204532266
2024-11-15 10:58:00-05:00,63.709999084472656,63.779998779296875,63.69499969482422,63.779998779296875,19994.0,-0.09409028204532266,0.0,-0.023543226909406023,0.10987238397446308
2024-11-15 10:59:00-05:00,63.77000045776367,63.83000183105469,63.7599983215332,63.81999969482422,11145.0,0.09417889523348766,0.07839926734845015,0.10204667088531405,0.06271702146900537
2024-11-15 11:00:00-05:00,63.814998626708984,63.81999969482422,63.75,63.77000045776367,15562.0,0.07056322506240331,-0.015669960745012812,-0.015681182240290248,-0.07834415120594462
2024-11-15 11:01:00-05:00,63.77000045776367,63.81999969482422,63.72999954223633,63.72999954223633,15652.0,-0.07051346848494511,0.0,-0.03137326708027022,-0.06272685469688177
2024-11-15 11:02:00-05:00,63.709999084472656,63.720001220703125,63.63999938964844,63.654998779296875,9523.0,-0.09409028204532266,-0.15668830241188925,-0.14122101558817768,-0.11768517727628325
2024-11-15 11:03:00-05:00,63.65439987182617,63.67100143432617,63.61000061035156,63.64500045776367,14789.0,-0.08726920961459328,-0.07689859610522376,-0.04713824573315817,-0.015707048503554866
2024-11-15 11:04:00-05:00,63.650001525878906,63.65999984741211,63.56999969482422,63.56999969482422,6962.0,-0.006909728088111411,-0.017278803012721333,-0.06288463314498838,-0.11784234802422189
2024-11-15 11:05:00-05:00,63.61000061035156,63.619998931884766,63.60499954223633,63.60499954223633,2236.0,-0.06284511322608433,-0.06283524288913656,0.05505717725362569,0.05505717725362569
2024-11-15 11:07:00-05:00,63.66999816894531,63.73500061035156,63.630001068115234,63.65999984741211,40505.0,0.09432095270878182,0.18076340835830873,0.03930748535310169,0.08647166979265375
2024-11-15 11:08:00-05:00,63.65999984741211,63.72999954223633,63.654998779296875,63.70000076293945,59859.0,-0.015703348234241687,-0.007846658927346262,0.03928604551630688,0.06283524288912545
2024-11-15 11:09:00-05:00,63.720001220703125,63.744998931884766,63.689998626708984,63.689998626708984,5801.0,0.09425286433371038,0.02353583831189443,0.05498365891649648,-0.015701940519108337
2024-11-15 11:10:00-05:00,63.70000076293945,63.720001220703125,63.685001373291016,63.689998626708984,41432.0,-0.03138803732033457,-0.03921517232803318,-0.007846213731699248,0.0
2024-11-15 11:11:00-05:00,63.689998626708984,63.75,63.689998626708984,63.71500015258789,7000.0,-0.015701940519108337,0.04707906265251083,0.007846829410707024,0.039255026563034257
2024-11-15 11:12:00-05:00,63.720001220703125,63.73500061035156,63.63999938964844,63.650001525878906,6874.0,0.04710722977085968,-0.02352845435048545,-0.07850406364992013,-0.10201463792407495
2024-11-15 11:13:00-05:00,63.709999084472656,63.75,63.70000076293945,63.7400016784668,5768.0,-0.015697011988158316,0.023533991534940846,0.0942824856481339,0.1413985081387681
2024-11-15 11:14:00-05:00,63.73270034790039,63.810001373291016,63.709999084472656,63.790000915527344,6676.0,0.03563218294453385,0.09411980124081065,0.015695951983452083,0.07844247841843899
2024-11-15 11:15:00-05:00,63.810001373291016,63.849998474121094,63.779998779296875,63.779998779296875,12506.0,0.12128942437501511,0.06268155456712332,0.10987238397446308,-0.01567978693669536
2024-11-15 11:16:00-05:00,63.7599983215332,63.834999084472656,63.75,63.834999084472656,5036.0,-0.0783624050801901,-0.023491605335768106,-0.0470347755895717,0.08623440926378567
2024-11-15 11:17:00-05:00,63.82500076293945,63.90999984741211,63.82500076293945,63.90999984741211,6769.0,0.10194862471364363,0.11749160180953844,0.1176482555913072,0.11749160180953844
2024-11-15 11:18:00-05:00,63.880001068115234,63.90999984741211,63.8650016784668,63.899898529052734,7496.0,0.08617360676588248,0.0,0.06267280070377801,-0.015805536509927443
2024-11-15 11:19:00-05:00,63.91999816894531,63.974998474121094,63.90999984741211,63.939998626708984,7925.0,0.0626128681297855,0.10170337484614045,0.07045826002143318,0.06275455607807068
2024-11-15 11:20:00-05:00,63.959999084472656,63.959999084472656,63.86000061035156,63.880001068115234,6620.0,0.06257965687297418,-0.023445705363334124,-0.07823382440920179,-0.09383415683823504
2024-11-15 11:21:00-05:00,63.8650016784668,63.970001220703125,63.8650016784668,63.970001220703125,14038.0,-0.14852627793254802,0.01563811190374853,0.007831299823735094,0.14088940369916259
2024-11-15 11:22:00-05:00,63.970001220703125,64.04000091552734,63.970001220703125,64.00499725341797,6924.0,0.16440857978043955,0.10942581442621169,0.16440857978043955,0.054706943953464204
2024-11-15 11:23:00-05:00,64.01499938964844,64.01499938964844,63.970001220703125,63.97999954223633,4831.0,0.07034261073415315,-0.039040483325236686,0.0,-0.03905587415724554
2024-11-15 11:24:00-05:00,63.9900016784668,64.05000305175781,63.9900016784668,64.01000213623047,6309.0,-0.03904977180345659,0.05468040684701858,0.03126537030173626,0.04689370773491852
2024-11-15 11:25:00-05:00,63.9900016784668,64.0199966430664,63.91999816894531,63.93000030517578,10941.0,0.0,-0.04684841102530202,-0.1093975741292108,-0.12498332820615188
2024-11-15 11:26:00-05:00,63.91999816894531,63.9296989440918,63.88999938964844,63.90999984741211,6002.0,-0.1093975741292108,-0.14104608514438066,-0.046931758692458914,-0.03128493300202928
2024-11-15 11:27:00-05:00,63.91999816894531,63.91999816894531,63.90999984741211,63.91999816894531,2559.0,0.0,-0.015174129249329038,0.03130452019837193,0.015644377338563942
2024-11-15 11:28:00-05:00,63.90999984741211,63.90999984741211,63.86000061035156,63.880001068115234,5014.0,-0.015641930255971825,-0.015641930255971825,-0.07823382440920179,-0.06257368894843074
2024-11-15 11:29:00-05:00,63.869998931884766,63.879398345947266,63.86000061035156,63.879398345947266,3622.0,-0.06258944707063785,-0.04788218046926085,0.0,-0.0009435224763487682
2024-11-15 11:30:00-05:00,63.875,63.875,63.84000015258789,63.869998931884766,10066.0,0.00783007389832946,-0.006885390378041922,-0.03131922576341539,-0.014714312134866958
2024-11-15 11:31:00-05:00,63.84000015258789,63.86000061035156,63.81999969482422,63.83000183105469,6494.0,-0.05479428166279554,-0.023482410408515175,-0.0313290377754849,-0.06262267339746108
2024-11-15 11:32:00-05:00,63.86000061035156,63.8849983215332,63.82500076293945,63.875,6763.0,0.0313290377754738,0.0391445520556255,0.007836208303269032,0.07049689433569206
2024-11-15 11:33:00-05:00,63.915000915527344,63.91999816894531,63.88999938964844,63.88999938964844,3138.0,0.08612637746649998,0.05478570608385969,0.10183881853822463,0.023482410408504073
2024-11-15 11:34:00-05:00,63.880001068115234,63.880001068115234,63.77000045776367,63.77000045776367,9639.0,-0.05475998890833722,-0.06257368894843074,-0.18782115046350745,-0.18782115046350745
2024-11-15 11:35:00-05:00,63.77000045776367,63.779998779296875,63.7400016784668,63.75,7847.0,-0.17219882359468253,-0.1565470994775442,-0.04704215004160961,-0.03136342734844089
2024-11-15 11:36:00-05:00,63.709999084472656,63.775001525878906,63.709999084472656,63.7400016784668,9619.0,-0.09409028204532266,-0.007835141915357724,-0.047070274873051154,-0.015683641620711786
2024-11-15 11:37:00-05:00,63.72999954223633,63.74300003051758,63.71500015258789,63.72999954223633,4649.0,0.03139296507783662,-0.0501787449559532,0.007849738168430598,-0.01569208655017862
2024-11-15 11:38:00-05:00,63.720001220703125,63.72999954223633,63.67499923706055,63.67499923706055,3163.0,-0.01568856363568516,-0.020395162253150634,-0.06278100201136949,-0.08630206428815734
2024-11-15 11:39:00-05:00,63.65999984741211,63.65999984741211,63.64500045776367,63.650001525878906,4401.0,-0.09416411196100372,-0.10983790260006288,-0.04711233554191008,-0.039258282655918464
2024-11-15 11:40:00-05:00,63.63999938964844,63.650001525878906,63.54999923706055,63.56999969482422,12411.0,-0.03141762144456273,-0.015705814572997134,-0.14926737374473253,-0.12569022645216865
2024-11-15 11:41:00-05:00,63.58000183105469,63.599998474121094,63.499900817871094,63.5099983215332,14313.0,-0.09427649146632744,-0.07855938815254371,-0.07883307598882672,-0.0943863041986126
2024-11-15 11:42:00-05:00,63.50510025024414,63.53499984741211,63.47999954223633,63.53499984741211,13378.0,-0.11780682392802388,-0.10219910105097041,-0.031340640502486306,0.03936628332492642
2024-11-15 11:43:00-05:00,63.54999923706055,63.619998931884766,63.52000045776367,63.619998931884766,15207.0,0.0707013871948492,0.1337830875529855,0.06301341495871249,0.1337830875529855
2024-11-15 11:44:00-05:00,63.650001525878906,63.650001525878906,63.59000015258789,63.60390090942383,7277.0,0.15736001576540648,0.047159060826551524,0.11020103010037641,-0.0253033994517593
2024-11-15 11:45:00-05:00,63.619998931884766,63.619998931884766,63.56999969482422,63.589900970458984,7032.0,-0.047136831539495994,-0.047136831539495994,-0.03145220587463804,-0.02201113259512333
2024-11-15 11:46:00-05:00,63.63999938964844,63.75,63.63999938964844,63.7400016784668,15003.0,0.03143737519561984,0.20433994073847384,0.11011435450725138,0.23604488404147528
2024-11-15 11:47:00-05:00,63.7400016784668,63.7400016784668,63.66999816894531,63.70000076293945,11159.0,0.15713747608021578,-0.015683641620711786,0.04713824573316927,-0.06275637664574507
2024-11-15 11:48:00-05:00,63.709999084472656,63.75,63.65999984741211,63.744998931884766,10451.0,-0.047070274873051154,0.015686101772693917,-0.015703348234241687,0.0706407667289799
2024-11-15 11:49:00-05:00,63.744998931884766,63.75,63.68000030517578,63.689998626708984,9704.0,0.054936191987242644,0.0,0.03141762144456273,-0.08628175715329478
2024-11-15 11:50:00-05:00,63.70000076293945,63.709999084472656,63.63999938964844,63.650001525878906,6944.0,-0.07059090077543573,-0.06274653416054043,-0.062815507750702,-0.06279965723425818
2024-11-15 11:51:00-05:00,63.650001525878906,63.68000030517578,63.619998931884766,63.619998931884766,9345.0,-0.07849173698853962,-0.047086453818812046,-0.031427495216040935,-0.047136831539495994
2024-11-15 11:52:00-05:00,63.630001068115234,63.630001068115234,63.54999923706055,63.54999923706055,15564.0,-0.031422556613047714,-0.07851638948010997,-0.1100278151515921,-0.1100278151515921
2024-11-15 11:53:00-05:00,63.560001373291016,63.61000061035156,63.560001373291016,63.58000183105469,10689.0,-0.11001051964353303,-0.03143243348725511,0.015739002911963063,0.04721100606503992
2024-11-15 11:54:00-05:00,63.58000183105469,63.66999816894531,63.58000183105469,63.66999816894531,13417.0,0.03146705055308008,0.09432095270878182,0.03146705055308008,0.14154818386096224
2024-11-15 11:55:00-05:00,63.619998931884766,63.650001525878906,63.54999923706055,63.54999923706055,12489.0,0.06290830399211522,-0.031406696468483375,-0.04718872779190253,-0.1884701355988061
2024-11-15 11:56:00-05:00,63.54999923706055,63.560001373291016,63.5,63.505001068115234,13060.0,-0.1100278151515921,-0.14139850813875698,-0.07867700654728971,-0.07080750509131928
2024-11-15 11:57:00-05:00,63.5099983215332,63.5099983215332,63.47999954223633,63.4900016784668,6716.0,-0.06294400630616481,-0.07867062724581375,-0.031496783879803036,-0.023619225881676975
2024-11-15 11:58:00-05:00,63.519901275634766,63.54999923706055,63.47999954223633,63.529998779296875,12394.0,0.015592748170800697,0.06298365073926782,0.0,0.0629974795600674
2024-11-15 11:59:00-05:00,63.53499984741211,63.54999923706055,63.5099983215332,63.529998779296875,11568.0,0.02376982878455891,0.0,0.047257056574046,0.0
2024-11-15 12:00:00-05:00,63.540000915527344,63.56999969482422,63.529998779296875,63.56999969482422,10265.0,0.007871359293698532,0.031472003153076855,0.03149182536963391,0.06296382228230257
2024-11-15 12:01:00-05:00,63.56999969482422,63.56999969482422,63.529998779296875,63.540000915527344,13495.0,0.04721243132614905,0.0,0.0,-0.04719015170817631
2024-11-15 12:02:00-05:00,63.540000915527344,63.540000915527344,63.5,63.52000045776367,12214.0,-0.04719015170817631,-0.04719015170817631,-0.04721986443143589,-0.03147695542256024
2024-11-15 12:03:00-05:00,63.52000045776367,63.529998779296875,63.47999954223633,63.47999954223633,11588.0,-0.03147695542256024,-0.015741479518971424,-0.031496783879803036,-0.06297373305899079
2024-11-15 12:04:00-05:00,63.470001220703125,63.4900016784668,63.470001220703125,63.4900016784668,6579.0,-0.07871416357088101,-0.06295781772172049,-0.01575034909467865,0.015756358384688696
2024-11-15 12:05:00-05:00,63.4900016784668,63.5099983215332,63.459999084472656,63.459999084472656,6999.0,0.031511670677497605,0.03149573560838892,-0.015758840457069656,-0.047255620099184714
2024-11-15 12:06:00-05:00,63.4900016784668,63.52000045776367,63.43560028076172,63.52000045776367,12791.0,0.0,0.015748915910585026,-0.038447532402985374,0.09454991200228413
2024-11-15 12:07:00-05:00,63.540000915527344,63.560001373291016,63.5099983215332,63.54999923706055,4728.0,0.07875135570756253,0.06297373305899079,0.11728121187819518,0.04722729704138562
2024-11-15 12:08:00-05:00,63.56999969482422,63.56999969482422,63.54499816894531,63.54499816894531,6080.0,0.04721243132614905,0.015730524413437585,0.0551091927839753,-0.007869501455981531
2024-11-15 12:09:00-05:00,63.560001373291016,63.58000183105469,63.54999923706055,63.56010055541992,6572.0,-0.015728050308638775,0.01573405109089876,0.007870120795239188,0.023766444110129292
2024-11-15 12:10:00-05:00,63.560001373291016,63.56999969482422,63.529998779296875,63.529998779296875,6947.0,0.0,-0.01573157587670959,-0.03147200315308796,-0.047359547672209956
2024-11-15 12:11:00-05:00,63.540000915527344,63.540000915527344,63.439998626708984,63.44449996948242,13082.0,-0.03146705055308008,-0.04719015170817631,-0.14166559785487864,-0.13458021636593154
2024-11-15 12:12:00-05:00,63.439998626708984,63.45000076293945,63.380001068115234,63.3849983215332,12824.0,-0.15738477711277898,-0.14164329759380756,-0.09457370727068426,-0.09378535251730602
2024-11-15 12:13:00-05:00,63.39500045776367,63.41999816894531,63.34260177612305,63.40999984741211,10576.0,-0.07093028045301875,-0.04728541155772925,-0.05900803307339331,0.039443916606396456
2024-11-15 12:14:00-05:00,63.400001525878906,63.41999816894531,63.38999938964844,63.400001525878906,17710.0,0.007888742139172678,0.0,0.07482738661874766,-0.01576773625179273
2024-11-15 12:15:00-05:00,63.400001525878906,63.41999816894531,63.380001068115234,63.3849983215332,18212.0,0.0,0.0,-0.01577271119966861,-0.02366435959718638
2024-11-15 12:16:00-05:00,63.38999938964844,63.38999938964844,63.29999923706055,63.345001220703125,24275.0,-0.015776239731457586,-0.047301766261420575,-0.12622567009538121,-0.06310184095483784
2024-11-15 12:17:00-05:00,63.34000015258789,63.439998626708984,63.314998626708984,63.38999938964844,16293.0,-0.07887559164215796,0.07887559164216906,0.023695718529581633,0.07103665337149234
2024-11-15 12:18:00-05:00,63.400001525878906,63.40999984741211,63.36000061035156,63.36000061035156,4909.0,0.09472903875351601,-0.04728685363534213,0.07107633991734197,-0.047324151420913285
2024-11-15 12:19:00-05:00,63.360198974609375,63.38999938964844,63.349998474121094,63.369998931884766,6248.0,-0.06278004781007374,-0.03154148842737792,-0.015786199706624426,0.01578017903549611
2024-11-15 12:20:00-05:00,63.40999984741211,63.40999984741211,63.369998931884766,63.400001525878906,5088.0,0.07859961554523842,0.031551440221244675,0.03157136266047633,0.04734510730604047
2024-11-15 12:21:00-05:00,63.40999984741211,63.41999816894531,63.369998931884766,63.369998931884766,11660.0,0.0,0.015767736251803832,0.0,-0.04732270232185032
2024-11-15 12:22:00-05:00,63.400001525878906,63.400001525878906,63.34000015258789,63.34149932861328,11743.0,-0.01576773625179273,-0.03153050085737963,-0.04733908758484118,-0.04497333714983398
2024-11-15 12:23:00-05:00,63.380001068115234,63.380001068115234,63.35499954223633,63.35499954223633,3811.0,-0.03154646259039273,-0.03154646259039273,0.023680754045307673,0.021313378695086982
2024-11-15 12:24:00-05:00,63.36000061035156,63.40999984741211,63.349998474121094,63.400001525878906,5907.0,-0.03155641752384808,0.04733161690015919,-0.007893722912744039,0.07103146392193338
2024-11-15 12:25:00-05:00,63.40999984741211,63.43000030517578,63.38999938964844,63.43000030517578,4892.0,0.07891293651973719,0.03154148842738902,0.06314272532095266,0.04731668544932788
2024-11-15 12:26:00-05:00,63.41999816894531,63.470001220703125,63.41999816894531,63.43000030517578,10598.0,0.015767736251803832,0.06306308581884856,0.04732415142092439,0.0
2024-11-15 12:27:00-05:00,63.439998626708984,63.459999084472656,63.42499923706055,63.439998626708984,5364.0,0.03153651583274186,-0.015758840457069656,0.007885632702020473,0.01576276444126279
2024-11-15 12:28:00-05:00,63.439998626708984,63.47999954223633,63.439998626708984,63.47999954223633,7561.0,0.0,0.03151663733409471,0.023649018256000076,0.06305314689982744
2024-11-15 12:29:00-05:00,63.5,63.54999923706055,63.4900016784668,63.5,12654.0,0.09457972034974116,0.11027047153275849,0.07881944016430165,0.031506707479356244
2024-11-15 12:30:00-05:00,63.4900016784668,63.4900016784668,63.470001220703125,63.47999954223633,8094.0,-0.015745388241261704,-0.0944100067884257,-0.03150174395168959,-0.031496783879803036
2024-11-15 12:31:00-05:00,63.5,63.560001373291016,63.4900016784668,63.560001373291016,9134.0,0.015747867804183358,0.11025309965924102,0.031511670677497605,0.12602682991744718
2024-11-15 12:32:00-05:00,63.56999969482422,63.599998474121094,63.54999923706055,63.599998474121094,7041.0,0.11023573988064861,0.06292809937993304,0.09449922351174589,0.06292809937993304
2024-11-15 12:33:00-05:00,63.619998931884766,63.630001068115234,63.599998474121094,63.61000061035156,10348.0,0.07865225310772495,0.04717389105968195,0.07867700654728971,0.015726629670509418
2024-11-15 12:34:00-05:00,63.61000061035156,63.65999984741211,63.61000061035156,63.63999938964844,7047.0,-0.015715689564699264,0.04714565266903392,0.015726629670509418,0.047160476354402014
2024-11-15 12:35:00-05:00,63.630001068115234,63.630001068115234,63.59000015258789,63.595001220703125,3668.0,0.03144231657248309,-0.04712343601755986,-0.03144231657249419,-0.0707073685997428
2024-11-15 12:36:00-05:00,63.58000183105469,63.59000015258789,63.56019973754883,63.56999969482422,6661.0,-0.07857808615627793,-0.06286486697449911,-0.046863366830562914,-0.039313665223683625
2024-11-15 12:37:00-05:00,63.56999969482422,63.599998474121094,63.56999969482422,63.599998474121094,6297.0,-0.01573157587670959,0.015723103489873047,0.015418386530963168,0.04719015170817631
2024-11-15 12:38:00-05:00,63.62990188598633,63.62990188598633,63.61000061035156,63.6150016784668,9430.0,0.09423028385979748,0.04701794431236639,0.06292420279907507,0.023589944505753024
2024-11-15 12:39:00-05:00,63.63999938964844,63.63999938964844,63.61000061035156,63.61000061035156,6671.0,0.01586911713333805,0.01586911713333805,0.0,-0.007861460321123559
2024-11-15 12:40:00-05:00,63.61000061035156,63.630001068115234,63.59000015258789,63.59000015258789,9929.0,-0.04713824573315817,-0.015710750517117233,-0.03144231657249419,-0.03144231657249419
2024-11-15 12:41:00-05:00,63.58000183105469,63.599998474121094,63.58000183105469,63.58000183105469,4775.0,-0.04716047635439091,-0.0471516477927203,-0.015723103489873047,-0.015723103489873047
2024-11-15 12:42:00-05:00,63.59000015258789,63.599998474121094,63.540000915527344,63.54999923706055,10034.0,0.015725576038461142,0.0,-0.06291430383036367,-0.04718872779190253
2024-11-15 12:43:00-05:00,63.599998474121094,63.6150016784668,63.560001373291016,63.58000183105469,12558.0,0.015723103489873047,0.023589944505753024,0.03147695542256024,0.04721100606503992
2024-11-15 12:44:00-05:00,63.56999969482422,63.599998474121094,63.56999969482422,63.599998474121094,5716.0,-0.04716789310785785,-0.023584380963370677,0.015730524413437585,0.03145115207694449
2024-11-15 12:45:00-05:00,63.560001373291016,63.65999984741211,63.54999923706055,63.63999938964844,10242.0,-0.015728050308638775,0.0943417841675398,-0.031462101399537534,0.06289452277836727
2024-11-15 12:46:00-05:00,63.63999938964844,63.65999984741211,63.599998474121094,63.619998931884766,18451.0,0.1258622004860932,0.0,0.07867700654728971,-0.031427495216040935
2024-11-15 12:47:00-05:00,63.61000061035156,63.619998931884766,63.58000183105469,63.58000183105469,5578.0,-0.04713824573315817,-0.06283524288913656,-0.031441263437359535,-0.06286875432504058
2024-11-15 12:48:00-05:00,63.584999084472656,63.59000015258789,63.560001373291016,63.560001373291016,4319.0,-0.03930439496778737,-0.04715306476033021,-0.031457151915181836,-0.031457151915181836
2024-11-15 12:49:00-05:00,63.560001373291016,63.599998474121094,63.560001373291016,63.584999084472656,5113.0,-0.03931385002998722,0.015723103489873047,0.0,0.03932931189669642
2024-11-15 12:50:00-05:00,63.58000183105469,63.58000183105469,63.5099983215332,63.529998779296875,9557.0,0.03146705055308008,-0.031441263437359535,-0.07867062724581375,-0.08649886917937444
2024-11-15 12:51:00-05:00,63.540000915527344,63.56999969482422,63.529998779296875,63.54999923706055,9627.0,-0.06291430383036367,-0.01573157587670959,0.03149182536963391,0.031481911141151286
2024-11-15 12:52:00-05:00,63.540000915527344,63.560001373291016,63.529998779296875,63.540000915527344,4248.0,0.0,-0.015728050308638775,0.0,-0.015733000241124895
2024-11-15 12:53:00-05:00,63.56019973754883,63.56019973754883,63.540000915527344,63.54999923706055,3098.0,0.03178914342216732,0.00031208976325469706,0.015743957850866686,0.015735475903588814
2024-11-15 12:54:00-05:00,63.560001373291016,63.560001373291016,63.540000915527344,63.560001373291016,5465.0,-0.00031208878925603756,-0.00031208878925603756,0.0,0.015739002911963063
2024-11-15 12:55:00-05:00,63.560001373291016,63.56999969482422,63.54999923706055,63.560001373291016,3402.0,0.0,0.015730524413437585,0.015735475903588814,0.0
2024-11-15 12:56:00-05:00,63.55500030517578,63.609901428222656,63.52000045776367,63.58000183105469,13508.0,-0.007868263069821246,0.06276818246027105,-0.04720500339421285,0.03146705055308008
2024-11-15 12:57:00-05:00,63.584999084472656,63.584999084472656,63.54999923706055,63.56999969482422,5062.0,0.047201288888087944,-0.039148533783062156,0.04722729704138562,-0.01573157587670959
2024-11-15 12:58:00-05:00,63.56999969482422,63.619998931884766,63.560001373291016,63.619998931884766,92605.0,-0.023589509891330795,0.055044189535347066,0.015739002911963063,0.07865225310772495
2024-11-15 12:59:00-05:00,63.619998931884766,63.65999984741211,63.61000061035156,63.619998931884766,14501.0,0.07865225310772495,0.06287475039126189,0.07866462551959774,0.0
2024-11-15 13:00:00-05:00,63.619998931884766,63.619998931884766,63.54499816894531,63.56999969482422,21536.0,0.0,-0.06283524288913656,-0.10218902811277575,-0.07859043995596116
2024-11-15 13:01:00-05:00,63.564998626708984,63.61000061035156,63.564998626708984,63.59000015258789,9688.0,-0.086451282771427,-0.015715689564699264,0.031474480037751995,0.031462101399548636
2024-11-15 13:02:00-05:00,63.584999084472656,63.619998931884766,63.57500076293945,63.59000015258789,10968.0,0.03146457672582592,0.015718159781896723,0.015735288990104124,0.0
2024-11-15 13:03:00-05:00,63.58000183105469,63.58000183105469,63.4900016784668,63.4900016784668,9630.0,-0.007859170385970948,-0.06286875432504058,-0.13369891223375951,-0.15725503047828715
2024-11-15 13:04:00-05:00,63.505001068115234,63.5099983215332,63.45000076293945,63.459999084472656,7202.0,-0.11796281972238365,-0.1101030316222662,-0.06300348790336807,-0.047255620099184714
2024-11-15 13:05:00-05:00,63.439998626708984,63.459999084472656,63.43000030517578,63.45000076293945,5090.0,-0.10235798805282581,-0.0787265601983056,-0.03152160366143297,-0.015755313075083155
2024-11-15 13:06:00-05:00,63.45000076293945,63.459999084472656,63.41999816894531,63.459999084472656,8239.0,0.015766293264474207,0.0,-0.01576877846815039,0.015757795765147797
2024-11-15 13:07:00-05:00,63.439998626708984,63.45500183105469,63.40999984741211,63.40999984741211,6677.0,-0.015763807896296278,-0.007874650945571826,-0.015765250428689814,-0.07878858774327258
2024-11-15 13:08:00-05:00,63.41999816894531,63.45000076293945,63.41999816894531,63.43000030517578,9324.0,-0.03152657344991372,-0.007881282753008367,0.015767736251803832,0.03154148842738902
2024-11-15 13:09:00-05:00,63.439998626708984,63.459999084472656,63.43000030517578,63.43000030517578,6585.0,0.03153651583274186,0.015757795765147797,0.015771265404040946,0.0
2024-11-15 13:10:00-05:00,63.41999816894531,63.43000030517578,63.400001525878906,63.41999816894531,5365.0,-0.03152657344991372,-0.047271950409177865,-0.04729430735068707,-0.01576877846815039
2024-11-15 13:11:00-05:00,63.43000030517578,63.470001220703125,63.400001525878906,63.439998626708984,7236.0,0.015771265404040946,0.06306308581884856,0.0,0.03153651583274186
2024-11-15 13:12:00-05:00,63.41999816894531,63.45000076293945,63.400001525878906,63.439998626708984,9076.0,-0.01576877846815039,-0.031511670677497605,0.0,0.0
2024-11-15 13:13:00-05:00,63.439998626708984,63.470001220703125,63.415000915527344,63.41999816894531,7784.0,0.03153651583274186,0.031521603661444075,0.02365834272466394,-0.03152657344991372
2024-11-15 13:14:00-05:00,63.43000030517578,63.439998626708984,63.41999816894531,63.439998626708984,5842.0,-0.01576028018542841,-0.04727051113456726,0.007880238659341288,0.03153651583274186
2024-11-15 13:15:00-05:00,63.4375,63.459999084472656,63.415000915527344,63.45000076293945,9679.0,0.011823576837666216,0.03152657344991372,-0.007879617726658239,0.015766293264474207
2024-11-15 13:16:00-05:00,63.47999954223633,63.47999954223633,63.439998626708984,63.459999084472656,5905.0,0.06699435229371442,0.03151663733409471,0.039419239644788995,0.015757795765147797
2024-11-15 13:17:00-05:00,63.470001220703125,63.52000045776367,63.470001220703125,63.47999954223633,13597.0,-0.01575034909467865,0.06301341495871249,0.04729286671438793,0.03151663733409471
2024-11-15 13:18:00-05:00,63.47999954223633,63.47999954223633,63.459999084472656,63.47999954223633,5020.0,0.01575283022043905,-0.06297373305899079,-0.015758840457069656,0.0
2024-11-15 13:19:00-05:00,63.47999954223633,63.5,63.470001220703125,63.470001220703125,6754.0,0.0,0.031506707479356244,0.015761324259000453,-0.01575034909467865
2024-11-15 13:20:00-05:00,63.460201263427734,63.4900016784668,63.459999084472656,63.4900016784668,4445.0,-0.031188215109267947,-0.015745388241261704,-0.015758840457069656,0.031511670677497605
2024-11-15 13:21:00-05:00,63.5,63.5,63.43000030517578,63.43000030517578,6744.0,0.06271448211621067,0.015747867804183358,-0.047271950409177865,-0.09450523185505766
2024-11-15 13:22:00-05:00,63.439998626708984,63.45000076293945,63.43000030517578,63.45000076293945,4791.0,-0.09449035163939801,-0.07873895600085667,0.0,0.03153154290942428
2024-11-15 13:23:00-05:00,63.439998626708984,63.439998626708984,63.404998779296875,63.404998779296875,6333.0,0.0,-0.015763807896296278,-0.039415932143493926,-0.07092511127102519
2024-11-15 13:24:00-05:00,63.40999984741211,63.40999984741211,63.38999938964844,63.38999938964844,3133.0,-0.04728685363534213,-0.04728685363534213,-0.023656478096700795,-0.023656478096700795
2024-11-15 13:25:00-05:00,63.38999938964844,63.439998626708984,63.380001068115234,63.43000030517578,11996.0,-0.03154148842737792,0.04730922467917065,-0.01577271119966861,0.06310288044248935
2024-11-15 13:26:00-05:00,63.41999816894531,63.43000030517578,63.40999984741211,63.43000030517578,2941.0,0.04732415142092439,-0.01576028018542841,0.04733161690015919,0.0
2024-11-15 13:27:00-05:00,63.439998626708984,63.459999084472656,63.439998626708984,63.45000076293945,5050.0,0.03153651583274186,0.04729430735068707,0.04730922467917065,0.03153154290942428
2024-11-15 13:28:00-05:00,63.459999084472656,63.459999084472656,63.400001525878906,63.43000030517578,15401.0,0.03152657344991372,0.0,-0.06304713382077054,-0.03152160366143297
2024-11-15 13:29:00-05:00,63.41999816894531,63.41999816894531,63.38999938964844,63.38999938964844,9225.0,-0.06303327466818942,-0.06303327466818942,-0.015776239731457586,-0.06306308581883746
2024-11-15 13:30:00-05:00,63.38999938964844,63.400001525878906,63.369998931884766,63.39500045776367,10165.0,-0.047301766261420575,-0.03153050085737963,-0.031551440221244675,0.007889364510793584
2024-11-15 13:31:00-05:00,63.40999984741211,63.45000076293945,63.40999984741211,63.439998626708984,5378.0,0.031551440221244675,0.07886314803973171,0.0631227965939285,0.07098062721095921
2024-11-15 13:32:00-05:00,63.43000030517578,63.52989959716797,63.43000030517578,63.52989959716797,8244.0,0.03154148842738902,0.12592408710447867,0.03154148842738902,0.14171023392981486
2024-11-15 13:33:00-05:00,63.5099983215332,63.52000045776367,63.5,63.505001068115234,5707.0,0.12612015761079842,-0.0155818590412804,0.11035739316953563,-0.03919182811654709
2024-11-15 13:34:00-05:00,63.505001068115234,63.5099983215332,63.5,63.5099983215332,4594.0,-0.007868451503756368,-0.015746436017616272,0.0,0.007869070677779533
2024-11-15 13:35:00-05:00,63.505001068115234,63.52000045776367,63.47999954223633,63.4900016784668,6247.0,0.0,0.015748915910585026,-0.031496783879803036,-0.03148581891809776
2024-11-15 13:36:00-05:00,63.5099983215332,63.53499984741211,63.5,63.529998779296875,3968.0,0.007869070677779533,0.023613648520681707,0.031506707479356244,0.0629974795600674
2024-11-15 13:37:00-05:00,63.529998779296875,63.540000915527344,63.529998779296875,63.529998779296875,5539.0,0.03149182536963391,0.007871359293698532,0.04724217212106474,0.0
2024-11-15 13:38:00-05:00,63.540000915527344,63.55500030517578,63.540000915527344,63.54999923706055,3415.0,0.015743957850866686,0.023606215663063423,0.015743957850866686,0.031481911141151286
2024-11-15 13:39:00-05:00,63.54999923706055,63.599998474121094,63.54999923706055,63.584999084472656,8423.0,0.015735475903588814,0.07080193333213192,0.015735475903588814,0.05507450485018328
2024-11-15 13:40:00-05:00,63.59000015258789,63.599998474121094,63.56230163574219,63.56230163574219,4859.0,0.06294400630617591,0.0,0.019358613421460724,-0.035696231905757436
2024-11-15 13:41:00-05:00,63.560001373291016,63.560001373291016,63.51020050048828,63.54999923706055,9174.0,-0.04717530936451109,-0.06288852482654317,-0.08196861018734403,-0.019354866587650843
2024-11-15 13:42:00-05:00,63.56999969482422,63.56999969482422,63.540000915527344,63.54999923706055,3717.0,0.015730524413437585,0.015730524413437585,0.04692224997593364,0.0
2024-11-15 13:43:00-05:00,63.529998779296875,63.529998779296875,63.52000045776367,63.52479934692383,2470.0,-0.06292420279907507,-0.06292420279907507,-0.03147695542256024,-0.03965364349213241
2024-11-15 13:44:00-05:00,63.540000915527344,63.540000915527344,63.52000045776367,63.52000045776367,2194.0,0.015743957850866686,0.015743957850866686,0.0,-0.00755435547926675
2024-11-15 13:45:00-05:00,63.52000045776367,63.560001373291016,63.52000045776367,63.529998779296875,45821.0,-0.03147695542256024,0.03147695542256024,0.0,0.015740430511890224
2024-11-15 13:46:00-05:00,63.523399353027344,63.523399353027344,63.43000030517578,63.45000076293945,7575.0,0.005350905603229705,-0.05758656304726273,-0.1416878966298718,-0.12592164000401196
2024-11-15 13:47:00-05:00,63.450401306152344,63.474998474121094,63.439998626708984,63.4474983215332,5204.0,-0.11491520859788773,-0.07619377961382012,0.01576276444126279,-0.003943958039653861
2024-11-15 13:48:00-05:00,63.459999084472656,63.470001220703125,63.41999816894531,63.41999816894531,4626.0,0.015126426504386004,-0.007872790134855201,-0.03152657344991372,-0.04334316295423468
2024-11-15 13:49:00-05:00,63.439998626708984,63.439998626708984,63.415000915527344,63.415000915527344,4084.0,-0.03151663733409471,-0.04727051113456726,-0.007879617726658239,-0.007879617726658239
2024-11-15 13:50:00-05:00,63.41999816894531,63.42499923706055,63.38999938964844,63.40999984741211,5778.0,-0.03152657344991372,-0.023643426817676616,-0.03942525509414985,-0.00788625410870214
2024-11-15 13:51:00-05:00,63.404998779296875,63.43000030517578,63.404998779296875,63.43000030517578,3011.0,-0.023650883130710287,0.00788501091901761,0.02366207571045109,0.03154148842738902
2024-11-15 13:52:00-05:00,63.43000030517578,63.45500183105469,63.43000030517578,63.43000030517578,3026.0,0.03943147442668771,0.039415932143493926,0.03943147442668771,0.0
2024-11-15 13:53:00-05:00,63.43000030517578,63.43000030517578,63.38999938964844,63.38999938964844,4843.0,0.0,-0.03940040210773654,-0.06306308581883746,-0.06306308581883746
2024-11-15 13:54:00-05:00,63.400001525878906,63.415000915527344,63.38999938964844,63.40999984741211,3971.0,-0.04729430735068707,-0.023647153675343535,0.0,0.031551440221244675
2024-11-15 13:55:00-05:00,63.400001525878906,63.400001525878906,63.38999938964844,63.38999938964844,3569.0,0.0,-0.023652746876745567,0.0,-0.03154148842737792
2024-11-15 13:56:00-05:00,63.400001525878906,63.400001525878906,63.369998931884766,63.369998931884766,3676.0,0.0,0.0,-0.031551440221244675,-0.031551440221244675
2024-11-15 13:57:00-05:00,63.349998474121094,63.369998931884766,63.31999969482422,63.31999969482422,7283.0,-0.07886916491224305,-0.04732270232185032,-0.07890048588179432,-0.07890048588179432
2024-11-15 13:58:00-05:00,63.31999969482422,63.349998474121094,63.29999923706055,63.349998474121094,3942.0,-0.04735403317985831,-0.03156139829696425,-0.031586320056953276,0.04737646784815919
2024-11-15 13:59:00-05:00,63.34000015258789,63.36000061035156,63.33000183105469,63.35960006713867,4882.0,0.031586320056953276,0.01578869214109435,0.0473974634372043,0.01515642186085131
2024-11-15 14:00:00-05:00,63.34000015258789,63.369998931884766,63.33000183105469,63.369998931884766,4554.0,0.0,0.01578017903549611,0.0,0.016412453258984883
2024-11-15 14:01:00-05:00,63.3650016784668,63.380001068115234,63.3650016784668,63.369998931884766,4286.0,0.03947193845701413,0.01578370900907622,0.05526582409625114,0.0
2024-11-15 14:02:00-05:00,63.400001525878906,63.400001525878906,63.33000183105469,63.345001220703125,12775.0,0.05523529785371739,0.03155641752383698,-0.05523529785370629,-0.039447233080291966
2024-11-15 14:03:00-05:00,63.349998474121094,63.349998474121094,63.28929901123047,63.28929901123047,7232.0,-0.07886916491224305,-0.07886916491224305,-0.06427099107434442,-0.08793465687778612
2024-11-15 14:04:00-05:00,63.31999969482422,63.31999969482422,63.29499816894531,63.29999923706055,2392.0,-0.04735403317985831,-0.04735403317985831,0.009004931013434359,0.01690684838866474
2024-11-15 14:05:00-05:00,63.29499816894531,63.29999923706055,63.275001525878906,63.28499984741211,5080.0,-0.03948440618983806,-0.031586320056953276,-0.03159276979995962,-0.02369571852957053
2024-11-15 14:06:00-05:00,63.290000915527344,63.290000915527344,63.27000045776367,63.27000045776367,4761.0,-0.00789517902288761,-0.015795136893692607,-0.007903702875755592,-0.023701334731141
2024-11-15 14:07:00-05:00,63.2599983215332,63.279998779296875,63.2599983215332,63.2599983215332,6234.0,-0.04740495111413834,-0.01580365948140594,-0.015808655220650447,-0.015808655220650447
2024-11-15 14:08:00-05:00,63.26839828491211,63.290000915527344,63.2599983215332,63.2599983215332,10612.0,0.01327847550076644,0.015806157432707302,0.0,0.0
2024-11-15 14:09:00-05:00,63.2599983215332,63.279998779296875,63.189998626708984,63.20000076293945,9241.0,-0.01327671255573204,-0.01580365948140594,-0.11065396250633519,-0.09484280775474696
2024-11-15 14:10:00-05:00,63.20000076293945,63.20000076293945,63.18000030517578,63.20000076293945,9612.0,-0.09484280775474696,-0.1264191180477603,-0.015822632933204517,0.0
2024-11-15 14:11:00-05:00,63.18000030517578,63.20000076293945,63.16999816894531,63.18000030517578,8539.0,-0.031646293547826776,0.0,-0.015831174710601026,-0.031646293547826776
2024-11-15 14:12:00-05:00,63.18000030517578,63.209999084472656,63.18000030517578,63.189998626708984,10728.0,0.0,0.015820128817245482,0.015833681368349062,0.015825136886538083
2024-11-15 14:13:00-05:00,63.16999816894531,63.22999954223633,63.130001068115234,63.22999954223633,18053.0,-0.015831174710601026,0.031641287855332934,-0.07913776008078299,0.06330260547029454
2024-11-15 14:14:00-05:00,63.23500061035156,63.25,63.224998474121094,63.22999954223633,8416.0,0.10290081255408534,0.031631279311183924,0.1504790185309135,0.0
2024-11-15 14:15:00-05:00,63.2400016784668,63.2599983215332,63.22999954223633,63.25,27637.0,0.00790870256497378,0.01580762297739291,0.007909953714402285,0.031631279311183924
2024-11-15 14:16:00-05:00,63.25,63.27000045776367,63.209999084472656,63.25,14555.0,0.01581012218190292,0.015811154751577128,-0.031631279311195026,0.0
2024-11-15 14:17:00-05:00,63.275001525878906,63.275001525878906,63.25,63.27000045776367,6037.0,0.0395281041563722,0.007904327610330775,0.06328257571066587,0.031621277096705036
2024-11-15 14:18:00-05:00,63.290000915527344,63.290000915527344,63.2400016784668,63.25,6714.0,0.023705079868396872,0.023705079868396872,-0.01580762297739291,-0.03161128120588996
2024-11-15 14:19:00-05:00,63.27000045776367,63.279998779296875,63.25,63.2599983215332,6880.0,-0.0316012916327324,-0.01580365948140594,0.01581012218190292,0.01580762297739291
2024-11-15 14:20:00-05:00,63.2599983215332,63.27949905395508,63.255001068115234,63.27000045776367,6624.0,-0.015808655220650447,-0.0007897050433580688,0.007906827059667165,0.015811154751577128
2024-11-15 14:21:00-05:00,63.27000045776367,63.29999923706055,63.25,63.29999923706055,7352.0,0.015811154751577128,0.0323962474607864,-0.007906201929941403,0.04741390719114058
2024-11-15 14:22:00-05:00,63.29999923706055,63.310001373291016,63.27000045776367,63.279998779296875,5092.0,0.04741390719114058,0.015801163271755847,0.031621277096705036,-0.03159630016545956
2024-11-15 14:23:00-05:00,63.279998779296875,63.290000915527344,63.224998474121094,63.22999954223633,8374.0,-0.03159630016545956,-0.03159130837123714,-0.0711268900220996,-0.07901270231519542
2024-11-15 14:24:00-05:00,63.22999954223633,63.22999954223633,63.189998626708984,63.189998626708984,5770.0,-0.07901270231519542,-0.09480387489818609,-0.05535760894709307,-0.06326255862239005
2024-11-15 14:25:00-05:00,63.189998626708984,63.209999084472656,63.18000030517578,63.18000030517578,7022.0,-0.06326255862239005,-0.031631279311195026,-0.015822632933204517,-0.015822632933204517
2024-11-15 14:26:00-05:00,63.20000076293945,63.25,63.19499969482422,63.25,11177.0,0.015828669801942752,0.06328257571066587,0.023740724241827493,0.110794071677911
2024-11-15 14:27:00-05:00,63.2599983215332,63.290000915527344,63.2400016784668,63.290000915527344,16625.0,0.09493284473016672,0.06324255419343228,0.07121130447012014,0.06324255419343228
2024-11-15 14:28:00-05:00,63.31999969482422,63.31999969482422,63.23500061035156,63.2400016784668,21146.0,0.09484883794343979,0.04739892378404775,-0.007908077138674141,-0.07900021541678015
2024-11-15 14:29:00-05:00,63.2400016784668,63.27000045776367,63.2400016784668,63.2400016784668,5944.0,-0.12633925575328275,-0.07896278790512357,0.00790870256497378,0.0
2024-11-15 14:30:00-05:00,63.25,63.25,63.16999816894531,63.16999816894531,11391.0,0.01581012218190292,-0.03161128120588996,-0.11069498365513519,-0.11069498365513519
2024-11-15 14:31:00-05:00,63.154998779296875,63.165000915527344,63.11000061035156,63.11000061035156,9814.0,-0.15019955842391353,-0.1343859043045903,-0.09497793308983482,-0.09497793308983482
2024-11-15 14:32:00-05:00,63.130001068115234,63.150001525878906,63.130001068115234,63.13999938964844,7874.0,-0.03958152428915618,-0.023746361800103255,0.03169142381593826,0.04753411346338776
2024-11-15 14:33:00-05:00,63.14500045776367,63.14500045776367,63.08000183105469,63.08000183105469,6234.0,0.023759526999289626,-0.007919347576235136,-0.07920043753302242,-0.09502305855831894
2024-11-15 14:34:00-05:00,63.099998474121094,63.13999938964844,63.09000015258789,63.09000015258789,12308.0,-0.07126769073773076,-0.007919974786574357,0.01585022391086266,0.01585022391086266
2024-11-15 14:35:00-05:00,63.09000015258789,63.130001068115234,63.06999969482422,63.130001068115234,8463.0,-0.01584520091122421,-0.015835162543320624,-0.031701470463307846,0.06340294092661569
2024-11-15 14:36:00-05:00,63.099998474121094,63.099998474121094,63.08000183105469,63.09000015258789,6652.0,0.015847712013039583,-0.04752509660465032,0.015858785918609897,-0.06336276706883082
2024-11-15 14:37:00-05:00,63.08000183105469,63.119998931884766,63.08000183105469,63.099998474121094,4929.0,-0.03169040182244842,0.03169644730161014,0.0,0.015847712013039583
2024-11-15 14:38:00-05:00,63.09000015258789,63.189998626708984,63.09000015258789,63.189998626708984,8990.0,0.01585022391086266,0.11089939164885543,0.01585022391086266,0.14263099011768698
2024-11-15 14:39:00-05:00,63.20500183105469,63.220001220703125,63.17499923706055,63.220001220703125,10644.0,0.1822819435546963,0.047479972537067816,0.13472671464112018,0.047479972537067816
2024-11-15 14:40:00-05:00,63.224998474121094,63.279998779296875,63.209999084472656,63.279998779296875,7873.0,0.03163775411296754,0.09490281150785762,0.05540142118685143,0.09490281150785762
2024-11-15 14:41:00-05:00,63.310001373291016,63.39500045776367,63.27000045776367,63.38999938964844,60104.0,0.134445079037393,0.18173464077946289,0.0949238635659988,0.17383156206309813
2024-11-15 14:42:00-05:00,63.400001525878906,63.52000045776367,63.38999938964844,63.5099983215332,18052.0,0.14215787495759358,0.19717643204890667,0.18966165799993995,0.1893026235055606
2024-11-15 14:43:00-05:00,63.5,63.5,63.45000076293945,63.47999954223633,12265.0,0.15772629607946342,-0.031486866529495394,0.09465432066373403,-0.04723473482868279
2024-11-15 14:44:00-05:00,63.474998474121094,63.47999954223633,63.45000076293945,63.47999954223633,6647.0,-0.0393724816990626,-0.031496783879803036,0.0,0.0
2024-11-15 14:45:00-05:00,63.46500015258789,63.470001220703125,63.41999816894531,63.435001373291016,9814.0,-0.015751590033163954,-0.01575034909467865,-0.04728541155772925,-0.0708855848610579
2024-11-15 14:46:00-05:00,63.41999816894531,63.5,63.40999984741211,63.5,31399.0,-0.07090834875030927,0.04726450089793666,-0.015765250428689814,0.10246492520191719
2024-11-15 14:47:00-05:00,63.5,63.51499938964844,63.45000076293945,63.45000076293945,18205.0,0.12614606333094525,0.02362108606053237,0.06308297685475583,-0.07873895600085667
2024-11-15 14:48:00-05:00,63.46500015258789,63.470001220703125,63.439998626708984,63.45000076293945,8172.0,-0.055117869940324304,-0.07084652346331932,-0.015763807896296278,0.0
2024-11-15 14:49:00-05:00,63.45000076293945,63.45500183105469,63.439998626708984,63.439998626708984,9809.0,-0.023634112680015473,-0.02363225044896833,0.0,-0.015763807896296278
2024-11-15 14:50:00-05:00,63.439998626708984,63.470001220703125,63.43000030517578,63.459999084472656,9715.0,-0.015763807896296278,0.023637836601708706,-0.01576028018542841,0.03152657344991372
2024-11-15 14:51:00-05:00,63.459999084472656,63.459999084472656,63.40999984741211,63.415000915527344,7077.0,0.03152657344991372,-0.015758840457069656,-0.03153154290942428,-0.07090792561376125
2024-11-15 14:52:00-05:00,63.4275016784668,63.43000030517578,63.40999984741211,63.41999816894531,10945.0,-0.05120927588196933,-0.047271950409177865,0.0,0.007880238659341288
2024-11-15 14:53:00-05:00,63.41999816894531,63.42499923706055,63.369998931884766,63.38999938964844,7216.0,-0.011830056872685901,-0.007884389234069644,-0.06308297685475583,-0.047301766261420575
2024-11-15 14:54:00-05:00,63.380001068115234,63.380001068115234,63.34000015258789,63.369998931884766,5271.0,-0.06306701669011039,-0.07094705476798913,-0.04733908758484118,-0.031551440221244675
2024-11-15 14:55:00-05:00,63.369998931884766,63.38999938964844,63.369998931884766,63.3849983215332,4409.0,-0.01578121814753697,0.01577519937630001,0.04736150809063755,0.02366954379242614
2024-11-15 14:56:00-05:00,63.3849983215332,63.39500045776367,63.369998931884766,63.39500045776367,6629.0,0.02366954379242614,0.007889364510793584,0.0,0.015779973961227434
2024-11-15 14:57:00-05:00,63.39469909667969,63.39469909667969,63.36000061035156,63.369998931884766,10045.0,0.01530452852152031,-0.00047537042638934324,-0.015777689287876928,-0.03943769334864289
2024-11-15 14:58:00-05:00,63.380001068115234,63.400001525878906,63.36000061035156,63.36000061035156,6876.0,-0.023184948858323562,0.008364152326256757,0.0,-0.015777689287876928
2024-11-15 14:59:00-05:00,63.36000061035156,63.36000061035156,63.31999969482422,63.32500076293945,6559.0,-0.03155641752384808,-0.06309292518079657,-0.06313275748424108,-0.05523965763092331
2024-11-15 15:00:00-05:00,63.310001373291016,63.31999969482422,63.290000915527344,63.310001373291016,6983.0,-0.07891293651972608,-0.06313275748424108,-0.04737646784815919,-0.02368636315471795
2024-11-15 15:01:00-05:00,63.31999969482422,63.34000015258789,63.314998626708984,63.31999969482422,4246.0,0.015792641472622826,0.031586320056953276,0.03949709404333923,0.015792641472622826
2024-11-15 15:02:00-05:00,63.32899856567383,63.36000061035156,63.32899856567383,63.36000061035156,14779.0,0.014211735459546126,0.031576346251172005,0.022111567983107427,0.06317264011390655
2024-11-15 15:03:00-05:00,63.36000061035156,63.369998931884766,63.33000183105469,63.349998474121094,7271.0,0.048953947448859836,0.01578017903549611,0.0015842116622533098,-0.015786199706624426
2024-11-15 15:04:00-05:00,63.349998474121094,63.349998474121094,63.2599983215332,63.302398681640625,20167.0,-0.015786199706624426,-0.03156139829696425,-0.1105376717155826,-0.07513779578055546
2024-11-15 15:05:00-05:00,63.29999923706055,63.33000183105469,63.2599983215332,63.29999923706055,19151.0,-0.07892539584033464,-0.03156534103876396,0.0,-0.0037904481189454664
2024-11-15 15:06:00-05:00,63.27370071411133,63.30500030517578,63.224998474121094,63.22999954223633,14272.0,-0.04154585034152891,-0.039478170150064607,-0.055326981253167595,-0.11058403739006017
2024-11-15 15:07:00-05:00,63.224998474121094,63.22999954223633,63.16999816894531,63.16999816894531,9159.0,-0.07697074683569172,-0.11847525879139509,-0.0869913902778352,-0.09489383793358508
2024-11-15 15:08:00-05:00,63.16999816894531,63.18000030517578,63.130001068115234,63.134700775146484,14568.0,-0.0869913902778352,-0.07907518175316319,-0.06331660913319048,-0.0558768320752967
2024-11-15 15:09:00-05:00,63.1349983215332,63.150001525878906,63.10499954223633,63.10499954223633,18823.0,-0.05540580722909194,-0.04748144848365499,-0.03960324006954119,-0.04704422852329637
2024-11-15 15:10:00-05:00,63.11000061035156,63.130001068115234,63.095001220703125,63.130001068115234,12369.0,-0.039594063271108926,-0.03167134961267193,-0.015843945179827568,0.03961893044968079
2024-11-15 15:11:00-05:00,63.13999938964844,63.13999938964844,63.130001068115234,63.130001068115234,2941.0,0.04753411346338776,0.015837670464180498,0.05547166452961605,0.0
2024-11-15 15:12:00-05:00,63.13999938964844,63.16999816894531,63.130001068115234,63.16999816894531,23203.0,0.0,0.04751152927915392,0.0,0.06335672446278195
2024-11-15 15:13:00-05:00,63.16999816894531,63.21500015258789,63.16999816894531,63.18000030517578,18521.0,0.04751152927915392,0.07123948859746321,0.06335672446278195,0.015833681368349062
2024-11-15 15:14:00-05:00,63.16999816894531,63.26649856567383,63.16999816894531,63.26499938964844,17744.0,0.0,0.08146549547043413,0.0,0.1345347959197385
2024-11-15 15:15:00-05:00,63.27000045776367,63.29999923706055,63.255001068115234,63.255001068115234,14684.0,0.1583066197831995,0.052951676078527576,0.13456213651072968,-0.01580387517531312
2024-11-15 15:16:00-05:00,63.25,63.26499938964844,63.21500015258789,63.22999954223633,17836.0,-0.03161128120588996,-0.05529201869503009,-0.06323755410938547,-0.03952497898463969
2024-11-15 15:17:00-05:00,63.220001220703125,63.22999954223633,63.20000076293945,63.20000076293945,10563.0,-0.04742890007410905,-0.05532260768160713,-0.023727579865906456,-0.047443902441968167
2024-11-15 15:18:00-05:00,63.19499969482422,63.25,63.19499969482422,63.25,11193.0,-0.03954686079746805,0.031631279311183924,-0.007913082365285096,0.07911271591292124
2024-11-15 15:19:00-05:00,63.23500061035156,63.310001373291016,63.22999954223633,63.23249816894531,18764.0,0.06329759588656891,0.09486383129013731,0.05538388730299548,-0.027670879137842164
2024-11-15 15:20:00-05:00,63.23500061035156,63.244998931884766,63.20000076293945,63.239200592041016,25592.0,0.0,-0.10267325856302412,-0.047443902441968167,0.010599649372999842
2024-11-15 15:21:00-05:00,63.2400016784668,63.279998779296875,63.23500061035156,63.25,19704.0,0.00790870256497378,0.05534010277998824,0.05537950473037956,0.01707707854918805
2024-11-15 15:22:00-05:00,63.244998931884766,63.25,63.224998474121094,63.2400016784668,20834.0,0.007902045043217676,-0.04740641573256488,-0.01581740512995866,-0.01580762297739291
2024-11-15 15:23:00-05:00,63.2400016784668,63.25,63.21500015258789,63.25,12700.0,-0.007901420669409465,0.0,-0.01581387390194866,0.01581012218190292
2024-11-15 15:24:00-05:00,63.244998931884766,63.2599983215332,63.224998474121094,63.251800537109375,18593.0,0.007902045043217676,0.01580762297739291,0.015816375083566037,0.0028466989871578363
2024-11-15 15:25:00-05:00,63.2400016784668,63.27000045776367,63.23500061035156,63.23500061035156,11949.0,-0.007901420669409465,0.015811154751577128,0.01581990742880457,-0.0265603929297753
2024-11-15 15:26:00-05:00,63.23500061035156,63.29499816894531,63.23500061035156,63.29499816894531,12719.0,-0.007908077138674141,0.039509579580809806,0.0,0.09488030048967477
2024-11-15 15:27:00-05:00,63.29499816894531,63.29999923706055,63.2599983215332,63.2599983215332,23138.0,0.09488030048967477,0.007901205877103301,0.039531447679852505,-0.05529638743125842
2024-11-15 15:28:00-05:00,63.255001068115234,63.275001525878906,63.224998474121094,63.275001525878906,30428.0,-0.06319156645414603,-0.03949085542327424,-0.055326981253167595,0.023716732127376794
2024-11-15 15:29:00-05:00,63.275001525878906,63.290000915527344,63.244998931884766,63.244998931884766,31525.0,0.031618777054687186,0.023705079868396872,0.03163378133075323,-0.047416188495652545
2024-11-15 15:30:00-05:00,63.25,63.290000915527344,63.22999954223633,63.22999954223633,19423.0,-0.039512485619908055,0.0,-0.02371632524588163,-0.02371632524588163
2024-11-15 15:31:00-05:00,63.23500061035156,63.25,63.21500015258789,63.2400016784668,25870.0,-0.023714450037060075,-0.0632025832654537,-0.023721951220978532,0.01581865618043299
2024-11-15 15:32:00-05:00,63.22999954223633,63.2599983215332,63.21009826660156,63.255001068115234,19262.0,-0.00790870256497378,0.01580762297739291,-0.007754308272556187,0.023718199320588162
2024-11-15 15:33:00-05:00,63.255001068115234,63.279998779296875,63.220001220703125,63.224998474121094,57396.0,0.03954060740141152,0.03161627931447253,0.015666727901275657,-0.047431180914581095
2024-11-15 15:34:00-05:00,63.220001220703125,63.224998474121094,63.15999984741211,63.165000915527344,30724.0,-0.05533135217944407,-0.08691578103154907,-0.09490884551164314,-0.09489531046538158
2024-11-15 15:35:00-05:00,63.165000915527344,63.26499938964844,63.165000915527344,63.22999954223633,29821.0,-0.08699826655139686,0.06326756266148426,0.007918093931791326,0.10290291421970466
2024-11-15 15:36:00-05:00,63.22999954223633,63.27000045776367,63.189998626708984,63.220001220703125,25593.0,0.10290291421970466,0.007904952443671398,0.03957525658089267,-0.01581262313077314
2024-11-15 15:37:00-05:00,63.2400016784668,63.290000915527344,63.2400016784668,63.279998779296875,16072.0,0.01581865618043299,0.031611281205901065,0.07913127527221508,0.09490281150785762
2024-11-15 15:38:00-05:00,63.279998779296875,63.28499984741211,63.20000076293945,63.20000076293945,52352.0,0.06324652082305704,-0.007901829740708521,-0.0632525529185135,-0.1264191180477603
2024-11-15 15:39:00-05:00,63.189998626708984,63.20000076293945,63.17499923706055,63.18000030517578,15430.0,-0.1422252754804676,-0.13431158201405724,-0.039559375913122974,-0.031646293547826776
2024-11-15 15:40:00-05:00,63.17499923706055,63.26499938964844,63.17499923706055,63.220001220703125,57488.0,-0.023736967834175893,0.10284592709546292,0.0,0.06331262319425601
2024-11-15 15:41:00-05:00,63.20500183105469,63.209999084472656,63.18000030517578,63.185001373291016,20837.0,0.04749124551874928,-0.08693638774425194,0.007916213970138308,-0.05536198471417508
2024-11-15 15:42:00-05:00,63.185001373291016,63.22999954223633,63.17499923706055,63.220001220703125,27309.0,-0.03164378954869651,0.031641287855332934,-0.007915587355300513,0.05539265118525982
2024-11-15 15:43:00-05:00,63.23500061035156,63.275001525878906,63.209999084472656,63.209999084472656,50206.0,0.07913149635805361,0.07117188671259544,0.05540142118685143,-0.015821157920503648
2024-11-15 15:44:00-05:00,63.20000076293945,63.209999084472656,63.15999984741211,63.189998626708984,27830.0,-0.055348852809811167,-0.10273005110820188,-0.07910020215904368,-0.031641287855332934
2024-11-15 15:45:00-05:00,63.189998626708984,63.22999954223633,63.185001373291016,63.209999084472656,26475.0,-0.015826164730581294,0.031641287855332934,0.039584429922912,0.03165130273514727
2024-11-15 15:46:00-05:00,63.20500183105469,63.26499938964844,63.20500183105469,63.244998931884766,34583.0,0.023743004702891923,0.05535323053218466,0.031653806012466035,0.055370745007188304
2024-11-15 15:47:00-05:00,63.23500061035156,63.2400016784668,63.209999084472656,63.21500015258789,47683.0,0.04746266660518028,-0.039512702794286536,0.0079064208103663,-0.04743265049175216
2024-11-15 15:48:00-05:00,63.220001220703125,63.2599983215332,63.209999084472656,63.255001068115234,37601.0,-0.023720075122424245,0.03162024436380584,0.0,0.06327756929651596
2024-11-15 15:49:00-05:00,63.255001068115234,63.2599983215332,63.165000915527344,63.16999816894531,23738.0,0.055361984714186185,0.0,-0.07118837145556611,-0.13438131014872345
2024-11-15 15:50:00-05:00,63.16999816894531,63.27000045776367,63.16999816894531,63.220001220703125,73334.0,-0.13438131014872345,0.015811154751577128,0.007911427761486678,0.07915632928163774
2024-11-15 15:51:00-05:00,63.224998474121094,63.25,63.11000061035156,63.14500045776367,54271.0,0.08706713118573628,-0.03161128120588996,-0.09497793308983482,-0.11863454838860754
2024-11-15 15:52:00-05:00,63.150001525878906,63.150001525878906,63.040000915527344,63.04499816894531,64501.0,-0.11861913808173252,-0.15810035434165037,-0.11091696109528648,-0.1583692898779021
2024-11-15 15:53:00-05:00,63.040000915527344,63.11000061035156,63.040000915527344,63.084999084472656,57989.0,-0.1741894025235835,-0.06334269922535496,0.0,0.06344819841241911
2024-11-15 15:54:00-05:00,63.084999084472656,63.130001068115234,63.029998779296875,63.05500030517578,114406.0,0.07138034310247843,0.03169142381593826,-0.015866332622471724,-0.04755295194140974
2024-11-15 15:55:00-05:00,63.05500030517578,63.060001373291016,62.625,62.689998626708984,386376.0,-0.04755295194140974,-0.11088182106743227,-0.6425492418538736,-0.5788623847438723
2024-11-15 15:56:00-05:00,62.689998626708984,62.810001373291016,62.685001373291016,62.810001373291016,148037.0,-0.5788623847438723,-0.3964478188322462,0.09581057611340871,0.19142247441508164
2024-11-15 15:57:00-05:00,62.79499816894531,62.93000030517578,62.790000915527344,62.91999816894531,223669.0,0.16749010135022058,0.19105067546740795,0.1675034536747555,0.17512624303344104
2024-11-15 15:58:00-05:00,62.91999816894531,62.939998626708984,62.84000015258789,62.86000061035156,227289.0,0.19906044055244543,0.01588800490182063,0.07962929818683406,-0.09535530886801702
2024-11-15 15:59:00-05:00,62.85499954223633,62.904998779296875,62.81999969482422,62.84000015258789,558291.0,-0.10330360553167939,-0.05560827482645747,-0.03182759025319726,-0.03181746352127757
2024-11-18 09:30:00-05:00,63.16999816894531,63.70000076293945,63.0,63.70000076293945,109501.0,0.5011512672071783,1.2638136858278193,0.28653343847535595,1.3685560284266485
2024-11-18 09:31:00-05:00,63.61360168457031,63.7599983215332,63.540000915527344,63.650001525878906,19008.0,0.7022376578808887,0.0941876889719806,0.8571443103608578,-0.07849173698853962
2024-11-18 09:32:00-05:00,63.59000015258789,63.880001068115234,63.459999084472656,63.880001068115234,15499.0,-0.03710139240260535,0.18821008428651087,-0.12590782169021875,0.3613504111901866
2024-11-18 09:33:00-05:00,63.81999969482422,63.94990158081055,63.72999954223633,63.75,15721.0,0.3616913692159551,0.10942472061135078,0.4254655872343527,-0.20350824349019137
2024-11-18 09:34:00-05:00,63.779998779296875,63.84000015258789,63.65999984741211,63.665000915527344,21254.0,-0.06267771187499216,-0.17185550799289073,-0.10983790260006288,-0.1333318972120079
2024-11-18 09:35:00-05:00,63.68000030517578,63.849998474121094,63.595001220703125,63.79499816894531,23446.0,-0.15678657264814877,0.01566153118626179,-0.10210277547091362,0.20418951001108798
2024-11-18 09:36:00-05:00,63.79999923706055,63.79999923706055,63.63999938964844,63.775001525878906,28316.0,0.1884405328355765,-0.07830734260833028,0.07075739929487401,-0.03134515814774419
2024-11-18 09:37:00-05:00,63.83000183105469,64.08000183105469,63.83000183105469,63.95500183105469,29147.0,0.047026009957562565,0.4388755444239667,0.29855820746151895,0.28224272970458486
2024-11-18 09:38:00-05:00,63.95500183105469,64.08499908447266,63.834999084472656,64.04499816894531,11108.0,0.19583267493998857,0.007798460167252053,0.00782900403355491,0.1407182164240517
2024-11-18 09:39:00-05:00,64.04499816894531,64.19999694824219,63.95000076293945,64.19000244140625,24790.0,0.1407182164240517,0.1794458382030184,0.18015458622411273,0.226409987675269
2024-11-18 09:40:00-05:00,64.13999938964844,64.13999938964844,63.790000915527344,63.790000915527344,4866.0,0.14833511346588057,-0.09345414555411713,-0.25019522361731106,-0.6231523767957992
2024-11-18 09:41:00-05:00,63.83000183105469,64.0,63.79999923706055,63.91999816894531,6760.0,-0.48331394066676303,-0.2182715793275003,0.015673806850147187,0.2037893894845988
2024-11-18 09:42:00-05:00,63.9900016784668,63.9900016784668,63.89659881591797,63.90999984741211,4804.0,0.25066558486963597,-0.015622377395629883,0.15141000001972493,-0.015641930255971825
2024-11-18 09:43:00-05:00,63.90999984741211,64.0,63.880001068115234,63.959999084472656,70702.0,-0.125022392492935,0.015624818363724202,-0.025975948814660477,0.0782338244092129
2024-11-18 09:44:00-05:00,63.959999084472656,63.959999084472656,63.790000915527344,63.83000183105469,11434.0,0.0782338244092129,-0.06250143051147461,-0.1408894036991737,-0.20324774121132094
2024-11-18 09:45:00-05:00,63.775001525878906,63.90650177001953,63.63999938964844,63.7599983215332,25995.0,-0.28923946410540635,-0.08364183117399726,-0.2351489633579784,-0.10967179619824075
2024-11-18 09:46:00-05:00,63.800201416015625,63.800201416015625,63.630001068115234,63.71500015258789,9430.0,0.03951374289892229,-0.16633730694014526,-0.015710750517117233,-0.07057429443205754
2024-11-18 09:47:00-05:00,63.71500015258789,63.720001220703125,63.595001220703125,63.720001220703125,41166.0,-0.1335438784466736,-0.1257052384357693,-0.055005259821760966,0.007849122032888012
2024-11-18 09:48:00-05:00,63.720001220703125,63.720001220703125,63.619998931884766,63.665000915527344,9488.0,0.007849122032888012,0.0,0.03930766680055875,-0.08631560596692456
2024-11-18 09:49:00-05:00,63.690101623535156,63.70000076293945,63.58000183105469,63.6349983215332,26487.0,-0.046923409596943966,-0.03138803732033457,-0.06286875432504058,-0.047125726164598536
2024-11-18 09:50:00-05:00,63.6349983215332,63.6349983215332,63.369998931884766,63.415000915527344,11238.0,-0.08651784280022667,-0.10204464776720767,-0.3302970951903128,-0.3457176267912532
2024-11-18 09:51:00-05:00,63.400001525878906,63.47999954223633,63.380001068115234,63.47999954223633,6240.0,-0.369288601952833,-0.24357473620679748,0.01578370900907622,0.10249724161570661
2024-11-18 09:52:00-05:00,63.470001220703125,63.5,63.380001068115234,63.40999984741211,4493.0,0.11040961063013555,0.031506707479356244,0.0,-0.11027047153275849
2024-11-18 09:53:00-05:00,63.40999984741211,63.41999816894531,63.31999969482422,63.3849983215332,4987.0,-0.09453501203249282,-0.12598713551918994,-0.09466925257153314,-0.03942836451517051
2024-11-18 09:54:00-05:00,63.29999923706055,63.45500183105469,63.29999923706055,63.45500183105469,6192.0,-0.17347517838868232,0.055193413938825486,-0.031586320056953276,0.11044176283854235
2024-11-18 09:55:00-05:00,63.474998474121094,63.474998474121094,63.31999969482422,63.34000015258789,2704.0,0.27646009347515044,0.03151310769740068,0.031596300165448454,-0.18123343337532738
2024-11-18 09:56:00-05:00,63.29999923706055,63.34000015258789,63.209999084472656,63.209999084472656,3808.0,-0.27569789880640405,-0.21267951914680783,-0.1737217480759945,-0.20524323934647537
2024-11-18 09:57:00-05:00,63.275001525878906,63.279998779296875,63.22999954223633,63.279998779296875,4551.0,-0.03949085542327424,-0.09472903875350491,0.031641287855332934,0.11074149001437661
2024-11-18 09:58:00-05:00,63.29999923706055,63.35820007324219,63.279998779296875,63.28499984741211,9686.0,0.03950645686103815,0.12357979686132836,0.07907518175316319,0.007903078716342549
2024-11-18 09:59:00-05:00,63.28499984741211,63.34000015258789,63.2599983215332,63.29999923706055,6944.0,-0.02369571852957053,-0.028725438275167825,-0.03160628658263054,0.0237013347311521
2024-11-18 10:00:00-05:00,63.29999923706055,63.31999969482422,63.2599983215332,63.28499984741211,8126.0,0.0237013347311521,-0.031576346251172005,0.0,-0.02369571852957053
2024-11-18 10:01:00-05:00,63.275001525878906,63.275001525878906,63.2400016784668,63.27000045776367,10244.0,-0.03949085542327424,-0.07106470177223878,-0.0316102491257908,-0.023701334731141
2024-11-18 10:02:00-05:00,63.29999923706055,63.349998474121094,63.25,63.27000045776367,15041.0,0.03950645686103815,0.11852539934196216,0.01581012218190292,0.0
2024-11-18 10:03:00-05:00,63.26499938964844,63.26499938964844,63.209999084472656,63.209999084472656,21248.0,-0.05529201869503009,-0.13417377509074013,-0.06324255419343228,-0.09483384361766989
2024-11-18 10:04:00-05:00,63.209999084472656,63.310001373291016,63.18000030517578,63.310001373291016,57540.0,-0.08693638774425194,0.07113251256893882,-0.04745891430371074,0.15820643927666467
2024-11-18 10:05:00-05:00,63.33000183105469,63.352500915527344,63.31999969482422,63.31999969482422,6173.0,0.1898477271319976,0.06712927075414044,0.221588143355822,0.015792641472622826
2024-11-18 10:06:00-05:00,63.29999923706055,63.31999969482422,63.2400016784668,63.31999969482422,5013.0,-0.04737500888469803,-0.0513021904951505,-0.12633925575328275,0.0
2024-11-18 10:07:00-05:00,63.29999923706055,63.29999923706055,63.21310043334961,63.25,4138.0,0.0,-0.031586320056953276,-0.04253833713345756,-0.11054910796207684
2024-11-18 10:08:00-05:00,63.220001220703125,63.244998931884766,63.16999816894531,63.244998931884766,7385.0,-0.12637917428375278,-0.08688831886048964,-0.06818565156402334,-0.007906827059656063
2024-11-18 10:09:00-05:00,63.209999084472656,63.209999084472656,63.16999816894531,63.189998626708984,4925.0,-0.015821157920503648,-0.05534010277998824,0.0,-0.08696388031410596
2024-11-18 10:10:00-05:00,63.19499969482422,63.20000076293945,63.189998626708984,63.189998626708984,4514.0,-0.02372945715185537,-0.01581762644837781,0.03166132395664434,0.0
2024-11-18 10:11:00-05:00,63.189998626708984,63.31999969482422,63.18000030517578,63.224998474121094,27469.0,-0.007913708583562329,0.18987172537368036,-0.015822632933204517,0.05538827056932316
2024-11-18 10:12:00-05:00,63.224998474121094,63.224998474121094,63.18000030517578,63.18000030517578,5021.0,0.05538827056932316,-0.1500335141519149,0.0,-0.07117148284904173
2024-11-18 10:13:00-05:00,63.18000030517578,63.18000030517578,63.02000045776367,63.040000915527344,9453.0,-0.07117148284904173,-0.07117148284904173,-0.2532444549529389,-0.2215881433558109
2024-11-18 10:14:00-05:00,63.03730010986328,63.16999816894531,63.03730010986328,63.119998931884766,25708.0,-0.2258629227971265,-0.015831174710601026,0.02745105041883633,0.12690040481537768
2024-11-18 10:15:00-05:00,63.130001068115234,63.27000045776367,63.125,63.27000045776367,15280.0,0.1470573106563844,0.1583066197831995,0.13912380445209038,0.23764500699814395
2024-11-18 10:16:00-05:00,63.2599983215332,63.290000915527344,63.20000076293945,63.27000045776367,16693.0,0.2059199290646463,0.031611281205901065,0.11881308980508098,0.0
2024-11-18 10:17:00-05:00,63.279998779296875,63.43000030517578,63.2400016784668,63.38999938964844,16241.0,0.03161627931447253,0.2212030140990029,0.06329258709565355,0.18966165799993995
2024-11-18 10:18:00-05:00,63.404998779296875,63.40999984741211,63.290000915527344,63.290000915527344,7279.0,0.19753476992938612,-0.03153154290942428,0.07906267510042753,-0.15775118328431592
2024-11-18 10:19:00-05:00,63.290000915527344,63.380001068115234,63.25,63.369998931884766,10777.0,-0.18137034300690358,-0.04730922467917065,-0.0632025832654537,0.1263991392008279
2024-11-18 10:20:00-05:00,63.380001068115234,63.39500045776367,63.349998474121094,63.369998931884766,17289.0,0.14220279868222274,0.023665808450079595,0.15810035434165037,0.0
2024-11-18 10:21:00-05:00,63.39500045776367,63.47999954223633,63.34000015258789,63.404998779296875,42508.0,0.023665808450079595,0.13407852962992184,-0.01578267051938198,0.055230942089368185
2024-11-18 10:22:00-05:00,63.400001525878906,63.48500061035156,63.380001068115234,63.48500061035156,28862.0,0.007888742139172678,0.007878179192344348,0.06315269250234401,0.1261759050467992
2024-11-18 10:23:00-05:00,63.5,63.540000915527344,63.4900016784668,63.5099983215332,29572.0,0.15772629607946342,0.0866351179759084,0.1735572869955293,0.03937577528756453
2024-11-18 10:24:00-05:00,63.52000045776367,63.54999923706055,63.45000076293945,63.52000045776367,23068.0,0.031496783879791934,0.015735475903588814,-0.06300348790336807,0.015748915910585026
2024-11-18 10:25:00-05:00,63.529998779296875,63.560001373291016,63.48500061035156,63.540000915527344,23995.0,0.015740430511890224,0.015739002911963063,0.05516130337472891,0.031486866529495394
2024-11-18 10:26:00-05:00,63.529998779296875,63.6151008605957,63.470001220703125,63.6151008605957,20607.0,0.0,0.08668893347103523,-0.023626666935860907,0.11819317593053658
2024-11-18 10:27:00-05:00,63.599998474121094,63.70000076293945,63.56999969482422,63.59000015258789,21043.0,0.11018368671373846,0.1334587247292074,0.15755234315084632,-0.03945715351897361
2024-11-18 10:28:00-05:00,63.61000061035156,63.689998626708984,63.584999084472656,63.66999816894531,32831.0,0.015726629670509418,-0.015701940519108337,0.023595075854099257,0.1258028246036602
2024-11-18 10:29:00-05:00,63.66999816894531,63.75,63.650001525878906,63.70500183105469,34391.0,0.09432095270878182,0.09420847006558208,0.10222920868472318,0.05497669721379328
2024-11-18 10:30:00-05:00,63.70000076293945,63.810001373291016,63.650001525878906,63.78499984741211,37037.0,0.047122027417900725,0.09411980124081065,0.0,0.1255757225619103
2024-11-18 10:31:00-05:00,63.77000045776367,63.92499923706055,63.77000045776367,63.88999938964844,25585.0,0.10988962949110004,0.18021918397523873,0.18852934643838193,0.1646147879399651
2024-11-18 10:32:00-05:00,63.88999938964844,63.90999984741211,63.8650016784668,63.900001525878906,23997.0,0.18817458212854188,-0.023464043531407075,0.14897478441457945,0.01565524546254249
2024-11-18 10:33:00-05:00,63.900001525878906,63.9900016784668,63.869998931884766,63.939998626708984,28490.0,0.01565524546254249,0.1251788941412757,0.007824713515436343,0.06259327053987906
2024-11-18 10:34:00-05:00,63.93709945678711,64.06999969482422,63.91999816894531,64.05000305175781,19120.0,0.05805622851695613,0.12501643109714689,0.0782828211941311,0.17204320833825726
2024-11-18 10:35:00-05:00,64.0199966430664,64.0199966430664,63.869998931884766,63.869998931884766,45485.0,0.12965428050943917,-0.07804440767283927,-0.0782215871289571,-0.2810368638508698
2024-11-18 10:36:00-05:00,63.869998931884766,64.06999969482422,63.869998931884766,64.06999969482422,14330.0,-0.23429821781767446,0.07810536454195827,0.0,0.31313725737298626
2024-11-18 10:37:00-05:00,64.0999984741211,64.0999984741211,64.0199966430664,64.06999969482422,13359.0,0.36010575557017255,0.046821881441805324,0.2348484635824155,0.0
2024-11-18 10:38:00-05:00,64.06500244140625,64.13500213623047,64.03500366210938,64.12000274658203,40821.0,-0.05459599617458899,0.05460789850644243,0.023441143126956554,0.07804440767282816
2024-11-18 10:39:00-05:00,64.12000274658203,64.12000274658203,64.04000091552734,64.08000183105469,26849.0,0.08585078136238433,-0.02338721314233405,0.007803940239203833,-0.062384456977393477
2024-11-18 10:40:00-05:00,64.08000183105469,64.08000183105469,63.994998931884766,64.0,14755.0,-0.062384456977393477,-0.062384456977393477,-0.0702716786371349,-0.1248467989523605
2024-11-18 10:41:00-05:00,64.00499725341797,64.05999755859375,63.959999084472656,64.0250015258789,24195.0,-0.11704833878510845,-0.03121765276111743,-0.05469153527037918,0.039064884185791016
2024-11-18 10:42:00-05:00,64.01000213623047,64.01000213623047,63.88999938964844,63.900001525878906,25774.0,0.007819518830198824,-0.0780446835289883,-0.10944292655753474,-0.1952362311923972
2024-11-18 10:43:00-05:00,63.900001525878906,63.983001708984375,63.88999938964844,63.939998626708984,25909.0,-0.17184909651690727,-0.0421815752929211,0.0,0.06259327053987906
2024-11-18 10:44:00-05:00,63.95000076293945,63.970001220703125,63.900001525878906,63.90999984741211,14682.0,0.07824606551893876,-0.02031865954083001,0.01565524546254249,-0.04691707841911752
2024-11-18 10:45:00-05:00,63.90999984741211,64.01000213623047,63.90999984741211,64.01000213623047,44310.0,-0.06255029718549299,0.06253074060345032,0.01564682518693239,0.15647361767661128
2024-11-18 10:46:00-05:00,63.9900016784668,64.03399658203125,63.9900016784668,64.01000213623047,16793.0,0.1251788941412757,0.037485463208875025,0.1251788941412757,0.0
2024-11-18 10:47:00-05:00,64.01000213623047,64.08000183105469,63.994998931884766,64.04000091552734,27253.0,0.031255598123225425,0.07184503775974349,0.007809428483973591,0.046865768310744294
2024-11-18 10:48:00-05:00,64.04000091552734,64.0458984375,63.939998626708984,63.939998626708984,10743.0,0.046865768310744294,-0.053220025874223253,-0.08594469270063465,-0.1561559765595022
2024-11-18 10:49:00-05:00,63.92499923706055,63.92499923706055,63.849998474121094,63.849998474121094,5943.0,-0.17957788385807305,-0.18876962208194126,-0.1407572013151337,-0.1407572013151337
2024-11-18 10:50:00-05:00,63.83000183105469,63.880001068115234,63.810001373291016,63.814998626708984,17922.0,-0.1486075981848134,-0.07039213059423233,-0.06264228940630057,-0.05481573727256217
2024-11-18 10:51:00-05:00,63.810001373291016,63.88999938964844,63.79999923706055,63.86000061035156,9885.0,-0.031333945151068576,0.01565172411712723,-0.015674872300908138,0.070519446228956
2024-11-18 10:52:00-05:00,63.8650016784668,63.8650016784668,63.83000183105469,63.83000183105469,2668.0,0.08619386301846887,-0.03912617220291903,0.047026009957562565,-0.0469758518793606
2024-11-18 10:53:00-05:00,63.83000183105469,64.0,63.83000183105469,64.0,15849.0,-0.05480285992681688,0.21138075312807647,0.0,0.26632956927568063
2024-11-18 10:54:00-05:00,64.0,64.04000091552734,63.974998474121094,64.0199966430664,16505.0,0.26632956927568063,0.06250143051147461,0.2271606437521001,0.031244754791259766
2024-11-18 10:55:00-05:00,64.03690338134766,64.06999969482422,64.02999877929688,64.05999755859375,5720.0,0.05766153335571289,0.04684381459714171,0.0859715615280976,0.062481908192468794
2024-11-18 10:56:00-05:00,64.05999755859375,64.08499908447266,63.970001220703125,63.970001220703125,14826.0,0.036063856974100084,0.02341094072089156,-0.09370226415363891,-0.1404875762105795
2024-11-18 10:57:00-05:00,63.970001220703125,63.970001220703125,63.93000030517578,63.939998626708984,3287.0,-0.1404875762105795,-0.1794458382030184,-0.06253074060345032,-0.04690103708241411
2024-11-18 10:58:00-05:00,63.9900016784668,63.9900016784668,63.939998626708984,63.974998474121094,12093.0,0.03126537030173626,0.03126537030173626,0.015639483005602806,0.05473858017490674
2024-11-18 10:59:00-05:00,63.974998474121094,64.11000061035156,63.974998474121094,64.08999633789062,9933.0,-0.023446169639262937,0.18752762734361994,0.05473858017490674,0.1797543829814341
2024-11-18 11:00:00-05:00,64.08999633789062,64.13500213623047,64.0199966430664,64.04000091552734,12983.0,0.1797543829814341,0.0389978562484572,0.07033711608999127,-0.07800815294121133
2024-11-18 11:01:00-05:00,64.0374984741211,64.0999984741211,64.0374984741211,64.0801010131836,9092.0,-0.0819127270545561,-0.05457809455595708,0.027338069310234303,0.06261726590095495
2024-11-18 11:02:00-05:00,64.12999725341797,64.25,64.125,64.20999908447266,12687.0,0.14444471052261765,0.23401174641128897,0.13664107431408112,0.2027120264094684
2024-11-18 11:03:00-05:00,64.19000244140625,64.30000305175781,64.19000244140625,64.27999877929688,14930.0,0.09356805014533176,0.07782576149075737,0.10136832967835296,0.10901681330368618
2024-11-18 11:04:00-05:00,64.27999877929688,64.33000183105469,64.27999877929688,64.33000183105469,6843.0,0.14020304481647816,0.04665439793638537,0.14020304481647816,0.07778944105070185
2024-11-18 11:05:00-05:00,64.30500030517578,64.33000183105469,64.24500274658203,64.25,7772.0,0.03889472052533982,0.0,-0.054443113533653165,-0.12436161787278133
2024-11-18 11:06:00-05:00,64.25,64.27999877929688,64.19000244140625,64.19999694824219,7696.0,-0.08553037075618164,-0.0777289761146438,-0.08561024643851667,-0.07782576149075737
2024-11-18 11:07:00-05:00,64.21610260009766,64.33999633789062,64.19999694824219,64.31999969482422,4426.0,-0.05275859906979097,0.09333783405900409,0.015570192328717702,0.1869201749009175
2024-11-18 11:08:00-05:00,64.31999969482422,64.31999969482422,64.2699966430664,64.2699966430664,9317.0,0.16179290009792346,-0.031079645950538026,0.10903379774402921,-0.07774106342515186
2024-11-18 11:09:00-05:00,64.23999786376953,64.36000061035156,64.22000122070312,64.36000061035156,7184.0,-0.1243809568318821,0.0621904784159355,-0.07778967632585676,0.14004041074564544
2024-11-18 11:10:00-05:00,64.37000274658203,64.4000015258789,64.36000061035156,64.375,8353.0,0.20237373464455644,0.062151825898082436,0.21799966830786666,0.023305452930699744
2024-11-18 11:11:00-05:00,64.37999725341797,64.40499877929688,64.30999755859375,64.36000061035156,13524.0,0.015526652803310448,0.0077597100925030915,-0.07769274593476538,-0.02330002275485743
2024-11-18 11:12:00-05:00,64.33000183105469,64.36000061035156,64.30999755859375,64.3499984741211,6700.0,-0.07765676374058561,-0.06986750997312052,0.0,-0.01554092003669405
2024-11-18 11:13:00-05:00,64.37999725341797,64.37999725341797,64.31999969482422,64.37000274658203,6437.0,0.07771711633799416,0.031069985824694335,0.015553003592261305,0.03108667122810882
2024-11-18 11:14:00-05:00,64.3499984741211,64.36589813232422,64.30999755859375,64.31929779052734,7743.0,-0.04659642835769251,-0.021899847305451026,-0.015550585009216356,-0.07877109506163604
2024-11-18 11:15:00-05:00,64.31999969482422,64.31999969482422,64.26000213623047,64.26000213623047,13807.0,-0.046618150750910026,-0.07130862589013187,-0.0777412910297981,-0.09218952372581635
2024-11-18 11:16:00-05:00,64.2750015258789,64.33000183105469,64.2750015258789,64.31500244140625,6988.0,-0.06995984011008982,0.015550585009216356,0.023341719809844008,0.08559026353467392
2024-11-18 11:17:00-05:00,64.31500244140625,64.35089874267578,64.26000213623047,64.3499984741211,14554.0,0.06223401723488564,0.03248392822368107,-0.023336272722451756,0.05441348268115931
2024-11-18 11:18:00-05:00,64.33999633789062,64.37000274658203,64.33999633789062,64.37000274658203,2009.0,0.03886168939688517,0.029687237131903466,0.12448521475392216,0.03108667122810882
2024-11-18 11:19:00-05:00,64.37000274658203,64.37000274658203,64.31749725341797,64.3499984741211,13730.0,0.04663725582734202,0.0,-0.0349690484197418,-0.031077010420044182
2024-11-18 11:20:00-05:00,64.38999938964844,64.40499877929688,64.37000274658203,64.37000274658203,5695.0,0.031065158013321437,0.05436698962499875,0.0816348511777143,0.03108667122810882
2024-11-18 11:21:00-05:00,64.3949966430664,64.45999908447266,64.37999725341797,64.43000030517578,7177.0,0.007760915460996998,0.08539757195595854,0.015526652803310448,0.09320732644668706
2024-11-18 11:22:00-05:00,64.41999816894531,64.42990112304688,64.4000015258789,64.41999816894531,4709.0,0.03882526156107069,-0.04669246331564514,0.031072185949621023,-0.015524035671410363
2024-11-18 11:23:00-05:00,64.44000244140625,64.44000244140625,64.38999938964844,64.41500091552734,7091.0,0.03105289200486805,0.015677997611818206,-0.015531267070623134,-0.007757301397093297
2024-11-18 11:24:00-05:00,64.41999816894531,64.4800033569336,64.41999816894531,64.4800033569336,7484.0,-0.031043252177287428,0.06207466482286428,0.04658919021778285,0.10091196224850663
2024-11-18 11:25:00-05:00,64.45999908447266,64.51000213623047,64.44999694824219,64.48999786376953,16539.0,0.062093940801477565,0.0465241590184462,0.04656749479905464,0.015500164881521172
2024-11-18 11:26:00-05:00,64.5,64.5199966430664,64.44000244140625,64.45999908447266,22112.0,0.062055408153094405,0.015492956913609746,-0.015507381395163389,-0.04651694881467883
2024-11-18 11:27:00-05:00,64.45999908447266,64.4655990600586,64.38999938964844,64.38999938964844,8536.0,-0.06201692329820263,-0.08431119937706288,-0.07759629091149689,-0.10859400530317531
2024-11-18 11:28:00-05:00,64.37799835205078,64.4000015258789,64.33000183105469,64.3550033569336,28362.0,-0.12721181133499293,-0.10175587466204616,-0.0931783804355768,-0.05435010567879095
2024-11-18 11:29:00-05:00,64.33000183105469,64.36000061035156,64.31999969482422,64.36000061035156,13529.0,-0.0745542300548463,-0.06211322139685338,-0.015548167178258687,0.007765135820525515
2024-11-18 11:30:00-05:00,64.40609741210938,64.40609741210938,64.36000061035156,64.3949966430664,10238.0,0.1182894122318423,0.07162337060389046,0.0621904784159355,0.054375438755371874
2024-11-18 11:31:00-05:00,64.3949966430664,64.43000030517578,64.3499984741211,64.38500213623047,13006.0,-0.017235587140052022,0.03711277973179605,-0.01554092003669405,-0.01552062637930618
2024-11-18 11:32:00-05:00,64.38500213623047,64.41000366210938,64.37999725341797,64.38999938964844,10249.0,-0.01552062637930618,-0.03103622997313593,0.046618150750910026,0.007761517825843889
2024-11-18 11:34:00-05:00,64.3949966430664,64.40499877929688,64.3949966430664,64.40499877929688,20065.0,0.015523035651665573,-0.007770350144298277,0.023298214178857357,0.023294595108902527
2024-11-18 11:35:00-05:00,64.40499877929688,64.41999816894531,64.4000015258789,64.4000015258789,3540.0,0.0155324741857088,0.023289169991036474,0.00777216099605571,-0.007759108008209559
2024-11-18 11:36:00-05:00,64.4000015258789,64.41690063476562,64.38999938964844,64.41690063476562,12536.0,-0.007759108008209559,-0.0048083425453704365,-0.015531267070623134,0.026240851686831768
2024-11-18 11:37:00-05:00,64.41999816894531,64.47000122070312,64.41999816894531,64.47000122070312,3522.0,0.03105068725559601,0.08243269299554878,0.04658919021778285,0.08243269299554878
2024-11-18 11:38:00-05:00,64.47000122070312,64.5199966430664,64.45999908447266,64.5199966430664,5622.0,0.07762038680392269,0.07754835026623219,0.062093940801477565,0.07754835026623219
2024-11-18 11:39:00-05:00,64.49009704589844,64.54000091552734,64.41000366210938,64.4343032836914,19821.0,0.031170815596115453,0.031004763641884203,-0.07756038329719273,-0.1328167449373363
2024-11-18 11:40:00-05:00,64.47000122070312,64.4800033569336,64.43000030517578,64.4800033569336,11648.0,-0.03116110242633585,-0.09296181862823438,0.031045865439338627,0.07092506772514717
2024-11-18 11:41:00-05:00,64.47000122070312,64.48999786376953,64.41999816894531,64.43000030517578,7606.0,0.0,0.015500164881521172,-0.015524035671410363,-0.07754815315534902
2024-11-18 11:42:00-05:00,64.42500305175781,64.43000030517578,64.4000015258789,64.40239715576172,4223.0,-0.06979706544640862,-0.09303389762934655,-0.03104104879662062,-0.042842075560012294
2024-11-18 11:43:00-05:00,64.40499877929688,64.44499969482422,64.40499877929688,64.41999816894531,5796.0,-0.03105047964819807,0.023280132822267596,0.0077597100925030915,0.02732974852011072
2024-11-18 11:44:00-05:00,64.43000030517578,64.43000030517578,64.38999938964844,64.41999816894531,5793.0,0.03881923197386339,-0.023274714437837574,-0.023289169991036474,0.0
2024-11-18 11:45:00-05:00,64.41999816894531,64.43000030517578,64.37999725341797,64.37999725341797,5013.0,-0.015524035671410363,0.0,-0.015533679647894427,-0.06209394080148867
2024-11-18 11:46:00-05:00,64.37000274658203,64.41000366210938,64.3499984741211,64.38500213623047,16504.0,-0.07760854359567526,-0.03103622997313593,-0.04659642835769251,0.007773971770763666
2024-11-18 11:47:00-05:00,64.36000061035156,64.41000366210938,64.36000061035156,64.37999725341797,9733.0,-0.015538505210022091,0.0,0.015543335614043308,-0.007773367471375359
2024-11-18 11:48:00-05:00,64.36000061035156,64.36000061035156,64.29000091552734,64.32499694824219,15702.0,0.0,-0.0776324311672516,-0.10876273175944862,-0.08543073551134928
2024-11-18 11:49:00-05:00,64.37000274658203,64.37000274658203,64.26499938964844,64.26499938964844,11898.0,0.015540920036682948,0.015540920036682948,-0.038888669346504035,-0.09327254013246078
2024-11-18 11:50:00-05:00,64.29000091552734,64.375,64.29000091552734,64.375,7152.0,-0.12428433686673124,0.007763326401644122,0.038903798516076726,0.17116721605272556
2024-11-18 11:51:00-05:00,64.36000061035156,64.37000274658203,64.33000183105469,64.33999633789062,5795.0,0.108881153876772,-0.0077627237560662365,0.062219497523274825,-0.054374620752428715
2024-11-18 11:52:00-05:00,64.32499694824219,64.38909912109375,64.31999969482422,64.33999633789062,12774.0,-0.05438729300407674,0.029666574020348335,-0.015548167178258687,0.0
2024-11-18 11:53:00-05:00,64.36000061035156,64.36499786376953,64.2300033569336,64.23999786376953,21988.0,0.05441688887686258,-0.03743064843769739,-0.13991968022019075,-0.15542194562141454
2024-11-18 11:54:00-05:00,64.25,64.33000183105469,64.23100280761719,64.29000091552734,33479.0,-0.17091455765751995,-0.054371217084348,0.001556049558404382,0.07783787892374772
2024-11-18 11:55:00-05:00,64.30000305175781,64.30000305175781,64.19000244140625,64.20999908447266,26291.0,0.07782576149075737,-0.046632641758126425,-0.06383267334894027,-0.12443899504652745
2024-11-18 11:56:00-05:00,64.20999908447266,64.2699966430664,64.20999908447266,64.23999786376953,30964.0,-0.13997505911890196,-0.04666626324613121,0.031152270300438545,0.04671979399564208
2024-11-18 11:57:00-05:00,64.2300033569336,64.26000213623047,64.22000122070312,64.23500061035156,18004.0,0.031154450624759633,-0.015550812755515953,0.015577225312379817,-0.007779037335220451
2024-11-18 11:58:00-05:00,64.22000122070312,64.22000122070312,64.12999725341797,64.1353988647461,9673.0,-0.015572373824868091,-0.062248543724818806,-0.14014943253557455,-0.15505837107350207
2024-11-18 11:59:00-05:00,64.13500213623047,64.15440368652344,64.0999984741211,64.0999984741211,14521.0,-0.13235609289470318,-0.10214502169542117,-0.04677807669059009,-0.05519633658107592
2024-11-18 12:00:00-05:00,64.1050033569336,64.1500015258789,64.08000183105469,64.08999633789062,32856.0,-0.046774426284657,-0.006861821467540885,-0.031196011766643217,-0.01560395704924833
2024-11-18 12:01:00-05:00,64.08499908447266,64.12999725341797,64.06500244140625,64.11000061035156,12520.0,-0.03120547759674075,-0.03118358844133029,-0.02340728654781632,0.0312127845279786
2024-11-18 12:02:00-05:00,64.11000061035156,64.11000061035156,64.08999633789062,64.09500122070312,3239.0,0.039013070509597014,-0.03118141887233916,0.03901333884632763,-0.023396333654090995
2024-11-18 12:03:00-05:00,64.09500122070312,64.11000061035156,64.06999969482422,64.08999633789062,10802.0,-0.023396333654090995,0.0,-0.031200880338611015,-0.007808538446341107
2024-11-18 12:04:00-05:00,64.08999633789062,64.13500213623047,64.08000183105469,64.11000061035156,16319.0,-0.007808538446341107,0.0389978562484572,0.01561126311551142,0.0312127845279786
2024-11-18 12:05:00-05:00,64.11000061035156,64.12999725341797,64.08999633789062,64.11000061035156,11267.0,0.0312127845279786,-0.007803668271300079,0.015596920334504105,0.0
2024-11-18 12:06:00-05:00,64.11499786376953,64.19000244140625,64.0999984741211,64.19000244140625,19554.0,0.007794811059724793,0.09356805014533176,0.0156063922639893,0.12478837980507418
2024-11-18 12:07:00-05:00,64.20999908447266,64.20999908447266,64.16999816894531,64.16999816894531,26144.0,0.14817316364101885,0.031152270300438545,0.10920389468103142,-0.031164155943441685
2024-11-18 12:08:00-05:00,64.18000030517578,64.19999694824219,64.11000061035156,64.11000061035156,12466.0,-0.04671979399565318,-0.015577225312379817,-0.0934978343552273,-0.0934978343552273
2024-11-18 12:09:00-05:00,64.125,64.125,64.05999755859375,64.05999755859375,13334.0,-0.08569695374611719,-0.11681768194264919,-0.07799571249690329,-0.07799571249690329
2024-11-18 12:10:00-05:00,64.05500030517578,64.08000183105469,64.02519989013672,64.08000183105469,6972.0,-0.10916131746466773,-0.07017258315058506,-0.05432043362973982,0.031227401222788664
2024-11-18 12:11:00-05:00,64.08000183105469,64.16000366210938,64.08000183105469,64.13999938964844,10609.0,0.039031341440631806,0.12484679895237161,0.08559433006378736,0.09362914619124307
2024-11-18 12:12:00-05:00,64.16000366210938,64.19760131835938,64.12999725341797,64.13999938964844,6444.0,0.12484679895237161,0.05859983495013488,0.0780203198106788,0.0
2024-11-18 12:13:00-05:00,64.13999938964844,64.19999694824219,64.13999938964844,64.19999694824219,4917.0,-0.03117872711835279,0.0037316501452000495,0.015596657818250925,0.09354156402352487
2024-11-18 12:14:00-05:00,64.18000030517578,64.18499755859375,64.16000366210938,64.18499755859375,1763.0,0.062365007651998816,-0.023363536388532058,0.031188451280472762,-0.023363536388532058
2024-11-18 12:15:00-05:00,64.19000244140625,64.20500183105469,64.13999938964844,64.1500015258789,8319.0,0.015584506361654427,0.03116658599648936,-0.03117872711835279,-0.0545236956391526
2024-11-18 12:16:00-05:00,64.1500015258789,64.20500183105469,64.1436996459961,64.20500183105469,11931.0,-0.06231642624388023,0.0,0.005769030843261191,0.08573702863217125
2024-11-18 12:17:00-05:00,64.20500183105469,64.20500183105469,64.13999938964844,64.13999938964844,9094.0,0.08573702863217125,0.0,-0.005768698045294229,-0.10124202095234125
2024-11-18 12:18:00-05:00,64.16000366210938,64.25,64.16000366210938,64.25,9693.0,-0.07008514549025069,0.07008514549025069,0.031188451280472762,0.17150079731573786
2024-11-18 12:19:00-05:00,64.2699966430664,64.2699966430664,64.2300033569336,64.23999786376953,9121.0,0.17143543434987585,0.03112317986988522,0.10910176251370807,-0.015567527206949983
2024-11-18 12:20:00-05:00,64.25,64.26499938964844,64.2300033569336,64.2300033569336,10535.0,-0.03111349636045757,-0.007775406377752425,0.0,-0.015558074670440902
2024-11-18 12:21:00-05:00,64.2300033569336,64.27999877929688,64.2300033569336,64.27999877929688,13395.0,-0.031123179869896322,0.023339904755137475,0.0,0.07783811264254759
2024-11-18 12:22:00-05:00,64.29000091552734,64.37999725341797,64.28500366210938,64.37000274658203,5120.0,0.09341048646742678,0.15556701309911158,0.08563023867542707,0.14001862009080934
2024-11-18 12:23:00-05:00,64.38999938964844,64.44000244140625,64.37999725341797,64.41500091552734,7706.0,0.15554281023029137,0.09320470728211294,0.14776944216710053,0.06990549483500974
2024-11-18 12:24:00-05:00,64.41500091552734,64.44000244140625,64.36000061035156,64.375,7958.0,0.03882827475678585,0.0,-0.0310603353828931,-0.062098757989303977
2024-11-18 12:25:00-05:00,64.38999938964844,64.43319702148438,64.375,64.4301986694336,6730.0,-0.03881320425919155,-0.010560862296771223,0.023305452930699744,0.08574550591626817
2024-11-18 12:26:00-05:00,64.43499755859375,64.45999908447266,64.42890167236328,64.44999694824219,2358.0,0.06988378532668538,0.04159666790914951,0.08373075318568457,0.030728259756229725
2024-11-18 12:27:00-05:00,64.44499969482422,64.44999694824219,64.4000015258789,64.4000015258789,6933.0,0.015522831705516715,-0.015516811002991293,-0.04485587327149876,-0.07757242006299903
2024-11-18 12:28:00-05:00,64.40499877929688,64.44000244140625,64.40499877929688,64.42500305175781,2537.0,-0.06206985137212628,-0.015507381395163389,0.0077597100925030915,0.038822244233727154
2024-11-18 12:29:00-05:00,64.41999816894531,64.41999816894531,64.38999938964844,64.38999938964844,4141.0,0.023289169991036474,-0.031043252177287428,-0.023289169991036474,-0.05433241824025492
2024-11-18 12:30:00-05:00,64.38999938964844,64.38999938964844,64.33999633789062,64.3499984741211,8662.0,-0.04656749479905464,-0.04656749479905464,-0.0776565495135717,-0.06212286986567728
2024-11-18 12:31:00-05:00,64.3499984741211,64.37000274658203,64.3499984741211,64.37000274658203,3178.0,-0.06212286986567728,-0.031055510569888423,0.015545751942447339,0.03108667122810882
2024-11-18 12:32:00-05:00,64.38500213623047,64.38500213623047,64.36000061035156,64.36000061035156,3523.0,0.05439574660355273,0.023301831611677315,0.015543335614043308,-0.015538505210022091
2024-11-18 12:33:00-05:00,64.36499786376953,64.41000366210938,64.36499786376953,64.41000366210938,7673.0,-0.03106977059441629,0.03883128842026018,0.007764532893994591,0.07769274593476538
2024-11-18 12:34:00-05:00,64.38999938964844,64.41999816894531,64.38999938964844,64.41500091552734,8943.0,0.03884335696215935,0.015517010196686165,0.03884335696215935,0.007758505098354185
2024-11-18 12:35:00-05:00,64.41500091552734,64.43000030517578,64.41480255126953,64.41500091552734,4922.0,0.03882827475678585,0.015526446002422922,0.038520207883530055,0.0
2024-11-18 12:36:00-05:00,64.41500091552734,64.41500091552734,64.38999938964844,64.41000366210938,8340.0,0.0,-0.0232801328222787,-0.03850537553282685,-0.0077579032010333115
2024-11-18 12:37:00-05:00,64.41500091552734,64.55000305175781,64.41500091552734,64.52999877929688,67123.0,0.0,0.20958182769803546,0.03882827475678585,0.18629888272787554
2024-11-18 12:38:00-05:00,64.52999877929688,64.625,64.52999877929688,64.54000091552734,9059.0,0.17852652663987723,0.11618426753916555,0.17852652663987723,0.015499978955024751
2024-11-18 12:39:00-05:00,64.52999877929688,64.56999969482422,64.5199966430664,64.56999969482422,5659.0,0.0,-0.08510685520430883,-0.015499978955024751,0.04648090931411719
2024-11-18 12:40:00-05:00,64.56999969482422,64.58999633789062,64.54000091552734,64.56999969482422,4691.0,0.06198809280029138,0.0309689378363176,0.031004763641884203,0.0
2024-11-18 12:41:00-05:00,64.58519744873047,64.63999938964844,64.58499908447266,64.62000274658203,4450.0,0.02353686538343336,0.07741609319225073,0.06972136397116468,0.07744006813401594
2024-11-18 12:42:00-05:00,64.625,64.69999694824219,64.625,64.69999694824219,7362.0,0.06162797799158515,0.09281800612666036,0.06193530400926406,0.12379170266190176
2024-11-18 12:43:00-05:00,64.68000030517578,64.69999694824219,64.66999816894531,64.67749786376953,8822.0,0.08510685520430883,0.0,0.06962966181092156,-0.03477447532286293
2024-11-18 12:44:00-05:00,64.67500305175781,64.6780014038086,64.58999633789062,64.5999984741211,9393.0,-0.007726118420514627,-0.033996206292230546,-0.12370779854622427,-0.11982434727403346
2024-11-18 12:45:00-05:00,64.58999633789062,64.69999694824219,64.56999969482422,64.69999694824219,12878.0,-0.13143673731126349,0.034007767643084996,-0.030959350054449164,0.15479640322462185
2024-11-18 12:46:00-05:00,64.7300033569336,64.7300033569336,64.63999938964844,64.6500015258789,6422.0,0.21676269853081465,0.046377759052163015,0.10840900597035574,-0.07727268117689867
2024-11-18 12:47:00-05:00,64.6500015258789,64.68000030517578,64.62999725341797,64.66719818115234,4431.0,-0.12359312050942428,-0.07724864694056421,-0.01547360198779213,0.026599620831491144
2024-11-18 12:48:00-05:00,64.6500015258789,64.68000030517578,64.62999725341797,64.68000030517578,6454.0,0.0,0.0,0.0,0.019796936288440925
2024-11-18 12:49:00-05:00,64.69000244140625,64.69999694824219,64.6500015258789,64.66000366210938,8911.0,0.06187303106455211,0.030916269282710296,0.030951993363848018,-0.030916269282710296
2024-11-18 12:50:00-05:00,64.65499877929688,64.66000366210938,64.63999938964844,64.63999938964844,6364.0,-0.05410984818107201,-0.0618134281595184,-0.0154712080346453,-0.0309376296442454
2024-11-18 12:51:00-05:00,64.65989685058594,64.66500091552734,64.62999725341797,64.66000366210938,7106.0,0.00757570393865592,0.007728507786786132,-0.01547360198779213,0.03094720397558426
2024-11-18 12:52:00-05:00,64.66500091552734,64.66999816894531,64.62000274658203,64.63999938964844,5297.0,0.007893710305784118,0.007727910534627291,-0.01546419195523896,-0.0309376296442454
2024-11-18 12:53:00-05:00,64.6500015258789,64.66999816894531,64.625,64.66000366210938,8413.0,-0.023195529940578385,0.0,0.007733291868716741,0.03094720397558426
2024-11-18 12:54:00-05:00,64.66000366210938,64.68000030517578,64.66000366210938,64.6781997680664,4858.0,0.0154712080346453,0.015466424174537252,0.05416427405706692,0.02814120774277118
2024-11-18 12:55:00-05:00,64.68499755859375,64.70999908447266,64.68499755859375,64.70999908447266,7852.0,0.03865433818250885,0.04638030172439134,0.03865433818250885,0.04916543212438729
2024-11-18 12:56:00-05:00,64.70500183105469,64.70500183105469,64.63500213623047,64.6500015258789,21235.0,0.03092567552904768,-0.007722536684706682,-0.07729059944385774,-0.09271760074579527
2024-11-18 12:57:00-05:00,64.6500015258789,64.69999694824219,64.6500015258789,64.69999694824219,7779.0,-0.08500162834302882,-0.007734924149405131,0.023206295587052672,0.07733243802519052
2024-11-18 12:58:00-05:00,64.70500183105469,64.75,64.70500183105469,64.73999786376953,15495.0,0.08507394257950551,0.07728447313191111,0.08507394257950551,0.06182522011453084
2024-11-18 12:59:00-05:00,64.7300033569336,64.73999786376953,64.6449966430664,64.6449966430664,22679.0,0.038639247618266204,-0.015447314641647836,-0.09273655249242285,-0.14674269978048882
2024-11-18 13:00:00-05:00,64.62999725341797,64.62999725341797,64.56999969482422,64.59500122070312,8131.0,-0.15449729388112843,-0.16991135925433776,-0.11601353876816711,-0.07733842518289347
2024-11-18 13:01:00-05:00,64.5999984741211,64.72000122070312,64.5999984741211,64.72000122070312,17479.0,-0.04641618531909808,0.1392603606839904,0.04645931460223185,0.19351342617506262
2024-11-18 13:02:00-05:00,64.74150085449219,64.76499938964844,64.68000030517578,64.72000122070312,32203.0,0.219043937636898,0.06952745379571468,0.1238418466630975,0.0
2024-11-18 13:03:00-05:00,64.70999908447266,64.83000183105469,64.70999908447266,64.7699966430664,36438.0,-0.04865776913379749,0.10036662088912518,0.04638030172439134,0.07724879700294895
2024-11-18 13:04:00-05:00,64.78500366210938,64.79499816894531,64.73999786376953,64.75,8227.0,0.11590879106457841,-0.05399299879798036,0.046358800372892084,-0.030873311877110954
2024-11-18 13:05:00-05:00,64.76000213623047,64.80500030517578,64.75,64.76000213623047,5767.0,-0.0385915327091757,0.015436586948247566,0.015449701205616506,0.015447314641647836
2024-11-18 13:06:00-05:00,64.7699966430664,64.86000061035156,64.7699966430664,64.86000061035156,2652.0,0.015433147786048096,0.08487046511345131,0.030882846434598932,0.15441394506248152
2024-11-18 13:07:00-05:00,64.8499984741211,64.8499984741211,64.81999969482422,64.83999633789062,5868.0,0.12351680593032377,-0.01542111646060107,0.0772009485091818,-0.03084223292120214
2024-11-18 13:08:00-05:00,64.84500122070312,64.94999694824219,64.84500122070312,64.94999694824219,10716.0,-0.007705865128071476,0.15419965531842106,0.03857069731041385,0.16964931610781164
2024-11-18 13:09:00-05:00,64.92500305175781,65.0,64.91999816894531,65.0,6528.0,0.1233739371557574,0.07698699631604189,0.11565571259213314,0.07698699631604189
2024-11-18 13:10:00-05:00,64.9800033569336,65.0,64.93000030517578,64.93000030517578,9385.0,0.08471359659687483,0.0,0.015406864621958505,-0.10769183819110406
2024-11-18 13:11:00-05:00,64.93000030517578,64.9800033569336,64.93000030517578,64.9800033569336,2945.0,-0.07695144532872122,-0.03076406625600603,0.0,0.07701070618018058
2024-11-18 13:12:00-05:00,64.9800033569336,64.9800033569336,64.964599609375,64.9800033569336,1864.0,0.07701070618018058,0.0,0.05328708460896614,0.0
2024-11-18 13:13:00-05:00,64.9749984741211,64.98999786376953,64.95999908447266,64.95999908447266,9747.0,-0.007702189218128375,0.015380896152072943,-0.007081587402990586,-0.030785274588329692
2024-11-18 13:14:00-05:00,64.9749984741211,65.0,64.95999908447266,64.99299621582031,18153.0,0.0,0.0153902701326869,0.0,0.05079607729789881
2024-11-18 13:15:00-05:00,64.9800033569336,64.9800033569336,64.95999908447266,64.9800033569336,7233.0,0.0077027825010178574,-0.03076406625600603,0.0,-0.019991167730715187
2024-11-18 13:16:00-05:00,64.97000122070312,64.97000122070312,64.91999816894531,64.97000122070312,10273.0,-0.015392637294164846,-0.015392637294164846,-0.061577764918574474,-0.015392637294164846
2024-11-18 13:17:00-05:00,64.97000122070312,64.97000122070312,64.93000030517578,64.93000030517578,4479.0,0.0,0.0,0.015406864621958505,-0.061568285017354896
2024-11-18 13:18:00-05:00,64.93000030517578,64.94999694824219,64.93000030517578,64.93499755859375,4758.0,-0.061568285017354896,-0.030790013983506004,0.0,0.007696370544407749
2024-11-18 13:19:00-05:00,64.94999694824219,64.94999694824219,64.91000366210938,64.93000030517578,8374.0,0.030797232361656768,0.0,-0.030797232361656768,-0.007695778248795193
2024-11-18 13:20:00-05:00,64.94000244140625,64.94999694824219,64.93000030517578,64.93000030517578,2685.0,-0.015388002010074953,0.0,0.03080671997879314,0.0
2024-11-18 13:21:00-05:00,64.91999816894531,64.94000244140625,64.87000274658203,64.87000274658203,9059.0,-0.0308042373096451,-0.015388002010074953,-0.09240344726899608,-0.09240344726899608
2024-11-18 13:22:00-05:00,64.88500213623047,64.88500213623047,64.83999633789062,64.84500122070312,4871.0,-0.05390639818529941,-0.08469403004012221,-0.04625621615683695,-0.03854096627153858
2024-11-18 13:23:00-05:00,64.83000183105469,64.91999816894531,64.83000183105469,64.91999816894531,5914.0,-0.08476582163056134,0.05393547285605926,-0.015414107650246756,0.11565571259213314
2024-11-18 13:24:00-05:00,64.9000015258789,64.94999694824219,64.9000015258789,64.94000244140625,7691.0,0.10797422928761069,0.04620884187152008,0.10797422928761069,0.03081372924391701
2024-11-18 13:25:00-05:00,64.94499969482422,64.95999908447266,64.91000366210938,64.91000366210938,3617.0,0.06933461924090167,0.01539974857649451,0.015411611703086692,-0.04619460759019978
2024-11-18 13:26:00-05:00,64.92500305175781,64.92500305175781,64.91999816894531,64.91999816894531,3181.0,-0.03079011957867195,-0.053873203830157035,0.0153974830874537,0.0153974830874537
2024-11-18 13:27:00-05:00,64.93499755859375,64.97000122070312,64.93499755859375,64.94000244140625,3663.0,0.01539392586238364,0.06930791964605554,0.02310442093576004,0.03081372924391701
2024-11-18 13:28:00-05:00,64.94999694824219,65.01499938964844,64.94000244140625,64.97000122070312,24819.0,0.023099084026156902,0.06925991703841117,0.007707527528566516,0.04619460759021088
2024-11-18 13:29:00-05:00,64.9749984741211,64.9999008178711,64.96499633789062,64.98500061035156,3572.0,0.03849349815800984,-0.02322321298021679,0.03848767407566012,0.023086639012803722
2024-11-18 13:30:00-05:00,64.98999786376953,65.0198974609375,64.91999816894531,64.91999816894531,10213.0,0.023084863410050005,0.030764113198311627,-0.0692652528005544,-0.10002683818686187
2024-11-18 13:31:00-05:00,64.91000366210938,64.91000366210938,64.86000061035156,64.91000366210938,7888.0,-0.12308694305213086,-0.16901564462501462,-0.09241768374301795,-0.015395112627591967
2024-11-18 13:32:00-05:00,64.90499877929688,64.96499633789062,64.90499877929688,64.94999694824219,4501.0,-0.007710495347612589,0.08472141839264147,0.06937737977470437,0.061613439957564076
2024-11-18 13:33:00-05:00,64.94999694824219,64.94999694824219,64.87999725341797,64.87999725341797,4842.0,0.06932928093617008,-0.0230884176001811,-0.03852018542349622,-0.10777474690261135
2024-11-18 13:34:00-05:00,64.8499984741211,64.8499984741211,64.80999755859375,64.80999755859375,8811.0,-0.15396224606566422,-0.15396224606566422,-0.10789102618300461,-0.10789102618300461
2024-11-18 13:35:00-05:00,64.81500244140625,64.8499984741211,64.80000305175781,64.81500244140625,14163.0,-0.053964585255628084,0.0,-0.015421242420043946,0.007722393150810802
2024-11-18 13:36:00-05:00,64.81999969482422,64.83999633789062,64.80999755859375,64.83000183105469,6443.0,0.007710025811524801,-0.01542349493571793,0.015423620934029714,0.023141848466323722
2024-11-18 13:37:00-05:00,64.82039642333984,64.8499984741211,64.77999877929688,64.79000091552734,12182.0,0.0006120464632664024,0.015425874144625595,-0.046287271141698394,-0.0617012407798212
2024-11-18 13:38:00-05:00,64.77999877929688,64.77999877929688,64.76000213623047,64.76000213623047,2754.0,-0.06232242669287347,-0.10794093519085335,-0.030868544987994184,-0.046301557143035854
2024-11-18 13:39:00-05:00,64.75,64.78500366210938,64.75,64.78500366210938,9432.0,-0.04630870617808869,0.007725969291150214,-0.01544492881490056,0.03860643152282517
2024-11-18 13:40:00-05:00,64.78500366210938,64.80000305175781,64.75499725341797,64.77999877929688,6015.0,0.054059709821419055,0.02315256432903201,0.007717765896475548,-0.007725372431255373
2024-11-18 13:41:00-05:00,64.77999877929688,64.80069732666016,64.7699966430664,64.7699966430664,5510.0,-0.007725372431255373,0.0010714118358734481,0.023163292849415207,-0.015440161190105606
2024-11-18 13:42:00-05:00,64.76000213623047,64.86000061035156,64.76000213623047,64.81999969482422,29978.0,-0.030868544987994184,0.09151642827616158,-0.015430766333079937,0.0772009485091818
2024-11-18 13:43:00-05:00,64.80999755859375,64.80999755859375,64.73500061035156,64.73500061035156,7861.0,0.07720108201680898,-0.07709381943766802,-0.03860643152282517,-0.131130954755998
2024-11-18 13:44:00-05:00,64.72000122070312,64.7249984741211,64.68000030517578,64.68000030517578,3409.0,-0.13886181342509518,-0.1311511922150732,-0.08496223782685774,-0.08496223782685774
2024-11-18 13:45:00-05:00,64.68000030517578,64.72339630126953,64.68000030517578,64.69999694824219,4242.0,-0.0618061105884915,-0.002475354019826348,0.0,0.030916269282710296
2024-11-18 13:46:00-05:00,64.7249984741211,64.73999786376953,64.70999908447266,64.70999908447266,5640.0,0.0695704525865759,0.0256500175341845,0.04638030172439134,0.01545925301738027
2024-11-18 13:47:00-05:00,64.69999694824219,64.69999694824219,64.66500091552734,64.66999816894531,3976.0,-0.03862731010940701,-0.06178702015331439,-0.06953820055934923,-0.061815663874642546
2024-11-18 13:48:00-05:00,64.71499633789062,64.72000122070312,64.71499633789062,64.72000122070312,824.0,0.023182983548575287,0.03091850603476054,0.07731450035637355,0.07732032344764939
2024-11-18 13:49:00-05:00,64.71499633789062,64.7249984741211,64.69999694824219,64.71499633789062,7555.0,0.0,0.0077213432072120725,-0.023177610286995165,-0.007733131517462244
2024-11-18 13:50:00-05:00,64.7300033569336,64.82499694824219,64.7300033569336,64.77999877929688,15805.0,0.023189399508916075,0.1544974530375276,0.046377759052163015,0.10044417072490042
2024-11-18 13:51:00-05:00,64.79000091552734,64.79000091552734,64.77999877929688,64.79000091552734,2419.0,0.09268894713772013,-0.05398539816791059,0.07723686045186806,0.015440161190105606
2024-11-18 13:52:00-05:00,64.79000091552734,64.80999755859375,64.75,64.75,7871.0,0.0,0.03086377957066677,-0.04630870617808869,-0.061739334715393834
2024-11-18 13:53:00-05:00,64.73999786376953,64.75,64.70500183105469,64.70500183105469,9318.0,-0.07717711228775181,-0.09257454228339679,-0.06949524161438125,-0.06949524161438125
2024-11-18 13:54:00-05:00,64.70500183105469,64.75,64.70500183105469,64.75,6987.0,-0.05405627721595252,0.0,0.0,0.06954357108712728
2024-11-18 13:55:00-05:00,64.75,64.81620025634766,64.75,64.81620025634766,4619.0,0.06954357108712728,0.10223977814309837,0.06954357108712728,0.10223977814309837
2024-11-18 13:56:00-05:00,64.80999755859375,64.83000183105469,64.80000305175781,64.81999969482422,5658.0,0.09266032215251574,0.021293402964772667,0.07722479035956464,0.005861865492784446
2024-11-18 13:57:00-05:00,64.80999755859375,64.82499694824219,64.80000305175781,64.80999755859375,6856.0,0.0,-0.007720010290213075,0.0,-0.015430632949031686
2024-11-18 13:58:00-05:00,64.80999755859375,64.80999755859375,64.73999786376953,64.73999786376953,10013.0,0.0,-0.02313828053152056,-0.09260059438631618,-0.10800755664422956
2024-11-18 13:59:00-05:00,64.76000213623047,64.7699966430664,64.7300033569336,64.74500274658203,4507.0,-0.07714152792257511,-0.06172028550252007,-0.015437916536498175,0.0077307429373618675
2024-11-18 14:00:00-05:00,64.74500274658203,64.75399780273438,64.74500274658203,64.74500274658203,2543.0,-0.02316150270792461,-0.024701005343874538,0.023172236784430034,0.0
2024-11-18 14:01:00-05:00,64.74500274658203,64.7699966430664,64.72000122070312,64.73500061035156,25245.0,0.0,0.024707108248001042,-0.03861537542405591,-0.015448506921245109
2024-11-18 14:02:00-05:00,64.75,64.84500122070312,64.75,64.83999633789062,5742.0,0.007718361581554589,0.1158014227637727,0.04635163586381719,0.16219313593746065
2024-11-18 14:03:00-05:00,64.8499984741211,64.9000015258789,64.8499984741211,64.88500213623047,3648.0,0.15443779787041034,0.08481811109630755,0.15443779787041034,0.06941055040365907
2024-11-18 14:04:00-05:00,64.88500213623047,64.91999816894531,64.80000305175781,64.81999969482422,16506.0,0.053976349935225265,0.030811467790847757,-0.07709394531941749,-0.10018099601780683
2024-11-18 14:05:00-05:00,64.80999755859375,64.80999755859375,64.7699966430664,64.7699966430664,8785.0,-0.11559617040505232,-0.16944025485845504,-0.04630618407137632,-0.0771413946208388
2024-11-18 14:06:00-05:00,64.81999969482422,64.82499694824219,64.81999969482422,64.82499694824219,3987.0,0.015433014360821673,0.023143635570854748,0.0772009485091818,0.08491633167573287
2024-11-18 14:07:00-05:00,64.84500122070312,64.84500122070312,64.80000305175781,64.80000305175781,8958.0,0.03857069731041385,0.03085888685334659,-0.030849495773754843,-0.0385559547412373
2024-11-18 14:08:00-05:00,64.80000305175781,64.80999755859375,64.79000091552734,64.80000305175781,4061.0,-0.06939342755528655,-0.05398050960048195,-0.015435394690455073,0.0
2024-11-18 14:09:00-05:00,64.80000305175781,64.80999755859375,64.79000091552734,64.80500030517578,4268.0,0.0,0.0,0.0,0.007711810467014857
2024-11-18 14:10:00-05:00,64.79100036621094,64.81999969482422,64.77999877929688,64.81999969482422,4860.0,-0.013893032597056543,0.015433014360821673,-0.01543777757235798,0.02314542022652244
2024-11-18 14:11:00-05:00,64.80000305175781,64.80000305175781,64.79000091552734,64.79000091552734,6921.0,0.013894963028793228,-0.030849495773754843,0.015440161190105606,-0.04628012872278653
2024-11-18 14:12:00-05:00,64.79000091552734,64.79000091552734,64.7699966430664,64.77999877929688,6026.0,-0.015435394690455073,-0.015435394690455073,-0.03087555514471596,-0.01543777757235798
2024-11-18 14:13:00-05:00,64.79000091552734,64.79000091552734,64.70500183105469,64.73999786376953,9563.0,0.0,0.0,-0.1003470980088017,-0.06174886736819429
2024-11-18 14:14:00-05:00,64.75,64.76000213623047,64.66000366210938,64.68000030517578,7662.0,-0.061739334715393834,-0.046301557143035854,-0.06954357108713838,-0.09267463789541797
2024-11-18 14:15:00-05:00,64.68000030517578,64.69000244140625,64.6592025756836,64.66999816894531,10356.0,-0.10810763679416358,-0.1080909396466101,-0.0012389210955920937,-0.015464032441681042
2024-11-18 14:16:00-05:00,64.68000030517578,64.68499755859375,64.6500015258789,64.66500091552734,3800.0,0.0,-0.007736717612638611,-0.014230070025866848,-0.007727313374761291
2024-11-18 14:17:00-05:00,64.66999816894531,64.72959899902344,64.66999816894531,64.69000244140625,13154.0,-0.015464032441681042,0.06895175405903231,0.030930614995261507,0.03866314934652948
2024-11-18 14:18:00-05:00,64.70999908447266,64.75,64.70999908447266,64.75,1656.0,0.061853899273112134,0.031517267667413584,0.061853899273112134,0.09274626113686679
2024-11-18 14:19:00-05:00,64.7300033569336,64.7300033569336,64.69000244140625,64.69999694824219,6823.0,0.030913727003500924,-0.030882846434598932,-0.030901936871152724,-0.07722479035955354
2024-11-18 14:20:00-05:00,64.69999694824219,64.73999786376953,64.69999694824219,64.7249984741211,9727.0,-0.04635626005755622,0.01544030019715592,0.01544984767158919,0.03864223656595556
2024-11-18 14:21:00-05:00,64.70999908447266,64.72419738769531,64.67500305175781,64.67500305175781,7471.0,0.01545925301738027,-0.024406049730596457,-0.038630444610943115,-0.07724283281871358
2024-11-18 14:22:00-05:00,64.6854019165039,64.69999694824219,64.66999816894531,64.69000244140625,7143.0,-0.03801138667401949,-0.037390095868106155,-0.0077385119077511,0.023191942699152257
2024-11-18 14:23:00-05:00,64.69999694824219,64.69999694824219,64.6500015258789,64.6500015258789,8657.0,0.022563099719352664,0.0,-0.030921050924059834,-0.0618347720168555
2024-11-18 14:24:00-05:00,64.63999938964844,64.6500015258789,64.5999984741211,64.5999984741211,13821.0,-0.09273193419429004,-0.07727268117689867,-0.07734423909919741,-0.07734423909919741
2024-11-18 14:25:00-05:00,64.5999984741211,64.62000274658203,64.58999633789062,64.58999633789062,7413.0,-0.06188260505112231,-0.04640182302991791,-0.015483183385023302,-0.015483183385023302
2024-11-18 14:26:00-05:00,64.61000061035156,64.62999725341797,64.61000061035156,64.62999725341797,2387.0,0.015483183385023302,0.015466583737433481,0.030971162091875115,0.06193051214631318
2024-11-18 14:27:00-05:00,64.62999725341797,64.68000030517578,64.62999725341797,64.68000030517578,11449.0,0.030949764552712367,0.0773681786829572,0.030949764552712367,0.0773681786829572
2024-11-18 14:28:00-05:00,64.66000366210938,64.68000030517578,64.63999938964844,64.68000030517578,7201.0,0.04642799004577203,0.0,0.015475996681924009,0.0
2024-11-18 14:29:00-05:00,64.66500091552734,64.68000030517578,64.66000366210938,64.68000030517578,4491.0,0.007728507786786132,0.0,0.03094720397558426,0.0
2024-11-18 14:30:00-05:00,64.68000030517578,64.68000030517578,64.61499786376953,64.63999938964844,11152.0,0.023195529940589488,0.0,-0.06960376707528804,-0.06184433416606128
2024-11-18 14:31:00-05:00,64.63999938964844,64.66999816894531,64.63999938964844,64.66999816894531,4233.0,-0.06184433416606128,-0.015464032441681042,0.038693069264850166,0.046409003063319076
2024-11-18 14:32:00-05:00,64.67500305175781,64.68000030517578,64.66000366210938,64.66000366210938,5811.0,0.054151705507266,0.015466424174537252,0.03094720397558426,-0.015454626749533684
2024-11-18 14:33:00-05:00,64.66000366210938,64.66999816894531,64.62999725341797,64.64089965820312,4907.0,-0.023191942699152257,-0.015464032441681042,-0.04640644446636255,-0.02954531831776963
2024-11-18 14:34:00-05:00,64.63999938964844,64.6500015258789,64.61000061035156,64.62999725341797,8642.0,-0.0309376296442454,-0.030921050924059834,-0.03094018863717407,-0.016866109294277898
2024-11-18 14:35:00-05:00,64.6500015258789,64.6500015258789,64.61000061035156,64.62000274658203,14915.0,0.01547360198779213,0.0,0.0,-0.01546419195523896
2024-11-18 14:36:00-05:00,64.62000274658203,64.63999938964844,64.62000274658203,64.63999938964844,10322.0,-0.04640182302991791,-0.0154712080346453,0.015480786466470775,0.030944974027358185
2024-11-18 14:37:00-05:00,64.66000366210938,64.71499633789062,64.66000366210938,64.71499633789062,3074.0,0.06190175460718539,0.1160225076583199,0.06190175460718539,0.1160225076583199
2024-11-18 14:38:00-05:00,64.7300033569336,64.75499725341797,64.70999908447266,64.71499633789062,13001.0,0.10825810525778579,0.06181089050594224,0.07732047561355149,0.0
2024-11-18 14:39:00-05:00,64.69999694824219,64.72000122070312,64.66999816894531,64.70500183105469,12534.0,-0.04635626005755622,-0.05404375600216449,-0.061815663874642546,-0.015443880710053204
2024-11-18 14:40:00-05:00,64.70500183105469,64.70500183105469,64.63999938964844,64.66999816894531,12624.0,0.007735522486207458,-0.023175817931908593,-0.046387475098585984,-0.05409730487415665
2024-11-18 14:41:00-05:00,64.69499969482422,64.7300033569336,64.69499969482422,64.72000122070312,4882.0,-0.015458057255890445,0.038639247618266204,0.08508710658279295,0.07732032344764939
2024-11-18 14:42:00-05:00,64.72000122070312,64.72000122070312,64.66999816894531,64.68000030517578,10865.0,0.03864522141872051,-0.015452086685852073,-0.03864522141872051,-0.0618061105884915
2024-11-18 14:43:00-05:00,64.67500305175781,64.68000030517578,64.66999816894531,64.66999816894531,3781.0,-0.06952745379571468,-0.0618061105884915,0.0,-0.015464032441681042
2024-11-18 14:44:00-05:00,64.68499755859375,64.69999694824219,64.66000366210938,64.66000366210938,11846.0,0.015453430791390055,0.030916269282710296,-0.015454626749533684,-0.015454626749533684
2024-11-18 14:45:00-05:00,64.66000366210938,64.69000244140625,64.66000366210938,64.69000244140625,3499.0,-0.03863940237723851,-0.015447461062378931,0.0,0.04639464521782877
2024-11-18 14:46:00-05:00,64.68879699707031,64.72000122070312,64.68000030517578,64.68000030517578,14384.0,0.044530363950179286,0.046373130568433396,0.03092583039572272,-0.015461641448422103
2024-11-18 14:47:00-05:00,64.68000030517578,64.70989990234375,64.68000030517578,64.69000244140625,4807.0,-0.013598478102672118,-0.01560772275780442,0.0,0.015464032441681042
2024-11-18 14:48:00-05:00,64.69499969482422,64.69499969482422,64.66000366210938,64.66500091552734,8614.0,0.023190150862184566,-0.023026163758588236,-0.030916269282710296,-0.0386482067326388
2024-11-18 14:49:00-05:00,64.66999816894531,64.69999694824219,64.66000366210938,64.69999694824219,3456.0,-0.03864522141872051,0.007724327137403897,0.0,0.05411897041578406
2024-11-18 14:50:00-05:00,64.70999908447266,64.76499938964844,64.70999908447266,64.76499938964844,9352.0,0.061853899273112134,0.1004674566804864,0.07732047561355149,0.1004674566804864
2024-11-18 14:51:00-05:00,64.76499938964844,64.77999877929688,64.75,64.75499725341797,10993.0,0.08499506406109969,0.023159715571363648,0.061815663874642546,-0.015443737087517118
2024-11-18 14:52:00-05:00,64.76000213623047,64.79630279541016,64.76000213623047,64.79630279541016,5533.0,-0.007715978483846531,0.025168287157328884,0.015447314641647836,0.06378741988133374
2024-11-18 14:53:00-05:00,64.79499816894531,64.79499816894531,64.75,64.7699966430664,13558.0,0.05403957930889547,-0.0020134273230998367,-0.01544492881490056,-0.040598230468191776
2024-11-18 14:54:00-05:00,64.7699966430664,64.78500366210938,64.73999786376953,64.75,8440.0,-0.03858558003769774,-0.015424812282394118,-0.015447314641647836,-0.030873311877110954
2024-11-18 14:55:00-05:00,64.79000091552734,64.79989624023438,64.73999786376953,64.76000213623047,10406.0,0.03088509108803983,0.022987693575937662,0.0,0.015447314641647836
2024-11-18 14:56:00-05:00,64.75,64.75,64.69999694824219,64.70999908447266,11760.0,-0.061739334715393834,-0.07700049402763476,-0.06178702015331439,-0.07721286304566144
2024-11-18 14:57:00-05:00,64.72000122070312,64.76000213623047,64.71499633789062,64.74500274658203,9119.0,-0.04633016107625787,0.015447314641647836,0.023182983548575287,0.05409312718993586
2024-11-18 14:58:00-05:00,64.7300033569336,64.7699966430664,64.72000122070312,64.73999786376953,21621.0,0.015454474724685419,0.015433147786048096,0.007733729576941961,-0.0077301453396905195
2024-11-18 14:59:00-05:00,64.7300033569336,64.75,64.70999908447266,64.72000122070312,11581.0,0.0,-0.030873311877110954,-0.015454474724685419,-0.03088761774210358
2024-11-18 15:00:00-05:00,64.70999908447266,64.76000213623047,64.68000030517578,64.7300033569336,15546.0,-0.030904173371704147,0.015447314641647836,-0.046358800372903186,0.015454474724685419
2024-11-18 15:01:00-05:00,64.7300033569336,64.77999877929688,64.7249984741211,64.77999877929688,5335.0,0.030913727003500924,0.03087807660095976,0.0695704525865759,0.07723686045186806
2024-11-18 15:02:00-05:00,64.7699966430664,64.79989624023438,64.76000213623047,64.77999877929688,10306.0,0.06178477376601599,0.030715438889239444,0.05408059163318768,0.0
2024-11-18 15:03:00-05:00,64.77999877929688,64.77999877929688,64.76000213623047,64.7699966430664,20603.0,0.015442545544019914,-0.030706007404290858,0.0,-0.015440161190105606
2024-11-18 15:04:00-05:00,64.76000213623047,64.82499694824219,64.74500274658203,64.80999755859375,14136.0,-0.030868544987994184,0.06946305926713858,-0.02316150270792461,0.061758402965161885
2024-11-18 15:05:00-05:00,64.80999755859375,64.80999755859375,64.75,64.80999755859375,20600.0,0.07720108201680898,-0.02313828053152056,0.007718361581554589,0.0
2024-11-18 15:06:00-05:00,64.81500244140625,64.83000183105469,64.80819702148438,64.81999969482422,5215.0,0.007722393150810802,0.030866028721643346,0.08987956986004075,0.015433014360821673
2024-11-18 15:07:00-05:00,64.81999969482422,64.87999725341797,64.81999969482422,64.87000274658203,8009.0,0.007710025811524801,0.07711772474350287,0.01821169833799985,0.0771413946208499
2024-11-18 15:08:00-05:00,64.87000274658203,64.87000274658203,64.83999633789062,64.86000061035156,7221.0,0.0771413946208499,-0.01540460428335333,0.030849495773765945,-0.015418738718941949
2024-11-18 15:09:00-05:00,64.87000274658203,64.88999938964844,64.86000061035156,64.87000274658203,11710.0,0.0,0.03082571638624021,0.030851748289273395,0.01542111646060107
2024-11-18 15:10:00-05:00,64.87000274658203,64.91000366210938,64.87000274658203,64.90499877929688,4495.0,0.0,0.030827974493896626,0.01542111646060107,0.05394794393882574
2024-11-18 15:11:00-05:00,64.9000015258789,64.9000015258789,64.86000061035156,64.87000274658203,13799.0,0.04624445510519326,-0.01540923689133944,-0.015418738718941949,-0.05391885582471945
2024-11-18 15:12:00-05:00,64.86000061035156,64.9000015258789,64.86000061035156,64.88500213623047,5714.0,-0.06163469119703224,0.0,0.0,0.023122227552585528
2024-11-18 15:13:00-05:00,64.88999938964844,64.93000030517578,64.88009643554688,64.91000366210938,18645.0,0.04625158651645478,0.04622307949393445,0.03098338730527228,0.03853205680168781
2024-11-18 15:14:00-05:00,64.91500091552734,64.97000122070312,64.87999725341797,64.91999816894531,36987.0,0.03852908940371602,0.06160621490733931,-0.00015286988515050837,0.0153974830874537
2024-11-18 15:15:00-05:00,64.93000030517578,64.94000244140625,64.87999725341797,64.9000015258789,10469.0,0.023106199548483808,-0.046173278025607445,0.0,-0.030801977249550472
2024-11-18 15:16:00-05:00,64.9000015258789,64.91999816894531,64.8499984741211,64.8550033569336,11801.0,-0.04620172363449804,-0.0308042373096451,-0.04623733132986807,-0.06933461924091278
2024-11-18 15:17:00-05:00,64.8550033569336,64.88999938964844,64.84609985351562,64.88500213623047,8277.0,-0.06933461924091278,-0.04620884187150898,-0.006011751267853693,0.04625515032630201
2024-11-18 15:18:00-05:00,64.8949966430664,64.94999694824219,64.8949966430664,64.94999694824219,4379.0,0.06166569125392041,0.09246040862702642,0.07540436458204347,0.1001692376849439
2024-11-18 15:19:00-05:00,64.94999694824219,64.95999908447266,64.91999816894531,64.91999816894531,10496.0,0.08475276680925958,0.01539974857649451,0.03852612246275644,-0.04618749916305287
2024-11-18 15:20:00-05:00,64.93000030517578,64.93000030517578,64.9000015258789,64.9000015258789,9336.0,-0.030787750586569462,-0.046180387499494824,-0.030801977249550472,-0.030801977249550472
2024-11-18 15:21:00-05:00,64.91000366210938,64.91999816894531,64.9000015258789,64.91000366210938,6735.0,-0.030797232361656768,-0.01540449127284127,0.0,0.015411611703086692
2024-11-18 15:22:00-05:00,64.9000015258789,64.94999694824219,64.9000015258789,64.91549682617188,9240.0,-0.01540923689133944,0.04620884187152008,0.0,0.008462738796155556
2024-11-18 15:23:00-05:00,64.91999816894531,64.93000030517578,64.91000366210938,64.91000366210938,5415.0,0.030811467790847757,-0.030787750586569462,0.015411611703086692,-0.008462022677280245
2024-11-18 15:24:00-05:00,64.91000366210938,64.94000244140625,64.91000366210938,64.91999816894531,12032.0,-0.015395112627591967,0.01540449127284127,0.0,0.0153974830874537
2024-11-18 15:25:00-05:00,64.93000030517578,64.95999908447266,64.91000366210938,64.95999908447266,9871.0,0.03080671997879314,0.030792488935382778,0.0,0.061615706493478584
2024-11-18 15:26:00-05:00,64.97000122070312,64.97000122070312,64.94000244140625,64.94000244140625,10232.0,0.06160621490733931,0.015397377419090752,0.04621595687013258,-0.030783010080404072
2024-11-18 15:27:00-05:00,64.94999694824219,64.9749984741211,64.93000030517578,64.95999908447266,10703.0,-0.030790013983506004,0.007691632021056272,-0.015402118654816999,0.030792488935382778
2024-11-18 15:28:00-05:00,64.95999908447266,64.95999908447266,64.94000244140625,64.94000244140625,10489.0,0.01539974857649451,-0.023084863410061107,0.01540449127284127,-0.030783010080404072
2024-11-18 15:29:00-05:00,64.94999694824219,64.97000122070312,64.94000244140625,64.94000244140625,7759.0,-0.01539737741907965,0.015397377419090752,0.0,0.0
2024-11-18 15:30:00-05:00,64.94999694824219,64.95999908447266,64.91999816894531,64.94499969482422,18521.0,0.0,-0.01539500699174745,-0.0308042373096451,0.007695185140277339
2024-11-18 15:31:00-05:00,64.94999694824219,65.0,64.91999816894531,64.91999816894531,23671.0,0.0,0.061577764918574474,0.0,-0.038496460076042904
2024-11-18 15:32:00-05:00,64.94499969482422,64.96499633789062,64.94000244140625,64.96499633789062,12048.0,-0.007694001005031925,-0.053851787860581535,0.03081372924391701,0.06931326280725791
2024-11-18 15:33:00-05:00,64.95999908447266,64.98500061035156,64.95999908447266,64.97000122070312,10544.0,0.02309552655157532,0.030792386036471164,0.030792488935382778,0.007703968436278963
2024-11-18 15:34:00-05:00,64.95999908447266,64.98999786376953,64.94999694824219,64.9749984741211,15787.0,0.0,0.007689856691595054,-0.01539737741907965,0.007691632021056272
2024-11-18 15:35:00-05:00,64.9800033569336,65.01000213623047,64.94999694824219,65.01000213623047,22549.0,0.0307947548381593,0.030780540265396006,0.0,0.05387250932114007
2024-11-18 15:36:00-05:00,65.0199966430664,65.08000183105469,65.01000213623047,65.05999755859375,18445.0,0.06154706689245337,0.10767526922630388,0.0923867448925364,0.07690420046213564
2024-11-18 15:37:00-05:00,65.0552978515625,65.0999984741211,65.02999877929688,65.03959655761719,13767.0,0.054292848844461616,0.03072624846924832,0.03075933304002021,-0.03135721140811176
2024-11-18 15:38:00-05:00,65.02999877929688,65.06999969482422,65.0250015258789,65.06999969482422,9187.0,-0.0388885657296556,-0.04608107526884453,-0.007684535617058508,0.046745580871032644
2024-11-18 15:39:00-05:00,65.06999969482422,65.08999633789062,65.05000305175781,65.06999969482422,14653.0,0.06151148128281658,0.030730971507897387,0.03844909695074339,0.0
2024-11-18 15:40:00-05:00,65.06999969482422,65.06999969482422,65.01000213623047,65.03500366210938,14216.0,0.0,-0.030721530483124315,-0.06149256518176438,-0.053782131364643604
2024-11-18 15:41:00-05:00,65.04000091552734,65.1050033569336,65.04000091552734,65.1050033569336,14482.0,-0.046102319713492435,0.05379385626793631,0.04614486742211543,0.1076338754248507
2024-11-18 15:42:00-05:00,65.12000274658203,65.12000274658203,65.05999755859375,65.08000183105469,11644.0,0.1230040435555857,0.023038766415850453,0.03074514573329079,-0.03840185022622178
2024-11-18 15:43:00-05:00,65.08000183105469,65.08999633789062,65.06999969482422,65.08000183105469,10548.0,-0.06142646474234237,-0.04607863548190538,0.015373711352295594,0.0
2024-11-18 15:44:00-05:00,65.08999633789062,65.08999633789062,65.04000091552734,65.06999969482422,17040.0,0.0153572626839793,0.0,-0.046102319713492435,-0.015368985785269018
2024-11-18 15:45:00-05:00,65.05999755859375,65.08999633789062,65.05999755859375,65.08999633789062,15475.0,-0.04608815637529018,0.0,0.03074514573329079,0.030730971507897387
2024-11-18 15:46:00-05:00,65.08999633789062,65.08999633789062,65.05999755859375,65.05999755859375,16543.0,0.046109407351058174,0.0,0.0,-0.04608815637529018
2024-11-18 15:47:00-05:00,65.05999755859375,65.0999984741211,65.05999755859375,65.0999984741211,12883.0,-0.04608815637529018,0.015366625892165864,0.0,0.06148311870335377
2024-11-18 15:48:00-05:00,65.11000061035156,65.1500015258789,65.11000061035156,65.1500015258789,11391.0,0.07685683005564936,0.07680960511495805,0.07685683005564936,0.07680960511495805
2024-11-18 15:49:00-05:00,65.1500015258789,65.19000244140625,65.1500015258789,65.16999816894531,30111.0,0.061435901017303784,0.0613981804919117,0.061435901017303784,0.030693234993184326
2024-11-18 15:50:00-05:00,65.16999816894531,65.18000030517578,65.0,65.05999755859375,89543.0,0.030693234993184326,-0.015343052394356516,-0.23024024921829422,-0.16879026153475696
2024-11-18 15:51:00-05:00,65.05999755859375,65.0999984741211,64.9800033569336,64.9800033569336,44313.0,-0.16879026153475696,-0.12273984455372089,-0.03076406625600603,-0.12295451070085672
2024-11-18 15:52:00-05:00,64.98999786376953,65.0115966796875,64.87000274658203,64.87000274658203,61787.0,-0.10759252605438974,-0.1357938502390854,-0.1692837868095043,-0.1692837868095043
2024-11-18 15:53:00-05:00,64.8499984741211,65.02999877929688,64.8499984741211,65.01000213623047,95597.0,-0.2154168245118271,0.028305872412337507,-0.030837477437895,0.21581529785863474
2024-11-18 15:54:00-05:00,65.01000213623047,65.0999984741211,64.98999786376953,65.08999633789062,165650.0,0.24672886025314256,0.10764215921605924,0.2158818703817067,0.12304906788425107
2024-11-18 15:55:00-05:00,65.08999633789062,65.30000305175781,65.08999633789062,65.11000061035156,145850.0,0.12304906788425107,0.30722670095948423,0.15386748331751576,0.030733251784331728
2024-11-18 15:56:00-05:00,65.11000061035156,65.21499633789062,65.11000061035156,65.20999908447266,56369.0,0.030733251784331728,-0.13017872878169356,0.030733251784331728,0.15358389369326542
2024-11-18 15:57:00-05:00,65.20999908447266,65.20999908447266,65.16500091552734,65.19000244140625,77685.0,0.15358389369326542,-0.007662736638180956,0.08447289918629419,-0.03066499516508614
2024-11-18 15:58:00-05:00,65.19000244140625,65.29000091552734,65.19000244140625,65.26249694824219,143787.0,-0.03066499516508614,0.12268338012251245,0.03836649355888344,0.11120494572935957
2024-11-18 15:59:00-05:00,65.26000213623047,65.2699966430664,65.19999694824219,65.26499938964844,217850.0,0.10737796012070255,-0.030639105805529976,0.015331349074454437,0.0038344248584731844
2024-11-19 09:30:00-05:00,64.80999755859375,65.12999725341797,64.56999969482422,64.90499877929688,125889.0,-0.6895564862185122,-0.21449271770923595,-0.9662535013890916,-0.5515982742944181
2024-11-19 09:31:00-05:00,64.91999816894531,64.93000030517578,64.66000366210938,64.86499786376953,18054.0,0.16972784214674963,-0.30707347869831647,0.13938975950216204,-0.061629945735552916
2024-11-19 09:32:00-05:00,64.97000122070312,65.18000030517578,64.92500305175781,64.97000122070312,24018.0,0.07702257111543709,0.38503003053285134,0.40983509842225097,0.161879843354229
2024-11-19 09:33:00-05:00,64.98500061035156,64.98500061035156,64.72000122070312,64.7699966430664,16521.0,0.023086639012803722,-0.29917105540230304,-0.3157517465055215,-0.3078414250867967
2024-11-19 09:34:00-05:00,64.73999786376953,64.80000305175781,64.6500015258789,64.72000122070312,11152.0,-0.37701430219422294,-0.2846773206989561,-0.10815774645230869,-0.07718916929824182
2024-11-19 09:35:00-05:00,64.70999908447266,64.70999908447266,64.58000183105469,64.61000061035156,21255.0,-0.04633731894770898,-0.13889500470125604,-0.10827485409447002,-0.1699638570408002
2024-11-19 09:36:00-05:00,64.58000183105469,64.61750030517578,64.45999908447266,64.58999633789062,12155.0,-0.200892064993341,-0.14294356452722035,-0.18582028984137633,-0.030961572932930448
2024-11-19 09:37:00-05:00,64.58000183105469,64.66000366210938,64.58000183105469,64.625,6873.0,0.0,0.06577685105870756,0.186166224459261,0.05419362764205182
2024-11-19 09:38:00-05:00,64.62999725341797,64.83000183105469,64.62000274658203,64.83000183105469,10520.0,0.07741626036814608,0.26291085573342254,0.06194009661379951,0.3172175335468985
2024-11-19 09:39:00-05:00,64.81999969482422,64.96800231933594,64.66000366210938,64.91000366210938,18658.0,0.29398491332319754,0.21286516178247172,0.06190175460718539,0.1234024815596424
2024-11-19 09:40:00-05:00,64.91999816894531,65.0199966430664,64.87999725341797,65.0199966430664,16646.0,0.15427101911738017,0.08003066413355686,0.34023133134697403,0.16945459058914647
2024-11-19 09:41:00-05:00,64.98999786376953,65.01000213623047,64.94000244140625,65.0,15857.0,0.10782454836497646,-0.015371435484379248,0.09248642189965128,-0.03075460488898285
2024-11-19 09:42:00-05:00,65.01000213623047,65.04000091552734,64.97000122070312,65.01000213623047,18443.0,0.030780540265396006,0.04614486742211543,0.04619460759021088,0.01538790189303807
2024-11-19 09:43:00-05:00,65.05000305175781,65.16999816894531,65.01000213623047,65.12999725341797,12082.0,0.061530401804210655,0.1998727730444072,0.061568285017354896,0.18457946968843952
2024-11-19 09:44:00-05:00,65.12999725341797,65.23999786376953,65.11000061035156,65.23500061035156,16346.0,0.12297340185596362,0.10741092034827204,0.15382013664841931,0.16122119048314065
2024-11-19 09:45:00-05:00,65.19999694824219,65.19999694824219,65.02989959716797,65.05039978027344,19404.0,0.10747688895464957,-0.06131348380923329,-0.12302413213440833,-0.282978199357653
2024-11-19 09:46:00-05:00,65.08999633789062,65.0999984741211,65.0,65.05000305175781,15314.0,-0.16871260046052994,-0.153371900002508,-0.04597823055730865,-0.0006098786740182938
2024-11-19 09:47:00-05:00,65.04000091552734,65.08999633789062,64.86000061035156,64.9800033569336,14576.0,-0.07680968685840339,-0.015364264923056759,-0.21538367638220812,-0.1076090569412047
2024-11-19 09:48:00-05:00,64.94999694824219,64.98500061035156,64.83999633789062,64.8499984741211,9353.0,-0.13838248157783672,-0.16130854731349897,-0.03084223292120214,-0.20006906139783398
2024-11-19 09:49:00-05:00,64.87010192871094,64.90499877929688,64.76000213623047,64.9000015258789,16428.0,-0.12301004354922096,-0.12310814850087226,-0.12337169367391265,0.07710570999899247
2024-11-19 09:50:00-05:00,64.87999725341797,64.87999725341797,64.69999694824219,64.70999908447266,13454.0,0.015254060673286496,-0.03852018542349622,-0.092657791860562,-0.2927618442820634
2024-11-19 09:51:00-05:00,64.72000122070312,64.81999969482422,64.72000122070312,64.76000213623047,14010.0,-0.24660302017261992,-0.09247466265974724,0.03091850603476054,0.07727252737639301
2024-11-19 09:52:00-05:00,64.80000305175781,64.90480041503906,64.80000305175781,64.86000061035156,6075.0,0.123612221176983,0.1308249315243648,0.123612221176983,0.15441394506248152
2024-11-19 09:53:00-05:00,64.86000061035156,64.9219970703125,64.831298828125,64.9219970703125,10041.0,0.09258882062987972,0.026495197833553696,0.04829594890942701,0.09558504375197785
2024-11-19 09:54:00-05:00,64.91000366210938,64.91000366210938,64.80000305175781,64.80799865722656,20714.0,0.07709381943765692,-0.018473566347831927,-0.04827263518221159,-0.17559289336475103
2024-11-19 09:55:00-05:00,64.79750061035156,64.81999969482422,64.72000122070312,64.73500061035156,18929.0,-0.17332159206684405,-0.13865962441425017,-0.12345961001080097,-0.11263740338764983
2024-11-19 09:56:00-05:00,64.76000213623047,64.80000305175781,64.70500183105469,64.74500274658203,13864.0,-0.057870247722335844,-0.030849495773754843,-0.023175817931908593,0.015450893853663494
2024-11-19 09:57:00-05:00,64.74500274658203,64.87999725341797,64.74500274658203,64.875,16901.0,-0.02316150270792461,0.1234478362543534,0.06182043798064196,0.200783454943676
2024-11-19 09:58:00-05:00,64.86000061035156,65.05000305175781,64.8499984741211,65.04000091552734,12579.0,0.1776165864408874,0.26203114293579244,0.1621680795196312,0.2543366713330997
2024-11-19 09:59:00-05:00,65.04000091552734,65.06999969482422,64.9800033569336,65.01000213623047,78615.0,0.2775212819641215,0.03074041833710517,0.20047014012556374,-0.04612358375554182
2024-11-19 10:00:00-05:00,65.0,65.01000213623047,64.76499938964844,64.76499938964844,94153.0,-0.06150202177779285,-0.09220463942698487,-0.3308771255429832,-0.376869310154182
2024-11-19 10:01:00-05:00,64.76499938964844,64.94499969482422,64.76499938964844,64.86000061035156,42254.0,-0.36153940054086675,-0.09998836989735249,0.0,0.14668605203185248
2024-11-19 10:02:00-05:00,64.8499984741211,64.86000061035156,64.79499816894531,64.80999755859375,17505.0,0.13124231494432426,-0.13087856628234418,0.046319431142727296,-0.07709381943766802
2024-11-19 10:03:00-05:00,64.81999969482422,64.86000061035156,64.80999755859375,64.86000061035156,10226.0,-0.04625872012756771,0.0,0.023148993089439074,0.07715329986335284
2024-11-19 10:04:00-05:00,64.87000274658203,64.88999938964844,64.83000183105469,64.875,15458.0,0.0771413946208499,0.04625158651645478,0.030866028721643346,0.02312579325822739
2024-11-19 10:05:00-05:00,64.89749908447266,64.94999694824219,64.89749908447266,64.91000366210938,10388.0,0.042386830162532974,0.09246040862702642,0.10411422414249305,0.05395554853082629
2024-11-19 10:06:00-05:00,64.91999816894531,64.98999786376953,64.88999938964844,64.98999786376953,9963.0,0.034668646388613666,0.06158724773954738,-0.011556215462871222,0.1232386337190361
2024-11-19 10:07:00-05:00,64.98999786376953,64.98999786376953,64.91999816894531,64.95999908447266,14904.0,0.10782454836497646,0.0,0.04623020431351321,-0.04615907106161332
2024-11-19 10:08:00-05:00,64.94999694824219,65.05000305175781,64.93000030517578,65.04000091552734,12342.0,-0.061549341194311324,0.09232988145970733,0.015406864621958505,0.12315552983714895
2024-11-19 10:09:00-05:00,65.05000305175781,65.12000274658203,65.04199981689453,65.08000183105469,11441.0,0.15397399263208378,0.1076090569412047,0.17249270166694863,0.06150202177779285
2024-11-19 10:10:00-05:00,65.06999969482422,65.1050033569336,65.01000213623047,65.02999877929688,17908.0,0.03074041833710517,-0.02303345979085547,-0.049195413354663486,-0.07683320582506648
2024-11-19 10:11:00-05:00,65.03500366210938,65.03500366210938,64.94999694824219,64.97000122070312,14588.0,-0.053782131364643604,-0.10751814947378424,-0.09230147056839,-0.09226135586650752
2024-11-19 10:12:00-05:00,64.91999816894531,64.9800033569336,64.87999725341797,64.94999694824219,10924.0,-0.17683629843642246,-0.08457031149184946,-0.10777474690261135,-0.030790013983506004
2024-11-19 10:13:00-05:00,64.94000244140625,64.94000244140625,64.9000015258789,64.91000366210938,4605.0,0.03081372924391701,-0.06155880803455638,0.03083272704651474,-0.06157550117312782
2024-11-19 10:14:00-05:00,64.90499877929688,64.95999908447266,64.8499984741211,64.8499984741211,29272.0,-0.05390154110473944,0.030792488935382778,-0.07704630290011893,-0.0924436675441287
2024-11-19 10:15:00-05:00,64.84500122070312,64.88500213623047,64.81999969482422,64.81999969482422,18361.0,-0.09243904124821567,-0.11545096874873151,-0.04625872012756771,-0.04625872012756771
2024-11-19 10:16:00-05:00,64.80999755859375,64.86000061035156,64.77999877929688,64.84500122070312,14436.0,-0.05398050960048195,-0.03853205680168781,-0.061710761671818215,0.03857069731041385
2024-11-19 10:17:00-05:00,64.85310363769531,64.85310363769531,64.77999877929688,64.83499908447266,8450.0,0.06651146539944364,-0.010633630267264937,0.0,-0.015424683541032103
2024-11-19 10:18:00-05:00,64.83000183105469,64.87999725341797,64.83000183105469,64.87999725341797,5756.0,-0.03562174413376251,0.04146850993114182,0.0771890285582888,0.0694041329231565
2024-11-19 10:19:00-05:00,64.87999725341797,64.88999938964844,64.81500244140625,64.83499908447266,20965.0,0.07711772474350287,0.015416363523268473,-0.023136494253883644,-0.06935599699481321
2024-11-19 10:20:00-05:00,64.83940124511719,64.88999938964844,64.83000183105469,64.8499984741211,10598.0,-0.06257091556618466,0.0,0.023141848466323722,0.023134710974392902
2024-11-19 10:21:00-05:00,64.83999633789062,64.8499984741211,64.80500030517578,64.80999755859375,16089.0,0.0009177949857885892,-0.06164419156047263,-0.038564746525937554,-0.06168221506328564
2024-11-19 10:22:00-05:00,64.80000305175781,64.8550033569336,64.79499816894531,64.81500244140625,9378.0,-0.061679963589755804,0.007717629807646453,-0.015434204433861787,0.007722393150810802
2024-11-19 10:23:00-05:00,64.80000305175781,64.80989837646484,64.76499938964844,64.79000091552734,15226.0,0.0,-0.06954741829325872,-0.04629798617890035,-0.038573671121133746
2024-11-19 10:24:00-05:00,64.80000305175781,64.8499984741211,64.80000305175781,64.8499984741211,10781.0,0.0,0.06187341542076563,0.05404718974639788,0.09260311428607171
2024-11-19 10:25:00-05:00,64.8550033569336,64.86000061035156,64.80000305175781,64.80000305175781,11015.0,0.08487701016286486,0.015423494935706827,0.0,-0.07709394531941749
2024-11-19 10:26:00-05:00,64.81500244140625,64.83999633789062,64.79499816894531,64.83000183105469,10811.0,-0.06167745502563271,-0.03084223292120214,-0.0077235842234513186,0.04629441031493986
2024-11-19 10:27:00-05:00,64.83999633789062,64.83999633789062,64.77999877929688,64.79000091552734,8716.0,0.038561900089373324,0.0,-0.023148993089450176,-0.0617012407798212
2024-11-19 10:28:00-05:00,64.78500366210938,64.83999633789062,64.77999877929688,64.83000183105469,12947.0,-0.08481289155951588,0.0,0.0,0.06173933471538273
2024-11-19 10:29:00-05:00,64.8499984741211,64.94000244140625,64.8499984741211,64.91999816894531,8613.0,0.10032385326503857,0.1542352084575649,0.10805757354628298,0.13881896552332407
2024-11-19 10:30:00-05:00,64.91000366210938,64.94000244140625,64.83000183105469,64.8499984741211,18889.0,0.0925292049347215,0.0,-0.03083522519184978,-0.10782454836497646
2024-11-19 10:31:00-05:00,64.8499984741211,64.95500183105469,64.83999633789062,64.95500183105469,18757.0,-0.0924436675441287,0.02309730379510544,0.01541648396368167,0.1619172851260675
2024-11-19 10:32:00-05:00,64.95999908447266,64.97000122070312,64.94000244140625,64.95999908447266,14058.0,0.16962315025412789,0.023091970172606224,0.1542352084575649,0.007693408170417193
2024-11-19 10:33:00-05:00,64.97000122070312,65.00499725341797,64.9520034790039,65.0,34124.0,0.015397377419090752,0.053864910046663717,0.018480192710934595,0.061577764918574474
2024-11-19 10:34:00-05:00,64.98999786376953,65.00499725341797,64.95210266113281,64.99500274658203,22590.0,0.030778271033859994,0.0,0.0001527006460166902,-0.007688082181489531
2024-11-19 10:35:00-05:00,64.98999786376953,65.05000305175781,64.98999786376953,65.05000305175781,13518.0,0.0,0.06923436695858154,0.05834330388720943,0.08462235995316814
2024-11-19 10:36:00-05:00,65.04000091552734,65.04000091552734,64.93379974365234,64.94000244140625,17337.0,0.07693961132699823,-0.015376073422335157,-0.08647195255335749,-0.1691016221229691
2024-11-19 10:37:00-05:00,64.93499755859375,64.97000122070312,64.93000030517578,64.96499633789062,10845.0,-0.16144427345561319,-0.10762560553332357,-0.005851249259336555,0.03848767407566012
2024-11-19 10:38:00-05:00,64.91999816894531,64.9800033569336,64.91000366210938,64.94499969482422,18231.0,-0.0230990840261458,0.01539500699174745,-0.030797232361656768,-0.03078064218213772
2024-11-19 10:39:00-05:00,64.94499969482422,65.0199966430664,64.94499969482422,64.9749984741211,45872.0,0.038511285557718544,0.06154706689245337,0.05391469841384833,0.04619105310315064
2024-11-19 10:40:00-05:00,64.9800033569336,65.0,64.80500030517578,64.80500030517578,29036.0,0.05389739360051049,-0.03075460488898285,-0.21556607946153772,-0.2616362800116456
2024-11-19 10:41:00-05:00,64.80000305175781,64.81999969482422,64.78500366210938,64.81999969482422,7179.0,-0.2770087655844633,-0.2769235464242792,-0.030856636019194195,0.02314542022652244
2024-11-19 10:42:00-05:00,64.81999969482422,64.86000061035156,64.77999877929688,64.86000061035156,8151.0,0.030859015624473685,0.06171076167180711,-0.007725372431255373,0.06171076167180711
2024-11-19 10:43:00-05:00,64.86000061035156,64.86000061035156,64.83000183105469,64.83999633789062,9007.0,0.06171076167180711,0.0,0.0771890285582888,-0.03084223292120214
2024-11-19 10:44:00-05:00,64.83000183105469,64.8499984741211,64.80000305175781,64.83999633789062,11616.0,-0.04625158651646588,-0.01542111646060107,-0.04627298850777839,0.0
2024-11-19 10:45:00-05:00,64.82499694824219,64.82499694824219,64.79499816894531,64.80999755859375,5430.0,-0.007720010290213075,-0.03855285499949623,-0.0077235842234513186,-0.04626585593950905
2024-11-19 10:46:00-05:00,64.81999969482422,64.83000183105469,64.7300033569336,64.7300033569336,13240.0,-0.007708837104858368,0.007720606321814927,-0.10030837849899221,-0.12342879906427351
2024-11-19 10:47:00-05:00,64.70999908447266,64.70999908447266,64.66500091552734,64.70999908447266,8599.0,-0.16970165206641186,-0.1851037223394747,-0.10042088372499425,-0.030904173371704147
2024-11-19 10:48:00-05:00,64.70999908447266,64.70999908447266,64.64969635009766,64.69000244140625,12096.0,0.0,0.0,-0.023667463408338918,-0.030901936871152724
2024-11-19 10:49:00-05:00,64.69000244140625,64.75,64.69000244140625,64.7300033569336,15642.0,-0.030901936871152724,0.061815663874642546,0.062345368322103134,0.0618347720168666
2024-11-19 10:50:00-05:00,64.72000122070312,64.72000122070312,64.66000366210938,64.68900299072266,10225.0,0.046373130568433396,-0.04633016107625787,-0.046373130568433396,-0.06334059027442995
2024-11-19 10:51:00-05:00,64.68000030517578,64.69499969482422,64.63009643554688,64.63999938964844,19139.0,-0.0618061105884915,-0.03863029265659401,-0.046253054235478874,-0.07575259906423826
2024-11-19 10:52:00-05:00,64.6500015258789,64.68000030517578,64.63999938964844,64.6449966430664,11781.0,-0.04638030172439134,-0.023184774278062203,0.015322511720894383,0.007730899543867409
2024-11-19 10:53:00-05:00,64.6500015258789,64.66500091552734,64.59500122070312,64.5999984741211,16246.0,0.0,-0.02319015086219567,-0.06961350459498972,-0.06960812326090027
2024-11-19 10:54:00-05:00,64.6050033569336,64.63999938964844,64.59500122070312,64.59500122070312,11684.0,-0.06960273454487131,-0.03866314934652948,0.0,-0.007735686588239421
2024-11-19 10:55:00-05:00,64.61000061035156,64.66000366210938,64.61000061035156,64.66000366210938,10667.0,0.007735087312599198,0.03094720397558426,0.023220666251222433,0.10063076117012848
2024-11-19 10:56:00-05:00,64.66500091552734,64.66999816894531,64.6500015258789,64.66000366210938,13878.0,0.08512661299522328,0.015457015573594468,0.06191133748563171,0.0
2024-11-19 10:57:00-05:00,64.65499877929688,64.72570037841797,64.65499877929688,64.66999816894531,50908.0,-0.015467619405951094,0.08613299992237256,0.007729703480308103,0.015457015573594468
2024-11-19 10:58:00-05:00,64.68000030517578,64.69499969482422,64.55000305175781,64.56999969482422,35792.0,0.03866913054046961,-0.047431983608148265,-0.1623938280433168,-0.1546288494702841
2024-11-19 10:59:00-05:00,64.55000305175781,64.5999984741211,64.52999877929688,64.54000091552734,13127.0,-0.2009852393392242,-0.14684476567162763,-0.03099035091430613,-0.04645931460223185
2024-11-19 11:00:00-05:00,64.51000213623047,64.5199966430664,64.44719696044922,64.44719696044922,7536.0,-0.061968882472818176,-0.1238418466630975,-0.1283152338664273,-0.1437929249483494
2024-11-19 11:01:00-05:00,64.45500183105469,64.4800033569336,64.43000030517578,64.43000030517578,7096.0,-0.08525856976354662,-0.06198587757848539,-0.026683325395815416,-0.026683325395815416
2024-11-19 11:02:00-05:00,64.44000244140625,64.48999786376953,64.41999816894531,64.41999816894531,16832.0,-0.023271102664390586,0.015500164881521172,-0.015524035671410363,-0.015524035671410363
2024-11-19 11:03:00-05:00,64.37999725341797,64.41000366210938,64.37999725341797,64.40499877929688,3564.0,-0.0931179170001517,-0.12404125338806304,-0.06209394080148867,-0.02328374739952732
2024-11-19 11:04:00-05:00,64.4000015258789,64.40499877929688,64.31999969482422,64.31999969482422,9235.0,0.031072185949621023,-0.007770350144298277,-0.09319285671538502,-0.1319759119380315
2024-11-19 11:05:00-05:00,64.27999877929688,64.28099822998047,64.13999938964844,64.13999938964844,20305.0,-0.18633966419054904,-0.19253249230131164,-0.2798512220612892,-0.2798512220612892
2024-11-19 11:06:00-05:00,64.1240005493164,64.1500015258789,64.11000061035156,64.11000061035156,25736.0,-0.2426854899547859,-0.20378760085972836,-0.046770782011762435,-0.046770782011762435
2024-11-19 11:07:00-05:00,64.12750244140625,64.20999908447266,64.08000183105469,64.08000183105469,21146.0,0.005461125413019907,0.09352697921534148,-0.04679266730818199,-0.04679266730818199
2024-11-19 11:08:00-05:00,64.04000091552734,64.11000061035156,64.04000091552734,64.05999755859375,24819.0,-0.13644929639800019,-0.15573660729933936,-0.062423399476185804,-0.03121765276111743
2024-11-19 11:09:00-05:00,64.05999755859375,64.06999969482422,64.0199966430664,64.05000305175781,23666.0,0.031225238570464775,-0.06239418990253709,-0.031237152053331663,-0.015601790847397101
2024-11-19 11:10:00-05:00,64.05000305175781,64.1500015258789,64.05000305175781,64.11000061035156,61172.0,-0.015601790847397101,0.12486628911463349,0.046870369048446214,0.09367299880573832
2024-11-19 11:11:00-05:00,64.11000061035156,64.16000366210938,64.0199966430664,64.03500366210938,13004.0,0.09367299880573832,0.015591794220659594,-0.04684841102530202,-0.11698166827045497
2024-11-19 11:12:00-05:00,64.01000213623047,64.01000213623047,63.93000030517578,63.935001373291016,20199.0,-0.15597952451890107,-0.23379288858659253,-0.14057535552897127,-0.15616816287860047
2024-11-19 11:13:00-05:00,63.95000076293945,64.0,63.92499923706055,63.92499923706055,10884.0,-0.09373749615461113,-0.015625895792314992,-0.007822724998218789,-0.015644226191646737
2024-11-19 11:14:00-05:00,63.91999816894531,63.93000030517578,63.84000015258789,63.84000015258789,11161.0,-0.046915705451444634,-0.1093745231628418,-0.13296689164976616,-0.13296689164976616
2024-11-19 11:15:00-05:00,63.84000015258789,63.84000015258789,63.80500030517578,63.810001373291016,7859.0,-0.12515334582141602,-0.14077921501370882,-0.0548243222563527,-0.04699056896173559
2024-11-19 11:16:00-05:00,63.83000183105469,63.95000076293945,63.81999969482422,63.95000076293945,57070.0,-0.015661531186250688,0.1723067200636752,0.023508172677222383,0.21940038651533378
2024-11-19 11:17:00-05:00,63.95000076293945,63.95000076293945,63.91999816894531,63.92499923706055,3039.0,0.18799769456747661,0.0,0.15668830241188925,-0.039095427022095564
2024-11-19 11:19:00-05:00,63.959999084472656,63.98590087890625,63.9552001953125,63.98500061035156,19856.0,0.01563459173403725,0.056137788175925074,0.05507200778407384,0.09386214158331185
2024-11-19 11:20:00-05:00,63.9900016784668,63.994998931884766,63.95000076293945,63.95500183105469,9533.0,0.046908371519083225,0.014218840171897895,-0.008129803920819967,-0.04688408066064742
2024-11-19 11:21:00-05:00,63.939998626708984,63.939998626708984,63.83000183105469,63.83000183105469,7418.0,-0.07814197600597428,-0.08594469270063465,-0.18764492643181807,-0.19544992013322826
2024-11-19 11:22:00-05:00,63.849998474121094,63.97999954223633,63.849998474121094,63.96500015258789,13377.0,-0.1407572013151337,0.06256008193068485,0.03132796881211153,0.21149665934605544
2024-11-19 11:23:00-05:00,63.959999084472656,64.00499725341797,63.91999816894531,64.00499725341797,10411.0,0.17227973841871247,0.03907113373007309,0.10963147454512434,0.06252966580890806
2024-11-19 11:24:00-05:00,64.00499725341797,64.05000305175781,63.9900016784668,64.05000305175781,33339.0,0.07035361099032578,0.07031606948071367,0.10951738349000983,0.07031606948071367
2024-11-19 11:25:00-05:00,64.0199966430664,64.06999969482422,64.01000213623047,64.06500244140625,11294.0,0.023434716494175056,0.031220362394446255,0.031255598123225425,0.02341824970144568
2024-11-19 11:26:00-05:00,64.06999969482422,64.13999938964844,64.05000305175781,64.125,26680.0,0.07810536454195827,0.10925502599912207,0.06249166410308149,0.09365106736494155
2024-11-19 11:27:00-05:00,64.1500015258789,64.20429992675781,64.1500015258789,64.20429992675781,11543.0,0.12486628911463349,0.10025029267424213,0.15612563521705258,0.12366460313109062
2024-11-19 11:28:00-05:00,64.19000244140625,64.23500061035156,64.19000244140625,64.22000122070312,9923.0,0.062355283828341435,0.04781717677597719,0.062355283828341435,0.024455206213946923
2024-11-19 11:29:00-05:00,64.2300033569336,64.25,64.19000244140625,64.19000244140625,8484.0,0.06231642624388023,0.02335080486637331,0.0,-0.04671251748155081
2024-11-19 11:30:00-05:00,64.19499969482422,64.19499969482422,64.08000183105469,64.08000183105469,7418.0,-0.05449736926659288,-0.08560358782222499,-0.17136720075991985,-0.17136720075991985
2024-11-19 11:31:00-05:00,64.06999969482422,64.08000183105469,64.0,64.0,18663.0,-0.19471921581779572,-0.17913835083139817,-0.1248467989523605,-0.1248467989523605
2024-11-19 11:32:00-05:00,63.97999954223633,63.97999954223633,63.91299819946289,63.93000030517578,10055.0,-0.14047159827778044,-0.15605849869045896,-0.1359403133392334,-0.1093745231628418
2024-11-19 11:33:00-05:00,63.93939971923828,63.95000076293945,63.90999984741211,63.95000076293945,6203.0,-0.06345705421777481,-0.046887745407175885,-0.004691302450599011,0.03128493300204038
2024-11-19 11:34:00-05:00,63.970001220703125,63.970001220703125,63.91999816894531,63.95000076293945,6171.0,0.04786016384141778,0.031275148592757596,0.015644377338563942,0.0
2024-11-19 11:35:00-05:00,63.95000076293945,63.95000076293945,63.93000030517578,63.95000076293945,4699.0,-0.03126537030172516,-0.03126537030172516,0.015647898180515263,0.0
2024-11-19 11:36:00-05:00,63.95000076293945,64.0199966430664,63.95000076293945,64.0199966430664,4070.0,0.0,0.10945407238762694,0.03128493300204038,0.10945407238762694
2024-11-19 11:37:00-05:00,64.0199966430664,64.04000091552734,63.970001220703125,63.974998474121094,8528.0,0.10945407238762694,0.03124691269895674,0.031275148592757596,-0.07028767776448008
2024-11-19 11:38:00-05:00,63.959999084472656,63.970001220703125,63.91999816894531,63.94499969482422,6727.0,-0.09371690368598085,-0.10930620522093815,-0.07816640738413927,-0.046891410726657146
2024-11-19 11:39:00-05:00,63.93000030517578,63.94499969482422,63.869998931884766,63.88010025024414,15196.0,-0.04690240732688755,-0.039083203692069635,-0.0782215871289571,-0.10149260284589845
2024-11-19 11:40:00-05:00,63.900001525878906,63.91569900512695,63.900001525878906,63.904598236083984,6034.0,-0.046924416007620984,-0.04582170589897405,0.04697447079362593,0.03834994895730581
2024-11-19 11:41:00-05:00,63.91999816894531,63.959999084472656,63.91999816894531,63.93000030517578,8557.0,0.03129365037386478,0.06931016954403457,0.03129365037386478,0.039749986374926216
2024-11-19 11:42:00-05:00,63.90999984741211,63.92959976196289,63.86000061035156,63.880001068115234,12143.0,-0.015641930255971825,-0.047528647506100974,-0.09386351738491783,-0.07820934900965026
2024-11-19 11:43:00-05:00,63.87009811401367,63.90999984741211,63.87009811401367,63.880001068115234,9883.0,-0.06243425675748204,-0.030658591049781414,0.015811937935494846,0.0
2024-11-19 11:44:00-05:00,63.869998931884766,63.880001068115234,63.83000183105469,63.833499908447266,5227.0,-0.00015528726561298,-0.046939100873877315,-0.06277786341803981,-0.07279455054859385
2024-11-19 11:45:00-05:00,63.83000183105469,63.839698791503906,63.779998779296875,63.779998779296875,6096.0,-0.06262267339746108,-0.06309060102919206,-0.07833785104716107,-0.08381356063371648
2024-11-19 11:46:00-05:00,63.80500030517578,63.85969924926758,63.80500030517578,63.83000183105469,13233.0,-0.03916892552358053,0.03132918566703946,0.039199633674225076,0.07839926734845015
2024-11-19 11:47:00-05:00,63.83000183105469,63.84000015258789,63.81999969482422,63.81999969482422,3404.0,0.039184273582515416,-0.03084746234521818,0.023508172677222383,-0.015669960745012812
2024-11-19 11:48:00-05:00,63.83000183105469,63.845001220703125,63.83000183105469,63.83000183105469,4377.0,0.0,0.007833753294606005,0.015672416606538064,0.015672416606538064
2024-11-19 11:49:00-05:00,63.84000015258789,63.849998474121094,63.83000183105469,63.849998474121094,7324.0,0.015663984406066866,0.007827164730866976,0.0,0.03132796881211153
2024-11-19 11:50:00-05:00,63.83000183105469,63.84000015258789,63.7400016784668,63.81999969482422,12513.0,-0.015661531186250688,-0.01565907873475325,-0.14099976501035227,-0.046983210671547315
2024-11-19 11:51:00-05:00,63.83000183105469,63.86000061035156,63.76459884643555,63.76459884643555,8774.0,0.0,0.0313290377754738,0.03858984518518849,-0.08680797344654545
2024-11-19 11:52:00-05:00,63.779998779296875,63.779998779296875,63.74639892578125,63.775001525878906,3191.0,-0.07833785104716107,-0.12527690305365047,-0.028542358900629505,0.0163141925638266
2024-11-19 11:53:00-05:00,63.79180145263672,63.79180145263672,63.7599983215332,63.7599983215332,6398.0,0.018505289378700773,0.018505289378700773,0.0213335905731471,-0.02352521205289948
2024-11-19 11:54:00-05:00,63.75,63.76499938964844,63.709999084472656,63.709999084472656,19211.0,-0.0655279388335761,-0.04201490219425397,-0.07841787700245684,-0.07841787700245684
2024-11-19 11:55:00-05:00,63.717899322509766,63.755001068115234,63.709999084472656,63.7400016784668,8427.0,-0.05035400390625,-0.01567995237027331,0.0,0.04709244141467561
2024-11-19 11:56:00-05:00,63.7599983215332,63.810001373291016,63.7599983215332,63.79999923706055,6029.0,0.06607091487802474,0.086268220930652,0.07847941889662646,0.0941285801911329
2024-11-19 11:57:00-05:00,63.79999923706055,63.86000061035156,63.79999923706055,63.85499954223633,19814.0,0.06273669476217769,0.07835642686802036,0.06273669476217769,0.08620737591455985
2024-11-19 11:58:00-05:00,63.86000061035156,63.86000061035156,63.83000183105469,63.83000183105469,3431.0,0.09404604076572731,0.0,0.047026009957562565,-0.039147617822954395
2024-11-19 11:59:00-05:00,63.84000015258789,63.85499954223633,63.810001373291016,63.810001373291016,5173.0,-0.03131922576341539,-0.007831299823735094,-0.031333945151068576,-0.031333945151068576
2024-11-19 12:00:00-05:00,63.814998626708984,63.88959884643555,63.814998626708984,63.875,12050.0,-0.03916279107009091,0.05418417421854116,0.007831457938278774,0.10186275710721837
2024-11-19 12:01:00-05:00,63.88999938964844,63.88999938964844,63.83000183105469,63.849998474121094,5054.0,0.11752842521892681,0.0006269302361028295,0.023510467239007404,-0.039141332100045556
2024-11-19 12:02:00-05:00,63.84000015258789,63.849998474121094,63.83000183105469,63.84000015258789,6241.0,-0.07825831513257331,-0.06260904039674386,0.0,-0.01565907873475325
2024-11-19 12:03:00-05:00,63.81999969482422,63.84000015258789,63.79999923706055,63.81999969482422,5433.0,-0.0313290377754849,-0.01565907873475325,-0.04700390589609249,-0.0313290377754849
2024-11-19 12:04:00-05:00,63.807498931884766,63.807498931884766,63.779998779296875,63.79499816894531,4256.0,-0.01958753212037978,-0.050910433310524805,-0.03134868025523874,-0.03917506424077066
2024-11-19 12:05:00-05:00,63.799598693847656,63.799598693847656,63.779998779296875,63.790000915527344,5572.0,-0.012381362957891717,-0.012381362957891717,0.0,-0.007833299727877385
2024-11-19 12:06:00-05:00,63.790000915527344,63.900001525878906,63.790000915527344,63.89500045776367,13004.0,-0.015043634312450482,0.15737219996170282,0.015682245879422574,0.1646018823159734
2024-11-19 12:07:00-05:00,63.89500045776367,63.900001525878906,63.849998474121094,63.86000061035156,8778.0,0.1646018823159734,0.0,0.09405480127395727,-0.05477712991839301
2024-11-19 12:08:00-05:00,63.86000061035156,63.869998931884766,63.82279968261719,63.82279968261719,7639.0,-0.05477712991839301,-0.04695241514507398,-0.0425979516897379,-0.05825387939057958
2024-11-19 12:09:00-05:00,63.83000183105469,63.84000015258789,63.81999969482422,63.84000015258789,14146.0,-0.0469758518793606,-0.046968498197197395,-0.004387127808391789,0.026950353253440973
2024-11-19 12:10:00-05:00,63.83000183105469,63.845001220703125,63.79999923706055,63.79999923706055,5578.0,0.0,0.007833753294606005,-0.03133885593750163,-0.0626580755509587
2024-11-19 12:11:00-05:00,63.81999969482422,63.81999969482422,63.80500030517578,63.80500030517578,1671.0,-0.015669960745012812,-0.039159723393977774,0.007838664851167465,0.007838664851167465
2024-11-19 12:12:00-05:00,63.810001373291016,63.84000015258789,63.810001373291016,63.84000015258789,12008.0,-0.015666439330952464,0.03133885593749053,0.007838050452657619,0.05485439580708018
2024-11-19 12:13:00-05:00,63.84000015258789,63.84000015258789,63.810001373291016,63.814998626708984,4535.0,0.047012660478373824,0.0,0.0,-0.03916279107009091
2024-11-19 12:14:00-05:00,63.814998626708984,63.814998626708984,63.79999923706055,63.79999923706055,8495.0,-0.03916279107009091,-0.03916279107009091,-0.015674872300908138,-0.023504489494985403
2024-11-19 12:15:00-05:00,63.79499816894531,63.79999923706055,63.790000915527344,63.79999923706055,5464.0,-0.03134131190798417,-0.023504489494985403,-0.01567135055292601,0.0
2024-11-19 12:16:00-05:00,63.80500030517578,63.81999969482422,63.790000915527344,63.79499816894531,11926.0,0.015678558691978317,0.03134868025524984,0.0,-0.007838664851156363
2024-11-19 12:17:00-05:00,63.79499816894531,63.81999969482422,63.779998779296875,63.790000915527344,31104.0,-0.015676100905304136,0.0,-0.01567978693669536,-0.007833299727877385
2024-11-19 12:18:00-05:00,63.790000915527344,63.79999923706055,63.75,63.75,30917.0,-0.007833299727877385,-0.03133885593750163,-0.0470347755895717,-0.06270718757366289
2024-11-19 12:19:00-05:00,63.7599983215332,63.79499816894531,63.7599983215332,63.775001525878906,9218.0,-0.04703338072352681,-0.007838664851156363,0.015683641620700683,0.03921807981004388
2024-11-19 12:20:00-05:00,63.77000045776367,63.810001373291016,63.77000045776367,63.79999923706055,7764.0,0.015687165140798598,0.023517838037978578,0.015687165140798598,0.03919672376879735
2024-11-19 12:21:00-05:00,63.779998779296875,63.779998779296875,63.72999954223633,63.7400016784668,6520.0,0.015678722693168723,-0.04701863869054357,-0.06272685469688177,-0.0940400616163295
2024-11-19 12:22:00-05:00,63.724998474121094,63.7400016784668,63.66999816894531,63.66999816894531,7627.0,-0.08623440926379677,-0.06271104044464071,-0.09414933896437772,-0.10982665151879623
2024-11-19 12:23:00-05:00,63.66999816894531,63.779998779296875,63.66999816894531,63.779998779296875,12661.0,-0.08630883717968274,0.06275039186827147,0.0,0.1727667873645533
2024-11-19 12:24:00-05:00,63.790000915527344,63.81999969482422,63.72999954223633,63.790000915527344,27013.0,0.18847612695638283,0.06271702146900537,0.09423806347819141,0.015682245879422574
2024-11-19 12:25:00-05:00,63.810001373291016,63.83000183105469,63.790000915527344,63.790000915527344,7486.0,0.031353593786831446,0.015672416606538064,0.09414933896436661,0.0
2024-11-19 12:26:00-05:00,63.790000915527344,63.81999969482422,63.790000915527344,63.81999969482422,6156.0,-0.03134376638964653,-0.015669960745012812,0.0,0.047027400636978633
2024-11-19 12:27:00-05:00,63.810001373291016,63.84000015258789,63.80580139160156,63.83000183105469,4818.0,0.031353593786831446,0.03133885593749053,0.024769518494194287,0.015672416606538064
2024-11-19 12:28:00-05:00,63.81999969482422,63.83000183105469,63.79999923706055,63.83000183105469,5016.0,0.015668894088727292,-0.015661531186250688,-0.009093459237985435,0.0
2024-11-19 12:29:00-05:00,63.83000183105469,63.845001220703125,63.83000183105469,63.83000183105469,7781.0,0.015672416606538064,0.02349896477855662,0.047026009957562565,0.0
2024-11-19 12:30:00-05:00,63.834999084472656,63.845001220703125,63.83000183105469,63.84000015258789,5071.0,0.00782900403355491,0.0,0.0,0.015663984406066866
2024-11-19 12:31:00-05:00,63.83290100097656,63.84000015258789,63.810001373291016,63.834999084472656,12432.0,-0.0032867291081428718,-0.007833139665780475,-0.031333945151068576,-0.007833753294617107
2024-11-19 12:32:00-05:00,63.84000015258789,63.86000061035156,63.84000015258789,63.86000061035156,4839.0,0.011121461660068555,0.0313290377754738,0.047012660478373824,0.0391658592268751
2024-11-19 12:33:00-05:00,63.869998931884766,63.919898986816406,63.849998474121094,63.919898986816406,12038.0,0.04699056896173559,0.09379639193918266,0.01566153118626179,0.09379639193918266
2024-11-19 12:34:00-05:00,63.91999816894531,64.0199966430664,63.91999816894531,64.0199966430664,11166.0,0.0782828211941311,0.1565985832841177,0.10963147454512434,0.1565985832841177
2024-11-19 12:35:00-05:00,64.01000213623047,64.04499816894531,63.9900016784668,64.03500366210938,22524.0,0.14080721192648582,0.03905268227097913,0.10951738349000983,0.023441143126956554
2024-11-19 12:36:00-05:00,64.03500366210938,64.03500366210938,64.0199966430664,64.02200317382812,3076.0,0.03905877994769824,-0.015605444799249302,0.04687445509117261,-0.02030215903453536
2024-11-19 12:37:00-05:00,64.03500366210938,64.05000305175781,64.02999877929688,64.04000091552734,3893.0,0.0,0.023423735130223555,0.015623456349489473,0.028111806577424403
2024-11-19 12:38:00-05:00,64.04499816894531,64.06999969482422,64.01000213623047,64.01000213623047,9813.0,0.01560788047842987,0.031220362394446255,-0.031230116269920227,-0.04684381459714171
2024-11-19 12:39:00-05:00,64.00499725341797,64.04000091552734,64.00499725341797,64.02999877929688,4076.0,-0.06245751685686196,-0.046821881441805324,-0.007818907429257838,0.0312398725184293
2024-11-19 12:40:00-05:00,64.0250015258789,64.07980346679688,64.0250015258789,64.05500030517578,28896.0,0.03125423532437388,0.06215264006950161,0.03125423532437388,0.03904658184530341
2024-11-19 12:41:00-05:00,64.05000305175781,64.08000183105469,64.04000091552734,64.04000091552734,9502.0,0.03904962949325963,0.00030955815573108225,0.023427394441166705,-0.023416422725741626
2024-11-19 12:42:00-05:00,64.04000091552734,64.04000091552734,64.0199966430664,64.0250015258789,5734.0,-0.015616137008434006,-0.062423399476185804,-0.031237152053331663,-0.023421907298570854
2024-11-19 12:43:00-05:00,64.0250015258789,64.03500366210938,63.97999954223633,63.9995002746582,6506.0,-0.023421907298570854,-0.007803331271905023,-0.06247594958974645,-0.03983014543216257
2024-11-19 12:44:00-05:00,63.98500061035156,64.01000213623047,63.974998474121094,64.0,12838.0,-0.06247702393443744,-0.03904353002122107,-0.007816611677113894,0.0007808269434139703
2024-11-19 12:45:00-05:00,64.0,64.02999877929688,64.0,64.00499725341797,7070.0,0.023442040330334812,0.0312398725184293,0.03908015080145155,0.007808208465576172
2024-11-19 12:46:00-05:00,64.01000213623047,64.0199966430664,63.9900016784668,63.9900016784668,14202.0,0.015628337860107422,-0.01562101580689923,-0.015622377395629883,-0.0234287564950586
2024-11-19 12:47:00-05:00,63.97999954223633,63.97999954223633,63.939998626708984,63.95000076293945,6861.0,-0.04687172784385574,-0.06247594958974645,-0.07814197600597428,-0.06251119624646195
2024-11-19 12:48:00-05:00,63.939998626708984,63.939998626708984,63.91999816894531,63.91999816894531,5148.0,-0.06252096876139257,-0.06252096876139257,-0.031280040965342426,-0.046915705451444634
2024-11-19 12:49:00-05:00,63.90999984741211,63.90999984741211,63.880001068115234,63.904998779296875,19012.0,-0.04691707841911752,-0.04691707841911752,-0.06257368894843074,-0.023465879346229457
2024-11-19 12:50:00-05:00,63.89179992675781,63.93000030517578,63.89179992675781,63.93000030517578,5045.0,-0.02847742246557816,0.031294723535313373,0.018470348223686983,0.039122958072890235
2024-11-19 12:51:00-05:00,63.939998626708984,63.98500061035156,63.939998626708984,63.98500061035156,6531.0,0.0754380061391613,0.08603207400788015,0.0754380061391613,0.08603207400788015
2024-11-19 12:52:00-05:00,63.9900016784668,64.01000213623047,63.97999954223633,64.01000213623047,10313.0,0.07820308544224108,0.03907404179168683,0.06256008193068485,0.03907404179168683
2024-11-19 12:53:00-05:00,64.0199966430664,64.0199966430664,63.97999954223633,63.9900016784668,7147.0,0.04687445509117261,0.01561397672611431,0.0,-0.031245832051540745
2024-11-19 12:54:00-05:00,64.0199966430664,64.0250015258789,64.0199966430664,64.0250015258789,1343.0,0.0,0.007817686777467081,0.06251500643363883,0.05469580636670024
2024-11-19 12:55:00-05:00,64.0250015258789,64.03500366210938,64.0199966430664,64.0250015258789,4192.0,0.007817686777467081,0.015622235052070721,0.0,0.0
2024-11-19 12:56:00-05:00,64.0199966430664,64.0199966430664,63.95000076293945,63.95000076293945,8857.0,-0.007817075662974737,-0.023435649542791204,-0.10933440143273687,-0.11714293034282841
2024-11-19 12:57:00-05:00,63.95000076293945,63.95000076293945,63.92499923706055,63.92499923706055,2649.0,-0.10933440143273687,-0.10933440143273687,-0.039095427022095564,-0.039095427022095564
2024-11-19 12:58:00-05:00,63.92499923706055,63.92499923706055,63.900001525878906,63.900001525878906,7031.0,-0.039095427022095564,-0.039095427022095564,-0.03910475006646541,-0.03910475006646541
2024-11-19 12:59:00-05:00,63.900001525878906,63.959999084472656,63.900001525878906,63.95500183105469,7660.0,-0.03910475006646541,0.05475142405917399,0.0,0.08607246300849081
2024-11-19 13:00:00-05:00,63.96500015258789,63.994998931884766,63.959999084472656,63.9900016784668,9113.0,0.1017192881954232,0.05472146327876182,0.09389289070587115,0.05472573905096478
2024-11-19 13:01:00-05:00,63.97999954223633,64.01000213623047,63.97999954223633,64.0,13336.0,0.02344937014406856,0.023444338770395312,0.03127025961531249,0.015624818363724202
2024-11-19 13:02:00-05:00,63.98500061035156,64.01000213623047,63.98500061035156,64.01000213623047,5067.0,0.007816611677102792,0.0,0.007816611677102792,0.015628337860107422
2024-11-19 13:03:00-05:00,64.0199966430664,64.0199966430664,63.994998931884766,64.0,3610.0,0.05469411952960801,0.01561397672611431,0.0156260395996366,-0.015625895792314992
2024-11-19 13:04:00-05:00,64.00499725341797,64.00499725341797,64.00499725341797,64.00499725341797,148.0,-0.02342922592148966,-0.02342922592148966,0.01562359824998083,0.007808208465576172
2024-11-19 13:05:00-05:00,63.994998931884766,63.994998931884766,63.994998931884766,63.994998931884766,8051.0,-0.015621157663070484,-0.015621157663070484,-0.015621157663070484,-0.015621157663070484
2024-11-19 13:06:00-05:00,63.98500061035156,63.98500061035156,63.974998474121094,63.98500061035156,2186.0,-0.015623598249991932,-0.015623598249991932,-0.031253157430255474,-0.015623598249991932
2024-11-19 13:07:00-05:00,64.05500030517578,64.05899810791016,64.05500030517578,64.05899810791016,14236.0,0.10940016278266906,0.11564819387783754,0.12505171232954915,0.11564819387783754
2024-11-19 13:08:00-05:00,64.05999755859375,64.0999984741211,64.05999755859375,64.08000183105469,6244.0,0.00780150401087365,0.06400407034445887,0.00780150401087365,0.0327880918604917
2024-11-19 13:10:00-05:00,64.0999984741211,64.11499786376953,64.08999633789062,64.11499786376953,9266.0,0.0624428926816023,0.023399984407945773,0.04682919207019687,0.05461303326286249
2024-11-19 13:11:00-05:00,64.11000061035156,64.11499786376953,64.11000061035156,64.11499786376953,239.0,0.01560395704924833,0.0,0.0312127845279786,0.0
2024-11-19 13:12:00-05:00,64.12999725341797,64.12999725341797,64.12999725341797,64.12999725341797,9874.0,0.031191144713815788,0.023394510096230725,0.031191144713815788,0.023394510096230725
2024-11-19 13:13:00-05:00,64.13999938964844,64.17500305175781,64.13999938964844,64.17500305175781,5486.0,0.015596657818250925,0.07017901180004227,0.015596657818250925,0.07017901180004227
2024-11-19 13:14:00-05:00,64.16999816894531,64.19999694824219,64.16999816894531,64.19499969482422,3438.0,0.046770782011762435,0.03894646715361105,0.046770782011762435,0.031159551407067276
2024-11-19 13:15:00-05:00,64.19000244140625,64.22000122070312,64.18499755859375,64.20999908447266,10580.0,0.031173871017209365,0.03115930437982417,0.023374458588798497,0.02336535512070803
2024-11-19 13:16:00-05:00,64.19999694824219,64.21499633789062,64.19999694824219,64.19999694824219,6871.0,0.015570192328717702,-0.007793339640871366,0.02336899621246946,-0.015577225312379817
2024-11-19 13:17:00-05:00,64.19000244140625,64.21990203857422,64.19000244140625,64.20999908447266,7644.0,-0.015567768397239945,0.007639493830668975,-0.015567768397239945,0.015579652189900983
2024-11-19 13:18:00-05:00,64.21499633789062,64.2300033569336,64.21029663085938,64.22000122070312,3313.0,0.0389373664648085,0.015729264665198528,0.03161581037740557,0.015577225312379817
2024-11-19 13:19:00-05:00,64.22000122070312,64.2249984741211,64.19499969482422,64.19999694824219,7992.0,0.007793947049639094,-0.0077921260328905895,-0.02382318232089231,-0.03114959838164122
2024-11-19 13:20:00-05:00,64.2249984741211,64.2249984741211,64.20999908447266,64.22000122070312,8015.0,0.007781459549960346,0.0,0.02336535512070803,0.03115930437982417
2024-11-19 13:21:00-05:00,64.21499633789062,64.23500061035156,64.20500183105469,64.20500183105469,15261.0,-0.0155735873384244,0.015573587338413297,-0.0077826716854412226,-0.023356258740780955
2024-11-19 13:22:00-05:00,64.19999694824219,64.22000122070312,64.19499969482422,64.19499969482422,4639.0,-0.02335807911522103,-0.02335080486637331,-0.01557843773104528,-0.01557843773104528
2024-11-19 13:23:00-05:00,64.19000244140625,64.19000244140625,64.08100128173828,64.11000061035156,15869.0,-0.015567768397239945,-0.04671251748155081,-0.17758145280454274,-0.132407640589971
2024-11-19 13:24:00-05:00,64.12000274658203,64.12000274658203,64.06999969482422,64.08000183105469,8309.0,-0.10905077451603962,-0.10905077451603962,-0.01716825064217442,-0.04679266730818199
2024-11-19 13:25:00-05:00,64.08000183105469,64.125,64.07499694824219,64.125,4779.0,-0.062384456977393477,0.0077935951402263726,0.00779967760538014,0.07022185964342675
2024-11-19 13:26:00-05:00,64.11499786376953,64.1449966430664,64.11499786376953,64.1449966430664,3450.0,0.05461303326286249,0.03118384883649128,0.06242827535309914,0.03118384883649128
2024-11-19 13:27:00-05:00,64.1500015258789,64.16500091552734,64.1500015258789,64.1603012084961,4795.0,0.054595123256095945,0.03118602152596406,0.054595123256095945,0.023859328444353345
2024-11-19 13:28:00-05:00,64.16500091552734,64.19000244140625,64.16500091552734,64.17500305175781,14883.0,0.023381744803829818,0.03896442846127446,0.023381744803829818,0.022914236661608633
2024-11-19 13:29:00-05:00,64.17500305175781,64.18499755859375,64.12000274658203,64.12000274658203,7955.0,0.015588149439338395,-0.007796981807361991,-0.07012883706578599,-0.08570362689569455
2024-11-19 13:30:00-05:00,64.12999725341797,64.13999938964844,64.11000061035156,64.11000061035156,10966.0,-0.07012979540265141,-0.07010698863738618,-0.015599088898976543,-0.015599088898976543
2024-11-19 13:31:00-05:00,64.0999984741211,64.1050033569336,64.08000183105469,64.08000183105469,5589.0,-0.04677807669059009,-0.05456194737739617,-0.04679266730818199,-0.04679266730818199
2024-11-19 13:32:00-05:00,64.08499908447266,64.12000274658203,64.08000183105469,64.08999633789062,11787.0,-0.023399984407945773,0.023398157496257177,0.0,0.015596920334504105
2024-11-19 13:33:00-05:00,64.08999633789062,64.12999725341797,64.08999633789062,64.12999725341797,8391.0,0.007797852054869381,0.015587190280452745,0.015596920334504105,0.06241366486658961
2024-11-19 13:34:00-05:00,64.12000274658203,64.12999725341797,64.0999984741211,64.11000061035156,7972.0,0.0468191767919679,0.0,0.0156063922639893,-0.03118141887233916
2024-11-19 13:35:00-05:00,64.11000061035156,64.11000061035156,64.05000305175781,64.06500244140625,11708.0,-0.015599088898976543,-0.03118141887233916,-0.07799598058253476,-0.07018900096227298
2024-11-19 13:36:00-05:00,64.06999969482422,64.06999969482422,64.04000091552734,64.04000091552734,2433.0,-0.06239418990253709,-0.06239418990253709,-0.015616137008434006,-0.03902524767992466
2024-11-19 13:37:00-05:00,64.04000091552734,64.05000305175781,64.02999877929688,64.02999877929688,7105.0,-0.046821881441805324,-0.031210618326293904,-0.015618576026665831,-0.015618576026665831
2024-11-19 13:38:00-05:00,64.02999877929688,64.06999969482422,64.0199966430664,64.06999969482422,9429.0,-0.015618576026665831,0.031220362394446255,-0.01562101580689923,0.062472147883707585
2024-11-19 13:39:00-05:00,64.08000183105469,64.15499877929688,64.08000183105469,64.15499877929688,11665.0,0.07809316369060681,0.13266596672003583,0.09372882089142553,0.13266596672003583
2024-11-19 13:40:00-05:00,64.1449966430664,64.19999694824219,64.1449966430664,64.19999694824219,7721.0,0.10142760635849513,0.07013977055803089,0.10142760635849513,0.07013977055803089
2024-11-19 13:41:00-05:00,64.19999694824219,64.23999786376953,64.19999694824219,64.2300033569336,5968.0,0.08574371822298588,0.0623067249669651,0.08574371822298588,0.046738956569725154
2024-11-19 13:42:00-05:00,64.2300033569336,64.2300033569336,64.21499633789062,64.2300033569336,10313.0,0.046738956569725154,-0.015558074670440902,0.023363536388520956,0.0
2024-11-19 13:43:00-05:00,64.25,64.25499725341797,64.25,64.25499725341797,3380.0,0.031132869408834196,0.0389131172008117,0.05451010528005895,0.0389131172008117
2024-11-19 13:44:00-05:00,64.25499725341797,64.2699966430664,64.25,64.2699966430664,6256.0,0.007777826331478721,0.023343537918574242,0.0,0.023343537918574242
2024-11-19 13:45:00-05:00,64.27999877929688,64.30999755859375,64.25,64.2699966430664,9626.0,0.03890985440446748,0.06223886357035191,0.0,0.0
2024-11-19 13:46:00-05:00,64.26499938964844,64.37999725341797,64.26499938964844,64.375,11429.0,-0.023334458514756573,0.10884729821432071,0.023345353538428704,0.16337850072833948
2024-11-19 13:47:00-05:00,64.37010192871094,64.42500305175781,64.37000274658203,64.4000015258789,11177.0,0.1635455381011397,0.06990649310325558,0.16339120505850513,0.038837321753648624
2024-11-19 13:48:00-05:00,64.4000015258789,64.45500183105469,64.4000015258789,64.41500091552734,26538.0,0.04644951036598677,0.0465638771841137,0.04660366322335463,0.023290977163115123
2024-11-19 13:49:00-05:00,64.41999816894531,64.44000244140625,64.4000015258789,64.43000030517578,9726.0,0.03105068725559601,-0.023271102664390586,0.0,0.023285553730101327
2024-11-19 13:50:00-05:00,64.43499755859375,64.44999694824219,64.41500091552734,64.44999694824219,8001.0,0.02328374739952732,0.015509786556933136,0.023290977163115123,0.03103622997313593
2024-11-19 13:51:00-05:00,64.44999694824219,64.49970245361328,64.44499969482422,64.49500274658203,12634.0,0.023278327332598714,0.07712258762557767,0.04657110746022486,0.06983056706113544
2024-11-19 13:52:00-05:00,64.49749755859375,64.55999755859375,64.49749755859375,64.55989837646484,9657.0,0.07370149356207278,0.09348121415573285,0.08146150053243151,0.10062117546967286
2024-11-19 13:53:00-05:00,64.55999755859375,64.6500015258789,64.55500030517578,64.62999725341797,18496.0,0.09690298440372391,0.13941135484627498,0.0891550040833522,0.10857959618268964
2024-11-19 13:54:00-05:00,64.625,64.625,64.56999969482422,64.58999633789062,9925.0,0.10068532197085034,-0.038672119549598705,0.023235054724701776,-0.06189218200102209
2024-11-19 13:55:00-05:00,64.60079956054688,64.61000061035156,64.58999633789062,64.61000061035156,10578.0,-0.03744748851547408,-0.02320988727031459,0.0309689378363176,0.030971162091875115
2024-11-19 13:56:00-05:00,64.61000061035156,64.62999725341797,64.5999984741211,64.5999984741211,20739.0,0.014242934866559587,0.030949764552712367,0.015485581045937558,-0.015480786466459673
2024-11-19 13:57:00-05:00,64.5999984741211,64.62999725341797,64.59500122070312,64.62999725341797,7544.0,-0.015480786466459673,0.0,-0.007735686588239421,0.04643773994652545
2024-11-19 13:58:00-05:00,64.62999725341797,64.6500015258789,64.61000061035156,64.62000274658203,12222.0,0.04643773994652545,0.030951993363848018,0.023220666251222433,-0.01546419195523896
2024-11-19 13:59:00-05:00,64.62000274658203,64.62000274658203,64.55000305175781,64.55000305175781,7941.0,-0.01546419195523896,-0.04640182302991791,-0.09286110203834408,-0.10832511892444607
2024-11-19 14:00:00-05:00,64.55999755859375,64.63999938964844,64.55999755859375,64.63500213623047,13026.0,-0.09285853518701259,0.030944974027358185,0.01548335610135343,0.13167944299630197
2024-11-19 14:01:00-05:00,64.6500015258789,64.68000030517578,64.6449966430664,64.67500305175781,6122.0,0.13941135484627498,0.061882605051111206,0.13165905775556208,0.06188738950303474
2024-11-19 14:02:00-05:00,64.68499755859375,64.70999908447266,64.66999816894531,64.68000030517578,24619.0,0.054131526510237116,0.04638030172439134,0.03867511358528475,0.00772671539570613
2024-11-19 14:03:00-05:00,64.68000030517578,64.68000030517578,64.63999938964844,64.6500015258789,11678.0,-0.007725521537571556,-0.046358800372903186,-0.046387475098585984,-0.04638030172439134
2024-11-19 14:04:00-05:00,64.63999938964844,64.66000366210938,64.62999725341797,64.64080047607422,11573.0,-0.06184433416606128,-0.030916269282710296,-0.01547360198779213,-0.014232095262989297
2024-11-19 14:05:00-05:00,64.63999938964844,64.79499816894531,64.63999938964844,64.77999877929688,19029.0,0.0,0.20877590348025166,0.015475996681924009,0.21534124298812074
2024-11-19 14:06:00-05:00,64.77999877929688,64.80999755859375,64.76000213623047,64.80000305175781,8370.0,0.21658321622888277,0.023148993089439074,0.18564781515335582,0.03088032238021121
2024-11-19 14:07:00-05:00,64.79499816894531,64.83000183105469,64.79499816894531,64.83000183105469,8891.0,0.023154353089038793,0.030866028721643346,0.05403957930889547,0.04629441031493986
2024-11-19 14:08:00-05:00,64.83000183105469,64.86000061035156,64.82499694824219,64.83000183105469,10782.0,0.05402216698595641,0.04627298850776729,0.04629798617890035,0.0
2024-11-19 14:09:00-05:00,64.8499984741211,64.91000366210938,64.84500122070312,64.9000015258789,8958.0,0.03084473623573558,0.07709381943765692,0.03085888685334659,0.10797422928761069
2024-11-19 14:10:00-05:00,64.91500091552734,64.93000030517578,64.87999725341797,64.88999938964844,12825.0,0.10023507006278187,0.03080671997879314,0.053968744014265546,-0.015411611703086692
2024-11-19 14:11:00-05:00,64.88999938964844,64.9000015258789,64.86000061035156,64.8949966430664,7532.0,-0.038514250213816936,-0.04620172363449804,-0.0308209678066107,0.007701114909797191
2024-11-19 14:12:00-05:00,64.8949966430664,64.9000015258789,64.85900115966797,64.9000015258789,8470.0,0.007701114909797191,0.0,-0.0015409353595230435,0.0077122784057248595
2024-11-19 14:13:00-05:00,64.91000366210938,64.95999908447266,64.91000366210938,64.94000244140625,8655.0,0.023125078695218626,0.0924461589878689,0.07863596652659677,0.06163469119702114
2024-11-19 14:14:00-05:00,64.93000030517578,64.95999908447266,64.90049743652344,64.90760040283203,18372.0,0.03080671997879314,0.0,-0.014645239638899632,-0.04989534548208718
2024-11-19 14:15:00-05:00,64.91000366210938,64.95999908447266,64.9000015258789,64.94499969482422,14080.0,-0.030797232361656768,0.0,-0.0007641091580468107,0.05761927996117411
2024-11-19 14:16:00-05:00,64.94000244140625,64.94999694824219,64.93000030517578,64.93499755859375,8910.0,0.04621595687013258,-0.01539737741907965,0.04622307949393445,-0.015400933524467586
2024-11-19 14:17:00-05:00,64.93499755859375,64.93499755859375,64.88999938964844,64.9000015258789,12975.0,-0.00770693351453966,-0.023093749581526435,-0.06160621490733931,-0.05389394630108679
2024-11-19 14:18:00-05:00,64.9000015258789,64.91000366210938,64.80999755859375,64.8499984741211,15817.0,-0.05389394630108679,-0.038490640523736186,-0.12328838312094526,-0.07704630290011893
2024-11-19 14:19:00-05:00,64.8550033569336,64.91999816894531,64.8499984741211,64.91000366210938,15736.0,-0.06933461924091278,0.0153974830874537,0.06172028550253117,0.0925292049347215
2024-11-19 14:20:00-05:00,64.91999816894531,64.94999694824219,64.91000366210938,64.93000030517578,16001.0,0.10021557111641322,0.04620884187152008,0.0925292049347215,0.03080671997879314
2024-11-19 14:21:00-05:00,64.91999816894531,64.94999694824219,64.91000366210938,64.94999694824219,8298.0,0.0,0.0,0.0,0.030797232361656768
2024-11-19 14:22:00-05:00,64.92500305175781,64.97000122070312,64.91999816894531,64.95999908447266,19552.0,0.00770930830815697,0.03079949715298902,0.0153974830874537,0.01539974857649451
2024-11-19 14:23:00-05:00,64.95999908447266,64.95999908447266,64.93000030517578,64.94000244140625,16844.0,0.05390224269523625,-0.01539500699174745,0.015406864621958505,-0.030783010080404072
2024-11-19 14:24:00-05:00,64.94000244140625,64.94000244140625,64.9000015258789,64.9000015258789,7814.0,-0.030783010080404072,-0.030783010080404072,-0.04620172363449804,-0.061596726245016775
2024-11-19 14:25:00-05:00,64.88999938964844,64.91999816894531,64.87000274658203,64.91500091552734,13299.0,-0.07699884489984488,-0.0308042373096451,-0.04622307949393445,0.023111539746967225
2024-11-19 14:26:00-05:00,64.91000366210938,64.91999816894531,64.8499984741211,64.8499984741211,15196.0,0.030827974493896626,0.0,-0.030837477437895,-0.10013469997610658
2024-11-19 14:27:00-05:00,64.8499984741211,64.87000274658203,64.83000183105469,64.8499984741211,8114.0,-0.0924436675441287,-0.07701081912105945,-0.03083522519184978,0.0
2024-11-19 14:28:00-05:00,64.8499984741211,64.87000274658203,64.83000183105469,64.83999633789062,9914.0,0.0,0.0,0.0,-0.01542349493571793
2024-11-19 14:29:00-05:00,64.83999633789062,64.83999633789062,64.76499938964844,64.7699966430664,17712.0,-0.01542349493571793,-0.04625621615683695,-0.10026598730575875,-0.1079575860236659
2024-11-19 14:30:00-05:00,64.76499938964844,64.79000091552734,64.75,64.7699966430664,7228.0,-0.11566463984878927,-0.0771058377343925,-0.023159715571363648,0.0
2024-11-19 14:31:00-05:00,64.7750015258789,64.81500244140625,64.7699966430664,64.81500244140625,11444.0,0.015443737087506015,0.038588556143870356,0.030882846434598932,0.06948556534263073
2024-11-19 14:32:00-05:00,64.81500244140625,64.82499694824219,64.75,64.77999877929688,42424.0,0.06175363116180943,0.015420051623027398,-0.030873311877110954,-0.05400549377594377
2024-11-19 14:33:00-05:00,64.79000091552734,64.80000305175781,64.69999694824219,64.80000305175781,29253.0,-0.038573671121133746,-0.0385559547412373,-0.07722479035955354,0.03088032238021121
2024-11-19 14:34:00-05:00,64.80500030517578,64.81999969482422,64.77999877929688,64.79000091552734,11331.0,0.023150778571512376,0.030859015624473685,0.12365044022906169,-0.015435394690455073
2024-11-19 14:35:00-05:00,64.79000091552734,64.79000091552734,64.70999908447266,64.7300033569336,9693.0,-0.023145420226533542,-0.04628012872278653,-0.10805757354628298,-0.09260311428607171
2024-11-19 14:36:00-05:00,64.7300033569336,64.74500274658203,64.69000244140625,64.69000244140625,12359.0,-0.09260311428607171,-0.06945233571454823,-0.030901936871152724,-0.06179656025471214
2024-11-19 14:37:00-05:00,64.69999694824219,64.72000122070312,64.65499877929688,64.65499877929688,15247.0,-0.04635626005755622,-0.03861537542405591,-0.05410984818107201,-0.05410984818107201
2024-11-19 14:38:00-05:00,64.65499877929688,64.70999908447266,64.63500213623047,64.70999908447266,27770.0,-0.06954895064571476,-0.015454474724685419,-0.03092822433523601,0.08506736712428076
2024-11-19 14:39:00-05:00,64.69499969482422,64.70500183105469,64.68499755859375,64.69000244140625,9904.0,0.06186824883236408,-0.007722536684706682,0.0773503840193479,-0.030901936871152724
2024-11-19 14:40:00-05:00,64.68000030517578,64.68000030517578,64.63169860839844,64.63999938964844,9128.0,-0.023184774278062203,-0.038639247618266204,-0.08239769994121682,-0.0772964134652887
2024-11-19 14:41:00-05:00,64.63999938964844,64.66999816894531,64.62999725341797,64.66000366210938,10333.0,-0.06184433416606128,-0.015464032441681042,-0.0026323847540754564,0.03094720397558426
2024-11-19 14:42:00-05:00,64.62999725341797,64.68499755859375,64.62000274658203,64.68000030517578,8481.0,-0.01547360198779213,0.02319373754928744,-0.01546419195523896,0.03092583039572272
2024-11-19 14:43:00-05:00,64.66999816894531,64.6969985961914,64.66999816894531,64.69499969482422,8019.0,0.06189218200103319,0.01855304637954358,0.07736833834461887,0.023190150862184566
2024-11-19 14:44:00-05:00,64.69750213623047,64.70500183105469,64.66999816894531,64.68000030517578,10291.0,0.04252971712370712,0.012370334075662015,0.0,-0.023184774278062203
2024-11-19 14:45:00-05:00,64.68499755859375,64.69000244140625,64.66919708251953,64.69000244140625,9268.0,-0.019327759532949962,-0.02318119036237576,-0.0012387296249638524,0.015464032441681042
2024-11-19 14:46:00-05:00,64.69000244140625,64.77999877929688,64.68000030517578,64.77999877929688,121720.0,0.007737316226941182,0.1391193917053002,0.01670536073374862,0.1391193917053002
2024-11-19 14:47:00-05:00,64.7699966430664,64.7699966430664,64.7300033569336,64.75,34416.0,0.12365775025686698,-0.015440161190105606,0.07730836660773122,-0.04630870617808869
2024-11-19 14:48:00-05:00,64.75,64.76000213623047,64.69999694824219,64.69999694824219,13881.0,-0.030873311877110954,-0.015430766333079937,-0.04635626005755622,-0.07722479035955354
2024-11-19 14:49:00-05:00,64.68499755859375,64.69000244140625,64.66000366210938,64.69000244140625,11611.0,-0.10038987089768803,-0.1080909396466101,-0.0618134281595184,-0.015447461062378931
2024-11-19 14:50:00-05:00,64.69000244140625,64.69999694824219,64.63999938964844,64.69499969482422,12777.0,0.007737316226941182,0.01544984767158919,-0.0309376296442454,0.007724923835783493
2024-11-19 14:51:00-05:00,64.69999694824219,64.76000213623047,64.69999694824219,64.75,7285.0,0.01544984767158919,0.09274372614929138,0.09281800612666036,0.08501476997484492
2024-11-19 14:52:00-05:00,64.75499725341797,64.79000091552734,64.75499725341797,64.78500366210938,14008.0,0.08500820366310613,0.04632300541584922,0.08500820366310613,0.054059709821419055
2024-11-19 14:53:00-05:00,64.80000305175781,64.80000305175781,64.77999877929688,64.78500366210938,7041.0,0.0695016604876253,0.01543777757235798,0.038609415395485236,0.0
2024-11-19 14:54:00-05:00,64.77999877929688,64.77999877929688,64.69999694824219,64.69999694824219,9111.0,-0.03087078938092125,-0.03087078938092125,-0.12349773473637748,-0.1312135665076819
2024-11-19 14:55:00-05:00,64.69000244140625,64.69000244140625,64.66000366210938,64.66999816894531,7922.0,-0.13892611853426606,-0.13892611853426606,-0.0618134281595184,-0.04636596709713947
2024-11-19 14:56:00-05:00,64.68000030517578,64.68499755859375,64.66000366210938,64.68499755859375,4515.0,-0.015461641448422103,-0.007736717612638611,0.0,0.02319373754928744
2024-11-19 14:57:00-05:00,64.68000030517578,64.68000030517578,64.62999725341797,64.64679718017578,28657.0,0.0,-0.007725521537571556,-0.04640644446636255,-0.05905600967730518
2024-11-19 14:58:00-05:00,64.66000366210938,64.66000366210938,64.5999984741211,64.61750030517578,17661.0,-0.030916269282710296,-0.030916269282710296,-0.04641618531909808,-0.045318370403324426
2024-11-19 14:59:00-05:00,64.62000274658203,64.62000274658203,64.54000091552734,64.55999755859375,7993.0,-0.06186346003995702,-0.06186346003995702,-0.092875479893062,-0.08898943213596633
2024-11-19 15:00:00-05:00,64.55999755859375,64.58329772949219,64.55000305175781,64.56999969482422,7164.0,-0.09285853518701259,-0.05680132393957038,0.015497576833878313,0.015492776655379181
2024-11-19 15:01:00-05:00,64.58000183105469,64.58999633789062,64.5239028930664,64.52999877929688,7232.0,0.030985553310758362,0.010372044528428326,-0.040434016200552314,-0.061949691368123894
2024-11-19 15:02:00-05:00,64.52999877929688,64.55000305175781,64.5250015258789,64.5250015258789,8131.0,-0.07742807423360976,-0.06191870010890943,0.00170267569572502,-0.007744077967608565
2024-11-19 15:03:00-05:00,64.52999877929688,64.53500366210938,64.4749984741211,64.4749984741211,27267.0,0.0,-0.02323685350783533,-0.07749407295675192,-0.07749407295675192
2024-11-19 15:04:00-05:00,64.4749984741211,64.5,64.44999694824219,64.45999908447266,14367.0,-0.0852321497229358,-0.05423980804688533,-0.03877708642201494,-0.023263885232127635
2024-11-19 15:05:00-05:00,64.44999694824219,64.4800033569336,64.44999694824219,64.47000122070312,10616.0,-0.03877708642201494,-0.031002547389780144,0.0,0.015516811003002395
2024-11-19 15:06:00-05:00,64.4800033569336,64.5,64.37000274658203,64.37000274658203,17272.0,0.046557657272661146,0.031012161949983685,-0.12411823963994761,-0.15510853455510398
2024-11-19 15:07:00-05:00,64.37000274658203,64.37000274658203,64.33999633789062,64.37000274658203,9223.0,-0.17059647119223031,-0.2015461293301879,-0.04661551563006627,0.0
2024-11-19 15:08:00-05:00,64.37999725341797,64.4000015258789,64.37999725341797,64.38999938964844,4875.0,0.015526652803310448,0.04660366322335463,0.062171149835443806,0.031065158013321437
2024-11-19 15:09:00-05:00,64.4000015258789,64.41999816894531,64.37000274658203,64.41999816894531,6272.0,0.031072185949621023,0.03105068725559601,-0.01552424240808259,0.04658919021778285
2024-11-19 15:10:00-05:00,64.43000030517578,64.47000122070312,64.41000366210938,64.45999908447266,9102.0,0.046581954326230246,0.07762038680392269,0.06214216843336562,0.062093940801477565
2024-11-19 15:11:00-05:00,64.4749984741211,64.4800033569336,64.47000122070312,64.4749984741211,4451.0,0.069840398466825,0.015514403662297838,0.09314944136393777,0.023269298575034902
2024-11-19 15:12:00-05:00,64.48500061035156,64.5,64.4749984741211,64.4749984741211,13903.0,0.015513201189887305,0.031012161949983685,0.007751284819845772,0.0
2024-11-19 15:13:00-05:00,64.4749984741211,64.49739837646484,64.47000122070312,64.48500061035156,21260.0,-0.015510794969064712,-0.004033524860702631,-0.00775068404224033,0.015513201189887305
2024-11-19 15:14:00-05:00,64.48999786376953,64.5199966430664,64.4708023071289,64.5199966430664,9259.0,0.023263885232127635,0.03503748549618102,0.0012425723757036877,0.05427003548670317
2024-11-19 15:15:00-05:00,64.5199966430664,64.52999877929688,64.5199966430664,64.52100372314453,5213.0,0.04651694881467883,0.015502381820953204,0.07630482974780861,0.0015608805494782274
2024-11-19 15:16:00-05:00,64.52999877929688,64.55500030517578,64.5009994506836,64.55500030517578,13202.0,0.015502381820953204,0.03874403587766917,-0.029443883092417078,0.052690720958281645
2024-11-19 15:17:00-05:00,64.55999755859375,64.58499908447266,64.54499816894531,64.55500030517578,6494.0,0.04648811384526663,0.04647010944940355,0.06821401007182093,0.0
2024-11-19 15:18:00-05:00,64.55999755859375,64.56999969482422,64.54000091552734,64.54000091552734,12114.0,0.0,-0.02322426238454689,-0.00774227834802188,-0.023235054724701776
2024-11-19 15:19:00-05:00,64.54499816894531,64.55750274658203,64.52999877929688,64.54000091552734,10652.0,-0.02323325622003436,-0.01935410918576519,-0.015497576833878313,0.0
2024-11-19 15:20:00-05:00,64.54499816894531,64.55500030517578,64.5199966430664,64.55500030517578,13999.0,0.0,-0.0038762983383566763,-0.015499978955024751,0.023240454657047493
2024-11-19 15:21:00-05:00,64.55000305175781,64.5999984741211,64.54000091552734,64.56999969482422,13696.0,0.007754098620305072,0.06970516417410533,0.031004763641884203,0.023235054724701776
2024-11-19 15:22:00-05:00,64.56999969482422,64.58100128173828,64.54000091552734,64.56999969482422,11082.0,0.030978531558512046,-0.029407419243865363,0.0,0.0
2024-11-19 15:23:00-05:00,64.56999969482422,64.56999969482422,64.54100036621094,64.54499816894531,17957.0,0.0,-0.017035330353687428,0.0015485755646471588,-0.03872003406700797
2024-11-19 15:24:00-05:00,64.54499816894531,64.54499816894531,64.51000213623047,64.52999877929688,10120.0,-0.03872003406700797,-0.03872003406700797,-0.04802874111740074,-0.023238655316371037
2024-11-19 15:25:00-05:00,64.53500366210938,64.54100036621094,64.5199966430664,64.54100036621094,7781.0,-0.015484556696054863,-0.006193822678424166,0.015492956913609746,0.017048794548557566
2024-11-19 15:26:00-05:00,64.54499816894531,64.62999725341797,64.54499816894531,64.61000061035156,154301.0,0.01548695478235107,0.13789201701561726,0.0387500421260345,0.10690916432827269
2024-11-19 15:27:00-05:00,64.625,64.6500015258789,64.54000091552734,64.63500213623047,71703.0,0.12394737520216026,0.030951993363848018,-0.00774227834802188,0.03869606197604014
2024-11-19 15:28:00-05:00,64.62999725341797,64.63500213623047,64.61100006103516,64.62999725341797,7214.0,0.007732693876927321,-0.023200911514953404,0.11000797102673765,-0.00774330107076171
2024-11-19 15:29:00-05:00,64.63999938964844,64.65499877929688,64.61000061035156,64.65499877929688,12496.0,0.015475996681924009,0.030937792845220358,-0.001546873880065025,0.0386840893414675
2024-11-19 15:30:00-05:00,64.65499877929688,64.68499755859375,64.63999938964844,64.68499755859375,27580.0,0.023204501531659538,0.04639823658381115,0.04643055101916094,0.04639823658381115
2024-11-19 15:31:00-05:00,64.68000030517578,64.70999908447266,64.66500091552734,64.68000030517578,12067.0,0.03866913054046961,0.038651197066608134,0.03867810351945167,-0.007725521537571556
2024-11-19 15:32:00-05:00,64.68499755859375,64.69499969482422,64.66000366210938,64.69499969482422,8417.0,0.007726118420525729,-0.023179400186446042,-0.007727910534627291,0.023190150862184566
2024-11-19 15:33:00-05:00,64.69000244140625,64.69499969482422,64.6449966430664,64.69499969482422,27797.0,0.007737316226941182,0.0,-0.023209121857448167,0.0
2024-11-19 15:34:00-05:00,64.70500183105469,64.75,64.69000244140625,64.75,19286.0,0.023186565284216698,0.08501476997484492,0.0696199252485652,0.08501476997484492
2024-11-19 15:35:00-05:00,64.75499725341797,64.76499938964844,64.72000122070312,64.76499938964844,13744.0,0.0772667041936348,0.023165080538123384,0.046373130568433396,0.023165080538123384
2024-11-19 15:36:00-05:00,64.76499938964844,64.83499908447266,64.76499938964844,64.83499908447266,18256.0,0.015446122546070029,0.10808259937296061,0.06952745379571468,0.10808259937296061
2024-11-19 15:37:00-05:00,64.83000183105469,64.87000274658203,64.80500030517578,64.87000274658203,42981.0,0.10036662088912518,0.05398883720777459,0.06176316823023331,0.05398883720777459
2024-11-19 15:38:00-05:00,64.8550033569336,64.91500091552734,64.83999633789062,64.91500091552734,62259.0,0.03856474652592645,0.06936668265777879,0.054002056245727736,0.06936668265777879
2024-11-19 15:39:00-05:00,64.91999816894531,64.93000030517578,64.8499984741211,64.86000061035156,32677.0,0.10021557111641322,0.023106199548483808,0.015425874144625595,-0.08472664931077345
2024-11-19 15:40:00-05:00,64.86000061035156,64.88500213623047,64.85099792480469,64.87000274658203,12812.0,-0.09241768374301795,-0.06930258545174706,0.0015411730256209566,0.01542111646060107
2024-11-19 15:41:00-05:00,64.87999725341797,64.91999816894531,64.875,64.91999816894531,19013.0,0.03083047005585371,0.05393547285605926,0.037011111568618915,0.07707017149143347
2024-11-19 15:42:00-05:00,64.91999816894531,64.96499633789062,64.91999816894531,64.94499969482422,28773.0,0.06165369485313654,0.06931326280725791,0.06936133941473077,0.038511285557718544
2024-11-19 15:43:00-05:00,64.94499969482422,64.97000122070312,64.93099975585938,64.94499969482422,18816.0,0.038511285557718544,0.007703968436278963,0.01694637588471881,0.0
2024-11-19 15:44:00-05:00,64.94499969482422,64.9800033569336,64.91999816894531,64.97000122070312,36833.0,0.0,0.01539500699174745,-0.016943504574751245,0.03849646007605401
2024-11-19 15:45:00-05:00,64.92500305175781,64.92500305175781,64.8499984741211,64.86000061035156,33085.0,-0.03079011957867195,-0.0846418934047577,-0.10782454836497646,-0.16930984806032834
2024-11-19 15:46:00-05:00,64.86000061035156,64.91999816894531,64.8499984741211,64.91000366210938,30005.0,-0.10011927354771633,-0.007708714019638574,0.0,0.07709381943765692
2024-11-19 15:47:00-05:00,64.91500091552734,64.91500091552734,64.86000061035156,64.9000015258789,17155.0,0.08479849623530544,-0.007697556313790432,0.015423494935706827,-0.01540923689133944
2024-11-19 15:48:00-05:00,64.87999725341797,64.87999725341797,64.79000091552734,64.8499984741211,32110.0,-0.053922300879150065,-0.053922300879150065,-0.10792428949352173,-0.07704630290011893
2024-11-19 15:49:00-05:00,64.8550033569336,64.91500091552734,64.8499984741211,64.88999938964844,17501.0,-0.038523269948287364,0.053951392711448776,0.09260311428607171,0.06168221506328564
2024-11-19 15:50:00-05:00,64.87000274658203,64.87999725341797,64.79000091552734,64.80000305175781,60634.0,0.023127575163139902,-0.053922300879150065,-0.09251744025513542,-0.13869061294055074
2024-11-19 15:51:00-05:00,64.79000091552734,64.79000091552734,64.69999694824219,64.72000122070312,26149.0,-0.12332638764825932,-0.1387119939896153,-0.13891644700314565,-0.12345961001080097
2024-11-19 15:52:00-05:00,64.71499633789062,64.7699966430664,64.71499633789062,64.76499938964844,32246.0,-0.11576566843163327,-0.03087555514471596,0.023182983548575287,0.06952745379571468
2024-11-19 15:53:00-05:00,64.76000213623047,64.77999877929688,64.73100280761719,64.73500061035156,30978.0,0.0695446200828842,0.015442545544019914,0.024733787579922506,-0.046319431142727296
2024-11-19 15:54:00-05:00,64.7300033569336,64.7699966430664,64.66999816894531,64.76100158691406,61067.0,-0.04632300541586032,-0.015440161190105606,-0.09424330850115181,0.040165252672208496
2024-11-19 15:55:00-05:00,64.7699966430664,64.84500122070312,64.75,64.78500366210938,56574.0,0.06178477376601599,0.1158014227637727,0.12370779854622427,0.03706254475248638
2024-11-19 15:56:00-05:00,64.78500366210938,64.80000305175781,64.7699966430664,64.77999877929688,51054.0,0.023169707921510962,-0.06939342755528655,0.030882846434598932,-0.007725372431255373
2024-11-19 15:57:00-05:00,64.79000091552734,64.87000274658203,64.7699966430664,64.86499786376953,56821.0,0.007713595948888319,0.1080242153203459,0.0,0.13121192663532177
2024-11-19 15:58:00-05:00,64.86499786376953,64.9000015258789,64.8550033569336,64.8949966430664,84309.0,0.11575389285758408,0.04624445510519326,0.1312439683077926,0.04624802325574606
2024-11-19 15:59:00-05:00,64.8949966430664,64.91999816894531,64.87000274658203,64.9000015258789,216787.0,0.04624802325574606,0.030811467790847757,0.023127575163139902,0.0077122784057248595
2024-11-20 09:30:00-05:00,64.05000305175781,64.56500244140625,64.05000305175781,64.41999816894531,74263.0,-1.3020935896741026,-0.5468202981386949,-1.264066070765546,-0.7396045387490391
2024-11-20 09:31:00-05:00,64.43499755859375,64.61000061035156,64.43499755859375,64.56999969482422,8527.0,0.6010842911667424,0.06969436574582044,0.6010842911667424,0.23284931720350954
2024-11-20 09:32:00-05:00,64.52999877929688,64.83000183105469,64.48999786376953,64.48999786376953,14162.0,0.1474373000739826,0.34050645198087093,0.08535781370329065,-0.12389938273624779
2024-11-20 09:33:00-05:00,64.5,64.5,64.30999755859375,64.30999755859375,2623.0,-0.046488113845277734,-0.5090264102022735,-0.27911352324125893,-0.27911352324125893
2024-11-20 09:34:00-05:00,64.19999694824219,64.29499816894531,64.0999984741211,64.11000061035156,12593.0,-0.46512101047723187,-0.3178322962088198,-0.3265418946429288,-0.3109888910506786
2024-11-20 09:35:00-05:00,64.15989685058594,64.15989685058594,63.960601806640625,64.09870147705078,15890.0,-0.06246121427166962,-0.21012726060645193,-0.21746750514627378,-0.017624603327415223
2024-11-20 09:36:00-05:00,63.9900016784668,64.13899993896484,63.9900016784668,64.13899993896484,8380.0,-0.2647996341309411,-0.032570051771996233,0.04596559600087424,0.06286938890407434
2024-11-20 09:37:00-05:00,64.12999725341797,64.25,64.12999725341797,64.2300033569336,7625.0,0.21877726407104614,0.1730617270939483,0.21877726407104614,0.1418846849114308
2024-11-20 09:38:00-05:00,64.21499633789062,64.33999633789062,64.1500015258789,64.33999633789062,7934.0,0.1325418495447206,0.14007212123055002,0.03119331563650185,0.17124859910997436
2024-11-20 09:39:00-05:00,64.29499816894531,64.33000183105469,64.08999633789062,64.16000366210938,10125.0,0.12458434262572204,-0.015533894008090687,-0.09353887226967172,-0.2797523873579233
2024-11-20 09:40:00-05:00,64.18499755859375,64.23500061035156,64.12999725341797,64.23500061035156,4529.0,-0.171087352802346,-0.14767793875184454,0.06241366486658961,0.11689049869316737
2024-11-20 09:41:00-05:00,64.2699966430664,64.33499908447266,64.26000213623047,64.33000183105469,2430.0,0.13242827406054758,0.15567599154810985,0.20272086134476286,0.14789634903158433
2024-11-20 09:42:00-05:00,64.33999633789062,64.55500030517578,64.33999633789062,64.55500030517578,4632.0,0.10891504353574,0.34196195513154226,0.12448521475392216,0.34975667296262003
2024-11-20 09:43:00-05:00,64.50499725341797,64.56500244140625,64.47000122070312,64.52999877929688,4008.0,0.2564515463457928,0.015493975963409845,0.20205920144875655,-0.03872903068812272
2024-11-20 09:44:00-05:00,64.51499938964844,64.51499938964844,64.38999938964844,64.41000366210938,7727.0,0.015505986600028443,-0.07744606190202008,-0.1240915612531368,-0.18595245538111094
2024-11-20 09:45:00-05:00,64.41000366210938,64.54000091552734,64.26000213623047,64.54000091552734,12106.0,-0.16274622728417176,0.038753043657191455,-0.20189044051903693,0.201827737970528
2024-11-20 09:46:00-05:00,64.56500244140625,64.63999938964844,64.5199966430664,64.625,5243.0,0.2406439535541427,0.1549403047762299,0.4045977251677435,0.1316998501191602
2024-11-20 09:47:00-05:00,64.625,64.83000183105469,64.5999984741211,64.79499816894531,21488.0,0.09292582099442726,0.2939394232678083,0.1239954048622538,0.2630532594898538
2024-11-20 09:48:00-05:00,64.83000183105469,64.83999633789062,64.75050354003906,64.78070068359375,11658.0,0.3172175335468985,0.01541648396368167,0.23297998370428452,-0.022065723829922668
2024-11-20 09:49:00-05:00,64.80000305175781,64.9000015258789,64.7699966430664,64.80500030517578,6629.0,-0.04627298850777839,0.09254347837341914,0.030104944304087944,0.03751058776086946
2024-11-20 09:50:00-05:00,64.80500030517578,64.8499984741211,64.69999694824219,64.74500274658203,5654.0,0.007711810467014857,-0.07704630290011893,-0.10807426038629275,-0.09258168090612307
2024-11-20 09:51:00-05:00,64.7300033569336,64.80500030517578,64.72000122070312,64.80500030517578,3636.0,-0.1157271011326566,-0.06938808019134601,0.03091850603476054,0.092667474011221
2024-11-20 09:52:00-05:00,64.80500030517578,64.86000061035156,64.80500030517578,64.84819793701172,4620.0,0.11586118392215017,0.08487046511345131,0.13133356438421728,0.06665786842452448
2024-11-20 09:53:00-05:00,64.80000305175781,64.88999938964844,64.80000305175781,64.83499908447266,9418.0,-0.007711215792660653,0.04625158651645478,-0.007711215792660653,-0.0203534607883471
2024-11-20 09:54:00-05:00,64.83000183105469,64.83499908447266,64.83000183105469,64.83000183105469,1391.0,0.04629441031493986,-0.08475929371722923,0.04629441031493986,-0.007707647857690958
2024-11-20 09:55:00-05:00,64.81839752197266,64.88999938964844,64.81839752197266,64.86499786376953,4882.0,-0.017899597029580328,0.08483119603983624,-0.017899597029580328,0.05398123048960812
2024-11-20 09:56:00-05:00,64.87999725341797,64.91000366210938,64.87999725341797,64.88999938964844,3546.0,0.09503433253565952,0.030827974493896626,0.09503433253565952,0.038543940032820245
2024-11-20 09:57:00-05:00,64.88999938964844,64.88999938964844,64.7750015258789,64.7750015258789,7437.0,0.015416363523268473,-0.030818473782667777,-0.16183065965454935,-0.17721970234426676
2024-11-20 09:58:00-05:00,64.7750015258789,64.7750015258789,64.70999908447266,64.7249984741211,6778.0,-0.17721970234426676,-0.17721970234426676,-0.10035112292553494,-0.07719498352746212
2024-11-20 09:59:00-05:00,64.7249984741211,64.78500366210938,64.6500015258789,64.65499877929688,19916.0,-0.07719498352746212,0.015441352365663796,-0.09271760074579527,-0.10814939586627492
2024-11-20 10:00:00-05:00,64.6500015258789,64.68499755859375,64.55999755859375,64.63999938964844,20128.0,-0.11587014292812059,-0.1543661308367139,-0.13921727016376062,-0.023199118291905574
2024-11-20 10:01:00-05:00,64.63500213623047,64.7300033569336,64.58499908447266,64.58499908447266,14399.0,-0.023200911514953404,0.06957687259565581,0.03872603287540244,-0.08508710658278185
2024-11-20 10:02:00-05:00,64.56999969482422,64.62000274658203,64.52999877929688,64.54499816894531,7221.0,-0.1005684834190057,-0.16993759407828435,-0.08515956639381095,-0.061935304009252956
2024-11-20 10:03:00-05:00,64.54000091552734,64.55500030517578,64.48999786376953,64.5199966430664,10868.0,-0.04645931460223185,-0.10059182705572933,-0.061988092800302486,-0.03873503228470909
2024-11-20 10:04:00-05:00,64.51000213623047,64.54000091552734,64.4749984741211,64.4749984741211,3220.0,-0.04648090931411719,-0.023235054724701776,-0.023258474407339413,-0.0697429809152772
2024-11-20 10:05:00-05:00,64.4749984741211,64.5,64.36000061035156,64.36000061035156,10708.0,-0.0542608292516511,-0.061978486147995504,-0.17836039781480295,-0.17836039781480295
2024-11-20 10:06:00-05:00,64.36499786376953,64.44960021972656,64.30000305175781,64.44000244140625,11217.0,-0.17060971377256262,-0.07813919422238191,-0.09322181172276567,0.12430365179614267
2024-11-20 10:07:00-05:00,64.38999938964844,64.38999938964844,64.19000244140625,64.19000244140625,8509.0,0.03884335696215935,-0.09247664822579216,-0.171074035973251,-0.3879577754940633
2024-11-20 10:08:00-05:00,64.19499969482422,64.22000122070312,64.16000366210938,64.22000122070312,9963.0,-0.30284158514151116,-0.2640133103847253,-0.04673434827215939,0.04673434827215939
2024-11-20 10:09:00-05:00,64.16999816894531,64.19000244140625,64.08999633789062,64.16999816894531,15191.0,-0.03894622010711668,-0.04671251748155081,-0.10911365371397697,-0.07786211586320313
2024-11-20 10:10:00-05:00,64.16000366210938,64.16000366210938,64.02999877929688,64.0999984741211,9952.0,-0.015575046160398731,-0.04673434827215939,-0.09361454520521173,-0.10908476986383198
2024-11-20 10:11:00-05:00,64.0999984741211,64.18499755859375,64.05500030517578,64.11000061035156,11473.0,-0.09352429015480057,0.03895557209754319,0.03904658184530341,0.01560395704924833
2024-11-20 10:12:00-05:00,64.12750244140625,64.16999816894531,64.0999984741211,64.13999938964844,11325.0,0.04290790630245844,-0.02336899621245836,0.07024926817724708,0.04679266730818199
2024-11-20 10:13:00-05:00,64.13999938964844,64.1500015258789,64.11000061035156,64.11000061035156,6112.0,0.01948765781671913,-0.031161981669003413,0.01560395704924833,-0.046770782011762435
2024-11-20 10:14:00-05:00,64.0999984741211,64.0999984741211,64.06999969482422,64.06999969482422,4876.0,-0.062365007651998816,-0.07794707804900103,-0.06239418990253709,-0.06239418990253709
2024-11-20 10:15:00-05:00,64.06500244140625,64.08999633789062,64.05000305175781,64.08499908447266,11780.0,-0.05459599617458899,-0.01560395704924833,-0.031210618326293904,0.02341094072089156
2024-11-20 10:16:00-05:00,64.05999755859375,64.05999755859375,63.96049880981445,64.01000213623047,12905.0,-0.007812194836143149,-0.046807272602600314,-0.13974119856173806,-0.11702730641117709
2024-11-20 10:17:00-05:00,64.04000091552734,64.04000091552734,63.95000076293945,63.970001220703125,7046.0,-0.031215491458791433,-0.031215491458791433,-0.016413328648701153,-0.06249166410307039
2024-11-20 10:18:00-05:00,63.970001220703125,64.0,63.959999084472656,63.974998474121094,5208.0,-0.10930620522093815,-0.06246239062380754,0.01563459173403725,0.007811870130702836
2024-11-20 10:19:00-05:00,64.0,64.01000213623047,63.88999938964844,63.88999938964844,8837.0,0.04689507382276137,0.015628337860107422,-0.10944292655753474,-0.13286297225476584
2024-11-20 10:20:00-05:00,63.810001373291016,63.869998931884766,63.790000915527344,63.805198669433594,10967.0,-0.2968728542327881,-0.218720824360763,-0.15651663026513551,-0.1327292550085457
2024-11-20 10:21:00-05:00,63.810001373291016,63.880001068115234,63.79999923706055,63.81999969482422,7782.0,0.0,0.015660147796681123,0.015673806850147187,0.02319720916050816
2024-11-20 10:22:00-05:00,63.84000015258789,63.8650016784668,63.79999923706055,63.86000061035156,7079.0,0.047012660478373824,-0.023480572006318035,0.0,0.06267771187500326
2024-11-20 10:23:00-05:00,63.845001220703125,63.880001068115234,63.810001373291016,63.86000061035156,8495.0,0.007833753294606005,0.023486086673818463,0.015677329702312726,0.0
2024-11-20 10:24:00-05:00,63.85499954223633,63.95500183105469,63.85499954223633,63.932701110839844,10178.0,0.01566030439663635,0.11740883169284455,0.07051899071757184,0.11384356372288185
2024-11-20 10:25:00-05:00,63.94499969482422,63.959999084472656,63.875,63.959999084472656,10290.0,0.14094456696120972,0.007813702251424637,0.031321678657980634,0.042697982657546873
2024-11-20 10:26:00-05:00,63.95000076293945,63.97999954223633,63.88999938964844,63.939998626708984,7723.0,0.007820890044718531,0.03127025961531249,0.023482410408504073,-0.03127025961532359
2024-11-20 10:27:00-05:00,63.95000076293945,63.974998474121094,63.940101623535156,63.96500015258789,5229.0,0.0,-0.007816611677113894,0.07841952475402536,0.03910154272110944
2024-11-20 10:28:00-05:00,63.96500015258789,64.02999877929688,63.959999084472656,64.0199966430664,11333.0,0.023454870163397423,0.0859715615280976,0.031118907277716268,0.08597903595297662
2024-11-20 10:29:00-05:00,64.0,64.08000183105469,64.0,64.08000183105469,5669.0,0.05471718491145694,0.07809316369060681,0.06254051923064718,0.09372882089142553
2024-11-20 10:30:00-05:00,64.08000183105469,64.1050033569336,64.04000091552734,64.04000091552734,8767.0,0.12500286102294922,0.039016112928380586,0.06250143051147461,-0.062423399476185804
2024-11-20 10:31:00-05:00,64.0250015258789,64.12000274658203,64.01000213623047,64.11000061035156,7370.0,-0.08583068602399102,0.023398157496257177,-0.04684381459714171,0.10930620522093815
2024-11-20 10:32:00-05:00,64.11000061035156,64.12999725341797,64.08000183105469,64.12999725341797,7366.0,0.13275920725797086,0.015587190280452745,0.10935743241382578,0.031191144713815788
2024-11-20 10:33:00-05:00,64.12999725341797,64.19999694824219,64.11000061035156,64.15499877929688,13857.0,0.031191144713815788,0.1091528111994311,0.04681457309563264,0.03898569616354042
2024-11-20 10:34:00-05:00,64.13999938964844,64.20999908447266,64.13999938964844,64.19000244140625,4598.0,0.015596657818250925,0.015579652189900983,0.04679266730818199,0.0545610829637555
2024-11-20 10:35:00-05:00,64.19999694824219,64.27200317382812,64.18000030517578,64.27200317382812,8352.0,0.09354156402352487,0.09656453860698022,0.062365007651998816,0.12774689095349512
2024-11-20 10:36:00-05:00,64.25499725341797,64.25499725341797,64.18000030517578,64.19000244140625,3085.0,0.08567026135550826,-0.026459297315140073,0.0,-0.12758390647962248
2024-11-20 10:37:00-05:00,64.20500183105469,64.23999786376953,64.19400024414062,64.19400024414062,6624.0,-0.07780783518844814,-0.023343537918585344,0.02181355390817874,0.006228076931491522
2024-11-20 10:38:00-05:00,64.17009735107422,64.20999908447266,64.16500091552734,64.19000244140625,4377.0,-0.054364113363492006,-0.04669797679709431,-0.045174515535706394,-0.006227689066218289
2024-11-20 10:39:00-05:00,64.19000244140625,64.29000091552734,64.17500305175781,64.2699966430664,6934.0,0.031019261546583188,0.124594038616066,0.015588149439338395,0.12462096684475732
2024-11-20 10:40:00-05:00,64.27490234375,64.27999877929688,64.18000030517578,64.19000244140625,4767.0,0.132263435293134,-0.015557841169755449,0.007786915746521572,-0.12446585629125595
2024-11-20 10:41:00-05:00,64.19000244140625,64.27999877929688,64.19000244140625,64.20500183105469,10334.0,-0.13208873020092993,0.0,0.015584506361654427,0.023367174136090796
2024-11-20 10:42:00-05:00,64.1969985961914,64.22000122070312,64.13999938964844,64.20999908447266,14007.0,0.010899134630104612,-0.09333783405900409,-0.07789850421560107,0.007783277432360514
2024-11-20 10:43:00-05:00,64.20999908447266,64.22000122070312,64.19000244140625,64.20999908447266,4838.0,0.020250928494380815,0.0,0.0779592332922352,0.0
2024-11-20 10:44:00-05:00,64.20999908447266,64.20999908447266,64.16999816894531,64.16999816894531,6377.0,0.0,-0.01557479919082061,-0.031164155943441685,-0.062297019308033
2024-11-20 10:45:00-05:00,64.16999816894531,64.22000122070312,64.16500091552734,64.20500183105469,5033.0,-0.062297019308033,0.015577225312379817,-0.0077875230801938145,0.054548329606030066
2024-11-20 10:46:00-05:00,64.19000244140625,64.22000122070312,64.16000366210938,64.22000122070312,4564.0,0.031173871017209365,0.0,-0.007788129582586567,0.023361715163416896
2024-11-20 10:47:00-05:00,64.2300033569336,64.2300033569336,64.20500183105469,64.22000122070312,11060.0,0.06231642624388023,0.015574799190831712,0.07013429921589598,0.0
2024-11-20 10:48:00-05:00,64.21499633789062,64.22000122070312,64.18499755859375,64.22000122070312,4899.0,-0.02336449985775868,-0.015572373824868091,-0.03115687546209056,0.0
2024-11-20 10:49:00-05:00,64.19499969482422,64.2699966430664,64.19499969482422,64.2699966430664,6974.0,-0.031140145148012,0.07785023577229211,0.01558329299824468,0.07785023577229211
2024-11-20 10:50:00-05:00,64.26499938964844,64.29000091552734,64.20999908447266,64.20999908447266,7592.0,0.10904228546926298,0.031125367209883237,0.02336535512070803,-0.09335235993079838
2024-11-20 10:51:00-05:00,64.19000244140625,64.22000122070312,64.18499755859375,64.19999694824219,4963.0,-0.11669952377572068,-0.1088811538767831,-0.03893712231021196,-0.015577225312379817
2024-11-20 10:52:00-05:00,64.18579864501953,64.20999908447266,64.16999816894531,64.17500305175781,4662.0,-0.006548989292465279,-0.01557479919082061,-0.02336899621245836,-0.038931304785772
2024-11-20 10:53:00-05:00,64.16000366210938,64.19000244140625,64.1500015258789,64.18000030517578,29232.0,-0.0401879908869196,-0.03114256868326226,-0.031161981669003413,0.007786915746521572
2024-11-20 10:54:00-05:00,64.19000244140625,64.25,64.19000244140625,64.23999786376953,8166.0,0.04675619947727139,0.09346869654431877,0.062355283828341435,0.09348326317928368
2024-11-20 10:55:00-05:00,64.2334976196289,64.3499984741211,64.2334976196289,64.34500122070312,10341.0,0.06776005073743097,0.1556396484375,0.06776005073743097,0.16345479518269368
2024-11-20 10:56:00-05:00,64.33000183105469,64.33000183105469,64.26000213623047,64.2750015258789,9092.0,0.15023969580054697,-0.031074815136866718,0.04126276410871821,-0.1087880853154699
2024-11-20 10:57:00-05:00,64.27999877929688,64.30500030517578,64.2699966430664,64.2750015258789,7654.0,-0.0777289761146438,-0.0388644880573219,0.015553231409404233,0.0
2024-11-20 10:58:00-05:00,64.26000213623047,64.30999755859375,64.26000213623047,64.30000305175781,5539.0,-0.031108655018907694,0.007771173927761943,-0.015550812755515953,0.03889774451244499
2024-11-20 10:59:00-05:00,64.27999877929688,64.27999877929688,64.20999908447266,64.22000122070312,3387.0,0.031118335514546125,-0.0466471473110297,-0.0778136478299607,-0.12441963803686562
2024-11-20 11:00:00-05:00,64.21499633789062,64.26000213623047,64.20999908447266,64.25,10605.0,-0.10112389956544732,-0.031108655018907694,0.0,0.04671251748156191
2024-11-20 11:01:00-05:00,64.25,64.26000213623047,64.16500091552734,64.16999816894531,10574.0,0.05451010528005895,0.0,-0.07007969099347422,-0.12451646856760368
2024-11-20 11:02:00-05:00,64.16000366210938,64.19000244140625,64.15049743652344,64.16999816894531,6148.0,-0.14007212123055002,-0.10893198334450682,-0.022603411200761148,0.0
2024-11-20 11:03:00-05:00,64.16999816894531,64.16999816894531,64.08000183105469,64.08999633789062,9754.0,0.015577472358896394,-0.031164155943441685,-0.10989097245661661,-0.12467170537243666
2024-11-20 11:04:00-05:00,64.08499908447266,64.11000061035156,64.06999969482422,64.11000061035156,4810.0,-0.13245922845264158,-0.0934978343552273,-0.015608826380564267,0.0312127845279786
2024-11-20 11:05:00-05:00,64.12000274658203,64.22000122070312,64.12000274658203,64.12000274658203,24479.0,0.054620679736983035,0.17158104711325617,0.07804440767282816,0.015601522594366202
2024-11-20 11:06:00-05:00,64.08999633789062,64.0999984741211,64.05000305175781,64.05000305175781,7052.0,-0.04679726669694073,-0.18686195001713646,-0.10916982505579931,-0.10916982505579931
2024-11-20 11:07:00-05:00,64.08999633789062,64.0999984741211,64.07499694824219,64.07499694824219,6799.0,0.0,0.0,0.03902247508744683,0.03902247508744683
2024-11-20 11:08:00-05:00,64.06999969482422,64.1500015258789,64.06999969482422,64.1449966430664,10067.0,-0.031200880338611015,0.0780078829143882,-0.007799069303127126,0.10924650512393885
2024-11-20 11:09:00-05:00,64.16000366210938,64.26000213623047,64.16000366210938,64.26000213623047,10301.0,0.1404775522301449,0.1714740572643425,0.1404775522301449,0.1792898888186123
2024-11-20 11:10:00-05:00,64.26499938964844,64.2699966430664,64.22000122070312,64.2300033569336,13093.0,0.16364669817041655,0.015553231409404233,0.09351239895452057,-0.046683439619688016
2024-11-20 11:11:00-05:00,64.2249984741211,64.2249984741211,64.11000061035156,64.11000061035156,3908.0,-0.0622437032712142,-0.07001426994810434,-0.17128715082630475,-0.18683285117573334
2024-11-20 11:12:00-05:00,64.12000274658203,64.1449966430664,64.08999633789062,64.10150146484375,3576.0,-0.16348108997055188,-0.12456494037430543,-0.0312030451887213,-0.013257129038990456
2024-11-20 11:13:00-05:00,64.0999984741211,64.12999725341797,64.08000183105469,64.125,3993.0,-0.03119817779796419,-0.023383569153334616,-0.015594488074621715,0.036658322534210974
2024-11-20 11:14:00-05:00,64.125,64.13999938964844,64.12000274658203,64.12000274658203,3623.0,0.0390039414571941,0.015596657818250925,0.0624233994761747,-0.007792987786303662
2024-11-20 11:15:00-05:00,64.11270141601562,64.11499786376953,64.08499908447266,64.08999633789062,6113.0,-0.01917907833820509,-0.0389796166461176,-0.054590861837167104,-0.04679726669694073
2024-11-20 11:16:00-05:00,64.11000061035156,64.11000061035156,64.07499694824219,64.08999633789062,1382.0,-0.004212590648045023,-0.007794203516287013,-0.015607609227374919,0.0
2024-11-20 11:18:00-05:00,64.06999969482422,64.08000183105469,64.06999969482422,64.06999969482422,11807.0,-0.06239418990253709,-0.04679266730818199,-0.007799069303127126,-0.031200880338611015
2024-11-20 11:19:00-05:00,64.05000305175781,64.08999633789062,64.05000305175781,64.08999633789062,4755.0,-0.031210618326293904,0.015596920334504105,-0.031210618326293904,0.031210618326293904
2024-11-20 11:20:00-05:00,64.11000061035156,64.12999725341797,64.05500030517578,64.05500030517578,6918.0,0.09367299880573832,0.06241366486658961,0.0078021126930005735,-0.05460451663991117
2024-11-20 11:21:00-05:00,63.9900016784668,63.9900016784668,63.970001220703125,63.974998474121094,3346.0,-0.18717661947017517,-0.2182996740167642,-0.1326970323436094,-0.12489552833273576
2024-11-20 11:22:00-05:00,63.95000076293945,63.95000076293945,63.94499969482422,63.94499969482422,1150.0,-0.06251119624646195,-0.06251119624646195,-0.039083203692069635,-0.046891410726657146
2024-11-20 11:23:00-05:00,63.93000030517578,63.939998626708984,63.90999984741211,63.90999984741211,7938.0,-0.03127514859274649,-0.01564055685869814,-0.05473429913073202,-0.05473429913073202
2024-11-20 11:24:00-05:00,63.91999816894531,63.91999816894531,63.903099060058594,63.903099060058594,3294.0,-0.015645449996437577,-0.031280040965342426,-0.010797664481287939,-0.010797664481287939
2024-11-20 11:25:00-05:00,63.90999984741211,63.93000030517578,63.88999938964844,63.900001525878906,5178.0,-0.015641930255971825,0.015647898180515263,-0.020499272496699028,-0.00484723624557537
2024-11-20 11:26:00-05:00,63.91999816894531,63.93000030517578,63.90999984741211,63.91999816894531,4724.0,0.015644377338563942,0.0,0.03130452019837193,0.03129365037386478
2024-11-20 11:27:00-05:00,63.91999816894531,63.91999816894531,63.849998474121094,63.86000061035156,17845.0,0.0,-0.015645449996437577,-0.09388417060596232,-0.09386351738491783
2024-11-20 11:28:00-05:00,63.849998474121094,63.939998626708984,63.849998474121094,63.939998626708984,9940.0,-0.10951141556544419,0.03128982843649819,0.0,0.12527092952212548
2024-11-20 11:29:00-05:00,63.91999816894531,63.93000030517578,63.89500045776367,63.93000030517578,10946.0,0.10963147454512434,-0.015637037453775093,0.07048079047460298,-0.015637037453775093
2024-11-20 11:30:00-05:00,63.92499923706055,63.92499923706055,63.88999938964844,63.900001525878906,4388.0,0.007823949090268734,-0.007822724998218789,-0.007827010062455564,-0.046924416007620984
2024-11-20 11:31:00-05:00,63.89500045776367,63.91999816894531,63.89500045776367,63.90999984741211,3834.0,-0.04692808706282525,-0.007823336996359842,0.007827622731282347,0.01564682518693239
2024-11-20 11:32:00-05:00,63.91999816894531,63.970001220703125,63.915000915527344,63.95000076293945,11928.0,0.03912310979348188,0.07822755505351164,0.031302069990424286,0.06258944707064895
2024-11-20 11:33:00-05:00,63.95500183105469,63.970001220703125,63.95000076293945,63.959999084472656,3867.0,0.05476167570728219,0.0,0.05475998890833722,0.01563459173403725
2024-11-20 11:34:00-05:00,63.970001220703125,64.0280990600586,63.970001220703125,63.994998931884766,11453.0,0.02345303607067528,0.09082044434394199,0.031275148592757596,0.05472146327876182
2024-11-20 11:35:00-05:00,63.97999954223633,64.02999877929688,63.97999954223633,64.01499938964844,23636.0,0.01562970352104731,0.0029670086511446314,0.01562970352104731,0.03125315743024437
2024-11-20 11:36:00-05:00,64.0199966430664,64.0250015258789,63.95000076293945,64.01899719238281,19463.0,0.06251500643363883,-0.00780455023151605,-0.046887745407175885,0.006245103135982255
2024-11-20 11:37:00-05:00,64.00499725341797,64.00499725341797,63.91999816894531,63.96500015258789,6485.0,-0.02342922592148966,-0.031244470104152544,-0.046915705451444634,-0.08434533835738334
2024-11-20 11:38:00-05:00,63.97999954223633,64.07499694824219,63.97999954223633,64.05899810791016,10558.0,-0.03905587415724554,0.10936598363884276,0.09386948530947237,0.1469521693082676
2024-11-20 11:39:00-05:00,64.06999969482422,64.13500213623047,64.06999969482422,64.0999984741211,5305.0,0.1406691985492703,0.0936483665176846,0.1406691985492703,0.06400407034445887
2024-11-20 11:40:00-05:00,64.1050033569336,64.1050033569336,64.06999969482422,64.08999633789062,5408.0,0.054633466951936605,-0.046774426284657,0.0,-0.01560395704924833
2024-11-20 11:41:00-05:00,64.08999633789062,64.0999984741211,64.08000183105469,64.08999633789062,2338.0,-0.023410058898853947,-0.007807320100483572,0.01561126311551142,0.0
2024-11-20 11:42:00-05:00,64.08000183105469,64.1050033569336,64.05500030517578,64.0999984741211,6472.0,-0.015594488074621715,0.0078079296905508855,-0.039016112928369484,0.0156063922639893
2024-11-20 11:43:00-05:00,64.08999633789062,64.15499877929688,64.08999633789062,64.13999938964844,3272.0,0.015596920334504105,0.07798989118665833,0.0546343494623569,0.062403925865139875
2024-11-20 11:44:00-05:00,64.1500015258789,64.16999816894531,64.1449966430664,64.16999816894531,3868.0,0.09362644939456821,0.02337992351935103,0.08581730116790087,0.046770782011762435
2024-11-20 11:45:00-05:00,64.19000244140625,64.20500183105469,64.19000244140625,64.20500183105469,4222.0,0.062355283828341435,0.054548329606030066,0.0701626014422807,0.054548329606030066
2024-11-20 11:46:00-05:00,64.20999908447266,64.20999908447266,64.16500091552734,64.16500091552734,4105.0,0.031152270300438545,0.007783277432360514,-0.038949252107800536,-0.06230186805787907
2024-11-20 11:47:00-05:00,64.16999816894531,64.27999877929688,64.16999816894531,64.26499938964844,7535.0,-0.062297019308033,0.10901681330368618,0.007788129582575465,0.15584582357093257
2024-11-20 11:48:00-05:00,64.2750015258789,64.30999755859375,64.2750015258789,64.30999755859375,4886.0,0.16363309946985094,0.046668917029513146,0.16363309946985094,0.07001971426543463
2024-11-20 11:49:00-05:00,64.32499694824219,64.34500122070312,64.31999969482422,64.33000183105469,11228.0,0.07778361909980269,0.05442958084003191,0.07000881816734417,0.03110600718452261
2024-11-20 11:50:00-05:00,64.33000183105469,64.37000274658203,64.32550048828125,64.37000274658203,5659.0,0.0077806188106377405,0.038855428400963454,0.008552228674019169,0.06218080893638511
2024-11-20 11:51:00-05:00,64.37000274658203,64.44000244140625,64.37000274658203,64.40499877929688,10420.0,0.06218080893638511,0.10874583165672025,0.06918291806976562,0.05436698962499875
2024-11-20 11:52:00-05:00,64.41500091552734,64.43000030517578,64.41000366210938,64.41000366210938,1914.0,0.06990549483500974,-0.015521626088643714,0.06214216843336562,0.007770953974639561
2024-11-20 11:53:00-05:00,64.41999816894531,64.44000244140625,64.38999938964844,64.4000015258789,8226.0,0.007757903201022209,0.015524035671421466,-0.03105771048528272,-0.01552885524264136
2024-11-20 11:54:00-05:00,64.41000366210938,64.45999908447266,64.41000366210938,64.45999908447266,5950.0,-0.015514602794186594,0.03103141264557685,0.031067359295788854,0.09316390865246049
2024-11-20 11:55:00-05:00,64.45500183105469,64.45500183105469,64.41000366210938,64.41000366210938,3539.0,0.06986208102295333,-0.0077524875720547115,0.0,-0.07756038329719273
2024-11-20 11:56:00-05:00,64.42120361328125,64.46700286865234,64.42120361328125,64.43000030517578,5136.0,-0.05243692004234246,0.01861924948680649,0.017388527457051772,0.031045865439338627
2024-11-20 11:57:00-05:00,64.41999816894531,64.43000030517578,64.4000015258789,64.4000015258789,2690.0,-0.0018711918876479494,-0.057397679169224336,-0.03291165984669053,-0.046560265644546295
2024-11-20 11:58:00-05:00,64.41629791259766,64.41629791259766,64.33999633789062,64.37000274658203,10344.0,-0.00574395599631794,-0.02126709997396503,-0.09317575553808854,-0.046581954326230246
2024-11-20 11:59:00-05:00,64.37000274658203,64.38999938964844,64.31999969482422,64.31999969482422,3177.0,-0.07186871570675768,-0.04082588382353647,-0.031079645950538026,-0.07768067364338771
2024-11-20 12:00:00-05:00,64.3499984741211,64.37000274658203,64.3499984741211,64.36000061035156,2594.0,-0.031077010420044182,-0.031055510569888423,0.046639893406719146,0.0621904784159355
2024-11-20 12:01:00-05:00,64.37000274658203,64.4000015258789,64.36000061035156,64.38500213623047,6450.0,0.03108667122810882,0.04660366322335463,0.015543335614043308,0.03884637296738269
2024-11-20 12:02:00-05:00,64.36000061035156,64.37000274658203,64.31999969482422,64.31999969482422,28536.0,-0.015538505210022091,-0.046581954326230246,-0.06215182589807133,-0.10095897996355019
2024-11-20 12:03:00-05:00,64.31999969482422,64.31999969482422,64.30000305175781,64.30999755859375,4368.0,-0.06215182589807133,-0.07768067364338771,-0.031089308397513893,-0.015550585009216356
2024-11-20 12:04:00-05:00,64.30500030517578,64.33000183105469,64.2699966430664,64.2699966430664,8854.0,-0.023319946703359573,0.015550585009216356,-0.04666626324613121,-0.062200150903279905
2024-11-20 12:05:00-05:00,64.27999877929688,64.33499908447266,64.2750015258789,64.30000305175781,7159.0,-0.03887959841420985,0.007768153700804525,0.007787277227189193,0.046688050814824855
2024-11-20 12:06:00-05:00,64.30000305175781,64.30000305175781,64.22000122070312,64.23999786376953,6399.0,0.0311205240211887,-0.05439656984979058,-0.0855702899573485,-0.09332066118251658
2024-11-20 12:07:00-05:00,64.21089935302734,64.21089935302734,64.19499969482422,64.19499969482422,2546.0,-0.13857495256842656,-0.13857495256842656,-0.038931057931601565,-0.07004696519563591
2024-11-20 12:08:00-05:00,64.18000030517578,64.19999694824219,64.16999816894531,64.19000244140625,3900.0,-0.04812118840087365,-0.016979056351817956,-0.03894622010711668,-0.007784490134321587
2024-11-20 12:09:00-05:00,64.18000030517578,64.19999694824219,64.1500015258789,64.16999816894531,5614.0,0.0,0.0,-0.031161981669003413,-0.031164155943441685
2024-11-20 12:10:00-05:00,64.16999816894531,64.16999816894531,64.15149688720703,64.16999816894531,1848.0,-0.015584506361654427,-0.046727072777064116,0.0023310386477959355,0.0
2024-11-20 12:11:00-05:00,64.18000030517578,64.18000030517578,64.08999633789062,64.08999633789062,3489.0,0.015586935508604682,0.015586935508604682,-0.09586767620487491,-0.12467170537243666
2024-11-20 12:12:00-05:00,64.0999984741211,64.11000061035156,64.02999877929688,64.04000091552734,3205.0,-0.12465227590258143,-0.109067769540927,-0.09361454520521173,-0.07800815294121133
2024-11-20 12:13:00-05:00,64.0199966430664,64.05999755859375,64.0199966430664,64.05500030517578,4403.0,-0.12480785173026865,-0.07799571249690329,-0.01562101580689923,0.023421907298559752
2024-11-20 12:14:00-05:00,64.01499938964844,64.01499938964844,63.959999084472656,63.970001220703125,4670.0,-0.00780576957201129,-0.0702437881052953,-0.09371690368598085,-0.1326970323436094
2024-11-20 12:15:00-05:00,63.9900016784668,64.0199966430664,63.94499969482422,63.94499969482422,4429.0,-0.03904977180345659,0.007806378919972268,-0.023451203663449327,-0.039083203692069635
2024-11-20 12:16:00-05:00,63.95000076293945,63.97999954223633,63.939998626708984,63.939998626708984,5009.0,-0.06251119624646195,-0.06247594958974645,-0.007820890044729634,-0.007820890044729634
2024-11-20 12:17:00-05:00,63.93000030517578,63.96500015258789,63.904998779296875,63.959999084472656,6074.0,-0.03127514859274649,-0.023443872703587942,-0.054738580174895635,0.031280040965331324
2024-11-20 12:18:00-05:00,63.92499923706055,63.92499923706055,63.900001525878906,63.91999816894531,2036.0,-0.007822724998218789,-0.06253562953477676,-0.007819816154330805,-0.06254051923064718
2024-11-20 12:19:00-05:00,63.915000915527344,63.915000915527344,63.880001068115234,63.880001068115234,2704.0,-0.015640706535047233,-0.015640706535047233,-0.031299620166003184,-0.06257368894843074
2024-11-20 12:20:00-05:00,63.869998931884766,63.88999938964844,63.79999923706055,63.814998626708984,19763.0,-0.07040911053424193,-0.03911683567360269,-0.12523767958203535,-0.10175710757571732
2024-11-20 12:21:00-05:00,63.810001373291016,63.83000183105469,63.7599983215332,63.7599983215332,8035.0,-0.09393699639440589,-0.09390758986839165,-0.06269736051047747,-0.08618711331094264
2024-11-20 12:22:00-05:00,63.75,63.77000045776367,63.73500061035156,63.75,9735.0,-0.0940312991689285,-0.09400183545321683,-0.03920594705096869,-0.015681182240290248
2024-11-20 12:23:00-05:00,63.755001068115234,63.779998779296875,63.72999954223633,63.72999954223633,4726.0,0.007844812729773665,0.015678722693168723,-0.007846658927346262,-0.03137326708027022
2024-11-20 12:24:00-05:00,63.72999954223633,63.75,63.709999084472656,63.7400016784668,5413.0,-0.039215003466464005,-0.0470347755895717,-0.031383112988125905,0.015694549352440745
2024-11-20 12:25:00-05:00,63.744998931884766,63.790000915527344,63.7400016784668,63.77000045776367,6429.0,0.02353583831189443,0.06274653416054043,0.04709244141467561,0.047064290095577554
2024-11-20 12:26:00-05:00,63.78499984741211,63.79999923706055,63.75,63.75,6209.0,0.0627514568948273,0.015673806850147187,0.015686101772693917,-0.03136342734844089
2024-11-20 12:27:00-05:00,63.73500061035156,63.75,63.72999954223633,63.72999954223633,4195.0,-0.07838713989206658,-0.07836871106340348,-0.03137326708027022,-0.03137326708027022
2024-11-20 12:28:00-05:00,63.7599983215332,63.7599983215332,63.709999084472656,63.72999954223633,3584.0,0.039221324142557634,0.015683641620700683,-0.031383112988125905,0.0
2024-11-20 12:29:00-05:00,63.724998474121094,63.790000915527344,63.71500015258789,63.790000915527344,13960.0,-0.05489311219176729,0.047055512521887444,0.007849738168430598,0.09414933896436661
2024-11-20 12:30:00-05:00,63.77000045776367,63.84000015258789,63.77000045776367,63.81589889526367,10357.0,0.070619042322706,0.07838099442381008,0.08632238098416067,0.04059880759466061
2024-11-20 12:31:00-05:00,63.81999969482422,63.91999816894531,63.81999969482422,63.8849983215332,8601.0,0.0784055773900505,0.12531017569896719,0.0784055773900505,0.1082793276687033
2024-11-20 12:32:00-05:00,63.88999938964844,63.900001525878906,63.869998931884766,63.869998931884766,5028.0,0.10968300714344625,-0.03128386051194365,0.07834415120595573,-0.023478735293913644
2024-11-20 12:33:00-05:00,63.869998931884766,63.88959884643555,63.779998779296875,63.84000015258789,8081.0,-0.03130452019837193,-0.016279623153292455,-0.14091146718802072,-0.046968498197197395
2024-11-20 12:34:00-05:00,63.880001068115234,63.93000030517578,63.880001068115234,63.91450119018555,3504.0,0.015660147796681123,0.06323636314784498,0.15679255367251344,0.11669962001814582
2024-11-20 12:35:00-05:00,63.915000915527344,63.970001220703125,63.915000915527344,63.95000076293945,4824.0,0.05478999190182687,0.06256986600405856,0.05478999190182687,0.055542282412979205
2024-11-20 12:36:00-05:00,63.970001220703125,63.970001220703125,63.94499969482422,63.94499969482422,3620.0,0.08605226376898756,0.0,0.04693542809539597,-0.00782027842934907
2024-11-20 12:37:00-05:00,63.91999816894531,63.91999816894531,63.91999816894531,63.91999816894531,573.0,-0.07816640738413927,-0.07816640738413927,-0.03909848463246046,-0.03909848463246046
2024-11-20 12:38:00-05:00,63.939998626708984,63.95000076293945,63.91999816894531,63.95000076293945,5202.0,0.03128982843649819,0.04693772661701345,0.0,0.04693772661701345
2024-11-20 12:39:00-05:00,63.959999084472656,63.97999954223633,63.95000076293945,63.97999954223633,4346.0,0.031280040965331324,0.046909740326794847,0.04693772661701345,0.046909740326794847
2024-11-20 12:40:00-05:00,63.9900016784668,64.00499725341797,63.9900016784668,64.0,3459.0,0.046908371519083225,0.03907113373007309,0.06255029718549299,0.031260484380690734
2024-11-20 12:41:00-05:00,63.97999954223633,64.0199966430664,63.97999954223633,64.0199966430664,3393.0,-0.015630779759512325,0.023434716494175056,-0.015630779759512325,0.031244754791259766
2024-11-20 12:42:00-05:00,64.00499725341797,64.00499725341797,63.9900016784668,63.9900016784668,2702.0,0.03907113373007309,-0.02342922592148966,0.015633223354227788,-0.04685249324026808
2024-11-20 12:43:00-05:00,64.0,64.0,63.95000076293945,63.970001220703125,7822.0,-0.007807598831988116,-0.007807598831988116,-0.06251119624646195,-0.03125559812323653
2024-11-20 12:44:00-05:00,63.95399856567383,63.97140121459961,63.95009994506836,63.95009994506836,3300.0,-0.07187724113464355,-0.04468560218811035,0.0001550932411609196,-0.03111032555104254
2024-11-20 12:45:00-05:00,63.970001220703125,63.9900016784668,63.959999084472656,63.9900016784668,8073.0,0.025022133702656824,0.02907621767544999,0.015479474485258216,0.06239510717374053
2024-11-20 12:46:00-05:00,64.0,64.05999755859375,63.9900016784668,64.05999755859375,4379.0,0.04689507382276137,0.10938565133762346,0.046908371519083225,0.10938565133762346
2024-11-20 12:47:00-05:00,64.09010314941406,64.09010314941406,64.05509948730469,64.05509948730469,1721.0,0.14078617095947266,0.046995928766269124,0.10173121914418548,-0.007646068491629077
2024-11-20 12:48:00-05:00,64.06999969482422,64.06999969482422,64.01000213623047,64.01000213623047,5143.0,-0.03136748671316303,-0.03136748671316303,-0.07040399817528353,-0.07040399817528353
2024-11-20 12:49:00-05:00,64.00499725341797,64.06999969482422,64.00499725341797,64.05999755859375,3173.0,-0.10145534839374193,0.0,-0.007818907429257838,0.0781056408291958
2024-11-20 12:50:00-05:00,64.05500030517578,64.05500030517578,64.04000091552734,64.04000091552734,1691.0,0.07812366831270179,-0.023410940720902662,0.05468895181852673,-0.031215491458791433
2024-11-20 12:51:00-05:00,64.04000091552734,64.05999755859375,64.04000091552734,64.05999755859375,2313.0,-0.023416422725741626,0.00780150401087365,0.0,0.031225238570464775
2024-11-20 12:52:00-05:00,64.05999755859375,64.05999755859375,64.0199966430664,64.0199966430664,2316.0,0.031225238570464775,0.0,-0.031237152053331663,-0.0624428926815912
2024-11-20 12:53:00-05:00,64.0199966430664,64.0199966430664,63.989498138427734,63.989498138427734,1432.0,-0.0624428926815912,-0.0624428926815912,-0.04763902880019488,-0.04763902880019488
2024-11-20 12:54:00-05:00,64.01000213623047,64.01000213623047,63.970001220703125,63.970001220703125,4671.0,-0.01561153914402258,-0.01561153914402258,-0.030468933640381834,-0.030468933640381834
2024-11-20 12:55:00-05:00,63.915000915527344,63.959999084472656,63.915000915527344,63.935001373291016,5097.0,-0.14841621236152402,-0.07811755989539648,-0.0859782775148421,-0.054712907213105844
2024-11-20 12:56:00-05:00,63.95000076293945,63.95500183105469,63.95000076293945,63.95000076293945,2206.0,0.05475998890833722,-0.007813091759689694,0.05475998890833722,0.023460372763373094
2024-11-20 12:57:00-05:00,63.939998626708984,63.97999954223633,63.93000030517578,63.97999954223633,3642.0,-0.01564055685869814,0.03908640523171414,-0.03127514859274649,0.046909740326794847
2024-11-20 12:58:00-05:00,63.96500015258789,63.96500015258789,63.900001525878906,63.91999816894531,5702.0,0.03910154272110944,-0.023443872703587942,-0.046924416007620984,-0.0937814531420944
2024-11-20 12:59:00-05:00,63.900001525878906,63.939998626708984,63.880001068115234,63.939998626708984,4095.0,-0.10161592519960516,-0.0390862593907082,-0.031299620166003184,0.03128982843649819
2024-11-20 13:00:00-05:00,63.91999816894531,63.92499923706055,63.900001525878906,63.92499923706055,6595.0,0.03129365037386478,-0.02345853920955321,0.03130941989550884,-0.02345853920955321
2024-11-20 13:01:00-05:00,63.95000076293945,63.970001220703125,63.94499969482422,63.970001220703125,2772.0,0.04693772661701345,0.07039809805189368,0.07041966802940891,0.07039809805189368
2024-11-20 13:02:00-05:00,63.9900016784668,64.0,63.970001220703125,63.9900016784668,16203.0,0.06255029718549299,0.04689507382276137,0.03909848463246046,0.03126537030173626
2024-11-20 13:03:00-05:00,63.959999084472656,64.01000213623047,63.959999084472656,63.9900016784668,11647.0,-0.04688637788274885,0.015628337860107422,-0.01563566678068895,0.0
2024-11-20 13:04:00-05:00,63.9900016784668,64.01000213623047,63.9900016784668,63.99869918823242,3954.0,0.046908371519083225,0.0,0.046908371519083225,0.01359198239958559
2024-11-20 13:05:00-05:00,64.0,64.0,63.91999816894531,63.93000030517578,5933.0,0.015624818363724202,-0.015625895792314992,-0.1093975741292108,-0.10734418656632716
2024-11-20 13:06:00-05:00,63.92499923706055,63.92499923706055,63.90999984741211,63.90999984741211,1407.0,-0.11718869209289551,-0.11718869209289551,-0.015641930255971825,-0.03128493300202928
2024-11-20 13:07:00-05:00,63.904998779296875,63.91999816894531,63.904998779296875,63.91999816894531,2210.0,-0.03128738052776692,-0.007823336996359842,-0.007825173098374716,0.015644377338563942
2024-11-20 13:08:00-05:00,63.90999984741211,63.93000030517578,63.90999984741211,63.93000030517578,2886.0,0.007825785479642633,0.015647898180515263,0.007825785479642633,0.015647898180515263
2024-11-20 13:09:00-05:00,63.900001525878906,63.900001525878906,63.880001068115234,63.880001068115234,1914.0,-0.015644377338563942,-0.046924416007620984,-0.046939100873877315,-0.07820934900965026
2024-11-20 13:10:00-05:00,63.8849983215332,63.91999816894531,63.869998931884766,63.91999816894531,8941.0,-0.02347919246860064,0.03129365037386478,-0.015657695778370506,0.0626128681297855
2024-11-20 13:11:00-05:00,63.95000076293945,63.989898681640625,63.95000076293945,63.970001220703125,1566.0,0.10174914786580391,0.10935624952703726,0.12525729198775704,0.07822755505351164
2024-11-20 13:12:00-05:00,63.970001220703125,63.9900016784668,63.959999084472656,63.974998474121094,2473.0,0.031275148592757596,0.00016095794539428,0.01563459173403725,0.007811870130702836
2024-11-20 13:13:00-05:00,63.97999954223633,63.9900016784668,63.97999954223633,63.97999954223633,1344.0,0.01562970352104731,0.0,0.03127025961531249,0.007817222719053163
2024-11-20 13:14:00-05:00,63.97999954223633,64.01000213623047,63.97999954223633,63.98500061035156,5678.0,0.0,0.031255598123225425,0.0,0.007816611677102792
2024-11-20 13:15:00-05:00,63.9900016784668,64.01000213623047,63.97420120239258,63.994998931884766,2901.0,0.015633223354227788,0.0,-0.009062738176357499,0.0156260395996366
2024-11-20 13:16:00-05:00,64.0,64.0,63.983299255371094,63.98500061035156,2876.0,0.015624818363724202,-0.015625895792314992,0.014221440529960105,-0.015623598249991932
2024-11-20 13:17:00-05:00,63.974998474121094,64.02999877929688,63.94499969482422,64.02999877929688,5505.0,-0.039064884185791016,0.04687309265136719,-0.059858683426139425,0.07032612099098223
2024-11-20 13:18:00-05:00,64.02999877929688,64.02999877929688,63.90999984741211,63.90999984741211,2931.0,0.0859715615280976,0.0,-0.05473429913073202,-0.1874104859792114
2024-11-20 13:19:00-05:00,63.91999816894531,63.91999816894531,63.88999938964844,63.88999938964844,1146.0,-0.17179542784425683,-0.17179542784425683,-0.031294723535324476,-0.031294723535324476
2024-11-20 13:20:00-05:00,63.88999938964844,63.88999938964844,63.849998474121094,63.849998474121094,3979.0,-0.046931758692458914,-0.046931758692458914,-0.06260904039674386,-0.06260904039674386
2024-11-20 13:21:00-05:00,63.8650016784668,63.97999954223633,63.8650016784668,63.939998626708984,14570.0,-0.03912617220291903,0.14086735552931717,0.023497579803044566,0.1409556064819073
2024-11-20 13:22:00-05:00,63.94499969482422,63.94499969482422,63.91999816894531,63.92499923706055,1710.0,0.12526111994826117,-0.05470435708428978,0.08611366011606059,-0.02345853920955321
2024-11-20 13:23:00-05:00,63.900001525878906,63.900001525878906,63.869998931884766,63.88999938964844,1716.0,-0.07037011362900358,-0.07037011362900358,-0.0782215871289571,-0.05475142405917399
2024-11-20 13:24:00-05:00,63.89500045776367,63.970001220703125,63.880001068115234,63.959999084472656,7833.0,-0.007826397489529846,0.10954568568495304,0.015660147796681123,0.10956283533094524
2024-11-20 13:25:00-05:00,63.959999084472656,63.959999084472656,63.939998626708984,63.939998626708984,1094.0,0.10172724977433045,-0.01563566678068895,0.09392228802529434,-0.03127025961532359
2024-11-20 13:26:00-05:00,63.91999816894531,63.959999084472656,63.900001525878906,63.900001525878906,4220.0,-0.06254051923064718,0.0,-0.06255411587289261,-0.06255411587289261
2024-11-20 13:27:00-05:00,63.88999938964844,63.88999938964844,63.86009979248047,63.8849983215332,2615.0,-0.046931758692458914,-0.10944292655753474,-0.06244402573648555,-0.02347919246860064
2024-11-20 13:28:00-05:00,63.8849983215332,63.900001525878906,63.86000061035156,63.86000061035156,6927.0,-0.007827622731271244,0.01565524546254249,-0.0001553115783203829,-0.039129235091828196
2024-11-20 13:29:00-05:00,63.84000015258789,63.84000015258789,63.820098876953125,63.834999084472656,4990.0,-0.07043620588175203,-0.09389886049802065,-0.06248313970728114,-0.039150525587139384
2024-11-20 13:30:00-05:00,63.83000183105469,63.83000183105469,63.80080032348633,63.81999969482422,3311.0,-0.015661531186250688,-0.015661531186250688,-0.030238990234099372,-0.023497125187688095
2024-11-20 13:31:00-05:00,63.779998779296875,63.84000015258789,63.779998779296875,63.83000183105469,4820.0,-0.07833785104716107,0.015663984406066866,-0.03260389224584159,0.015672416606538064
2024-11-20 13:32:00-05:00,63.83000183105469,63.849998474121094,63.80500030517578,63.810001373291016,2829.0,0.07839926734845015,0.01566153118626179,0.039199633674225076,-0.031333945151068576
2024-11-20 13:33:00-05:00,63.810001373291016,63.810001373291016,63.790000915527344,63.790000915527344,2272.0,-0.031333945151068576,-0.06264228940630057,-0.02350817267721128,-0.03134376638964653
2024-11-20 13:34:00-05:00,63.810001373291016,63.810001373291016,63.790000915527344,63.79499816894531,1127.0,0.0,0.0,0.0,0.007833913381793955
2024-11-20 13:35:00-05:00,63.779998779296875,63.84550094604492,63.779998779296875,63.84550094604492,13667.0,-0.04701863869054357,0.0556332424226591,-0.01567978693669536,0.07916416419648797
2024-11-20 13:36:00-05:00,63.849998474121094,63.849998474121094,63.79290008544922,63.79290008544922,3288.0,0.10975179705858817,0.0070443931201591425,0.020227824395213645,-0.0823877325986655
2024-11-20 13:37:00-05:00,63.760101318359375,63.79499816894531,63.760101318359375,63.79499816894531,4944.0,-0.1407942958654207,-0.08613986920935623,-0.051414447447772904,0.003288898127040696
2024-11-20 13:38:00-05:00,63.78499984741211,63.78499984741211,63.775001525878906,63.775001525878906,1294.0,0.03905032855644475,-0.015672579073866544,0.023369171647225073,-0.03134515814774419
2024-11-20 13:39:00-05:00,63.779998779296875,63.79499816894531,63.7599983215332,63.77000045776367,4371.0,-0.007840508155831927,0.01567503575623519,-0.02352521205289948,-0.007841737350966493
2024-11-20 13:40:00-05:00,63.76499938964844,63.79999923706055,63.76499938964844,63.79999923706055,3412.0,-0.0235173877947914,0.00783927934600026,0.007843582570399299,0.04704215004160961
2024-11-20 13:41:00-05:00,63.790000915527344,63.790000915527344,63.724998474121094,63.7400016784668,9078.0,0.03920885457260326,-0.01567135055292601,-0.06273177434364952,-0.0940400616163295
2024-11-20 13:42:00-05:00,63.7400016784668,63.77000045776367,63.724998474121094,63.75,9446.0,-0.07838099442381008,-0.031353593786831446,0.0,0.015686101772693917
2024-11-20 13:43:00-05:00,63.75,63.790000915527344,63.7400016784668,63.744998931884766,9594.0,0.015686101772693917,0.03136342734844089,0.0235436715652515,-0.007844812729784767
2024-11-20 13:44:00-05:00,63.75,63.7599983215332,63.709999084472656,63.720001220703125,9484.0,0.0,-0.04703338072352681,-0.047070274873051154,-0.03921517232803318
2024-11-20 13:45:00-05:00,63.709999084472656,63.720001220703125,63.67509841918945,63.67509841918945,11942.0,-0.06274653416054043,-0.06273071186165824,-0.05478051449495647,-0.07046892757918144
2024-11-20 13:46:00-05:00,63.665000915527344,63.7599983215332,63.665000915527344,63.7400016784668,9408.0,-0.07062968072821807,0.06277008798467598,-0.015857853246858955,0.10192879302686197
2024-11-20 13:47:00-05:00,63.724998474121094,63.7599983215332,63.69499969482422,63.709999084472656,10728.0,0.09423946867346267,0.0,0.047119734336731334,-0.047070274873051154
2024-11-20 13:48:00-05:00,63.709999084472656,63.755001068115234,63.709999084472656,63.744998931884766,28420.0,-0.023537685378727247,-0.007837599669890949,0.023548771049997086,0.054936191987242644
2024-11-20 13:49:00-05:00,63.755001068115234,63.790000915527344,63.75,63.75,4340.0,0.07063566832408164,0.054897414831378555,0.06278593015565104,0.007845428188923975
2024-11-20 13:50:00-05:00,63.7599983215332,63.7599983215332,63.72999954223633,63.7400016784668,4712.0,0.007838213997723997,-0.04703338072352681,-0.03137326708027022,-0.015683641620711786
2024-11-20 13:51:00-05:00,63.73500061035156,63.7599983215332,63.720001220703125,63.755001068115234,4930.0,-0.03920594705096869,0.0,-0.01568856363568516,0.023532145047777675
2024-11-20 13:52:00-05:00,63.744998931884766,63.790000915527344,63.737998962402344,63.7599983215332,5248.0,0.015687332607594584,0.047055512521887444,0.028245042929109232,0.007838213997723997
2024-11-20 13:53:00-05:00,63.755001068115234,63.790000915527344,63.755001068115234,63.779998779296875,6189.0,0.01569085637784795,0.0,0.02667499135471374,0.031368347381088846
2024-11-20 13:54:00-05:00,63.77000045776367,63.779998779296875,63.7599983215332,63.7599983215332,6307.0,0.0235266087320829,-0.01567978693669536,0.007838213997723997,-0.03135851073450269
2024-11-20 13:55:00-05:00,63.76499938964844,63.810001373291016,63.755001068115234,63.80500030517578,5665.0,-0.007842352327636082,0.04704075661392526,-0.007837599669890949,0.07058027733257699
2024-11-20 13:56:00-05:00,63.779998779296875,63.81999969482422,63.77000045776367,63.80500030517578,9097.0,0.02352291977105736,0.015668894088727292,0.0235266087320829,0.0
2024-11-20 13:57:00-05:00,63.790000915527344,63.81999969482422,63.790000915527344,63.81999969482422,7145.0,0.015682245879422574,0.0,0.03136342734844089,0.023508172677222383
2024-11-20 13:58:00-05:00,63.79999923706055,63.849998474121094,63.77000045776367,63.849998474121094,10603.0,0.015673806850147187,0.04700529526844299,-0.031353593786831446,0.04700529526844299
2024-11-20 13:59:00-05:00,63.84000015258789,63.845001220703125,63.81999969482422,63.82500076293945,6274.0,0.06269736051047747,-0.007826552133738396,0.0784055773900505,-0.03915068407053246
2024-11-20 14:00:00-05:00,63.82500076293945,63.86000061035156,63.81999969482422,63.84000015258789,9531.0,-0.023495284480867795,0.023493444062427926,0.0,0.023500806062104473
2024-11-20 14:01:00-05:00,63.810001373291016,63.849998474121094,63.790000915527344,63.849998474121094,5847.0,-0.023500806062104473,-0.015662599647470188,-0.04700529526844299,0.01566153118626179
2024-11-20 14:02:00-05:00,63.84000015258789,63.84000015258789,63.81010055541992,63.82500076293945,5440.0,0.047012660478373824,-0.01565907873475325,0.031509076037150585,-0.03915068407053246
2024-11-20 14:03:00-05:00,63.84000015258789,63.849998474121094,63.810001373291016,63.81999969482422,15181.0,0.0,0.01566153118626179,-0.00015543327473999113,-0.007835594289784531
2024-11-20 14:04:00-05:00,63.834999084472656,63.834999084472656,63.810001373291016,63.81999969482422,9912.0,-0.007833753294617107,-0.023491605335768106,0.0,0.0
2024-11-20 14:05:00-05:00,63.83000183105469,63.849998474121094,63.810001373291016,63.849998474121094,16847.0,-0.007828391148489988,0.023497125187676993,0.0,0.04700529526844299
2024-11-20 14:06:00-05:00,63.849998474121094,63.849998474121094,63.81999969482422,63.84000015258789,6691.0,0.03132796881211153,0.0,0.015668894088727292,-0.01565907873475325
2024-11-20 14:07:00-05:00,63.849998474121094,63.880001068115234,63.81999969482422,63.849998474121094,13209.0,0.0,0.04698918513881267,0.0,0.01566153118626179
2024-11-20 14:08:00-05:00,63.86000061035156,63.95500183105469,63.85499954223633,63.95500183105469,19460.0,0.01566505320202971,0.11740883169284455,0.054841503571712025,0.16445318628497407
2024-11-20 14:09:00-05:00,63.95500183105469,64.0,63.939998626708984,63.9900016784668,9424.0,0.14876482899333077,0.07035910821202584,0.1331126537968741,0.05472573905096478
2024-11-20 14:10:00-05:00,63.97999954223633,63.9900016784668,63.959999084472656,63.9900016784668,6925.0,0.03908640523171414,-0.015622377395629883,0.031280040965331324,0.0
2024-11-20 14:11:00-05:00,64.0,64.01000213623047,63.959999084472656,63.970001220703125,4763.0,0.031260484380690734,0.031255598123225425,0.0,-0.03125559812323653
2024-11-20 14:12:00-05:00,63.974998474121094,64.05000305175781,63.939998626708984,64.02999877929688,14795.0,-0.039064884185791016,0.06249166410308149,-0.03127025961532359,0.09379014764554494
2024-11-20 14:13:00-05:00,64.02999877929688,64.05999755859375,64.0,64.04000091552734,5758.0,0.0859715615280976,0.015604225386001147,0.09384012289601618,0.01562101580689923
2024-11-20 14:14:00-05:00,64.04000091552734,64.04000091552734,63.97999954223633,63.9900016784668,10158.0,0.01562101580689923,-0.031215491458791433,-0.031250715255737305,-0.07807500990903993
2024-11-20 14:15:00-05:00,64.01599884033203,64.05000305175781,64.0,64.03489685058594,11811.0,-0.03747981707085124,0.015618576026654729,0.031260484380690734,0.0701596670441118
2024-11-20 14:16:00-05:00,64.05000305175781,64.05999755859375,64.02999877929688,64.04000091552734,13873.0,0.05311830173984067,0.015604225386001147,0.04687309265136719,0.007970755310671152
2024-11-20 14:17:00-05:00,64.04000091552734,64.05000305175781,64.0199966430664,64.0199966430664,3514.0,-0.015616137008434006,-0.015601790847397101,-0.01562101580689923,-0.031237152053331663
2024-11-20 14:18:00-05:00,64.03500366210938,64.06999969482422,64.0,64.0,13750.0,-0.007803331271905023,0.031220362394446255,-0.031234995493512052,-0.031234995493512052
2024-11-20 14:19:00-05:00,64.02999877929688,64.06999969482422,64.02999877929688,64.06500244140625,8095.0,-0.007815854651793686,0.0,0.04687309265136719,0.10156631469726562
2024-11-20 14:20:00-05:00,64.08000183105469,64.1449966430664,64.08000183105469,64.1449966430664,15109.0,0.07809316369060681,0.11705470360450221,0.07809316369060681,0.12486412020871196
2024-11-20 14:21:00-05:00,64.1449966430664,64.1449966430664,64.0999984741211,64.0999984741211,3259.0,0.10142760635849513,0.0,0.031205746715068372,-0.07015070746001495
2024-11-20 14:22:00-05:00,64.12000274658203,64.13999938964844,64.0999984741211,64.0999984741211,9014.0,-0.03896468593405089,-0.007790558390352587,0.0,0.0
2024-11-20 14:23:00-05:00,64.0999984741211,64.16999816894531,64.08999633789062,64.16000366210938,13200.0,-0.03119817779796419,0.046770782011762435,-0.01560395704924833,0.09361183996363653
2024-11-20 14:24:00-05:00,64.16999816894531,64.19000244140625,64.1500015258789,64.19000244140625,4713.0,0.10920389468103142,0.031173871017209365,0.09362644939456821,0.04675619947727139
2024-11-20 14:25:00-05:00,64.19000244140625,64.21499633789062,64.16999816894531,64.19999694824219,10952.0,0.031173871017209365,0.0389373664648085,0.031171695387000042,0.015570192328717702
2024-11-20 14:26:00-05:00,64.18499755859375,64.20999908447266,64.1500015258789,64.16000366210938,8648.0,-0.007796981807361991,-0.0077820660327909685,-0.031161981669003413,-0.06229484117430406
2024-11-20 14:27:00-05:00,64.1500015258789,64.16000366210938,64.1500015258789,64.1500015258789,13984.0,-0.0545236956391526,-0.07786236267891544,0.0,-0.015589363559176395
2024-11-20 14:28:00-05:00,64.16000366210938,64.19999694824219,64.16000366210938,64.19499969482422,21830.0,0.015591794220659594,0.06233367183616778,0.015591794220659594,0.07014523441151166
2024-11-20 14:29:00-05:00,64.19499969482422,64.19999694824219,64.18000030517578,64.18199920654297,12352.0,0.05454493565670848,0.0,0.03116683591808389,-0.020251559066986058
2024-11-20 14:30:00-05:00,64.16500091552734,64.18000030517578,64.16500091552734,64.18000030517578,4896.0,-0.046730710241427165,-0.03114742058715203,-0.02337081579482092,-0.0031144267737093223
2024-11-20 14:31:00-05:00,64.16999816894531,64.19000244140625,64.1500015258789,64.19000244140625,11691.0,0.007788129582575465,0.015584506361654427,-0.02337627902192496,0.015584506361654427
2024-11-20 14:32:00-05:00,64.16999816894531,64.26000213623047,64.16999816894531,64.25,30238.0,0.0,0.10905077451603962,0.031171695387000042,0.09346869654431877
2024-11-20 14:33:00-05:00,64.26000213623047,64.26000213623047,64.25,64.25,6159.0,0.14025864088105244,0.0,0.12467170537244776,0.0
2024-11-20 14:34:00-05:00,64.25,64.27999877929688,64.23500061035156,64.2750015258789,4508.0,-0.015565104105141891,0.031118335514546125,-0.023345353538428704,0.038912880745378686
2024-11-20 14:35:00-05:00,64.2750015258789,64.30000305175781,64.23999786376953,64.29000091552734,8383.0,0.038912880745378686,0.0311205240211887,0.00777964251652552,0.023336272722440654
2024-11-20 14:36:00-05:00,64.26000213623047,64.31999969482422,64.2300033569336,64.29000091552734,10171.0,-0.023336272722451756,0.031098976854337934,-0.015558074670440902,0.0
2024-11-20 14:37:00-05:00,64.29000091552734,64.30999755859375,64.29000091552734,64.29499816894531,6540.0,0.046683439619688016,-0.015550585009216356,0.09341048646742678,0.0077729870070042395
2024-11-20 14:38:00-05:00,64.2699966430664,64.28500366210938,64.26000213623047,64.28500366210938,2974.0,-0.031115682339499795,-0.038864713782027493,-0.046661656353519376,-0.015544765721398068
2024-11-20 14:39:00-05:00,64.2699966430664,64.2925033569336,64.23999786376953,64.26499938964844,6514.0,0.0,0.011666320909986538,-0.03113020821027268,-0.031118101145455324
2024-11-20 14:40:00-05:00,64.2699966430664,64.29000091552734,64.26000213623047,64.29000091552734,3865.0,0.0,-0.0038922755773773687,0.031139902126642305,0.038903798516076726
2024-11-20 14:41:00-05:00,64.2750015258789,64.38999938964844,64.2750015258789,64.38999938964844,24150.0,0.007787277227189193,0.15554281023029137,0.023341719809844008,0.15554281023029137
2024-11-20 14:42:00-05:00,64.37999725341797,64.41999816894531,64.36000061035156,64.41000366210938,30509.0,0.1633539090571512,0.04658919021778285,0.132242835402252,0.031067359295788854
2024-11-20 14:43:00-05:00,64.41000366210938,64.47000122070312,64.41000366210938,64.44000244140625,29759.0,0.04660827892442043,0.07762038680392269,0.07769274593476538,0.046574720681968884
2024-11-20 14:44:00-05:00,64.43000030517578,64.5,64.40889739990234,64.5,37429.0,0.031045865439338627,0.046531376964265014,-0.0017175316629924886,0.09310607746841892
2024-11-20 14:45:00-05:00,64.47000122070312,64.47000122070312,64.4000015258789,64.41000366210938,7224.0,0.06208430131595666,-0.04650973534399139,-0.013811560797583056,-0.13952920603197416
2024-11-20 14:46:00-05:00,64.41000366210938,64.44999694824219,64.39689636230469,64.44999694824219,10213.0,-0.09306275392854113,-0.031028807324595675,-0.0048216824544145,0.06209173087865505
2024-11-20 14:47:00-05:00,64.45999908447266,64.4800033569336,64.44000244140625,64.44000244140625,6751.0,0.07762058612130751,0.046557657272661146,0.06693813139539984,-0.015507381395163389
2024-11-20 14:48:00-05:00,64.43499755859375,64.43620300292969,64.38999938964844,64.4000015258789,5283.0,-0.0387861095780373,-0.06792858517926659,-0.07759629091149689,-0.062074664822853176
2024-11-20 14:49:00-05:00,64.38999938964844,64.51000213623047,64.38999938964844,64.51000213623047,42865.0,-0.06983498199777394,0.114530543175273,0.0,0.170808397119937
2024-11-20 14:50:00-05:00,64.51000213623047,64.51000213623047,64.38500213623047,64.38500213623047,43262.0,0.18636860959704293,0.0,-0.007760915460996998,-0.1937684015821728
2024-11-20 14:51:00-05:00,64.38500213623047,64.38999938964844,64.33000183105469,64.37999725341797,6426.0,-0.1937684015821728,-0.18602192312536792,-0.08542409466634204,-0.007773367471375359
2024-11-20 14:52:00-05:00,64.36000061035156,64.36000061035156,64.30999755859375,64.30999755859375,4017.0,-0.03883128842024908,-0.04658919021778285,-0.031096334356517374,-0.10872894969019553
2024-11-20 14:53:00-05:00,64.30999755859375,64.3499984741211,64.20999908447266,64.22000122070312,17659.0,-0.07769274593476538,-0.01554092003669405,-0.1554944455253393,-0.139941441933078
2024-11-20 14:54:00-05:00,64.23999786376953,64.38999938964844,64.22000122070312,64.37000274658203,43135.0,-0.1088472982143096,0.06216148636495333,0.015577225312379817,0.23357446749867616
2024-11-20 14:55:00-05:00,64.37000274658203,64.41000366210938,64.33999633789062,64.37000274658203,94123.0,0.20237373464455644,0.031067359295788854,0.18685006992622544,0.0
2024-11-20 14:56:00-05:00,64.3550033569336,64.3550033569336,64.2699966430664,64.2699966430664,6585.0,-0.023301831611677315,-0.08539093626559469,-0.10879654772841807,-0.15536134728677542
2024-11-20 14:57:00-05:00,64.25,64.30999755859375,64.2300033569336,64.30999755859375,10690.0,-0.16316269358453983,-0.06993364306148164,-0.06222699272091514,0.06223886357035191
2024-11-20 14:58:00-05:00,64.30000305175781,64.31999969482422,64.27999877929688,64.30999755859375,5759.0,0.07782576149075737,0.015553003592261305,0.07783811264254759,0.0
2024-11-20 14:59:00-05:00,64.29000091552734,64.33999633789062,64.29000091552734,64.31999969482422,9610.0,-0.015555421082047438,0.031089308397524995,0.01556026201059435,0.015553003592261305
2024-11-20 15:00:00-05:00,64.30999755859375,64.31500244140625,64.28919982910156,64.29000091552734,10962.0,0.031103815183763928,-0.03884659295458892,-0.0012460513522660754,-0.04663989340673025
2024-11-20 15:01:00-05:00,64.26499938964844,64.33000183105469,64.25,64.33000183105469,7112.0,-0.069970720966539,0.023321758655159286,-0.0609742059409113,0.062219497523274825
2024-11-20 15:02:00-05:00,64.31999969482422,64.31999969482422,64.27999877929688,64.29499816894531,6011.0,0.08558360802637388,-0.015548167178258687,0.04669070707685741,-0.05441265523558059
2024-11-20 15:03:00-05:00,64.29000091552734,64.31999969482422,64.29000091552734,64.31999969482422,5028.0,-0.04663989340673025,0.0,0.01556026201059435,0.03888564677023698
2024-11-20 15:04:00-05:00,64.31500244140625,64.37000274658203,64.30999755859375,64.36499786376953,8475.0,0.03888866934651514,0.07774106342515186,0.031103815183763928,0.06995984011008982
2024-11-20 15:05:00-05:00,64.36499786376953,64.41999816894531,64.3499984741211,64.41999816894531,7763.0,0.0777352413363186,0.07766882123667607,0.062200150903279905,0.08545064398539637
2024-11-20 15:06:00-05:00,64.4000015258789,64.41500091552734,64.37000274658203,64.41000366210938,30176.0,0.05438307041267798,-0.007757301397093297,0.03108667122810882,-0.015514602794186594
2024-11-20 15:07:00-05:00,64.41999816894531,64.43000030517578,64.30000305175781,64.30750274658203,94396.0,0.03105068725559601,0.023285553730101327,-0.10874583165670915,-0.15913819236070825
2024-11-20 15:08:00-05:00,64.30000305175781,64.31999969482422,64.30000305175781,64.30500030517578,8999.0,-0.18626997919621857,-0.17072886827648182,0.0,-0.0038913677244067912
2024-11-20 15:09:00-05:00,64.30000305175781,64.32499694824219,64.30000305175781,64.30999755859375,10315.0,0.0,0.00776936169415432,0.0,0.007771173927761943
2024-11-20 15:10:00-05:00,64.30999755859375,64.33000183105469,64.27999877929688,64.33000183105469,17252.0,0.015543555772290496,0.0077806188106377405,-0.031110842164094876,0.03110600718452261
2024-11-20 15:11:00-05:00,64.32499694824219,64.4000015258789,64.32499694824219,64.4000015258789,8256.0,0.0233235736555093,0.10881345069451154,0.07000337554425862,0.10881345069451154
2024-11-20 15:12:00-05:00,64.3949966430664,64.43000030517578,64.37999725341797,64.39440155029297,10649.0,0.10882191705432476,0.046581954326230246,0.08550378202121234,-0.008695614057840917
2024-11-20 15:13:00-05:00,64.43000030517578,64.43000030517578,64.37249755859375,64.375,4613.0,0.054357735746757285,0.0,-0.011649107089428679,-0.03012925009919787
2024-11-20 15:14:00-05:00,64.38999938964844,64.4000015258789,64.37000274658203,64.38999938964844,7176.0,-0.06208430131596776,-0.046560265644546295,-0.003875586789914287,0.02330002275485743
2024-11-20 15:15:00-05:00,64.36000061035156,64.36000061035156,64.33999633789062,64.3550033569336,2841.0,-0.04658919021778285,-0.06211322139685338,-0.04661551563006627,-0.05435010567879095
2024-11-20 15:16:00-05:00,64.34500122070312,64.4000015258789,64.34500122070312,64.4000015258789,10664.0,-0.02330545293068864,0.062151825898082436,0.007778804938407546,0.06992178789229087
2024-11-20 15:17:00-05:00,64.37999725341797,64.3949966430664,64.375,64.38500213623047,6104.0,0.05438811415172662,-0.007771556978131144,0.046621771276345036,-0.023290977163115123
2024-11-20 15:18:00-05:00,64.38500213623047,64.41000366210938,64.38500213623047,64.41000366210938,5766.0,0.007773971770763666,0.023304635181742306,0.015537298998791194,0.03883128842026018
2024-11-20 15:19:00-05:00,64.38999938964844,64.38999938964844,64.31999969482422,64.33999633789062,12426.0,0.007761517825843889,-0.03105771048528272,-0.10095897996355019,-0.10869014165253432
2024-11-20 15:20:00-05:00,64.36000061035156,64.38999938964844,64.33999633789062,64.37000274658203,6354.0,-0.04658919021778285,0.0,0.031089308397524995,0.04663725582734202
2024-11-20 15:21:00-05:00,64.36499786376953,64.37999725341797,64.29000091552734,64.29000091552734,37371.0,0.007764532893994591,-0.015533679647894427,-0.07770504384352339,-0.12428433686673124
2024-11-20 15:22:00-05:00,64.29000091552734,64.31999969482422,64.26000213623047,64.29000091552734,24946.0,-0.11651821755812586,-0.09319285671538502,-0.046661656353519376,0.0
2024-11-20 15:23:00-05:00,64.29000091552734,64.33000183105469,64.29000091552734,64.31500244140625,8721.0,0.0,0.015550585009216356,0.046683439619688016,0.03888866934651514
2024-11-20 15:24:00-05:00,64.31500244140625,64.33000183105469,64.30999755859375,64.30999755859375,7570.0,0.03888866934651514,0.0,0.031103815183763928,-0.007781827913411199
2024-11-20 15:25:00-05:00,64.33000183105469,64.45999908447266,64.33000183105469,64.37999725341797,47026.0,0.023321758655159286,0.2020787342107866,0.03110600718452261,0.10884729821432071
2024-11-20 15:26:00-05:00,64.37000274658203,64.44999694824219,64.37000274658203,64.40499877929688,94417.0,0.06218080893638511,-0.015516811002991293,0.06218080893638511,0.038834307153656766
2024-11-20 15:27:00-05:00,64.41500091552734,64.43000030517578,64.38999938964844,64.43000030517578,5816.0,0.06990549483500974,-0.031026600486050437,0.031065158013321437,0.03881923197386339
2024-11-20 15:28:00-05:00,64.44000244140625,64.44000244140625,64.4000015258789,64.4000015258789,4560.0,0.03881320425920265,0.015524035671421466,0.015533679647883325,-0.046560265644546295
2024-11-20 15:29:00-05:00,64.41000366210938,64.45999908447266,64.41000366210938,64.44000244140625,13891.0,-0.04655303873420946,0.03103141264557685,0.015531267070612031,0.06211322139684228
2024-11-20 15:30:00-05:00,64.44999694824219,64.4800033569336,64.43000030517578,64.44999694824219,13871.0,0.06209173087865505,0.031033622005982586,0.031045865439338627,0.015509786556933136
2024-11-20 15:31:00-05:00,64.45999908447266,64.4800033569336,64.44999694824219,64.44999694824219,8426.0,0.015519219090887049,0.0,0.03103622997313593,0.0
2024-11-20 15:32:00-05:00,64.45999908447266,64.58000183105469,64.45999908447266,64.55999755859375,34764.0,0.0,0.1550844741237789,0.015519219090887049,0.17067589691261986
2024-11-20 15:33:00-05:00,64.58000183105469,64.66000366210938,64.56999969482422,64.6500015258789,12469.0,0.186166224459261,0.12388019322757682,0.17064941345625861,0.13941135484627498
2024-11-20 15:34:00-05:00,64.6500015258789,64.75,64.6500015258789,64.7300033569336,20348.0,0.10839221560776657,0.1391839356535085,0.12389938273624779,0.12374606212910422
2024-11-20 15:35:00-05:00,64.69000244140625,64.77999877929688,64.67500305175781,64.70999908447266,17150.0,0.06187303106455211,0.04633016107624677,0.038672119549598705,-0.030904173371704147
2024-11-20 15:36:00-05:00,64.72000122070312,64.7699966430664,64.69999694824219,64.70999908447266,174594.0,0.046373130568433396,-0.015440161190105606,0.03864537349054231,0.0
2024-11-20 15:37:00-05:00,64.69999694824219,64.79000091552734,64.69999694824219,64.79000091552734,26607.0,-0.030908949449370837,0.03088509108803983,0.0,0.12363132774928509
2024-11-20 15:38:00-05:00,64.80000305175781,64.87999725341797,64.79499816894531,64.87999725341797,13850.0,0.15456894626382223,0.13890467142909646,0.14683342377763697,0.13890467142909646
2024-11-20 15:39:00-05:00,64.86499786376953,64.9000015258789,64.83000183105469,64.84500122070312,47537.0,0.10030063109689458,0.03083272704651474,0.05402216698595641,-0.053939633471544735
2024-11-20 15:40:00-05:00,64.86000061035156,64.9000015258789,64.78500366210938,64.78500366210938,37776.0,-0.007704083222914715,0.0,-0.06940948276166203,-0.0925245700737154
2024-11-20 15:41:00-05:00,64.79000091552734,64.79000091552734,64.69999694824219,64.69999694824219,17542.0,-0.10792428949352173,-0.16949246188799894,-0.1312135665076819,-0.1312135665076819
2024-11-20 15:42:00-05:00,64.70999908447266,64.76499938964844,64.67500305175781,64.72000122070312,32442.0,-0.12347866943078767,-0.03858855614388146,-0.038630444610943115,0.03091850603476054
2024-11-20 15:43:00-05:00,64.7249984741211,64.80999755859375,64.70999908447266,64.71499633789062,53105.0,0.023179400186457144,0.06947914671409094,0.054110600794010644,-0.007733131517462244
2024-11-20 15:44:00-05:00,64.73999786376953,64.80999755859375,64.7300033569336,64.80000305175781,23308.0,0.02317402858562634,0.0,0.030913727003500924,0.13135551058884865
2024-11-20 15:45:00-05:00,64.80999755859375,64.9000015258789,64.80999755859375,64.82499694824219,58234.0,0.10812433910103447,0.138873585365884,0.12358133402072813,0.03857082609148854
2024-11-20 15:46:00-05:00,64.82499694824219,64.88500213623047,64.82499694824219,64.83999633789062,19138.0,0.023143635570854748,-0.023111539746967225,0.023143635570854748,0.023138280531531663
2024-11-20 15:47:00-05:00,64.83999633789062,64.9000015258789,64.81999969482422,64.8949966430664,26814.0,0.023138280531531663,0.023116882414431217,-0.007708837104858368,0.08482465805390582
2024-11-20 15:48:00-05:00,64.87999725341797,64.93000030517578,64.87999725341797,64.93000030517578,22545.0,0.061691730084145746,0.04622307949393445,0.09256025744557306,0.05393892275225021
2024-11-20 15:49:00-05:00,64.91500091552734,64.93499755859375,64.87999725341797,64.91500091552734,25527.0,0.053951392711448776,0.007696370544407749,0.0,-0.02310086181724902
2024-11-20 15:50:00-05:00,64.88999938964844,64.94999694824219,64.88999938964844,64.91000366210938,31789.0,-0.038514250213816936,0.023099084026156902,0.015416363523268473,-0.007698148883139577
2024-11-20 15:51:00-05:00,64.94000244140625,65.0,64.93499755859375,64.98999786376953,48179.0,0.07705817880743204,0.07698699631604189,0.06934530647026982,0.1232386337190361
2024-11-20 15:52:00-05:00,64.98999786376953,65.0,64.91000366210938,64.93000030517578,42040.0,0.07698709652559366,0.0,-0.038490640523736186,-0.09231814212321554
2024-11-20 15:53:00-05:00,64.91999816894531,64.91999816894531,64.83999633789062,64.87000274658203,83332.0,-0.10770841225591354,-0.12307974008413103,-0.10785290443545703,-0.09240344726899608
2024-11-20 15:54:00-05:00,64.86499786376953,64.87999725341797,64.81999969482422,64.87999725341797,44751.0,-0.08472012742922752,-0.06161570649346748,-0.030839981794883453,0.015406977667287158
2024-11-20 15:55:00-05:00,64.87000274658203,64.98999786376953,64.87000274658203,64.95999908447266,50019.0,0.007715845182043601,0.16954472103614115,0.0771413946208499,0.12330738970627309
2024-11-20 15:56:00-05:00,64.97000122070312,65.0,64.95999908447266,65.0,57476.0,0.15415210403448842,0.0153902701326869,0.13873336531555758,0.061577764918574474
2024-11-20 15:57:00-05:00,65.01000213623047,65.05000305175781,65.00499725341797,65.04000091552734,40136.0,0.061568285017354896,0.07692777193508693,0.06927058124923668,0.061539870042071065
2024-11-20 15:58:00-05:00,65.04499816894531,65.06999969482422,65.04499816894531,65.05500030517578,69889.0,0.05383176675106682,0.03074041833710517,0.0615351391699992,0.02306179187776536
2024-11-20 15:59:00-05:00,65.05999755859375,65.1500015258789,65.04000091552734,65.12999725341797,206319.0,0.023060020094822775,0.12294733583815276,-0.007682763561600581,0.11528237320785895
2024-11-21 09:30:00-05:00,65.91000366210938,66.25499725341797,65.76000213623047,66.0199966430664,85880.0,1.3064957507108677,1.696079357880187,1.1070129313778043,1.3664968941814681
2024-11-21 09:31:00-05:00,65.91000366210938,66.25,65.88500213623047,66.25,12844.0,0.0,-0.007542455097919731,0.19008515197589393,0.3483843814429344
2024-11-21 09:32:00-05:00,66.26000213623047,66.27999877929688,65.69499969482422,65.73999786376953,25617.0,0.5310248136464635,0.04528117629716277,-0.2883849666019289,-0.7698145452535332
2024-11-21 09:33:00-05:00,65.68499755859375,65.95999908447266,65.68499755859375,65.87999725341797,20524.0,-0.8678004212171797,-0.4827997898578351,-0.01522511039947494,0.21295922451740612
2024-11-21 09:34:00-05:00,65.69000244140625,65.77999877929688,65.4749984741211,65.52999877929688,25086.0,0.0076195219586239205,-0.2728931286752445,-0.31970631388898996,-0.531266679891873
2024-11-21 09:35:00-05:00,65.62000274658203,65.62000274658203,65.29000091552734,65.29000091552734,19201.0,-0.10656065188405783,-0.24322899921548347,-0.28254686965265563,-0.3662412150774452
2024-11-21 09:36:00-05:00,65.27999877929688,65.33999633789062,65.25,65.28500366210938,6268.0,-0.5181407391862125,-0.4267089255889922,-0.061266526216008366,-0.0076539337538594765
2024-11-21 09:37:00-05:00,65.29810333251953,65.61000061035156,65.23999786376953,65.58999633789062,19302.0,0.02773369111703783,0.4132297024699527,-0.015328944414516599,0.4671711092485653
2024-11-21 09:38:00-05:00,65.59919738769531,65.59919738769531,65.37000274658203,65.4542007446289,13254.0,0.46110689255782766,-0.016465817033606278,0.1992717459678106,-0.20703704961677616
2024-11-21 09:39:00-05:00,65.51000213623047,65.62999725341797,65.31999969482422,65.31999969482422,32419.0,-0.13597003472114455,0.04695158927117138,-0.07649235070656957,-0.2050304614187759
2024-11-21 09:40:00-05:00,65.37000274658203,65.48500061035156,65.27999877929688,65.44000244140625,14444.0,-0.21370689220450156,-0.22093044207593948,-0.06123838902973855,0.18371516708923785
2024-11-21 09:41:00-05:00,65.43000030517578,65.55999755859375,65.36000061035156,65.44000244140625,13804.0,0.09178148397261943,0.11452538374159271,0.12255182682396892,0.0
2024-11-21 09:42:00-05:00,65.4000015258789,65.4000015258789,65.30999755859375,65.33000183105469,10581.0,-0.04584866140449062,-0.24404520847006728,-0.0765040564425723,-0.16809383595309813
2024-11-21 09:43:00-05:00,65.27999877929688,65.38500213623047,65.25,65.36499786376953,10303.0,-0.18349043391772124,-0.02293484602213791,-0.09186581049849263,0.05356808776058042
2024-11-21 09:44:00-05:00,65.37999725341797,65.47000122070312,65.2300033569336,65.47000122070312,14504.0,0.15318393993721813,0.12999783084133298,-0.030646196270356363,0.16064156714643563
2024-11-21 09:45:00-05:00,65.48999786376953,65.65499877929688,65.47000122070312,65.61000061035156,12573.0,0.1682481110012679,0.28256843614544724,0.36792557323088726,0.2138374630183515
2024-11-21 09:46:00-05:00,65.59500122070312,65.61499786376953,65.59500122070312,65.61499786376953,687.0,0.16033495244880402,-0.060925925323385144,0.1909271386426603,0.007616603218218998
2024-11-21 09:48:00-05:00,65.75,65.875,65.75,65.875,23833.0,0.23629663299395975,0.39625412587880326,0.23629663299395975,0.39625412587880326
2024-11-21 09:49:00-05:00,65.875,65.9800033569336,65.86000061035156,65.94999694824219,6641.0,0.19011406844107182,0.15939788528818166,0.16730130851949632,0.11384735976043281
2024-11-21 09:50:00-05:00,65.91999816894531,65.94999694824219,65.87999725341797,65.94999694824219,17697.0,0.06830841585625524,-0.04547803450248855,0.030362348741408418,0.0
2024-11-21 09:51:00-05:00,66.0,66.0,65.91999816894531,65.93000030517578,28222.0,0.12136200436421163,0.07581964226177629,0.0607178463797986,-0.030320915832793283
2024-11-21 09:52:00-05:00,65.93219757080078,65.97000122070312,65.80000305175781,65.83000183105469,22790.0,-0.10273095333215299,-0.04545269590435774,-0.1820314328285777,-0.15167370492676913
2024-11-21 09:53:00-05:00,65.87000274658203,66.04000091552734,65.87000274658203,66.01000213623047,17996.0,-0.09433148978836847,0.10610837278908214,0.10638250999648324,0.2734320221313924
2024-11-21 09:54:00-05:00,66.01000213623047,66.01000213623047,65.77999877929688,65.91000366210938,8630.0,0.21253891575965245,-0.04542516487128223,-0.1366387787039014,-0.15148988166174826
2024-11-21 09:55:00-05:00,65.8949966430664,66.05999755859375,65.80999755859375,66.0250015258789,26167.0,-0.17422434395126807,0.07573916186232044,0.0456047124560266,0.17447710116824666
2024-11-21 09:56:00-05:00,66.01000213623047,66.01000213623047,65.9000015258789,65.9000015258789,6979.0,0.17452841493719173,-0.07568184107020759,0.1367633651786937,-0.1893222220540336
2024-11-21 09:57:00-05:00,65.9800033569336,66.02519989013672,65.87000274658203,65.87000274658203,33787.0,-0.04544580870481374,0.02302341071718228,-0.045521667074766015,-0.045521667074766015
2024-11-21 09:58:00-05:00,65.88999938964844,65.91000366210938,65.77999877929688,65.80000305175781,19150.0,-0.1364109771232691,-0.1744731227153018,-0.1366387787039014,-0.10626945787982622
2024-11-21 09:59:00-05:00,65.80500030517578,65.80999755859375,65.66999816894531,65.73999786376953,12535.0,-0.12900149531039906,-0.15173129716137268,-0.16722501123880296,-0.09119329058553394
2024-11-21 10:00:00-05:00,65.66999816894531,65.75,65.63999938964844,65.66999816894531,8282.0,-0.20515482957889075,-0.09116784807707834,-0.045681102685124486,-0.10647961225870306
2024-11-21 10:01:00-05:00,65.70999908447266,65.77999877929688,65.62999725341797,65.69000244140625,14216.0,0.06091200950613107,0.045625519843151,-0.015237867646977765,0.03046181364201317
2024-11-21 10:02:00-05:00,65.62999725341797,65.72000122070312,65.62999725341797,65.66999816894531,10907.0,-0.12174985872673849,-0.0912094249120532,0.0,-0.030452537246872247
2024-11-21 10:03:00-05:00,65.63999938964844,65.7300033569336,65.63500213623047,65.69999694824219,14553.0,0.015240189926934988,0.015219318388148828,0.007625907392894149,0.045681102685124486
2024-11-21 10:04:00-05:00,65.70999908447266,65.70999908447266,65.51000213623047,65.55500030517578,21946.0,0.10664182735391492,-0.03043400492817039,-0.19044716375654636,-0.2206950529702989
2024-11-21 10:05:00-05:00,65.5999984741211,65.62999725341797,65.5999984741211,65.62999725341797,4927.0,-0.1674031530728759,-0.12174985872673849,0.13737801092339463,0.1144030934224105
2024-11-21 10:06:00-05:00,65.61000061035156,65.68000030517578,65.54000091552734,65.54000091552734,50855.0,0.015247159242570696,0.07618932477588825,-0.09145969510566676,-0.1371268347659993
2024-11-21 10:07:00-05:00,65.54000091552734,65.54000091552734,65.37000274658203,65.3949966430664,7620.0,-0.1066905870645174,-0.21315375913206758,-0.2593807851245189,-0.22124545382266048
2024-11-21 10:08:00-05:00,65.41000366210938,65.5999984741211,65.41000366210938,65.56500244140625,8548.0,-0.19834795789142046,0.09154342043888875,0.06119154634645074,0.2599675924257028
2024-11-21 10:09:00-05:00,65.61000061035156,65.66000366210938,65.55000305175781,65.62999725341797,9095.0,0.30575896200115693,0.09147132528051216,0.2140336061921655,0.09913034331052728
2024-11-21 10:10:00-05:00,65.625,65.69000244140625,65.5999984741211,65.67500305175781,6847.0,0.022861438056542838,0.045688056082426876,0.07627066366999724,0.0685750422418252
2024-11-21 10:11:00-05:00,65.69999694824219,65.83000183105469,65.69999694824219,65.83000183105469,17448.0,0.11428106398809756,0.21312130376811567,0.15243670190105973,0.23600878887621857
2024-11-21 10:12:00-05:00,65.80999755859375,66.0,65.79000091552734,65.98999786376953,28403.0,0.1674286384491408,0.2582381349184759,0.13699234621891154,0.24304424770555944
2024-11-21 10:13:00-05:00,66.0,66.16000366210938,65.98999786376953,66.12999725341797,17239.0,0.28871364299487556,0.24242979107480522,0.3039929251543505,0.21215243852175103
2024-11-21 10:14:00-05:00,66.12999725341797,66.1500015258789,66.08499908447266,66.12999725341797,8467.0,0.19696553548176343,-0.015118101083477775,0.14396306073420906,0.0
2024-11-21 10:15:00-05:00,66.1500015258789,66.26000213623047,66.1500015258789,66.26000213623047,13771.0,0.030249921808223057,0.16628965655960393,0.09836187078275938,0.1965898808589106
2024-11-21 10:16:00-05:00,66.25,66.29000091552734,66.20500183105469,66.26000213623047,15267.0,0.15116926956073584,0.04527434097452154,0.08314482827980196,0.0
2024-11-21 10:17:00-05:00,66.29000091552734,66.29000091552734,66.1500015258789,66.18009948730469,6949.0,0.060378740418642884,0.0,-0.08307575508589293,-0.12058956587641667
2024-11-21 10:18:00-05:00,66.23999786376953,66.25800323486328,66.19000244140625,66.19000244140625,6961.0,-0.07543076039707719,-0.048269241547960196,0.06047001451949807,0.014963643418908212
2024-11-21 10:19:00-05:00,66.19000244140625,66.22000122070312,66.13500213623047,66.1449966430664,5326.0,-0.07547618353808128,-0.0573546021685134,-0.08309458097462974,-0.0679948582562484
2024-11-21 10:20:00-05:00,66.16999816894531,66.20999908447266,66.05999755859375,66.19999694824219,9625.0,-0.030222498448528867,-0.015104403573074077,-0.11341131808270122,0.08315111946044507
2024-11-21 10:21:00-05:00,66.19999694824219,66.2499008178711,66.16000366210938,66.16999816894531,11315.0,0.04533592281548149,0.060265419045735236,0.151386780520113,-0.04531537867037416
2024-11-21 10:22:00-05:00,66.16000366210938,66.22000122070312,66.06999969482422,66.13999938964844,9707.0,-0.06041282171671547,-0.045131534989262256,-0.13603984628661747,-0.04533592281548149
2024-11-21 10:23:00-05:00,66.1500015258789,66.1500015258789,66.02999877929688,66.04000091552734,4417.0,-0.015118101083477775,-0.10570778244313184,-0.06054323552612262,-0.1511921303959718
2024-11-21 10:24:00-05:00,66.01000213623047,66.06999969482422,65.93000030517578,66.06999969482422,32292.0,-0.2116392840802339,-0.12094002903898504,-0.15144400419472293,0.04542516487129333
2024-11-21 10:25:00-05:00,66.05999755859375,66.1500015258789,66.05999755859375,66.08000183105469,9307.0,0.07573916186232044,0.12108647105224524,0.19717465920860988,0.015138695741900854
2024-11-21 10:26:00-05:00,66.06999969482422,66.1500015258789,66.06999969482422,66.0999984741211,7074.0,0.015140987889972202,0.0,0.015140987889972202,0.03026126288181441
2024-11-21 10:27:00-05:00,66.0199966430664,66.09500122070312,65.97000122070312,66.06999969482422,5241.0,-0.07568193126801237,-0.08314482827980196,-0.15135231509457725,-0.045383933418119415
2024-11-21 10:28:00-05:00,66.06999969482422,66.10980224609375,66.0199966430664,66.05000305175781,4748.0,0.07573925219679367,0.022393562474110063,0.07578508630918801,-0.030265844042332013
2024-11-21 10:29:00-05:00,66.03500366210938,66.03500366210938,65.83999633789062,65.83999633789062,25550.0,-0.052968113934448446,-0.11314295526998475,-0.2726451292461296,-0.3179511039577476
2024-11-21 10:30:00-05:00,65.80999755859375,65.81999969482422,65.69000244140625,65.69000244140625,12041.0,-0.3407376255583294,-0.3255909068852314,-0.22781577282386944,-0.22781577282386944
2024-11-21 10:31:00-05:00,65.70999908447266,65.77999877929688,65.66999816894531,65.66999816894531,32983.0,-0.15195027781615966,-0.0607731931218658,-0.030452537246872247,-0.030452537246872247
2024-11-21 10:32:00-05:00,65.68000030517578,65.75,65.6500015258789,65.68000030517578,13372.0,-0.04565329434613741,-0.0456047124560266,-0.0304501958641179,0.015230906821006585
2024-11-21 10:33:00-05:00,65.67500305175781,65.7699966430664,65.67500305175781,65.73999786376953,6083.0,-0.007608485680188348,0.030413145348151538,0.03808305452825955,0.09134829219699103
2024-11-21 10:34:00-05:00,65.72000122070312,65.73500061035156,65.6500015258789,65.66000366210938,9560.0,0.0685164322106635,-0.05320972251947609,-0.03806855685899446,-0.12168269586184666
2024-11-21 10:35:00-05:00,65.6500015258789,65.80500030517578,65.62999725341797,65.77999877929688,7659.0,-0.10651201083996531,0.10648770696626286,-0.030471092149253476,0.1827522243297519
2024-11-21 10:36:00-05:00,65.79000091552734,65.80999755859375,65.75,65.79000091552734,5470.0,0.2132511597783493,0.00759403296830552,0.18284740454683757,0.015205436935361583
2024-11-21 10:37:00-05:00,65.80999755859375,65.87999725341797,65.7699966430664,65.7699966430664,16271.0,0.030394653880727596,0.1063663537776316,0.030413145348151538,-0.03040625046748513
2024-11-21 10:38:00-05:00,65.7699966430664,65.7699966430664,65.6500015258789,65.66999816894531,11045.0,-0.06078242973908132,-0.16697118235816655,-0.18244659162552912,-0.1520426930592511
2024-11-21 10:39:00-05:00,65.67500305175781,65.68000030517578,65.5999984741211,65.65499877929688,6887.0,-0.1444330183322351,-0.13683494371914406,-0.0761661090565302,-0.022840551342562243
2024-11-21 10:40:00-05:00,65.63999938964844,65.66000366210938,65.5999984741211,65.62000274658203,4990.0,-0.05329830298110849,-0.030445558729441657,0.0,-0.05330292188792107
2024-11-21 10:41:00-05:00,65.61499786376953,65.70999908447266,65.61499786376953,65.70999908447266,13838.0,-0.03808885757370373,0.07614288695529936,0.02286492377641114,0.137147720395836
2024-11-21 10:42:00-05:00,65.69999694824219,65.81999969482422,65.69000244140625,65.80999755859375,19796.0,0.1295421584088574,0.1674031530728648,0.11431011213693942,0.1521815180556274
2024-11-21 10:43:00-05:00,65.76000213623047,65.83000183105469,65.75499725341797,65.7750015258789,6753.0,0.09133210163700944,0.015196196105815574,0.09894171045234934,-0.05317738035727215
2024-11-21 10:44:00-05:00,65.75,65.8499984741211,65.75,65.79000091552734,8951.0,-0.015210060683612525,0.030376184885616553,-0.0075998078118866275,0.022804088636219078
2024-11-21 10:45:00-05:00,65.77999877929688,65.87000274658203,65.7699966430664,65.86000061035156,12334.0,0.045625519843151,0.030378546582343624,0.030413145348151538,0.10639868346269399
2024-11-21 10:46:00-05:00,65.86599731445312,65.91999816894531,65.8499984741211,65.91999816894531,10280.0,0.1307366019339451,0.07590013705573995,0.121638794492962,0.0910986304854644
2024-11-21 10:47:00-05:00,65.93000030517578,66.0199966430664,65.93000030517578,66.01000213623047,21462.0,0.09717151995300988,0.15169671859640577,0.12149101428775566,0.13653514833917857
2024-11-21 10:48:00-05:00,66.0199966430664,66.0199966430664,65.95999908447266,66.00499725341797,6511.0,0.13650286284552227,0.0,0.045500954281840755,-0.0075820067422016635
2024-11-21 10:49:00-05:00,66.01000213623047,66.05999755859375,66.01000213623047,66.05989837646484,7538.0,-0.015138605489439794,0.06058909051995798,0.07580814501493283,0.08317722192470178
2024-11-21 10:50:00-05:00,66.05999755859375,66.08000183105469,66.0199966430664,66.08000183105469,8230.0,0.07573916186232044,0.030281975779966608,0.015140897610210757,0.03043216093865375
2024-11-21 10:51:00-05:00,66.07499694824219,66.12999725341797,66.05500030517578,66.06999969482422,8382.0,0.02270570724005605,0.07565893005134772,0.05301978777523253,-0.015136404287696692
2024-11-21 10:52:00-05:00,66.08999633789062,66.08999633789062,66.052001953125,66.05599975585938,3764.0,0.022700552918952788,-0.06048830665160709,-0.004539174985884742,-0.021189555062073318
2024-11-21 10:53:00-05:00,66.01499938964844,66.0199966430664,65.95999908447266,65.98500061035156,17874.0,-0.11347700468730126,-0.10591571902400787,-0.13928853922948736,-0.10748326536609287
2024-11-21 10:54:00-05:00,65.98999786376953,66.08000183105469,65.97000122070312,66.08000183105469,13516.0,-0.03787249278203175,0.09088941387365157,0.015163942342777403,0.14397396351348846
2024-11-21 10:55:00-05:00,66.08999633789062,66.13999938964844,66.08999633789062,66.12999725341797,6481.0,0.15153580445257386,0.09079533433904441,0.18189345909824794,0.07565893005134772
2024-11-21 10:56:00-05:00,66.1500015258789,66.16000366210938,66.0999984741211,66.1500015258789,10383.0,0.09079314769742108,0.030245347211277362,0.015134115274162419,0.030249921808223057
2024-11-21 10:57:00-05:00,66.19000244140625,66.19000244140625,66.12000274658203,66.12999725341797,9291.0,0.06047001451949807,0.04534277151808652,0.030263650412587495,-0.03024077399773617
2024-11-21 10:58:00-05:00,66.12000274658203,66.16999816894531,66.08999633789062,66.08999633789062,10804.0,-0.10575569155808484,-0.030222498448528867,-0.04538174144730345,-0.06048830665160709
2024-11-21 10:59:00-05:00,66.05000305175781,66.08999633789062,66.05000305175781,66.07499694824219,4708.0,-0.10586765262624587,-0.12090348083496627,-0.06051337320150951,-0.022695400937455812
2024-11-21 11:00:00-05:00,66.06999969482422,66.19000244140625,66.06999969482422,66.16999816894531,11870.0,0.03027500702874608,0.15131806484651733,0.03027500702874608,0.14377786619883537
2024-11-21 11:01:00-05:00,66.19000244140625,66.19999694824219,66.12999725341797,66.17759704589844,13731.0,0.18162970657835675,0.015099722718381337,0.09080907956844353,0.011483870580919486
2024-11-21 11:02:00-05:00,66.19000244140625,66.19000244140625,66.12909698486328,66.12909698486328,2341.0,0.0,-0.015097443046341308,-0.0013613618510155412,-0.07328773361401364
2024-11-21 11:03:00-05:00,66.13500213623047,66.16999816894531,66.13500213623047,66.15499877929688,3952.0,-0.08309458097462974,-0.030222498448528867,0.00892973235147032,0.039168528854283124
2024-11-21 11:04:00-05:00,66.15499877929688,66.15499877929688,66.08000183105469,66.08000183105469,14013.0,0.03023609650032455,-0.022667961407740744,-0.08316368549060593,-0.11336550468754591
2024-11-21 11:05:00-05:00,66.06999969482422,66.06999969482422,66.0199966430664,66.05999755859375,5870.0,-0.12848474951413502,-0.12848474951413502,-0.09080688003262338,-0.030272808575404486
2024-11-21 11:06:00-05:00,66.06999969482422,66.08000183105469,66.05999755859375,66.07499694824219,5039.0,0.0,0.015138695741900854,0.06058909051995798,0.02270570724005605
2024-11-21 11:08:00-05:00,66.0999984741211,66.13999938964844,66.09500122070312,66.09500122070312,30005.0,0.04540453978423287,0.09079533433904441,0.05298768302000045,0.03027510160402702
2024-11-21 11:09:00-05:00,66.0999984741211,66.11499786376953,66.0199966430664,66.08000183105469,50493.0,0.0,-0.03780091640402938,-0.11347995499124686,-0.022693682383556624
2024-11-21 11:10:00-05:00,66.06999969482422,66.12000274658203,66.02999877929688,66.05999755859375,26690.0,-0.045383933418119415,0.007569965929388189,0.015150161676835694,-0.030272808575404486
2024-11-21 11:11:00-05:00,66.07499694824219,66.08499908447266,66.04000091552734,66.06999969482422,18454.0,0.0075635741502155796,-0.0529395956674894,0.01514786675054225,0.015140987889972202
2024-11-21 11:12:00-05:00,66.08000183105469,66.1500015258789,66.08000183105469,66.08000183105469,17497.0,0.007574548685074234,0.09836187078275938,0.06057073739067498,0.015138695741900854
2024-11-21 11:13:00-05:00,66.08000183105469,66.09500122070312,66.05500030517578,66.05500030517578,10846.0,0.0,-0.08314482827980196,-0.037835237872463345,-0.037835237872463345
2024-11-21 11:14:00-05:00,66.04499816894531,66.06999969482422,66.0250015258789,66.02999877929688,14358.0,-0.05297164216016004,-0.03782665166375265,-0.04541484998603629,-0.03784955834289505
2024-11-21 11:15:00-05:00,66.0250015258789,66.04000091552734,65.98999786376953,66.01000213623047,7925.0,-0.03027730126550221,-0.045404539784221765,-0.05301576872460689,-0.030284179064188343
2024-11-21 11:16:00-05:00,66.02999877929688,66.05000305175781,65.91000366210938,66.01000213623047,54918.0,0.007568728970053229,0.015145572519381645,-0.12122170669757182,0.0
2024-11-21 11:17:00-05:00,65.97000122070312,66.05999755859375,65.95999908447266,66.04000091552734,12661.0,-0.09086409162946119,0.015131728045658654,0.07585407310790604,0.04544580870482484
2024-11-21 11:18:00-05:00,66.03500366210938,66.12000274658203,66.03500366210938,66.10060119628906,13720.0,0.09853333364173711,0.09083437815005091,0.11371221752241034,0.09176299200728266
2024-11-21 11:19:00-05:00,66.08499908447266,66.0999984741211,66.02999877929688,66.06999969482422,11496.0,0.07571048624317456,-0.0302544942982097,-0.00757913611713068,-0.04629534514213329
2024-11-21 11:20:00-05:00,66.07499694824219,66.12999725341797,66.05999755859375,66.05999755859375,32390.0,-0.01513525969438767,0.04538393341813052,0.04543204581473059,-0.015138695741889752
2024-11-21 11:21:00-05:00,66.06999969482422,66.12999725341797,66.05000305175781,66.12999725341797,6589.0,-0.007563002116950379,0.0,-0.01512943870013439,0.1059638168501742
2024-11-21 11:22:00-05:00,66.13999938964844,66.16999816894531,66.11000061035156,66.12000274658203,6379.0,0.10594777531034438,0.06048830665159599,0.09083657202366702,-0.015113423939272508
2024-11-21 11:23:00-05:00,66.12999725341797,66.16999816894531,66.12999725341797,66.16999816894531,7340.0,-0.015122673605638681,0.0,0.03024753120828283,0.07561315832804727
2024-11-21 11:24:00-05:00,66.16000366210938,66.17500305175781,66.12000274658203,66.13999938964844,8307.0,0.04537488271232348,0.007563673796284753,-0.015113423939272508,-0.04533592281548149
2024-11-21 11:25:00-05:00,66.13999938964844,66.23500061035156,66.12999725341797,66.23500061035156,9427.0,-0.03023620216695555,0.09066498802701162,0.015115708440371911,0.14363656120321977
2024-11-21 11:26:00-05:00,66.24500274658203,66.24500274658203,66.19999694824219,66.2249984741211,11044.0,0.15875923480885845,0.015100983072846574,0.10585165239909156,-0.015100983072846574
2024-11-21 11:27:00-05:00,66.22000122070312,66.2300033569336,66.16999816894531,66.20999908447266,15224.0,-0.03774099908268047,-0.02264229606241397,-0.04531537867037416,-0.0226491355138303
2024-11-21 11:28:00-05:00,66.20999908447266,66.2699966430664,66.20999908447266,66.26499938964844,13691.0,-0.015104403573074077,0.060385450861710765,0.060451740417488686,0.08306948487586396
2024-11-21 11:29:00-05:00,66.2699966430664,66.29000091552734,66.2699966430664,66.27999877929688,4826.0,0.09061706603741282,0.030186017012612254,0.09061706603741282,0.022635463346554197
2024-11-21 11:30:00-05:00,66.28970336914062,66.28970336914062,66.21499633789062,66.25,11527.0,0.029737025912890402,-0.00044885560810392633,-0.08299427789625335,-0.045260681728087615
2024-11-21 11:31:00-05:00,66.23999786376953,66.26000213623047,66.22000122070312,66.23999786376953,7518.0,-0.07498224135097376,-0.04480519809353378,0.007558533699758563,-0.015097564121457907
2024-11-21 11:32:00-05:00,66.23999786376953,66.27999877929688,66.2300033569336,66.2699966430664,6152.0,0.0,0.030179055873391647,0.015104403573062974,0.04528801368408608
2024-11-21 11:33:00-05:00,66.26000213623047,66.27999877929688,66.23999786376953,66.25,6504.0,0.030199687660137364,0.0,0.01509060294331288,-0.030174504420321657
2024-11-21 11:34:00-05:00,66.25,66.26499938964844,66.19000244140625,66.19000244140625,4734.0,-0.015095285101118794,-0.022630340864038256,-0.07547618353808128,-0.09056235259433665
2024-11-21 11:35:00-05:00,66.16999816894531,66.19999694824219,66.13999938964844,66.19999694824219,9634.0,-0.12075748083726356,-0.09809468347540262,-0.07554471961543907,0.015099722718381337
2024-11-21 11:36:00-05:00,66.16999816894531,66.16999816894531,66.12000274658203,66.13999938964844,9703.0,0.0,-0.04531537867037416,-0.030233811991142723,-0.09063075734075943
2024-11-21 11:37:00-05:00,66.11000061035156,66.16000366210938,66.11000061035156,66.15499877929688,4275.0,-0.09067184563095187,-0.015104287611467093,-0.01512724714910485,0.0226782427983796
2024-11-21 11:38:00-05:00,66.15499877929688,66.19999694824219,66.15499877929688,66.19000244140625,5678.0,0.06806560055947486,0.0604493408692397,0.06806560055947486,0.052911590590687396
2024-11-21 11:39:00-05:00,66.18000030517578,66.20999908447266,66.18000030517578,66.19000244140625,5944.0,0.03779234576408719,0.01510896781202753,0.03779234576408719,0.0
2024-11-21 11:40:00-05:00,66.20500183105469,66.20500183105469,66.16000366210938,66.16999816894531,13004.0,0.03777806854581289,-0.0075475811615599575,-0.030215537887878785,-0.030222498448528867
2024-11-21 11:41:00-05:00,66.16000366210938,66.19999694824219,66.1500015258789,66.19000244140625,5759.0,-0.06796792946269781,-0.007559674758816914,-0.015118101083477775,0.030231635204014395
2024-11-21 11:42:00-05:00,66.20500183105469,66.20999908447266,66.1500015258789,66.16000366210938,7476.0,0.06801415727715199,0.01510896781202753,0.0,-0.045322221166910204
2024-11-21 11:43:00-05:00,66.16000366210938,66.19999694824219,66.16000366210938,66.19000244140625,17827.0,-0.06796792946269781,-0.015106685347798798,0.015120386998868085,0.04534277151808652
2024-11-21 11:44:00-05:00,66.19000244140625,66.19000244140625,66.11370086669922,66.1427993774414,11322.0,0.04534277151808652,-0.015097443046341308,-0.06998608350542446,-0.07131449195311168
2024-11-21 11:45:00-05:00,66.13500213623047,66.13999938964844,66.08999633789062,66.08999633789062,5825.0,-0.08309458097462974,-0.07554471961543907,-0.03585418528663231,-0.0798318789766661
2024-11-21 11:46:00-05:00,66.08999633789062,66.08999633789062,66.00499725341797,66.0199966430664,9252.0,-0.06805140528631792,-0.07560183280805877,-0.12861111996147478,-0.10591571902400787
2024-11-21 11:47:00-05:00,66.01000213623047,66.08000183105469,65.98999786376953,66.05000305175781,14280.0,-0.12103829035059466,-0.015122571326586787,-0.022724627335179992,0.045450485030529286
2024-11-21 11:48:00-05:00,66.08000183105469,66.08000183105469,65.98999786376953,66.0,8928.0,0.10604407295693452,0.0,0.0,-0.07570484397801946
2024-11-21 11:49:00-05:00,66.01000213623047,66.02999877929688,65.98999786376953,66.0,15615.0,-0.1059317386267411,-0.07567047574492669,0.0,0.0
2024-11-21 11:50:00-05:00,66.0,66.01000213623047,65.94499969482422,65.94499969482422,28557.0,-0.015152455547307042,-0.030284179064188343,-0.06818937778753087,-0.08333379572088573
2024-11-21 11:51:00-05:00,65.94999694824219,65.94999694824219,65.87999725341797,65.87999725341797,6537.0,-0.07576219963304487,-0.09090317534673487,-0.09857069028290644,-0.09857069028290644
2024-11-21 11:52:00-05:00,65.88999938964844,65.93499755859375,65.88999938964844,65.91000366210938,6314.0,-0.09097431595157524,-0.02274357898789381,0.015182356781218154,0.04554707034365446
2024-11-21 11:53:00-05:00,65.88999938964844,65.98999786376953,65.88999938964844,65.9800033569336,8451.0,0.0,0.08341595087935083,0.0,0.10620496272928381
2024-11-21 11:54:00-05:00,65.9800033569336,66.01000213623047,65.97000122070312,65.97000122070312,7691.0,0.1365973108497176,0.03031409775497984,0.12141725875818299,-0.01515934483415915
2024-11-21 11:55:00-05:00,65.95500183105469,65.96499633789062,65.94000244140625,65.94999694824219,9705.0,-0.03789258048935151,-0.06818027099433355,-0.045473364774561986,-0.030323286479883027
2024-11-21 11:56:00-05:00,65.9800033569336,66.01000213623047,65.96499633789062,66.01000213623047,17995.0,0.03790694440877207,0.06822678820341821,0.03790399690473123,0.09098588440477062
2024-11-21 11:57:00-05:00,65.9800033569336,65.9800033569336,65.95999908447266,65.95999908447266,4771.0,0.0,-0.04544580870481374,-0.007575613879173826,-0.07575071979942782
2024-11-21 11:58:00-05:00,65.9800033569336,66.01000213623047,65.97000122070312,66.01000213623047,5570.0,0.0,0.045466471310384726,0.015163942342777403,0.07580814501493283
2024-11-21 11:59:00-05:00,66.0,66.05500030517578,65.98999786376953,66.05500030517578,7766.0,0.030307126476225577,0.06816871305721506,0.030311721534626024,0.06816871305721506
2024-11-21 12:00:00-05:00,66.04000091552734,66.04000091552734,65.98999786376953,65.98999786376953,4492.0,0.060607447768701306,-0.022707424993018144,0.0,-0.09840654167880825
2024-11-21 12:01:00-05:00,65.98999786376953,66.0,65.94000244140625,65.97000122070312,4811.0,-0.07571630991006773,-0.06057073739067498,-0.07576212150588457,-0.030302536314197326
2024-11-21 12:02:00-05:00,65.99500274658203,66.01499938964844,65.99500274658203,65.99659729003906,6942.0,0.00758430515914732,0.02272634795217332,0.08340961956234683,0.04031539918720739
2024-11-21 12:03:00-05:00,66.0,66.0,65.95999908447266,65.98500061035156,5289.0,0.007572169421909969,-0.022721184256779825,-0.053039867645410244,-0.017571632726054442
2024-11-21 12:04:00-05:00,65.94000244140625,65.94000244140625,65.87000274658203,65.875,9060.0,-0.09090539180871549,-0.09090539180871549,-0.13644078098814516,-0.16670547750863296
2024-11-21 12:05:00-05:00,65.86499786376953,65.9749984741211,65.86499786376953,65.95999908447266,10888.0,-0.11374670133409426,0.0530725377906105,-0.007598121457130791,0.12903086826969723
2024-11-21 12:06:00-05:00,65.97000122070312,66.0999984741211,65.97000122070312,66.0999984741211,15297.0,0.1594220911549593,0.18946571108906518,0.1594220911549593,0.2122489260030891
2024-11-21 12:07:00-05:00,66.0999984741211,66.125,66.05999755859375,66.08000183105469,10420.0,0.1970551023382061,0.037823791915347904,0.13642009432368596,-0.030252108211825668
2024-11-21 12:08:00-05:00,66.06999969482422,66.1449966430664,66.05999755859375,66.13999938964844,6467.0,-0.045383933418119415,0.030240670043713003,0.0,0.09079533433904441
2024-11-21 12:09:00-05:00,66.1500015258789,66.19499969482422,66.1500015258789,66.19000244140625,6270.0,0.12108647105224524,0.07559612109082625,0.1362457926301408,0.07560183280805877
2024-11-21 12:10:00-05:00,66.18499755859375,66.20999908447266,66.16999816894531,66.18000030517578,7998.0,0.05290405428206579,0.022659399830171623,0.030229240521761902,-0.015111249224264434
2024-11-21 12:11:00-05:00,66.17500305175781,66.18000030517578,66.15499877929688,66.15499877929688,2836.0,-0.015100864553319049,-0.04530853301870641,-0.022667961407740744,-0.03777806854581289
2024-11-21 12:12:00-05:00,66.16000366210938,66.16500091552734,66.12999725341797,66.16000366210938,6089.0,-0.022666247006752904,-0.022664535477889824,-0.03779234576409829,0.00756538871566903
2024-11-21 12:13:00-05:00,66.13999938964844,66.19999694824219,66.0999984741211,66.11000061035156,24131.0,-0.03023620216695555,0.052892061105724864,-0.045363345747495565,-0.07557897368505317
2024-11-21 12:14:00-05:00,66.11000061035156,66.15380096435547,66.11000061035156,66.15380096435547,4397.0,-0.045356485596781404,-0.06978245621799273,0.015131825206293747,0.06625374920514737
2024-11-21 12:15:00-05:00,66.1500015258789,66.16999816894531,66.13999938964844,66.16000366210938,5888.0,0.060506602871024384,0.024484163198068565,0.04537706703966471,0.009376177428177535
2024-11-21 12:16:00-05:00,66.1500015258789,66.1500015258789,66.08999633789062,66.12000274658203,6031.0,0.0,-0.03022010521347429,-0.07560183280805877,-0.0604608726015754
2024-11-21 12:17:00-05:00,66.12999725341797,66.13500213623047,66.01499938964844,66.04499816894531,17474.0,-0.03024077399773617,-0.022674813760314994,-0.11347700468730126,-0.11343704555516476
2024-11-21 12:18:00-05:00,66.05000305175781,66.08000183105469,66.04000091552734,66.04000091552734,6381.0,-0.12096507633836406,-0.08316368549060593,0.037872492782042855,-0.007566437363182299
2024-11-21 12:19:00-05:00,66.05000305175781,66.05560302734375,66.03500366210938,66.04989624023438,5550.0,0.0,-0.03692312807938025,-0.0075670099162539195,0.014983834902859705
2024-11-21 12:20:00-05:00,66.04000091552734,66.08000183105469,66.0199966430664,66.0199966430664,9344.0,-0.015143278983087427,0.03693676628890863,-0.022725854790217603,-0.04526819702974638
2024-11-21 12:21:00-05:00,66.0199966430664,66.02999877929688,65.98999786376953,66.0,4105.0,-0.030291145038785494,-0.07567047574492669,-0.045438928843122284,-0.03028876716628659
2024-11-21 12:22:00-05:00,66.01000213623047,66.01000213623047,65.94999694824219,65.94999694824219,8308.0,-0.015138605489439794,-0.030284179064188343,-0.06061663406918827,-0.07576219963304487
2024-11-21 12:23:00-05:00,65.94999694824219,66.05999755859375,65.94999694824219,66.04499816894531,13132.0,-0.09090317534673487,0.07573916186232044,0.0,0.14405037922546882
2024-11-21 12:24:00-05:00,66.04000091552734,66.05999755859375,66.0199966430664,66.05999755859375,5556.0,0.13647304238055824,0.0,0.10614055809456957,0.02271086390230881
2024-11-21 12:25:00-05:00,66.05000305175781,66.06819915771484,66.0354995727539,66.06819915771484,22601.0,0.015145572519381645,0.01241537908598378,0.023482172789734967,0.01241537908598378
2024-11-21 12:26:00-05:00,66.06500244140625,66.08999633789062,66.02999877929688,66.02999877929688,11932.0,0.022709143005927857,0.03299193931978195,-0.008330055034977413,-0.057819615041687644
2024-11-21 12:27:00-05:00,66.02999877929688,66.04000091552734,66.02999877929688,66.04000091552734,6189.0,-0.05298366883498273,-0.07564748847567193,0.0,0.01514786675054225
2024-11-21 12:28:00-05:00,66.04499816894531,66.08000183105469,66.04499816894531,66.05999755859375,6735.0,0.022716022907354194,0.06057073739067498,0.022716022907354194,0.030279592351889484
2024-11-21 12:29:00-05:00,66.05999755859375,66.12999725341797,66.05999755859375,66.05999755859375,11231.0,0.02271086390230881,0.07565893005134772,0.02271086390230881,0.0
2024-11-21 12:30:00-05:00,66.08999633789062,66.09500122070312,66.01000213623047,66.01000213623047,13293.0,0.045411414480089896,-0.05292005771713182,-0.07568184107020759,-0.07568184107020759
2024-11-21 12:31:00-05:00,66.0199966430664,66.08000183105469,66.0199966430664,66.06999969482422,12759.0,-0.10591571902400787,-0.022693682383556624,0.015140897610210757,0.09089161740962748
2024-11-21 12:32:00-05:00,66.06500244140625,66.06500244140625,66.0,66.0,3762.0,0.06816994945209043,-0.02269883358475555,-0.03028876716628659,-0.10594777531034438
2024-11-21 12:33:00-05:00,66.01000213623047,66.04000091552734,66.01000213623047,66.04000091552734,8589.0,-0.08325180223002215,-0.037843827979999745,0.015154751864354665,0.060607447768701306
2024-11-21 12:34:00-05:00,66.04000091552734,66.05999755859375,66.0,66.01000213623047,6935.0,0.04544580870482484,0.030279592351889484,-0.015152455547307042,-0.04542516487128223
2024-11-21 12:35:00-05:00,66.00499725341797,66.02999877929688,65.9800033569336,66.0250015258789,6384.0,-0.05300372747443216,-0.045411414480101,-0.03029794404001418,0.02272290435241242
2024-11-21 12:36:00-05:00,66.02999877929688,66.02999877929688,66.0188980102539,66.0188980102539,1237.0,0.0378782318298132,0.0,0.05894915329103245,-0.009244249123729897
2024-11-21 12:37:00-05:00,66.0,66.0250015258789,65.98999786376953,66.0250015258789,6042.0,-0.04543204581473059,-0.007568156156823047,-0.043775566323278614,0.009245103764166096
2024-11-21 12:38:00-05:00,66.02999877929688,66.0999984741211,66.02999877929688,66.08999633789062,6743.0,0.04545269590434664,0.11358871110784818,0.06061663406917717,0.0984396978563451
2024-11-21 12:39:00-05:00,66.08999633789062,66.11000061035156,66.08000183105469,66.08000183105469,3170.0,0.09086409162946119,0.015131825206293747,0.07572777931579289,-0.015122571326586787
2024-11-21 12:40:00-05:00,66.06999969482422,66.0999984741211,66.06500244140625,66.09500122070312,5805.0,-0.030256686600760307,-0.01512953583138188,-0.02269883358475555,0.022698833584766653
2024-11-21 12:41:00-05:00,66.11000061035156,66.11000061035156,66.04900360107422,66.05999755859375,7300.0,0.060543235526111516,0.015131825206293747,-0.024216816379019068,-0.05295962094393758
2024-11-21 12:42:00-05:00,66.05999755859375,66.05999755859375,66.05000305175781,66.05500030517578,5088.0,-0.07563613870241737,-0.07563613870241737,0.0015131957018299502,-0.007564719350061644
2024-11-21 12:43:00-05:00,66.05000305175781,66.1050033569336,66.05000305175781,66.0999984741211,7623.0,-0.01512943870013439,0.06812867090999486,0.0,0.06812227497905443
2024-11-21 12:44:00-05:00,66.11000061035156,66.12999725341797,66.08999633789062,66.08999633789062,6416.0,0.09083657202366702,0.03780938690740587,0.06055001405749216,-0.015131825206293747
2024-11-21 12:45:00-05:00,66.09500122070312,66.0999984741211,66.06500244140625,66.06999969482422,4360.0,-0.022688533519832355,-0.045363345747495565,-0.0378179722640537,-0.030256686600760307
2024-11-21 12:46:00-05:00,66.05999755859375,66.06500244140625,66.05000305175781,66.05999755859375,5430.0,-0.05295962094393758,-0.05294407492089093,-0.022703987125016756,-0.015138695741889752
2024-11-21 12:47:00-05:00,66.06999969482422,66.07499694824219,66.04000091552734,66.06999969482422,8200.0,0.015140987889972202,0.015128292540067534,-0.015143278983087427,0.015140987889972202
2024-11-21 12:48:00-05:00,66.06999969482422,66.06999969482422,66.0343017578125,66.0343017578125,4673.0,0.0,-0.007563002116950379,-0.008629857110586947,-0.054030478547917316
2024-11-21 12:49:00-05:00,66.04000091552734,66.05000305175781,66.01000213623047,66.01000213623047,6568.0,-0.045404539784221765,-0.030265844042332013,-0.03679848341723302,-0.03679848341723302
2024-11-21 12:50:00-05:00,66.0,66.0,65.95999908447266,65.98999786376953,11460.0,-0.06057073739067498,-0.07570484397801946,-0.07575071979942782,-0.030304911094614084
2024-11-21 12:51:00-05:00,66.0,66.08000183105469,66.0,66.08000183105469,22319.0,0.0,0.12121489553740261,0.06064420267215542,0.13639031701586646
2024-11-21 12:52:00-05:00,66.08499908447266,66.08499908447266,66.02999877929688,66.02999877929688,6578.0,0.12878649162524347,0.007562429297069961,0.04545269590434664,-0.07567047574492669
2024-11-21 12:53:00-05:00,66.05000305175781,66.08999633789062,66.05000305175781,66.08000183105469,5586.0,-0.05295609169958526,0.0075618574369329394,0.030295733501062294,0.07572777931579289
2024-11-21 12:54:00-05:00,66.08999633789062,66.11000061035156,66.08000183105469,66.09010314941406,8832.0,0.06055001405749216,0.030268230548324837,0.04541828601183351,0.015286498304289964
2024-11-21 12:55:00-05:00,66.08000183105469,66.12999725341797,66.06999969482422,66.12999725341797,10933.0,-0.015122571326586787,0.03024753120828283,-0.015136404287696692,0.06036320432685205
2024-11-21 12:56:00-05:00,66.12999725341797,66.1500015258789,66.12999725341797,66.13999938964844,4490.0,0.07565893005134772,0.030249921808223057,0.09080907956844353,0.015124960904100426
2024-11-21 12:57:00-05:00,66.12999725341797,66.19999694824219,66.12999725341797,66.18000030517578,6391.0,0.0,0.07557886804239189,0.0,0.060479159202420085
2024-11-21 12:58:00-05:00,66.18000030517578,66.20999908447266,66.17500305175781,66.19999694824219,6307.0,0.07561326755571862,0.01510896781202753,0.06805655558608237,0.030215537887867683
2024-11-21 12:59:00-05:00,66.19999694824219,66.20999908447266,66.16999816894531,66.18000030517578,8083.0,0.030215537887867683,0.0,-0.007563101747931622,-0.030206410858357735
2024-11-21 13:00:00-05:00,66.19000244140625,66.2249984741211,66.19000244140625,66.19999694824219,8455.0,-0.015097443046341308,0.022654266509358756,0.030231635204014395,0.030215537887867683
2024-11-21 13:01:00-05:00,66.18000030517578,66.19999694824219,66.16000366210938,66.19999694824219,8776.0,-0.015111249224264434,-0.0377523993279949,-0.045322221166910204,0.0
2024-11-21 13:02:00-05:00,66.22000122070312,66.26000213623047,66.22000122070312,66.24500274658203,7136.0,0.06044260402371382,0.09064228210644565,0.09068554303619525,0.06798459277124191
2024-11-21 13:03:00-05:00,66.22000122070312,66.2699966430664,66.20999908447266,66.25,8286.0,0.0,0.015083770772283955,-0.015104403573074077,0.0075435930421585695
2024-11-21 13:04:00-05:00,66.26499938964844,66.2699966430664,66.22000122070312,66.22000122070312,6435.0,0.06795253415254887,0.0,0.015106685347787696,-0.045281176297173875
2024-11-21 13:05:00-05:00,66.22000122070312,66.31500244140625,66.22000122070312,66.29000091552734,11182.0,-0.06790639003966259,0.06791278198223782,0.0,0.10570778244312073
2024-11-21 13:06:00-05:00,66.29000091552734,66.30000305175781,66.2750015258789,66.29000091552734,2395.0,0.10570778244312073,-0.022618395681561765,0.08305693772561185,0.0
2024-11-21 13:07:00-05:00,66.2822036743164,66.34500122070312,66.2699966430664,66.32499694824219,10182.0,-0.01176231875584799,0.06787053827159717,-0.007551690225982011,0.05279232498343056
2024-11-21 13:08:00-05:00,66.30999755859375,66.37999725341797,66.30000305175781,66.37999725341797,11438.0,0.04193264969569732,0.052748559907955794,0.04527902551891838,0.08292545451409339
2024-11-21 13:09:00-05:00,66.36499786376953,66.4000015258789,66.3550033569336,66.4000015258789,6563.0,0.08294421233718818,0.030135994710223102,0.08295671590368148,0.030135994710223102
2024-11-21 13:10:00-05:00,66.37999725341797,66.44999694824219,66.37000274658203,66.41999816894531,7898.0,0.022601356334295275,0.075294309057794,0.022604760590172468,0.03011542561277558
2024-11-21 13:11:00-05:00,66.40760040283203,66.43000030517578,66.37999725341797,66.41000366210938,9730.0,0.04158353503493917,-0.030092767471434634,0.01505877116518839,-0.015047436181070406
2024-11-21 13:12:00-05:00,66.41000366210938,66.41999816894531,66.4000015258789,66.41999816894531,5488.0,0.003618952142181442,-0.015056655403467012,0.030135994710223102,0.015049700775193742
2024-11-21 13:13:00-05:00,66.41500091552734,66.45999908447266,66.41500091552734,66.44000244140625,10350.0,0.007524850387596871,0.06022420450177979,0.022589441722509207,0.030117845547139588
2024-11-21 13:14:00-05:00,66.44000244140625,66.45999908447266,66.41999816894531,66.41999816894531,3374.0,0.03764439589590829,0.0,0.007524284196458453,-0.03010877743205853
2024-11-21 13:15:00-05:00,66.41000366210938,66.42500305175781,66.37999725341797,66.38999938964844,10027.0,-0.045151683014055255,-0.05265728738630404,-0.06022420450177979,-0.045165281728209994
2024-11-21 13:16:00-05:00,66.3499984741211,66.3499984741211,66.33000183105469,66.3499984741211,3229.0,-0.09035564625712311,-0.1129161824475533,-0.0753169997467995,-0.06025141722411087
2024-11-21 13:17:00-05:00,66.3499984741211,66.3499984741211,66.30000305175781,66.31500244140625,2237.0,0.0,0.0,-0.045226561840416846,-0.052744587068065396
2024-11-21 13:18:00-05:00,66.31999969482422,66.33999633789062,66.30000305175781,66.33999633789062,4633.0,-0.04521293140432592,-0.01507481003841793,0.0,0.03768965628321297
2024-11-21 13:19:00-05:00,66.3499984741211,66.36499786376953,66.33999633789062,66.36000061035156,5257.0,0.04523338274262656,0.03768695697776714,0.06032169576462021,0.030154165760043483
2024-11-21 13:20:00-05:00,66.36000061035156,66.36000061035156,66.31999969482422,66.3499984741211,7778.0,0.01507481003841793,-0.007529953407403589,-0.030142665315435746,-0.015072537881966053
2024-11-21 13:21:00-05:00,66.36000061035156,66.41000366210938,66.3499984741211,66.41000366210938,5926.0,0.0,0.07535119243204935,0.04523338274262656,0.09043736151959081
2024-11-21 13:22:00-05:00,66.41999816894531,66.41999816894531,66.4000015258789,66.41500091552734,8944.0,0.09041223333621229,0.015049700775193742,0.07536255148117288,0.007524850387596871
2024-11-21 13:23:00-05:00,66.41500091552734,66.41999816894531,66.4000015258789,66.41500091552734,8587.0,-0.007523718090529652,0.0,0.0,0.0
2024-11-21 13:24:00-05:00,66.43000030517578,66.43000030517578,66.4000015258789,66.41500091552734,5769.0,0.02258434004618337,0.015058922773580896,0.0,0.0
2024-11-21 13:25:00-05:00,66.41999816894531,66.43000030517578,66.41000366210938,66.43000030517578,4776.0,-0.015056655403467012,0.0,0.015063457832265037,0.02258434004618337
2024-11-21 13:26:00-05:00,66.41000366210938,66.41000366210938,66.37999725341797,66.38999938964844,4508.0,-0.015047436181070406,-0.03010182594391786,-0.045183567289164284,-0.06021513675084078
2024-11-21 13:27:00-05:00,66.37000274658203,66.37000274658203,66.33999633789062,66.33999633789062,4173.0,-0.06023326806434692,-0.06023326806434692,-0.06026049590607263,-0.07531714447583937
2024-11-21 13:28:00-05:00,66.35359954833984,66.38999938964844,66.33999633789062,66.38999938964844,7664.0,-0.024714777103174157,0.030129037575532536,0.0,0.07537391395551207
2024-11-21 13:29:00-05:00,66.375,66.45999908447266,66.37000274658203,66.45999908447266,69700.0,0.03225213372872737,0.10543710719650434,0.045231248640065225,0.10543710719650434
2024-11-21 13:30:00-05:00,66.47000122070312,66.4800033569336,66.37999725341797,66.38999938964844,6451.0,0.14312801612523796,0.030099718231269,0.01505877116518839,-0.10532605445155996
2024-11-21 13:31:00-05:00,66.4000015258789,66.43000030517578,66.4000015258789,66.4000015258789,5256.0,-0.10531020541401093,-0.07521517634309083,0.030135994710223102,0.015065727251739602
2024-11-21 13:32:00-05:00,66.4000015258789,66.41999816894531,66.39009857177734,66.39009857177734,5983.0,0.0,-0.015056655403467012,-0.014914087159623168,-0.014914087159623168
2024-11-21 13:33:00-05:00,66.38999938964844,66.38999938964844,66.3499984741211,66.3499984741211,7864.0,-0.015063457832253935,-0.045165281728209994,-0.060400720165965094,-0.060400720165965094
2024-11-21 13:34:00-05:00,66.36000061035156,66.41500091552734,66.36000061035156,66.4000015258789,23099.0,-0.04518568997238237,0.037658572237919685,0.01507481003841793,0.07536255148117288
2024-11-21 13:35:00-05:00,66.4000015258789,66.4749984741211,66.4000015258789,66.47000122070312,7185.0,0.0602786545500722,0.09033736018473348,0.0602786545500722,0.10542122472232407
2024-11-21 13:36:00-05:00,66.45999908447266,66.48999786376953,66.4542007446289,66.4749984741211,8580.0,0.09035776689005903,0.022563956363641502,0.08162532756701424,0.007518058261157812
2024-11-21 13:37:00-05:00,66.47000122070312,66.48290252685547,66.47000122070312,66.47000122070312,1861.0,0.015049859115645603,-0.010671284617269627,0.023776489517857158,-0.007517493091657723
2024-11-21 13:38:00-05:00,66.46499633789062,66.52999877929688,66.44999694824219,66.5,12505.0,-0.007529536212702581,0.07083964545979704,-0.03009518894774299,0.04513130547008082
2024-11-21 13:39:00-05:00,66.5,66.55000305175781,66.5,66.54000091552734,6371.0,0.05266480709849031,0.030068048741882514,0.07524914078891332,0.06015175267268802
2024-11-21 13:40:00-05:00,66.53500366210938,66.53500366210938,66.5,66.5,2816.0,0.05263708587874838,-0.0225385258611821,0.0,-0.06011559209042616
2024-11-21 13:41:00-05:00,66.48999786376953,66.58000183105469,66.48999786376953,66.58000183105469,10854.0,-0.06764228731150901,0.06763082057352765,-0.015040806361610315,0.12030350534539824
2024-11-21 13:42:00-05:00,66.58000183105469,66.63999938964844,66.58000183105469,66.61499786376953,4522.0,0.13536467164514399,0.09011348294341026,0.13536467164514399,0.052562378720932834
2024-11-21 13:43:00-05:00,66.61000061035156,66.62000274658203,66.58999633789062,66.62000274658203,4905.0,0.04505674147170513,-0.030006967661400097,0.015011274498455407,0.0075131471485301304
2024-11-21 13:44:00-05:00,66.61000061035156,66.61000061035156,66.56999969482422,66.58999633789062,5279.0,0.0,-0.015013713326483824,-0.030029500174377777,-0.045041139979462574
2024-11-21 13:45:00-05:00,66.61000061035156,66.6500015258789,66.61000061035156,66.6500015258789,4608.0,0.0,0.06005241729591937,0.06008850189382908,0.09011141505970155
2024-11-21 13:46:00-05:00,66.63999938964844,66.6500015258789,66.62000274658203,66.63999938964844,5943.0,0.04503644951507901,0.0,0.015015967780840356,-0.015006955741159178
2024-11-21 13:47:00-05:00,66.58000183105469,66.62000274658203,66.58000183105469,66.61000061035156,11746.0,-0.09003235165555568,-0.04500942027019228,-0.06004340119813989,-0.04501617582778339
2024-11-21 13:48:00-05:00,66.61499786376953,66.6500015258789,66.5999984741211,66.63500213623047,9148.0,0.052562378720932834,0.045029687871656066,0.03003400798509137,0.03753419253837986
2024-11-21 13:49:00-05:00,66.62999725341797,66.62999725341797,66.54000091552734,66.54000091552734,10384.0,0.022516535509176094,-0.030013911482318356,-0.09008642637892139,-0.14256954702109859
2024-11-21 13:50:00-05:00,66.54000091552734,66.62000274658203,66.54000091552734,66.61000061035156,10695.0,-0.1350688002407341,-0.015000010877874725,0.0,0.10519941968905044
2024-11-21 13:51:00-05:00,66.6050033569336,66.62000274658203,66.59500122070312,66.62000274658203,4930.0,0.09768927038154018,0.0,0.0826575058897383,0.015015967780840356
2024-11-21 13:52:00-05:00,66.5999984741211,66.62000274658203,66.5999984741211,66.62000274658203,6147.0,-0.007514274544329069,0.0,0.007503946732279054,0.0
2024-11-21 13:53:00-05:00,66.62000274658203,66.66999816894531,66.62000274658203,66.66500091552734,6876.0,0.030036445824710434,0.07504566241682831,0.030036445824710434,0.0675445318074841
2024-11-21 13:54:00-05:00,66.66500091552734,66.69499969482422,66.66000366210938,66.67990112304688,11589.0,0.0675445318074841,0.03750041482759592,0.06004340119813989,0.022350869744092172
2024-11-21 13:55:00-05:00,66.68000030517578,66.69999694824219,66.66000366210938,66.69999694824219,5811.0,0.022499646654838834,0.0074926957655430115,0.0,0.030137754940917638
2024-11-21 13:56:00-05:00,66.68000030517578,66.68099975585938,66.66999816894531,66.68000030517578,3323.0,0.0,-0.028481549103454018,0.014993258756179628,-0.02997997598399582
2024-11-21 13:57:00-05:00,66.69999694824219,66.73999786376953,66.69999694824219,66.73999786376953,6692.0,0.029988966668992312,0.08847813938928084,0.044995920385138,0.08997834181037057
2024-11-21 13:58:00-05:00,66.76000213623047,66.76000213623047,66.73500061035156,66.74500274658203,16512.0,0.08996280469824036,0.029973438869101976,0.052479255938409075,0.007499075476014028
2024-11-21 13:59:00-05:00,66.7300033569336,66.74500274658203,66.72000122070312,66.74500274658203,10117.0,-0.04493525814402988,-0.022467629072009387,-0.02247604631940847,0.0
2024-11-21 14:00:00-05:00,66.74500274658203,66.76000213623047,66.7300033569336,66.7300033569336,6691.0,0.02247772949779403,0.022472678149987324,0.014991211102333146,-0.022472678149987324
2024-11-21 14:01:00-05:00,66.7300033569336,66.75499725341797,66.72000122070312,66.72000122070312,6379.0,-0.022472678149987324,-0.007496828418740442,-0.014988964075079991,-0.014988964075079991
2024-11-21 14:02:00-05:00,66.72000122070312,66.72000122070312,66.69999694824219,66.71499633789062,4071.0,-0.014988964075079991,-0.05242458865213351,-0.029982422204644088,-0.007501323022973683
2024-11-21 14:03:00-05:00,66.70989990234375,66.77999877929688,66.70989990234375,66.76499938964844,7458.0,-0.015139865369551142,0.08992439672668162,0.014847008327811828,0.07495024282779816
2024-11-21 14:04:00-05:00,66.77999877929688,66.80500030517578,66.77999877929688,66.80500030517578,4945.0,0.105080171092653,0.037438643809406535,0.105080171092653,0.059913002161349205
2024-11-21 14:05:00-05:00,66.79000091552734,66.80000305175781,66.76000213623047,66.7699966430664,5226.0,0.014977742457777943,-0.007480358349132299,-0.029944060245479243,-0.05239676962722761
2024-11-21 14:06:00-05:00,66.77999877929688,66.80000305175781,66.7699966430664,66.80000305175781,4816.0,-0.014975499466030051,0.0,0.014970800653268945,0.044939958364542676
2024-11-21 14:07:00-05:00,66.77999877929688,66.77999877929688,66.75,66.7699966430664,3448.0,0.0,-0.029946514291978588,-0.029948545861557818,-0.04491977143796788
2024-11-21 14:08:00-05:00,66.7699966430664,66.7699966430664,66.75,66.75,6229.0,-0.014977742457777943,-0.014977742457777943,0.0,-0.029948545861557818
2024-11-21 14:09:00-05:00,66.7300033569336,66.7300033569336,66.70339965820312,66.7300033569336,7127.0,-0.059897091723104534,-0.059897091723104534,-0.06981324613763995,-0.02995751770248356
2024-11-21 14:10:00-05:00,66.7249984741211,66.7300033569336,66.66000366210938,66.69000244140625,15565.0,-0.0075001986523659525,0.0,-0.06505814743493765,-0.05994442307065695
2024-11-21 14:11:00-05:00,66.70999908447266,66.7300033569336,66.6500015258789,66.6500015258789,6969.0,-0.022479415498610766,0.0,-0.015004703991872148,-0.05998037796217659
2024-11-21 14:12:00-05:00,66.63999938964844,66.6500015258789,66.56999969482422,66.56999969482422,6610.0,-0.10493133830744572,-0.1198888461413139,-0.12003275202270292,-0.12003275202270292
2024-11-21 14:13:00-05:00,66.58999633789062,66.62000274658203,66.58499908447266,66.61000061035156,5364.0,-0.07503459216054997,-0.04500942027019228,0.022531755621457705,0.06008850189382908
2024-11-21 14:14:00-05:00,66.5999984741211,66.625,66.58999633789062,66.6050033569336,4988.0,0.015020478721328168,0.007501130609344209,0.007505073945601737,-0.007502256976699151
2024-11-21 14:15:00-05:00,66.62000274658203,66.62000274658203,66.58000183105469,66.5999984741211,5811.0,0.030036445824710434,-0.007500567981943984,-0.015009021453049609,-0.007514274544329069
2024-11-21 14:16:00-05:00,66.5999984741211,66.62000274658203,66.56999969482422,66.62000274658203,6049.0,-0.030027426652967648,0.0,-0.015022733486624862,0.030036445824710434
2024-11-21 14:17:00-05:00,66.62999725341797,66.63999938964844,66.57499694824219,66.58999633789062,6162.0,0.045043213189455145,0.03001597454517224,0.007506764970521829,-0.045041139979462574
2024-11-21 14:18:00-05:00,66.58000183105469,66.58000183105469,66.52999877929688,66.55999755859375,6413.0,-0.0750344055593044,-0.09003235165555568,-0.06759019302741143,-0.04504997889571705
2024-11-21 14:19:00-05:00,66.56999969482422,66.58000183105469,66.51000213623047,66.51000213623047,20627.0,-0.015022733486624862,0.0,-0.030056581141302274,-0.07511331760381434
2024-11-21 14:20:00-05:00,66.51000213623047,66.5199966430664,66.47000122070312,66.47000122070312,15821.0,-0.09012702248579751,-0.09012494193157972,-0.06014270672464184,-0.06014270672464184
2024-11-21 14:21:00-05:00,66.49649810791016,66.53500366210938,66.48999786376953,66.53500366210938,7818.0,-0.02030375565565956,0.022560162056972644,0.03008371099619822,0.09779214715284201
2024-11-21 14:22:00-05:00,66.52999877929688,66.54000091552734,66.51499938964844,66.54000091552734,7539.0,0.05037960244516082,0.00751071337328213,0.03760193515141008,0.00751071337328213
2024-11-21 14:23:00-05:00,66.55000305175781,66.58999633789062,66.5199966430664,66.58999633789062,5280.0,0.030068048741882514,0.07513589070542448,0.007512972207512902,0.07513589070542448
2024-11-21 14:24:00-05:00,66.58000183105469,66.61499786376953,66.58000183105469,66.6050033569336,11623.0,0.0450770517223642,0.03754546816918669,0.0902062402532211,0.022536446716148184
2024-11-21 14:25:00-05:00,66.5999984741211,66.625,66.58999633789062,66.62000274658203,12884.0,0.03003400798509137,0.015014841328864215,0.015011274498455407,0.02251991425938904
2024-11-21 14:26:00-05:00,66.62999725341797,66.6500015258789,66.5999984741211,66.6355972290039,5671.0,0.045043213189455145,0.03752574240736273,0.015020478721328168,0.02340810834426943
2024-11-21 14:27:00-05:00,66.63400268554688,66.65499877929688,66.62000274658203,66.63999938964844,7103.0,0.006011454741128297,0.007497754393948064,0.030036445824710434,0.006606319786417458
2024-11-21 14:28:00-05:00,66.63919830322266,66.6500015258789,66.62999725341797,66.6500015258789,7739.0,0.007797246850538286,-0.007497192272876152,0.015002261218688417,0.01500920816637219
2024-11-21 14:29:00-05:00,66.62999725341797,66.6500015258789,66.62000274658203,66.62999725341797,9126.0,-0.013807263651077761,0.0,-0.015000010877874725,-0.030013911482318356
2024-11-21 14:30:00-05:00,66.5895004272461,66.5895004272461,66.52999877929688,66.52999877929688,3761.0,-0.06077867003033699,-0.0907743394564231,-0.1351005157227747,-0.15008026150858944
2024-11-21 14:31:00-05:00,66.5199966430664,66.61499786376953,66.5,66.58999633789062,17831.0,-0.10437649138940186,0.038290475765467846,-0.04509060551224353,0.09018121102448706
2024-11-21 14:32:00-05:00,66.5999984741211,66.66000366210938,66.5999984741211,66.66000366210938,11657.0,0.12026734078771639,0.06756105949576874,0.15037364529488784,0.10513189378102972
2024-11-21 14:33:00-05:00,66.65499877929688,66.68000030517578,66.63500213623047,66.6500015258789,5676.0,0.08258304269654904,0.029997962748051776,0.052558052419438006,-0.015004703991872148
2024-11-21 14:34:00-05:00,66.66000366210938,66.70999908447266,66.6500015258789,66.66500091552734,10941.0,0.0075086383679590085,0.04498917090518528,0.02250977589490777,0.02250471013509614
2024-11-21 14:35:00-05:00,66.66000366210938,66.66899871826172,66.63999938964844,66.6500015258789,9112.0,0.0,-0.06146060076993587,-0.015006955741159178,-0.022499646654838834
2024-11-21 14:36:00-05:00,66.65499877929688,66.66000366210938,66.62999725341797,66.62999725341797,6152.0,-0.007508074613782334,-0.01349211226399083,-0.015009208166383292,-0.030013911482318356
2024-11-21 14:37:00-05:00,66.63999938964844,66.6500015258789,66.61000061035156,66.61000061035156,7040.0,-0.022503022913711312,-0.015004703991872148,-0.030011472145718976,-0.030011472145718976
2024-11-21 14:38:00-05:00,66.61000061035156,66.62000274658203,66.58999633789062,66.5999984741211,3486.0,-0.04501617582778339,-0.04500942027019228,-0.03003193556168071,-0.015015967780840356
2024-11-21 14:39:00-05:00,66.61000061035156,66.62000274658203,66.59500122070312,66.61479949951172,6683.0,0.0,0.0,0.007515967994797812,0.022223762356965437
2024-11-21 14:40:00-05:00,66.6050033569336,66.62000274658203,66.5999984741211,66.62000274658203,3821.0,-0.007502256976699151,0.0,0.007503946732279054,0.007810947581332606
2024-11-21 14:41:00-05:00,66.62999725341797,66.6449966430664,66.58000183105469,66.58999633789062,11254.0,0.037525553974426806,0.03751710515451645,-0.030024990277099928,-0.045041139979462574
2024-11-21 14:42:00-05:00,66.5999984741211,66.61000061035156,66.58999633789062,66.61000061035156,5245.0,-0.04502293341357433,-0.05251111782970108,0.015011274498455407,0.030040957442656335
2024-11-21 14:43:00-05:00,66.61000061035156,66.62000274658203,66.58000183105469,66.58499908447266,5071.0,0.015018222912366319,0.015015967780840356,-0.015009021453049609,-0.03753419253837986
2024-11-21 14:44:00-05:00,66.58999633789062,66.61000061035156,66.58999633789062,66.6050033569336,4867.0,-0.03003193556168071,-0.015013713326483824,0.015011274498455407,0.03004321203874394
2024-11-21 14:45:00-05:00,66.5999984741211,66.6050033569336,66.56999969482422,66.5999984741211,11641.0,0.015020478721328168,-0.007502256976699151,-0.030029500174377777,-0.007514274544329069
2024-11-21 14:46:00-05:00,66.58999633789062,66.58999633789062,66.55000305175781,66.55000305175781,5780.0,-0.015018222912355217,-0.022531368946188124,-0.03003852059196843,-0.07506820346656617
2024-11-21 14:47:00-05:00,66.5199966430664,66.5199966430664,66.5,66.5,4579.0,-0.10512043651275116,-0.10512043651275116,-0.07513606230630243,-0.07513606230630243
2024-11-21 14:48:00-05:00,66.5,66.51000213623047,66.44000244140625,66.44000244140625,12312.0,-0.030061100534484186,-0.01502481560479163,-0.09022189262217761,-0.09022189262217761
2024-11-21 14:49:00-05:00,66.43000030517578,66.45999908447266,66.43000030517578,66.44999694824219,8066.0,-0.10526269898378793,-0.07518125116789953,-0.015054388716029266,0.015042905582007826
2024-11-21 14:50:00-05:00,66.47000122070312,66.48999786376953,66.38999938964844,66.41000366210938,11094.0,0.06021513675082968,0.04513809766795163,-0.06021513675084078,-0.060185534942858165
2024-11-21 14:51:00-05:00,66.41000366210938,66.41999816894531,66.36000061035156,66.4000015258789,11165.0,-0.09026261094013943,-0.10527853372418461,-0.04518568997238237,-0.015061189096388095
2024-11-21 14:52:00-05:00,66.41000366210938,66.43000030517578,66.33000183105469,66.37999725341797,15521.0,0.0,0.015058922773580896,-0.045206116668106144,-0.030126915664518972
2024-11-21 14:53:00-05:00,66.38999938964844,66.41500091552734,66.38999938964844,66.4000015258789,6863.0,-0.03012237819277619,-0.022579240673692436,0.09045312368083369,0.030135994710223102
2024-11-21 14:54:00-05:00,66.4000015258789,66.41999816894531,66.38999938964844,66.4000015258789,5669.0,0.015065727251739602,0.007524284196458453,0.0,0.0
2024-11-21 14:55:00-05:00,66.4000015258789,66.45999908447266,66.4000015258789,66.44000244140625,6475.0,0.0,0.06022420450177979,0.015065727251739602,0.06024234127728345
2024-11-21 14:56:00-05:00,66.44000244140625,66.44999694824219,66.4000015258789,66.41500091552734,10351.0,0.06024234127728345,-0.0150498591156345,0.0,-0.037630230223062444
2024-11-21 14:57:00-05:00,66.41999816894531,66.44000244140625,66.4000015258789,66.41999816894531,8319.0,-0.03010877743205853,-0.015040643032271372,0.0,0.007524284196458453
2024-11-21 14:58:00-05:00,66.44000244140625,66.45999908447266,66.43000030517578,66.45999908447266,6340.0,0.030117845547139588,0.03009729429803709,0.04517888344504062,0.06022420450177979
2024-11-21 14:59:00-05:00,66.47000122070312,66.5,66.45999908447266,66.48999786376953,7487.0,0.04515168301406636,0.06018795678359723,0.04515848134738487,0.04513809766795163
2024-11-21 15:00:00-05:00,66.45999908447266,66.51000213623047,66.45999908447266,66.5,3403.0,-0.015047594473871495,0.015040806361610315,0.0,0.015043068960474137
2024-11-21 15:01:00-05:00,66.48999786376953,66.5199966430664,66.4800033569336,66.48999786376953,6512.0,0.04513809766795163,0.01502707339486875,0.030099718231269,-0.015040806361610315
2024-11-21 15:02:00-05:00,66.48999786376953,66.51000213623047,66.4800033569336,66.4800033569336,7566.0,0.0,-0.01502481560479163,0.0,-0.015031594460890307
2024-11-21 15:03:00-05:00,66.4800033569336,66.5199966430664,66.4800033569336,66.5,7996.0,-0.015031594460890307,0.01502707339486875,0.0,0.03007918480244509
2024-11-21 15:04:00-05:00,66.50499725341797,66.50499725341797,66.47000122070312,66.47000122070312,5463.0,0.0375961119468915,-0.02254869273208282,-0.01504533051355228,-0.045110946311088806
2024-11-21 15:05:00-05:00,66.4800033569336,66.4800033569336,66.45999908447266,66.4800033569336,5348.0,-0.037581982582657325,-0.037581982582657325,-0.015047594473871495,0.015047594473860393
2024-11-21 15:06:00-05:00,66.48500061035156,66.51000213623047,66.4800033569336,66.5,8086.0,0.007516927144446406,0.04512451531599737,0.030099718231269,0.03007918480244509
2024-11-21 15:07:00-05:00,66.5,66.54000091552734,66.5,66.52999877929688,10032.0,0.022560561797013712,0.04510416228138414,0.03007918480244509,0.04511094631109991
2024-11-21 15:08:00-05:00,66.54000091552734,66.56999969482422,66.54000091552734,66.56999969482422,5680.0,0.06015175267268802,0.04508382759862428,0.06015175267268802,0.06012462988318479
2024-11-21 15:09:00-05:00,66.55999755859375,66.62480163574219,66.55999755859375,66.62480163574219,6722.0,0.030052063106800198,0.08232227905842215,0.030052063106800198,0.08232227905842215
2024-11-21 15:10:00-05:00,66.61019897460938,66.62999725341797,66.61000061035156,66.62999725341797,9734.0,0.07542280327073048,0.007798323669594431,0.07512478003592893,0.007798323669594431
2024-11-21 15:11:00-05:00,66.63999938964844,66.66500091552734,66.62999725341797,66.65499877929688,22089.0,0.04473851677042617,0.05253438924248677,0.030020481734238658,0.037522927974631415
2024-11-21 15:12:00-05:00,66.65499877929688,66.69000244140625,66.60289764404297,66.60289764404297,10558.0,0.022508087913886143,0.03750322588398358,-0.04067178521999226,-0.07816538325418065
2024-11-21 15:13:00-05:00,66.58999633789062,66.63999938964844,66.58999633789062,66.63999938964844,8797.0,-0.09752073002278205,-0.07497833247456231,-0.01937048778462014,0.055705903073111074
2024-11-21 15:14:00-05:00,66.63999938964844,66.70500183105469,66.63500213623047,66.70500183105469,9105.0,0.07509093633837338,0.09754268007442501,0.06758642561184303,0.09754268007442501
2024-11-21 15:15:00-05:00,66.69999694824219,66.76499938964844,66.69000244140625,66.76499938964844,7254.0,0.09003235165556678,0.0899446172653029,0.08253966145801428,0.0899446172653029
2024-11-21 15:16:00-05:00,66.76499938964844,66.77999877929688,66.73200225830078,66.75,9736.0,0.09745493910096048,0.022465947405914122,0.06297768084719824,-0.022465947405914122
2024-11-21 15:17:00-05:00,66.76000213623047,66.77999877929688,66.75,66.76000213623047,10425.0,-0.0074848400563931605,0.0,0.026970180857976978,0.014984473753520966
2024-11-21 15:18:00-05:00,66.7300033569336,66.7699966430664,66.69999694824219,66.71499633789062,9807.0,-0.04493525814402988,-0.014977742457777943,-0.07491093896301315,-0.06741431530814523
2024-11-21 15:19:00-05:00,66.70500183105469,66.7300033569336,66.69999694824219,66.72000122070312,8313.0,-0.03746669357286292,-0.059897091723104534,0.0,0.007501885763661065
2024-11-21 15:20:00-05:00,66.72000122070312,66.7300033569336,66.66999816894531,66.66999816894531,13539.0,0.022486154316325724,0.0,-0.044975683162551405,-0.0749446205679849
2024-11-21 15:21:00-05:00,66.69000244140625,66.73999786376953,66.69000244140625,66.73989868164062,7641.0,-0.04496219836334081,0.014977530845428078,0.030004909270053837,0.10484552964615812
2024-11-21 15:22:00-05:00,66.7300033569336,66.7699966430664,66.72100067138672,66.73500061035156,10737.0,0.05998037796217659,0.04494872678615369,0.04648107489231279,-0.007339045137644273
2024-11-21 15:23:00-05:00,66.75,66.79000091552734,66.73999786376953,66.77999877929688,8177.0,0.02996649492050807,0.029959972243043254,0.028472583132232998,0.06742813895821431
2024-11-21 15:24:00-05:00,66.77999877929688,66.80500030517578,66.76000213623047,66.76000213623047,8857.0,0.044941991455993424,0.022457537719478005,0.029973438869101976,-0.029944060245479243
2024-11-21 15:25:00-05:00,66.76000213623047,66.78500366210938,66.75,66.7699966430664,7488.0,-0.029944060245479243,-0.029932853790970437,-0.014982228745374915,0.014970800653268945
2024-11-21 15:26:00-05:00,66.7699966430664,66.83499908447266,66.7699966430664,66.83000183105469,6812.0,0.014970800653268945,0.0748602524845543,0.029957517702472458,0.08986849034762212
2024-11-21 15:27:00-05:00,66.83000183105469,66.83000183105469,66.75,66.75,7279.0,0.08986849034762212,-0.007477000802602607,-0.029948545861557818,-0.11970945512904674
2024-11-21 15:28:00-05:00,66.72000122070312,66.76499938964844,66.69999694824219,66.75,7266.0,-0.16459764677194677,-0.09726535930759672,-0.07491093896301315,0.0
2024-11-21 15:29:00-05:00,66.75,66.75,66.70500183105469,66.71499633789062,5049.0,0.04496219836334081,-0.022465947405914122,0.00750357277585767,-0.05243994323501644
2024-11-21 15:30:00-05:00,66.70999908447266,66.7249984741211,66.69000244140625,66.72000122070312,9423.0,-0.05992646520950329,-0.037455469481506576,-0.022486154316325724,0.007501885763661065
2024-11-21 15:31:00-05:00,66.71499633789062,66.75,66.71499633789062,66.75,5891.0,0.007491011072624509,0.037469503860099174,0.03747772614992595,0.04496219836334081
2024-11-21 15:32:00-05:00,66.75499725341797,66.78500366210938,66.7300033569336,66.75,18737.0,0.059957907101959584,0.05243994323502754,0.02249422148952185,0.0
2024-11-21 15:33:00-05:00,66.76000213623047,66.79499816894531,66.75,66.77999877929688,12968.0,0.0074973904852448925,0.014965196208582832,0.02996649492050807,0.044941991455993424
2024-11-21 15:34:00-05:00,66.79000091552734,66.80999755859375,66.66999816894531,66.68499755859375,16206.0,0.044935258144018775,0.02245585756361912,-0.11985293041900658,-0.14225999167369885
2024-11-21 15:35:00-05:00,66.6719970703125,66.6719970703125,66.56999969482422,66.62000274658203,16319.0,-0.17667890941353015,-0.20655664320331502,-0.14999021579045202,-0.09746541859675384
2024-11-21 15:36:00-05:00,66.62000274658203,66.66999816894531,66.61859893798828,66.66999816894531,8721.0,-0.07798525020277225,-0.002998112333552072,0.07300472192708352,0.07504566241682831
2024-11-21 15:37:00-05:00,66.66000366210938,66.66000366210938,66.62999725341797,66.63500213623047,8692.0,0.06004340119813989,-0.014991011115095265,0.01710980958979924,-0.05249142594269118
2024-11-21 15:38:00-05:00,66.6449966430664,66.6500015258789,66.57499694824219,66.5999984741211,16946.0,-0.022512778605654482,-0.015004703991872148,-0.08254586138821685,-0.05253044344144531
2024-11-21 15:39:00-05:00,66.58000183105469,66.58000183105469,66.5250015258789,66.55000305175781,12052.0,-0.09752391820171402,-0.10502579628154374,-0.07509639452503158,-0.07506820346656617
2024-11-21 15:40:00-05:00,66.55000305175781,66.61499786376953,66.55000305175781,66.61019897460938,10772.0,-0.04505674147170513,0.052562378720932834,0.0375821500269824,0.09045217143679452
2024-11-21 15:41:00-05:00,66.58100128173828,66.5999984741211,66.55500030517578,66.56999969482422,16356.0,0.04657885583621013,-0.022516535509187197,0.007509020569207436,-0.06035003708738662
2024-11-21 15:42:00-05:00,66.56999969482422,66.5999984741211,66.56999969482422,66.58999633789062,10493.0,-0.016523612895980033,0.0,0.02253683356572278,0.030038520591979534
2024-11-21 15:43:00-05:00,66.56999969482422,66.5999984741211,66.55000305175781,66.5999984741211,12906.0,0.0,0.0,-0.03003852059196843,0.015020478721328168
2024-11-21 15:44:00-05:00,66.5999984741211,66.66999816894531,66.5999984741211,66.66000366210938,13313.0,0.045063511242893206,0.10510464929127661,0.07512459815275374,0.0900978819265319
2024-11-21 15:45:00-05:00,66.66000366210938,66.66999816894531,66.6449966430664,66.6449966430664,8985.0,0.0900978819265319,0.0,0.06756481978418272,-0.022512778605654482
2024-11-21 15:46:00-05:00,66.6500015258789,66.68000030517578,66.62999725341797,66.6510009765625,14580.0,-0.015004703991872148,0.015002454635015816,-0.02250640018600647,0.00900942876214117
2024-11-21 15:47:00-05:00,66.6510009765625,66.67500305175781,66.62999725341797,66.66100311279297,10514.0,0.001499550878780731,-0.00749438121639967,0.0,0.015006730707600724
2024-11-21 15:48:00-05:00,66.66000366210938,66.66899871826172,66.58999633789062,66.5999984741211,15423.0,0.013507202314988476,-0.009005374160142576,-0.06003439468142968,-0.09151473248707465
2024-11-21 15:49:00-05:00,66.61000061035156,66.61000061035156,66.5199966430664,66.5199966430664,14675.0,-0.07501207472365712,-0.08849406627430279,-0.10512043651275116,-0.12012287220363183
2024-11-21 15:50:00-05:00,66.51000213623047,66.51000213623047,66.37999725341797,66.38999938964844,45039.0,-0.1501253163260774,-0.1501253163260774,-0.21046211171603657,-0.19542582678635512
2024-11-21 15:51:00-05:00,66.38999938964844,66.43000030517578,66.38999938964844,66.43000030517578,21956.0,-0.1804281201739144,-0.12028541344927257,0.015067997355111551,0.06025141722412197
2024-11-21 15:52:00-05:00,66.43499755859375,66.4800033569336,66.43000030517578,66.45999908447266,29809.0,0.06777853495858466,0.07527179215429669,0.06025141722412197,0.04515848134738487
2024-11-21 15:53:00-05:00,66.45999908447266,66.48500061035156,66.45500183105469,66.45500183105469,29252.0,0.03763306509774189,0.007516927144446406,0.037635896077148345,-0.0075191897183413126
2024-11-21 15:54:00-05:00,66.45390319824219,66.5199966430664,66.44499969482422,66.44999694824219,38395.0,-0.009172263488477217,0.0526374857390044,-0.015050990828191502,-0.007531235685198645
2024-11-21 15:55:00-05:00,66.45999908447266,66.47000122070312,66.40499877929688,66.45500183105469,69755.0,0.009173104869830695,-0.07515848599864983,-0.060201543699400784,0.007531802923033126
2024-11-21 15:56:00-05:00,66.45500183105469,66.59249877929688,66.44999694824219,66.58000183105469,67600.0,-0.0075191897183413126,0.18428998998663015,0.06776322531811818,0.18809720345471792
2024-11-21 15:57:00-05:00,66.57499694824219,66.58000183105469,66.5,66.5199966430664,69619.0,0.18056596776951928,-0.018766300215888876,0.07524914078891332,-0.09012494193157972
2024-11-21 15:58:00-05:00,66.51499938964844,66.55999755859375,66.5,66.55999755859375,138348.0,-0.0901202573698856,-0.030045466973249724,0.0,0.060133670393858196
2024-11-21 15:59:00-05:00,66.55999755859375,66.55999755859375,66.51499938964844,66.54000091552734,287529.0,0.06765116042730668,0.0,0.022555473155549954,-0.03004303455510504
2024-11-22 09:30:00-05:00,65.68000030517578,65.83000183105469,65.65499877929688,65.65499877929688,42610.0,-1.3221113066347323,-1.09674842895906,-1.292942371259198,-1.3300302435432454
2024-11-22 09:31:00-05:00,65.54000091552734,65.65499877929688,65.5,65.55390167236328,7222.0,-0.21315375913206758,-0.26584087329503125,-0.2360806978580765,-0.15398234530996646
2024-11-22 09:32:00-05:00,65.56999969482422,65.63999938964844,65.56999969482422,65.625,5671.0,0.04577171021944437,-0.022845769442259023,0.1068697630904003,0.10845781230850449
2024-11-22 09:33:00-05:00,65.625,65.75,65.625,65.68499755859375,3209.0,0.08388028890005117,0.1675816748543557,0.08388028890005117,0.09142485119046917
2024-11-22 09:34:00-05:00,65.68499755859375,65.70999908447266,65.58000183105469,65.70999908447266,6709.0,0.09142485119046917,-0.06083789433816156,-0.06856863839285188,0.0380627644183118
2024-11-22 09:35:00-05:00,65.70999908447266,65.80999755859375,65.69000244140625,65.76000213623047,12489.0,0.0380627644183118,0.1521815180556274,0.16773499127820113,0.07609656438061219
2024-11-22 09:36:00-05:00,65.80000305175781,65.87000274658203,65.75,65.83000183105469,8246.0,0.13697149374398698,0.09117944114016563,0.09133438326063281,0.1064472210314138
2024-11-22 09:37:00-05:00,65.79000091552734,65.8499984741211,65.66999816894531,65.66999816894531,10301.0,-0.015200814234916926,-0.030369320824075174,-0.12167578867633422,-0.24305583724576474
2024-11-22 09:38:00-05:00,65.65499877929688,65.73999786376953,65.6500015258789,65.70999908447266,6877.0,-0.205201602601901,-0.16704724814047278,-0.0304501958641179,0.06091200950613107
2024-11-22 09:39:00-05:00,65.70999908447266,65.71499633789062,65.59500122070312,65.69000244140625,8563.0,0.08377169476565527,-0.03803091982252926,-0.08377807143553628,-0.030431659328888916
2024-11-22 09:40:00-05:00,65.66000366210938,65.7699966430664,65.63999938964844,65.75,7198.0,-0.07608495367502632,0.08369521150541903,0.0685999971155038,0.09133438326063281
2024-11-22 09:41:00-05:00,65.73999786376953,65.79000091552734,65.72000122070312,65.79000091552734,3518.0,0.12183094303772624,0.030415498680191888,0.12187969500088158,0.06083789433817266
2024-11-22 09:42:00-05:00,65.80000305175781,65.80349731445312,65.62999725341797,65.66000366210938,9701.0,0.09127652865554836,0.020514361966816885,-0.13695064761624076,-0.1975942416916565
2024-11-22 09:43:00-05:00,65.55000305175781,65.66000366210938,65.55000305175781,65.66000366210938,9013.0,-0.3799391921051276,-0.21806386924700938,-0.1218866448390532,0.0
2024-11-22 09:44:00-05:00,65.69000244140625,65.75,65.66999816894531,65.69999694824219,6091.0,0.21357648074844526,0.13706416824730283,0.18305890404421987,0.06090966174570056
2024-11-22 09:45:00-05:00,65.66000366210938,65.69999694824219,65.56999969482422,65.66500091552734,15803.0,-0.045667191630316406,-0.07605026883317212,-0.15227421487638004,-0.0532664145211692
2024-11-22 09:46:00-05:00,65.63899993896484,65.80999755859375,65.63899993896484,65.76000213623047,6770.0,-0.03198861098548944,0.1674286384491408,0.10523142361105187,0.14467557965214262
2024-11-22 09:48:00-05:00,65.82499694824219,65.82499694824219,65.79000091552734,65.79000091552734,40148.0,0.28336356350691094,0.022791962019264034,0.230047649572529,0.045618580173889534
2024-11-22 09:49:00-05:00,65.79000091552734,65.84500122070312,65.79000091552734,65.84500122070312,4042.0,-0.05316526295072732,0.0303900849044636,0.0,0.08359979390546446
2024-11-22 09:50:00-05:00,65.87000274658203,65.875,65.80000305175781,65.80000305175781,4847.0,0.12160180869644766,0.04555969130644044,0.015203125233753667,-0.06833953695966066
2024-11-22 09:51:00-05:00,65.81999969482422,65.91000366210938,65.75,65.84500122070312,9494.0,-0.07591171955797504,0.05313648897058432,-0.07599247635061701,0.06838627182117474
2024-11-22 09:52:00-05:00,65.80999755859375,65.87999725341797,65.70999908447266,65.70999908447266,14060.0,-0.015196196105804471,-0.045526334432077764,-0.06083789433816156,-0.20503019777911025
2024-11-22 09:53:00-05:00,65.69999694824219,65.7300033569336,65.5999984741211,65.6500015258789,17440.0,-0.16714878351670182,-0.22767744799290224,-0.1674031530728759,-0.09130658869226371
2024-11-22 09:54:00-05:00,65.65499877929688,65.7300033569336,65.65499877929688,65.72660064697266,4204.0,-0.06849036687286425,0.0,0.08384193057180411,0.11667801875610007
2024-11-22 09:55:00-05:00,65.75,65.75,65.58000183105469,65.58000183105469,5027.0,0.1446976200890404,0.030422397756191266,-0.11422884721130622,-0.22304335607644665
2024-11-22 09:56:00-05:00,65.58499908447266,65.61489868164062,65.55000305175781,65.59750366210938,3448.0,-0.2509519627792334,-0.20547729028042028,-0.0457437914902159,0.026687756276344565
2024-11-22 09:57:00-05:00,65.59500122070312,65.65499877929688,65.58999633789062,65.62999725341797,5104.0,0.015250646291220527,0.061114317726551626,0.061011875317884545,0.049534798573991345
2024-11-22 09:58:00-05:00,65.62000274658203,65.66999816894531,65.5999984741211,65.66999816894531,3359.0,0.038114986528903216,0.022845769442270125,0.015249484355717158,0.06094913484895326
2024-11-22 09:59:00-05:00,65.70890045166016,65.70890045166016,65.5999984741211,65.69000244140625,8104.0,0.13547348576232743,0.05923904948916814,0.0,0.03046181364201317
2024-11-22 10:00:00-05:00,65.66500091552734,65.66500091552734,65.54000091552734,65.54000091552734,5254.0,-0.066809116924893,-0.066809116924893,-0.09145969510566676,-0.2283475723915629
2024-11-22 10:01:00-05:00,65.58000183105469,65.58999633789062,65.52999877929688,65.52999877929688,5604.0,-0.12944351372506935,-0.11422306646002856,-0.015261117013654069,-0.015261117013654069
2024-11-22 10:02:00-05:00,65.57350158691406,65.58999633789062,65.5,65.58999633789062,5326.0,-0.009911930404282732,0.0,-0.04577869655989497,0.09155739311978994
2024-11-22 10:03:00-05:00,65.55500030517578,65.55999755859375,65.41999816894531,65.41999816894531,7348.0,-0.02821457035317998,-0.0457368211187803,-0.12214020008348703,-0.2591830743053469
2024-11-22 10:04:00-05:00,65.43499755859375,65.45999908447266,65.41999816894531,65.42009735107422,11681.0,-0.18305658763387855,-0.15252970995266457,0.0,0.00015160827220306317
2024-11-22 10:05:00-05:00,65.43499755859375,65.44999694824219,65.41000366210938,65.44170379638672,2446.0,0.0,-0.015279768362908008,-0.015277448969241991,0.033027228921023166
2024-11-22 10:06:00-05:00,65.41500091552734,65.62999725341797,65.41500091552734,65.58999633789062,11958.0,-0.03055955346907835,0.2750195776450859,0.007639891665167653,0.226602507118856
2024-11-22 10:07:00-05:00,65.6050033569336,65.66000366210938,65.58999633789062,65.63999938964844,5639.0,0.2904569880715968,0.04572056978082717,0.2675157378492665,0.07623578983022572
2024-11-22 10:08:00-05:00,65.58999633789062,65.62999725341797,65.52999877929688,65.58000183105469,14904.0,-0.022874808741824015,-0.04569967562874089,-0.0914736422375606,-0.09140395970693715
2024-11-22 10:09:00-05:00,65.6343002319336,65.6343002319336,65.50499725341797,65.50499725341797,18181.0,0.06754672437354614,0.0065564203804768795,-0.03815279466601318,-0.11437111244666509
2024-11-22 10:10:00-05:00,65.48500061035156,65.54000091552734,65.4000015258789,65.51499938964844,16196.0,-0.22747194843922847,-0.14367383528585131,-0.16028659177386162,0.015269272040074888
2024-11-22 10:11:00-05:00,65.51000213623047,65.51000213623047,65.4124984741211,65.41500091552734,6331.0,0.038179011446715094,-0.04577171021944437,0.019108483104912644,-0.15263447310188694
2024-11-22 10:12:00-05:00,65.37000274658203,65.44499969482422,65.34500122070312,65.44499969482422,6641.0,-0.21370689220450156,-0.09922521643500604,-0.10318708961204459,0.04585917431325637
2024-11-22 10:13:00-05:00,65.47000122070312,65.51000213623047,65.44999694824219,65.51000213623047,4039.0,0.15297303031904796,0.09932377066141918,0.16067905054348852,0.09932377066141918
2024-11-22 10:14:00-05:00,65.4800033569336,65.52999877929688,65.43000030517578,65.4800033569336,12074.0,0.01527743400637771,0.03052456482113275,-0.030552550036355708,-0.04579267030779821
2024-11-22 10:15:00-05:00,65.45999908447266,65.49220275878906,65.44499969482422,65.49220275878906,4340.0,-0.030550200726009447,-0.05767743203400899,0.022924330702234208,0.01863072881802541
2024-11-22 10:16:00-05:00,65.4749984741211,65.4749984741211,65.38990020751953,65.4000015258789,3717.0,0.022913825020198786,-0.026269210597984483,-0.08419205067097257,-0.1407820000340121
2024-11-22 10:17:00-05:00,65.41000366210938,65.48999786376953,65.41000366210938,65.45999908447266,4967.0,-0.09926661096052447,0.02290857578921557,0.03074397502678128,0.09173938408855165
2024-11-22 10:18:00-05:00,65.45999908447266,65.46240234375,65.3949966430664,65.41999816894531,7439.0,0.07643390852192233,-0.04213699941926219,-0.02294300290899276,-0.06110741840329448
2024-11-22 10:19:00-05:00,65.41500091552734,65.43000030517578,65.2699966430664,65.30750274658203,13792.0,-0.06874147506058526,-0.04949717305526846,-0.19114612190022084,-0.1719587672148304
2024-11-22 10:20:00-05:00,65.33000183105469,65.375,65.26000213623047,65.3324966430664,11316.0,-0.1299382149094752,-0.08405976603890197,-0.015312559138913606,0.03827109510121662
2024-11-22 10:21:00-05:00,65.34500122070312,65.4800033569336,65.34249877929688,65.4800033569336,8811.0,0.022959420217416593,0.16061698957337,0.12641225921843358,0.22577847387812433
2024-11-22 10:22:00-05:00,65.5199966430664,65.5199966430664,65.3904037475586,65.4114990234375,12953.0,0.26780230942566874,0.061077098476625125,0.07331364602924939,-0.10461870797817685
2024-11-22 10:23:00-05:00,65.3949966430664,65.5199966430664,65.3949966430664,65.5,23310.0,-0.19078145055617668,0.0,0.007023806620831685,0.13529880507827663
2024-11-22 10:24:00-05:00,65.5,65.54000091552734,65.45999908447266,65.54000091552734,8233.0,0.16056787571487874,0.03053155293935017,0.09939971671080183,0.061070100041749065
2024-11-22 10:25:00-05:00,65.4800033569336,65.61000061035156,65.4800033569336,65.5999984741211,9606.0,-0.030529226055586722,0.10680453745253171,0.030559536725816017,0.09154342043888875
2024-11-22 10:26:00-05:00,65.58999633789062,65.61000061035156,65.55999755859375,65.61000061035156,4556.0,0.16797949804225887,0.0,0.12216584844093603,0.015247159242570696
2024-11-22 10:27:00-05:00,65.62999725341797,65.62999725341797,65.5199966430664,65.55249786376953,4507.0,0.06098630547450856,0.03047804127478404,-0.061014211435250765,-0.08764326481801588
2024-11-22 10:28:00-05:00,65.5250015258789,65.55000305175781,65.41999816894531,65.41999816894531,4364.0,-0.15998130722699733,-0.1218866448390532,-0.15262283156981526,-0.20212760633405713
2024-11-22 10:29:00-05:00,65.41999816894531,65.52999877929688,65.41999816894531,65.51000213623047,10175.0,-0.1602493010124162,-0.03051757670421429,0.0,0.13757867594663686
2024-11-22 10:30:00-05:00,65.4800033569336,65.51499938964844,65.4800033569336,65.48999786376953,2011.0,0.09172300468935912,-0.022889348279941935,0.09172300468935912,-0.03053621097330872
2024-11-22 10:31:00-05:00,65.48999786376953,65.5790023803711,65.44000244140625,65.5790023803711,5311.0,0.015263448875302288,0.0976921183224011,-0.06108874996432201,0.13590551153583874
2024-11-22 10:32:00-05:00,65.55999755859375,65.58989715576172,65.5,65.5,3989.0,0.10688608506268515,0.016613206964377625,0.09168330738904551,-0.12046901828860479
2024-11-22 10:33:00-05:00,65.51000213623047,65.51000213623047,65.44999694824219,65.4800033569336,19358.0,-0.0762590363408644,-0.12180994786669119,-0.07634053703482468,-0.030529226055586722
2024-11-22 10:34:00-05:00,65.4800033569336,65.58000183105469,65.47000122070312,65.58000183105469,7245.0,-0.04579267030779821,0.10685344610223968,0.030564206865824062,0.15271604916695658
2024-11-22 10:35:00-05:00,65.55000305175781,65.57499694824219,65.54000091552734,65.55000305175781,4903.0,0.10690239956563374,-0.0076317210624510246,0.10691873150918685,-0.0457437914902159
2024-11-22 10:36:00-05:00,65.55000305175781,65.56999969482422,65.51499938964844,65.55500030517578,3079.0,0.0,-0.007620668929519958,-0.038146972123376255,0.007623574653425891
2024-11-22 10:37:00-05:00,65.55000305175781,65.55000305175781,65.48500061035156,65.48500061035156,3672.0,0.0,-0.03049663437467709,-0.04578917740418742,-0.10678009991358373
2024-11-22 10:38:00-05:00,65.48500061035156,65.63990020751953,65.48500061035156,65.5999984741211,23325.0,-0.09916466572079674,0.1371428704446176,0.0,0.1756094719366219
2024-11-22 10:39:00-05:00,65.61000061035156,65.61000061035156,65.58000183105469,65.60659790039062,5501.0,0.1908834066350229,-0.045550948544170744,0.1450732531383725,0.010060101254638631
2024-11-22 10:40:00-05:00,65.68000030517578,65.68000030517578,65.61499786376953,65.61499786376953,4057.0,0.1066905870645174,0.1066905870645174,0.05336387883154714,0.012803534473260214
2024-11-22 10:41:00-05:00,65.6343994140625,65.6343994140625,65.58999633789062,65.58999633789062,2674.0,-0.06942888383282275,-0.06942888383282275,-0.03810337071230574,-0.03810337071230574
2024-11-22 10:42:00-05:00,65.58000183105469,65.61000061035156,65.58000183105469,65.60569763183594,6010.0,-0.08287968427140857,-0.03717380509116186,-0.015237852407323782,0.02393854981241894
2024-11-22 10:43:00-05:00,65.58000183105469,65.61000061035156,65.54750061035156,65.55000305175781,9200.0,0.0,0.0,-0.04955965202143586,-0.08489290120908821
2024-11-22 10:44:00-05:00,65.55000305175781,65.58000183105469,65.5199966430664,65.58000183105469,5143.0,-0.0457437914902159,-0.04572287611309678,-0.04196036008856652,0.04576472601105497
2024-11-22 10:45:00-05:00,65.58499908447266,65.58499908447266,65.55000305175781,65.55000305175781,5679.0,0.05338830066448086,0.007620087341320136,0.045797329409014154,-0.0457437914902159
2024-11-22 10:46:00-05:00,65.5199966430664,65.5199966430664,65.43000030517578,65.43000030517578,3733.0,-0.09911175164084574,-0.09911175164084574,-0.1830705430894919,-0.1830705430894919
2024-11-22 10:47:00-05:00,65.43000030517578,65.47000122070312,65.41000366210938,65.44000244140625,4310.0,-0.13735705510014018,-0.07630559359708133,-0.030561887472324578,0.015286773932166042
2024-11-22 10:48:00-05:00,65.43000030517578,65.47000122070312,65.41000366210938,65.44499969482422,9224.0,0.0,0.0,0.0,0.007636389412479794
2024-11-22 10:49:00-05:00,65.44499969482422,65.48999786376953,65.43000030517578,65.48500061035156,14944.0,0.022924330702234208,0.03054321474502686,0.030571230617426615,0.061121423659371565
2024-11-22 10:50:00-05:00,65.51000213623047,65.51000213623047,65.43499755859375,65.4800033569336,11576.0,0.09932377066141918,0.030545538423365493,0.007637556770068166,-0.007631142049924211
2024-11-22 10:51:00-05:00,65.4800033569336,65.48500061035156,65.46050262451172,65.48500061035156,3904.0,-0.04579267030779821,-0.038164440640553465,0.03897771356242696,0.007631724437651144
2024-11-22 10:52:00-05:00,65.4800033569336,65.51000213623047,65.4800033569336,65.48999786376953,5085.0,0.0,0.038179011446715094,0.029790074380775522,0.007631142049913109
2024-11-22 10:53:00-05:00,65.48999786376953,65.54000091552734,65.48999786376953,65.5250015258789,9948.0,0.015263448875302288,0.04579267030779821,0.015263448875302288,0.05344886738611887
2024-11-22 10:54:00-05:00,65.5250015258789,65.58000183105469,65.5250015258789,65.58000183105469,6814.0,0.05344886738611887,0.06103282723308734,0.05344886738611887,0.08393789224721004
2024-11-22 10:55:00-05:00,65.58000183105469,65.6500015258789,65.58000183105469,65.6050033569336,24429.0,0.08393789224721004,0.10673939138421407,0.08393789224721004,0.03812370414888466
2024-11-22 10:56:00-05:00,65.63999938964844,65.68000030517578,65.62999725341797,65.66500091552734,8185.0,0.0914875829804318,0.04569501690727673,0.07623577457664954,0.09145271781685338
2024-11-22 10:57:00-05:00,65.69419860839844,65.75,65.68000030517578,65.72000122070312,10436.0,0.0825704132449312,0.10657687956603379,0.07618932477588825,0.08375893460588202
2024-11-22 10:58:00-05:00,65.70999908447266,65.7300033569336,65.69999694824219,65.72000122070312,5609.0,0.02405155464093589,-0.030413145348151538,0.030445558729441657,0.0
2024-11-22 10:59:00-05:00,65.70500183105469,65.77999877929688,65.70500183105469,65.77999877929688,5940.0,-0.007605012155831314,0.07606179797647883,0.007617782412450147,0.09129269245182758
2024-11-22 11:00:00-05:00,65.79000091552734,65.82279968261719,65.79000091552734,65.80000305175781,3363.0,0.129364709084423,0.065066743865283,0.129364709084423,0.030410873870723165
2024-11-22 11:01:00-05:00,65.80000305175781,65.80000305175781,65.72000122070312,65.75,10632.0,0.015203125233753667,-0.03463333521104284,-0.10639868346269399,-0.07599247635061701
2024-11-22 11:02:00-05:00,65.75,65.77999877929688,65.73999786376953,65.76000213623047,10298.0,-0.07599247635061701,-0.030401628469833852,0.030427027837776066,0.015212374494999459
2024-11-22 11:03:00-05:00,65.74500274658203,65.83499908447266,65.74500274658203,65.81500244140625,9077.0,-0.007600385426564937,0.08361250561939038,0.007613147208895832,0.08363793094445793
2024-11-22 11:04:00-05:00,65.81999969482422,65.87000274658203,65.81999969482422,65.87000274658203,2685.0,0.11407246955523753,0.05316877435428413,0.11407246955523753,0.08356803636790922
2024-11-22 11:05:00-05:00,65.87000274658203,65.93000030517578,65.86000061035156,65.9000015258789,3544.0,0.07596938922767027,0.09108479746777753,0.060773193121854696,0.04554239873388877
2024-11-22 11:06:00-05:00,65.87999725341797,65.87999725341797,65.8550033569336,65.87999725341797,2507.0,0.015173077909813593,-0.07584263844434558,-0.007587691120036766,-0.03035549620296063
2024-11-22 11:07:00-05:00,65.88999938964844,65.90499877929688,65.88500213623047,65.8949966430664,5178.0,0.015182356781218154,0.037950101580497275,0.045552771646351076,0.02276774479927912
2024-11-22 11:08:00-05:00,65.91999816894531,65.91999816894531,65.9000015258789,65.91999816894531,3317.0,0.04552857728754578,0.02275910769480305,0.022766015272224216,0.03794146316500324
2024-11-22 11:09:00-05:00,65.88999938964844,65.88999938964844,65.87000274658203,65.87999725341797,5427.0,-0.045507858207138874,-0.045507858207138874,-0.045521667074766015,-0.060681002182105814
2024-11-22 11:10:00-05:00,65.87999725341797,65.93000030517578,65.86360168457031,65.91999816894531,3812.0,-0.015180052091545715,0.06070862937908039,-0.0097177193636111,0.0607178463797986
2024-11-22 11:11:00-05:00,65.94999694824219,65.97000122070312,65.91999816894531,65.95999908447266,8525.0,0.10625333597837905,0.060671796363087616,0.08562617733098854,0.060681002182105814
2024-11-22 11:12:00-05:00,65.95999908447266,66.0,65.93499755859375,65.93499755859375,5353.0,0.015166242142994335,0.045473364774561986,0.02275392910358054,-0.03790407250746641
2024-11-22 11:13:00-05:00,65.93499755859375,65.93499755859375,65.84500122070312,65.84500122070312,3782.0,-0.03790407250746641,-0.09848854758522929,-0.1364925172108289,-0.1364925172108289
2024-11-22 11:14:00-05:00,65.8499984741211,65.9000015258789,65.81999969482422,65.81999969482422,9099.0,-0.1289134566162975,-0.05307656633147806,-0.037970271722076454,-0.037970271722076454
2024-11-22 11:16:00-05:00,65.79000091552734,65.80999755859375,65.78500366210938,65.79000091552734,20144.0,-0.09111246770541204,-0.13657657845396187,-0.053169299418265314,-0.045576997016050225
2024-11-22 11:17:00-05:00,65.78500366210938,65.8949966430664,65.77999877929688,65.8949966430664,23563.0,-0.0075957643234980665,0.12915831579689563,-0.00760793879135413,0.15959222690067332
2024-11-22 11:18:00-05:00,65.9000015258789,65.91000366210938,65.79129791259766,65.80999755859375,29134.0,0.17480863018597415,0.02277414038618364,0.017177156446424036,-0.12899171227380712
2024-11-22 11:19:00-05:00,65.83999633789062,65.83999633789062,65.76000213623047,65.76000213623047,9788.0,-0.09105491137919586,-0.10621653820207522,-0.0475682610924677,-0.07596934237653619
2024-11-22 11:20:00-05:00,65.7300033569336,65.7300033569336,65.66999816894531,65.70999908447266,5485.0,-0.1670610374772008,-0.1670610374772008,-0.13686734239864995,-0.07603870154113679
2024-11-22 11:21:00-05:00,65.70999908447266,65.80999755859375,65.70999908447266,65.80500030517578,5307.0,-0.03043400492817039,0.12170119819676639,0.06091200950613107,0.1445765058998072
2024-11-22 11:22:00-05:00,65.80500030517578,65.93000030517578,65.80500030517578,65.86499786376953,34659.0,0.1445765058998072,0.18234728921724397,0.1445765058998072,0.0911747713935318
2024-11-22 11:23:00-05:00,65.86499786376953,65.86499786376953,65.83000183105469,65.83999633789062,4915.0,0.0911747713935318,-0.09859311558526596,0.03799335272844928,-0.037958743930455174
2024-11-22 11:24:00-05:00,65.83999633789062,65.88500213623047,65.79000091552734,65.82499694824219,18236.0,-0.037958743930455174,0.03037162849730546,-0.06076395931143841,-0.022781577282382504
2024-11-22 11:25:00-05:00,65.83000183105469,65.83999633789062,65.77749633789062,65.77749633789062,9951.0,-0.015179993000979941,-0.06830962568200594,-0.019006805688870365,-0.0721619636213755
2024-11-22 11:26:00-05:00,65.80000305175781,65.86000061035156,65.79499816894531,65.81999969482422,20075.0,-0.04557007209853303,0.030383161563785066,0.026607627272379197,0.06461686640557573
2024-11-22 11:27:00-05:00,65.82499694824219,65.83499908447266,65.80000305175781,65.81999969482422,19924.0,0.037984643351340885,-0.037961624122695437,0.007606783116931304,0.0
2024-11-22 11:28:00-05:00,65.86000061035156,65.9000015258789,65.86000061035156,65.86000061035156,12926.0,0.053176853372138844,0.09873538742339871,0.09118169576156632,0.060773193121854696
2024-11-22 11:29:00-05:00,65.86499786376953,65.91999816894531,65.86499786376953,65.91999816894531,3114.0,0.007587691120036766,0.030343918973274597,0.007587691120036766,0.0910986304854644
2024-11-22 11:30:00-05:00,65.88999938964844,65.88999938964844,65.87000274658203,65.87000274658203,3239.0,0.03795874393044407,-0.045507858207138874,0.007598698815503013,-0.07584257243932191
2024-11-22 11:31:00-05:00,65.83999633789062,65.85990142822266,65.78500366210938,65.82340240478516,41019.0,-0.07588868147063721,-0.045679104119877856,-0.1290406572467706,-0.0707459235672947
2024-11-22 11:32:00-05:00,65.81999969482422,65.8499984741211,65.79000091552734,65.83499908447266,43078.0,-0.030371573782872474,-0.015036393749168209,0.0075963413236790345,0.01761786729921333
2024-11-22 11:33:00-05:00,65.83499908447266,65.87999725341797,65.81500244140625,65.81500244140625,5440.0,0.022788498508030663,0.04555623385271712,0.038002014790983196,-0.030373879159240058
2024-11-22 11:34:00-05:00,65.81999969482422,65.83999633789062,65.81539916992188,65.81999969482422,14225.0,-0.02278330653455729,-0.0607178463797986,0.0006027934375207877,0.007592878876550024
2024-11-22 11:35:00-05:00,65.81999969482422,65.88999938964844,65.81999969482422,65.86499786376953,27418.0,0.0,0.07594631612857228,0.006990043303489735,0.06836549552406979
2024-11-22 11:36:00-05:00,65.8499984741211,65.87689971923828,65.83999633789062,65.84500122070312,3262.0,0.04557699701606133,-0.019881120855214096,0.030380800910245753,-0.03036004511495216
2024-11-22 11:37:00-05:00,65.84500122070312,65.91500091552734,65.84500122070312,65.91500091552734,26008.0,-0.007588843635175646,0.05783696022649831,0.007601584281413665,0.10630980868173712
2024-11-22 11:38:00-05:00,65.91500091552734,66.04000091552734,65.91500091552734,66.04000091552734,6155.0,0.10630980868173712,0.18963816773696074,0.10630980868173712,0.18963816773696074
2024-11-22 11:39:00-05:00,66.06999969482422,66.06999969482422,66.04000091552734,66.06500244140625,2307.0,0.2351494760585826,0.04542516487129333,0.18963816773696074,0.03785815495502831
2024-11-22 11:40:00-05:00,66.0728988647461,66.08999633789062,66.0250015258789,66.04499816894531,9877.0,0.004388027751267565,0.030265844042332013,-0.022712582435646667,-0.030279681709965978
2024-11-22 11:41:00-05:00,66.06999969482422,66.08000183105469,66.02999877929688,66.06999969482422,3629.0,-0.004387835211849822,-0.015122571326586787,0.007568728970053229,0.03785529044144642
2024-11-22 11:42:00-05:00,66.05500030517578,66.05999755859375,66.0,66.04000091552734,5559.0,-0.022702269892116433,-0.030272808575404486,-0.04543204581473059,-0.045404539784221765
2024-11-22 11:43:00-05:00,66.0199966430664,66.03500366210938,65.98999786376953,66.00250244140625,8246.0,-0.05299169169277196,-0.03783514594017934,-0.015154751864343563,-0.056781456089105564
2024-11-22 11:44:00-05:00,66.0,66.11000061035156,66.0,66.05999755859375,7487.0,-0.03028876716628659,0.11357150614534905,0.01515704887748992,0.08711051105758649
2024-11-22 11:45:00-05:00,66.08499908447266,66.16000366210938,66.08499908447266,66.16000366210938,6516.0,0.12878649162524347,0.07563613870240626,0.12878649162524347,0.151386780520113
2024-11-22 11:46:00-05:00,66.16999816894531,66.20999908447266,66.1500015258789,66.1500015258789,12358.0,0.12862084535101292,0.07556744195271747,0.09836187078275938,-0.015118101083477775
2024-11-22 11:47:00-05:00,66.15499877929688,66.19000244140625,66.15499877929688,66.16000366210938,4875.0,-0.022667961407740744,-0.030201847670918713,0.007554426761458011,0.015120386998868085
2024-11-22 11:48:00-05:00,66.12999725341797,66.12999725341797,66.0999984741211,66.12999725341797,2863.0,-0.03779234576409829,-0.0906559688397035,-0.08313854763911666,-0.04535430325042222
2024-11-22 11:49:00-05:00,66.12999725341797,66.18000030517578,66.12999725341797,66.18000030517578,4820.0,0.0,0.07561326755571862,0.04538393341813052,0.07561326755571862
2024-11-22 11:50:00-05:00,66.19000244140625,66.25,66.1719970703125,66.25,13357.0,0.09073822845981905,0.10577167497949347,0.06351099143946382,0.10577167497949347
2024-11-22 11:51:00-05:00,66.26000213623047,66.30000305175781,66.23500061035156,66.30000305175781,8312.0,0.10575569155808484,0.07547630454010079,0.09521178569253941,0.07547630454010079
2024-11-22 11:52:00-05:00,66.27999877929688,66.30999755859375,66.27999877929688,66.30999755859375,5815.0,0.030179055873391647,0.015074670250214695,0.06793714581514454,0.015074670250214695
2024-11-22 11:53:00-05:00,66.30999755859375,66.37999725341797,66.30999755859375,66.37000274658203,9685.0,0.04526068172807651,0.10556431518846665,0.04526068172807651,0.09049191705257087
2024-11-22 11:54:00-05:00,66.36000061035156,66.36000061035156,66.31999969482422,66.32499694824219,5909.0,0.07540801326924029,-0.030124501195838427,0.015083903783330577,-0.06781045122400409
2024-11-22 11:55:00-05:00,66.33999633789062,66.37000274658203,66.33999633789062,66.36499786376953,3955.0,-0.030145075763932105,0.015072537881977155,0.03015175385769897,0.0603104671961896
2024-11-22 11:56:00-05:00,66.36499786376953,66.4000015258789,66.36499786376953,66.37999725341797,15075.0,0.03768695697776714,0.04519930398589889,0.03768695697776714,0.022601356334295275
2024-11-22 11:57:00-05:00,66.37650299072266,66.38999938964844,66.36000061035156,66.37999725341797,7734.0,0.017336137005141694,-0.015063457832253935,-0.007529953407403589,0.0
2024-11-22 11:58:00-05:00,66.37999725341797,66.4000015258789,66.37999725341797,66.38500213623047,3638.0,0.005264306701735499,0.015065727251739602,0.03013357878614009,0.007539745434748113
2024-11-22 11:59:00-05:00,66.38999938964844,66.4000015258789,66.30999755859375,66.30999755859375,10276.0,0.015067997355111551,0.0,-0.10545299445702261,-0.11298422116911011
2024-11-22 12:00:00-05:00,66.29000091552734,66.30000305175781,66.2699966430664,66.30000305175781,3753.0,-0.1506227971688867,-0.15060010816734248,-0.060324109485898614,-0.015072398135895781
2024-11-22 12:01:00-05:00,66.30989837646484,66.30989837646484,66.25499725341797,66.2699966430664,2616.0,0.030015780151915195,0.014925074285909723,-0.02263375646330834,-0.045258532896264025
2024-11-22 12:02:00-05:00,66.2699966430664,66.30000305175781,66.2699966430664,66.29000091552734,3303.0,-0.06017462607452728,-0.014922847039899878,0.02263888049238716,0.030186017012612254
2024-11-22 12:03:00-05:00,66.2750015258789,66.27999877929688,66.23999786376953,66.23999786376953,2812.0,0.007552260549315015,-0.030172355264179718,-0.045267512926627784,-0.07543076039707719
2024-11-22 12:04:00-05:00,66.23999786376953,66.29000091552734,66.23999786376953,66.29000091552734,3179.0,-0.05281578469026327,0.015090730861011536,0.0,0.07548770134420124
2024-11-22 12:05:00-05:00,66.30000305175781,66.31999969482422,66.29000091552734,66.29000091552734,3817.0,0.09058754517428103,0.04525385259097625,0.07548770134420124,0.0
2024-11-22 12:06:00-05:00,66.31999969482422,66.33000183105469,66.30000305175781,66.33000183105469,3010.0,0.030160847882299002,0.015081628884949794,0.01508845390305602,0.06034230649403227
2024-11-22 12:07:00-05:00,66.31999969482422,66.31999969482422,66.26000213623047,66.27999877929688,7739.0,0.0,-0.015079354672631329,-0.06033320314648982,-0.0753852711856906
2024-11-22 12:08:00-05:00,66.28500366210938,66.31999969482422,66.28500366210938,66.31999969482422,12887.0,-0.05276844522901225,0.0,0.037732455588379565,0.060351412589110254
2024-11-22 12:09:00-05:00,66.30000305175781,66.45999908447266,66.29000091552734,66.44000244140625,39876.0,0.02262863214868016,0.21109678874042803,0.007539040720949686,0.18094503488272906
2024-11-22 12:10:00-05:00,66.44999694824219,66.51499938964844,66.44999694824219,66.48999786376953,12636.0,0.22623512757198316,0.08275700561757304,0.24135771685795948,0.07524897731208124
2024-11-22 12:11:00-05:00,66.5199966430664,66.58999633789062,66.48999786376953,66.58999633789062,12672.0,0.10534190826034795,0.11275193404551853,0.06019701634976116,0.1503962661060454
2024-11-22 12:12:00-05:00,66.5999984741211,66.62999725341797,66.5999984741211,66.62000274658203,8261.0,0.12026734078771639,0.060070457617045214,0.16543933506651953,0.04506143616400671
2024-11-22 12:13:00-05:00,66.61000061035156,66.6666030883789,66.61000061035156,66.66000366210938,9768.0,0.015018222912366319,0.05493897113895141,0.015018222912366319,0.06004340119813989
2024-11-22 12:14:00-05:00,66.66000366210938,66.66000366210938,66.62000274658203,66.66000366210938,9515.0,0.07506838507675972,-0.009899148844860761,0.015015967780840356,0.0
2024-11-22 12:15:00-05:00,66.6500015258789,66.66000366210938,66.62000274658203,66.66000366210938,10402.0,-0.015004703991872148,0.0,0.0,0.0
2024-11-22 12:16:00-05:00,66.66999816894531,66.69000244140625,66.66000366210938,66.66999816894531,11925.0,0.030002464529044204,0.045002666739923924,0.06004340119813989,0.014993258756179628
2024-11-22 12:17:00-05:00,66.68000030517578,66.69000244140625,66.62000274658203,66.63500213623047,8796.0,0.015002454635015816,0.0,-0.06000737073178497,-0.05249142594269118
2024-11-22 12:18:00-05:00,66.63500213623047,66.66000366210938,66.62000274658203,66.66000366210938,8582.0,-0.06748375635777792,-0.04498242344980197,0.0,0.03752010966817654
2024-11-22 12:19:00-05:00,66.63999938964844,66.63999938964844,66.56999969482422,66.56999969482422,21265.0,0.007499442121661204,-0.030009407983733194,-0.07505711452462371,-0.1350194454554421
2024-11-22 12:20:00-05:00,66.55999755859375,66.56999969482422,66.54000091552734,66.56999969482422,5069.0,-0.12005076798832226,-0.10504155982193897,-0.04506351124290431,0.0
2024-11-22 12:21:00-05:00,66.58000183105469,66.62999725341797,66.58000183105469,66.62000274658203,4733.0,0.030054496987208523,0.09012702248580862,0.06011559209042616,0.07511349254474275
2024-11-22 12:22:00-05:00,66.58999633789062,66.62999725341797,66.52999877929688,66.52999877929688,12249.0,0.015011274498455407,0.0,-0.07510220844495485,-0.1351005157227747
2024-11-22 12:23:00-05:00,66.52999877929688,66.54000091552734,66.44999694824219,66.44999694824219,10006.0,-0.09009995779142299,-0.1350688002407341,-0.12024925976638068,-0.12024925976638068
2024-11-22 12:24:00-05:00,66.46790313720703,66.46790313720703,66.43000030517578,66.44499969482422,4590.0,-0.09333480118620674,-0.10835253581051862,-0.030092767471434634,-0.007520321516130135
2024-11-22 12:25:00-05:00,66.44750213623047,66.5,66.44499969482422,66.5,7821.0,-0.03069301123348467,0.04828926636470943,0.022579240673681333,0.08277568730286067
2024-11-22 12:26:00-05:00,66.51000213623047,66.55000305175781,66.5,66.54000091552734,2750.0,0.0940592166607912,0.07519255903429833,0.08277568730286067,0.06015175267268802
2024-11-22 12:27:00-05:00,66.55000305175781,66.58000183105469,66.53500366210938,66.53500366210938,5843.0,0.060142706724630735,0.0450770517223642,0.05263708587874838,-0.007510149307499159
2024-11-22 12:28:00-05:00,66.5199966430664,66.5250015258789,66.51000213623047,66.5250015258789,1957.0,-0.04508851587590179,-0.08260784569418256,-0.03757650034239557,-0.01503289348455672
2024-11-22 12:29:00-05:00,66.5250015258789,66.5250015258789,66.51000213623047,66.5199966430664,2215.0,0.0075238771272800875,0.0,0.0,-0.007523311082602291
2024-11-22 12:30:00-05:00,66.48999786376953,66.48999786376953,66.37999725341797,66.37999725341797,5143.0,-0.05261730373017359,-0.05261730373017359,-0.1954666646171721,-0.21046211171603657
2024-11-22 12:31:00-05:00,66.38990020751953,66.38990020751953,66.30000305175781,66.30000305175781,4995.0,-0.1505454346006907,-0.1505454346006907,-0.12050949829774948,-0.12050949829774948
2024-11-22 12:32:00-05:00,66.30000305175781,66.3499984741211,66.30000305175781,66.3499984741211,4676.0,-0.13540787903087992,-0.06010211383615793,0.0,0.07540787339670452
2024-11-22 12:33:00-05:00,66.36000061035156,66.37000274658203,66.30999755859375,66.30999755859375,10870.0,0.09049405102878882,0.03014962007683586,0.015074670250214695,-0.06028774144274385
2024-11-22 12:34:00-05:00,66.19999694824219,66.23999786376953,66.19999694824219,66.23999786376953,6109.0,-0.241114618200311,-0.19587897759909545,-0.16588842467436526,-0.10556431518846665
2024-11-22 12:35:00-05:00,66.23999786376953,66.33999633789062,66.23999786376953,66.31999969482422,8835.0,0.06042434648239059,0.15096388488229362,0.06042434648239059,0.12077571502828732
2024-11-22 12:36:00-05:00,66.30999755859375,66.30999755859375,66.30999755859375,66.30999755859375,2253.0,0.10567587119820754,-0.04521974819546859,0.10567587119820754,-0.015081628884938691
2024-11-22 12:37:00-05:00,66.30999755859375,66.33000183105469,66.29000091552734,66.30000305175781,4985.0,0.0,0.030167807566661153,-0.03015630191923746,-0.015072398135895781
2024-11-22 12:38:00-05:00,66.33000183105469,66.4000015258789,66.33000183105469,66.375,13587.0,0.030167807566661153,0.10553247835347612,0.06034230649403227,0.11311756378600268
2024-11-22 12:39:00-05:00,66.37000274658203,66.375,66.33999633789062,66.36000061035156,23759.0,0.060305916513048174,-0.037652899554774244,0.01506785249516529,-0.022597950506120235
2024-11-22 12:40:00-05:00,66.37000274658203,66.37999725341797,66.36000061035156,66.37999725341797,14819.0,0.0,0.007528818708801843,0.030154165760043483,0.03013357878614009
2024-11-22 12:41:00-05:00,66.37999725341797,66.37999725341797,66.36000061035156,66.375,7630.0,0.01505877116518839,0.0,0.0,-0.007528251920363438
2024-11-22 12:42:00-05:00,66.37999725341797,66.43000030517578,66.37999725341797,66.43000030517578,10570.0,0.0,0.07532849326117308,0.03013357878614009,0.0828629833156791
2024-11-22 12:43:00-05:00,66.42500305175781,66.43990325927734,66.4000015258789,66.43509674072266,5676.0,0.06780024134080964,0.014907352184367895,0.030135994710223102,0.007671888489335643
2024-11-22 12:44:00-05:00,66.41999816894531,66.41999816894531,66.4000015258789,66.41999816894531,3844.0,-0.007534636932726713,-0.029959541413471236,0.0,-0.022726800318018103
2024-11-22 12:45:00-05:00,66.41999816894531,66.43000030517578,66.4000015258789,66.41500091552734,1789.0,0.0,0.015058922773580896,0.0,-0.007523718090529652
2024-11-22 12:46:00-05:00,66.41999816894531,66.4800033569336,66.41999816894531,66.45999908447266,11064.0,0.0,0.07527179215429669,0.03011542561277558,0.06775302013855011
2024-11-22 12:47:00-05:00,66.45999908447266,66.5,66.45999908447266,66.48999786376953,5012.0,0.06022420450177979,0.03007918480244509,0.06022420450177979,0.04513809766795163
2024-11-22 12:48:00-05:00,66.47000122070312,66.51000213623047,66.47000122070312,66.51000213623047,5053.0,0.015049859115645603,0.015040806361610315,0.015049859115645603,0.03008613792097048
2024-11-22 12:49:00-05:00,66.51000213623047,66.53500366210938,66.51000213623047,66.52999877929688,2352.0,0.06017889994394121,0.037590625583949766,0.06017889994394121,0.030065617838115344
2024-11-22 12:50:00-05:00,66.52999877929688,66.55999755859375,66.5199966430664,66.55000305175781,6145.0,0.030065617838115344,0.03756503360441421,0.01502707339486875,0.030068048741882514
2024-11-22 12:51:00-05:00,66.55500030517578,66.55500030517578,66.5199966430664,66.54000091552734,8533.0,0.037579327127068574,-0.007507893030744839,0.0,-0.015029505291963563
2024-11-22 12:52:00-05:00,66.53500366210938,66.55000305175781,66.48999786376953,66.5199966430664,8279.0,-0.030045290323366114,-0.007508456757654436,-0.04509738546416564,-0.030063528983614862
2024-11-22 12:53:00-05:00,66.48500061035156,66.48999786376953,66.4800033569336,66.48999786376953,2495.0,-0.07515300068479114,-0.090165567598266,-0.015031594460890307,-0.04509738546416564
2024-11-22 12:54:00-05:00,66.5,66.5250015258789,66.5,66.51000213623047,10613.0,0.022560561797013712,0.05264500411188422,0.03007918480244509,0.03008613792097048
2024-11-22 12:55:00-05:00,66.51000213623047,66.53500366210938,66.51000213623047,66.53500366210938,2980.0,0.015040806361610315,0.015035153703202297,0.015040806361610315,0.037590625583949766
2024-11-22 12:56:00-05:00,66.52429962158203,66.56999969482422,66.52429962158203,66.56999969482422,6590.0,0.02149674468854279,0.05259792708898203,0.02149674468854279,0.05259792708898203
2024-11-22 12:57:00-05:00,66.55999755859375,66.57990264892578,66.55999755859375,66.57499694824219,4360.0,0.05366149995533753,0.014876001422492457,0.05366149995533753,0.007506764970521829
2024-11-22 12:58:00-05:00,66.57499694824219,66.58999633789062,66.55999755859375,66.56999969482422,12305.0,0.0225351415243491,0.0151602639283821,0.0,-0.007506201497620157
2024-11-22 12:59:00-05:00,66.56999969482422,66.56999969482422,66.55000305175781,66.55870056152344,4556.0,-0.007506201497620157,-0.030029500174377777,-0.01501578606150078,-0.016973311330303886
2024-11-22 13:00:00-05:00,66.56500244140625,66.56999969482422,66.41500091552734,66.43000030517578,11693.0,-0.007506764970521829,0.0,-0.2028581969041765,-0.19336353513796922
2024-11-22 13:01:00-05:00,66.43000030517578,66.44999694824219,66.4000015258789,66.43000030517578,7710.0,-0.20281248595958035,-0.18026550568147615,-0.02258434004618337,0.0
2024-11-22 13:02:00-05:00,66.43000030517578,66.44999694824219,66.38999938964844,66.44000244140625,4113.0,0.0,0.0,-0.015063457832253935,0.015056655403467012
2024-11-22 13:03:00-05:00,66.44999694824219,66.46499633789062,66.44999694824219,66.46499633789062,1483.0,0.03010182594391786,0.022572445955293396,0.09037137994476474,0.0376187470890299
2024-11-22 13:04:00-05:00,66.44999694824219,66.45500183105469,66.40499877929688,66.44000244140625,6513.0,0.0,-0.015037248757421295,-0.06771733786589129,-0.03760460070939553
2024-11-22 13:05:00-05:00,66.45500183105469,66.47000122070312,66.44499969482422,66.44499969482422,2775.0,0.007531802923033126,0.02257074597118436,0.060237807789587094,0.007521452790992811
2024-11-22 13:06:00-05:00,66.44000244140625,66.45999908447266,66.41999816894531,66.44999694824219,7865.0,-0.02257074597119546,-0.015047594473871495,-0.037627400095918695,0.007520887111023278
2024-11-22 13:07:00-05:00,66.47000122070312,66.4800033569336,66.43000030517578,66.43730163574219,7329.0,0.04515168301406636,0.030099718231269,0.015058922773580896,-0.01910506107304366
2024-11-22 13:08:00-05:00,66.44999694824219,66.45999908447266,66.44490051269531,66.44490051269531,2427.0,-0.03009518894774299,-0.030090661027093457,0.022429937454582216,0.0114376664404503
2024-11-22 13:09:00-05:00,66.44000244140625,66.44000244140625,66.4000015258789,66.4000015258789,5474.0,-0.015040643032271372,-0.030088238552317126,-0.06757326216152437,-0.06757326216152437
2024-11-22 13:10:00-05:00,66.38999938964844,66.41999816894531,66.38999938964844,66.41999816894531,4706.0,-0.07526046044611379,-0.03010877743205853,-0.015063457832253935,0.03011542561277558
2024-11-22 13:11:00-05:00,66.41999816894531,66.44989776611328,66.41999816894531,66.44989776611328,6743.0,0.04518568997238237,0.045015956025640236,0.04518568997238237,0.045015956025640236
2024-11-22 13:12:00-05:00,66.43000030517578,66.44000244140625,66.4207992553711,66.43000030517578,4250.0,0.015058922773580896,-0.01489140696929736,0.0012060922129908391,-0.02994355387503367
2024-11-22 13:13:00-05:00,66.43000030517578,66.45800018310547,66.41500091552734,66.41500091552734,5016.0,0.0,0.027088713181622204,-0.008729705015231293,-0.022579240673692436
2024-11-22 13:14:00-05:00,66.41500091552734,66.41999816894531,66.41000366210938,66.41500091552734,3985.0,-0.022579240673692436,-0.05718200074551483,-0.007524284196469555,0.0
2024-11-22 13:15:00-05:00,66.43360137939453,66.44000244140625,66.43360137939453,66.44000244140625,1085.0,0.028006419650350445,0.030117845547139588,0.03553337747912444,0.03764439589590829
2024-11-22 13:16:00-05:00,66.44999694824219,66.44999694824219,66.41500091552734,66.41500091552734,6131.0,0.024679632756963166,0.015042905582007826,-0.02799857825103169,-0.037630230223062444
2024-11-22 13:17:00-05:00,66.4000015258789,66.4000015258789,66.37999725341797,66.38500213623047,2239.0,-0.07523765938202143,-0.07523765938202143,-0.052704451745622105,-0.04516868009236674
2024-11-22 13:18:00-05:00,66.38500213623047,66.44999694824219,66.38500213623047,66.44999694824219,11031.0,-0.02258944172252031,0.075294309057794,0.007539745434748113,0.09790586716913463
2024-11-22 13:19:00-05:00,66.45999908447266,66.45999908447266,66.44210052490234,66.44999694824219,3980.0,0.1129727285212434,0.01505212443915216,0.08601097662797041,0.0
2024-11-22 13:20:00-05:00,66.44999694824219,66.48500061035156,66.41999816894531,66.48500061035156,7747.0,-0.0150498591156345,0.037618907949621416,-0.033265588809539004,0.05267669483361992
2024-11-22 13:21:00-05:00,66.5,66.51000213623047,66.49500274658203,66.50499725341797,1023.0,0.07524914078891332,0.037604761449028246,0.11292469091301882,0.030076923941990685
2024-11-22 13:22:00-05:00,66.5199966430664,66.54000091552734,66.50499725341797,66.54000091552734,5789.0,0.030070139949489594,0.04510416228138414,0.015030463077092548,0.05263313067436215
2024-11-22 13:23:00-05:00,66.54000091552734,66.58499908447266,66.52999877929688,66.58000183105469,16141.0,0.030072569859362908,0.06762574139793642,0.03759345449430018,0.06011559209042616
2024-11-22 13:24:00-05:00,66.58000183105469,66.58000183105469,66.55879974365234,66.55879974365234,8760.0,0.06011559209042616,-0.007505073945601737,0.04329019221991359,-0.03184452811543226
2024-11-22 13:25:00-05:00,66.55000305175781,66.56999969482422,66.5199966430664,66.55999755859375,12685.0,-0.04505674147170513,-0.015022733486624862,-0.058298978850857,0.001799634227217517
2024-11-22 13:26:00-05:00,66.55999755859375,66.62000274658203,66.54000091552734,66.61499786376953,18667.0,0.015018041138437077,0.07511349254474275,0.030072569859362908,0.08263267306667377
2024-11-22 13:27:00-05:00,66.62999725341797,66.63999938964844,66.61000061035156,66.61000061035156,24052.0,0.10516781459104507,0.03001597454517224,0.10519941968905044,-0.007501694180322982
2024-11-22 13:28:00-05:00,66.62000274658203,66.62999725341797,66.57499694824219,66.57499694824219,25657.0,-0.015000010877874725,-0.015009208166383292,-0.05255016031922022,-0.05255016031922022
2024-11-22 13:29:00-05:00,66.56999969482422,66.56999969482422,66.54000091552734,66.56999969482422,6841.0,-0.07505711452462371,-0.09004586682715976,-0.05256633018255741,-0.007506201497620157
2024-11-22 13:30:00-05:00,66.54499816894531,66.56500244140625,66.54000091552734,66.56500244140625,5042.0,-0.03755674627237138,-0.007506764970521829,0.0,-0.007506764970521829
2024-11-22 13:31:00-05:00,66.56500244140625,66.62000274658203,66.56500244140625,66.61000061035156,13974.0,0.03006127133724501,0.08262646008942998,0.03757367829111402,0.06760034146309213
2024-11-22 13:32:00-05:00,66.61499786376953,66.65499877929688,66.58000183105469,66.6500015258789,13476.0,0.07510766999112573,0.052530818481000274,0.022533447154371444,0.06005241729591937
2024-11-22 13:33:00-05:00,66.63999938964844,66.68000030517578,66.62999725341797,66.62999725341797,21226.0,0.03753137683804031,0.03750885355453537,0.0750907494567965,-0.030013911482318356
2024-11-22 13:34:00-05:00,66.62999725341797,66.62999725341797,66.58999633789062,66.59500122070312,19929.0,-0.015009208166383292,-0.07498957937757122,-0.06003439468142968,-0.05252293885251724
2024-11-22 13:35:00-05:00,66.58999633789062,66.5999984741211,66.56999969482422,66.58000183105469,17069.0,-0.06003439468142968,-0.04502293341357433,-0.030029500174377777,-0.022523296604093357
2024-11-22 13:36:00-05:00,66.56500244140625,66.58999633789062,66.52999877929688,66.52999877929688,9779.0,-0.03753401090090813,-0.015018222912355217,-0.06008850189382908,-0.07510220844495485
2024-11-22 13:37:00-05:00,66.54000091552734,66.55269622802734,66.44999694824219,66.4657974243164,13590.0,-0.03755956578069819,-0.05601458464423725,-0.12024925976638068,-0.09649985894851776
2024-11-22 13:38:00-05:00,66.47000122070312,66.48999786376953,66.44999694824219,66.44999694824219,6395.0,-0.10519941968903934,-0.09420860132096642,0.0,-0.023772341093497573
2024-11-22 13:39:00-05:00,66.4000015258789,66.43990325927734,66.37000274658203,66.41500091552734,7237.0,-0.10531020541401093,-0.07534156429787053,-0.12038255129260822,-0.05266521342672803
2024-11-22 13:40:00-05:00,66.37999725341797,66.41000366210938,66.37999725341797,66.41000366210938,4152.0,-0.030126915664518972,-0.04500246945166042,0.01505877116518839,-0.007524284196469555
2024-11-22 13:41:00-05:00,66.40499877929688,66.43000030517578,66.40499877929688,66.41999816894531,4582.0,0.03766424663058654,0.030110889871570734,0.03766424663058654,0.015049700775193742
2024-11-22 13:42:00-05:00,66.41999816894531,66.43000030517578,66.41000366210938,66.43000030517578,3266.0,0.02258774177270606,0.0,0.007536906715621683,0.015058922773580896
2024-11-22 13:43:00-05:00,66.43499755859375,66.44999694824219,66.43000030517578,66.44999694824219,10193.0,0.022582640864099446,0.03010182594391786,0.030110889871570734,0.03010182594391786
2024-11-22 13:44:00-05:00,66.41999816894531,66.41999816894531,66.38999938964844,66.38999938964844,3878.0,-0.02257754225881703,-0.04514489191058679,-0.06021513675084078,-0.09028978382118469
2024-11-22 13:45:00-05:00,66.38999938964844,66.44000244140625,66.38999938964844,66.44000244140625,7629.0,-0.045165281728209994,0.030117845547139588,0.0,0.07531714447583937
2024-11-22 13:46:00-05:00,66.435302734375,66.44000244140625,66.4000015258789,66.4000015258789,2708.0,0.06823820627059884,0.0,0.015065727251739602,-0.06020607173008452
2024-11-22 13:47:00-05:00,66.38999938964844,66.43000030517578,66.38999938964844,66.43000030517578,4106.0,-0.0681916734957877,-0.015054388716029266,-0.015063457832253935,0.04517888344504062
2024-11-22 13:48:00-05:00,66.44000244140625,66.44999694824219,66.43000030517578,66.43000030517578,5057.0,0.07531714447583937,0.03010182594391786,0.06025141722412197,0.0
2024-11-22 13:49:00-05:00,66.43000030517578,66.44999694824219,66.41999816894531,66.44000244140625,5687.0,-0.015054388716029266,0.0,-0.015056655403467012,0.015056655403467012
2024-11-22 13:50:00-05:00,66.41999816894531,66.41999816894531,66.36000061035156,66.37370300292969,7174.0,-0.015056655403467012,-0.04514489191058679,-0.09033056345641999,-0.09978843473859023
2024-11-22 13:51:00-05:00,66.3499984741211,66.36000061035156,66.31999969482422,66.33999633789062,5129.0,-0.10538948622998978,-0.09033056345641999,-0.0602786545500833,-0.05078316187598908
2024-11-22 13:52:00-05:00,66.3550033569336,66.36000061035156,66.34010314941406,66.36000061035156,4756.0,0.007543154374678451,0.0,0.03031280862839658,0.030154165760043483
2024-11-22 13:53:00-05:00,66.35769653320312,66.38999938964844,66.35769653320312,66.38999938964844,3784.0,0.004058738803824902,0.04520611666811725,0.026519982565353928,0.04520611666811725
2024-11-22 13:54:00-05:00,66.38400268554688,66.38999938964844,66.37999725341797,66.38500213623047,4008.0,0.03964295585605626,0.0,0.03360683293713862,-0.007527117734462685
2024-11-22 13:55:00-05:00,66.38500213623047,66.41000366210938,66.37000274658203,66.4000015258789,8329.0,0.001505559537173795,0.030131454503457,-0.015056503840726876,0.022594545704257563
2024-11-22 13:56:00-05:00,66.41000366210938,66.41999816894531,66.4000015258789,66.41999816894531,3278.0,0.037661407056366336,0.015049700775193742,0.04519930398589889,0.03011542561277558
2024-11-22 13:57:00-05:00,66.41899871826172,66.44999694824219,66.41320037841797,66.44000244140625,9072.0,0.013544730697656604,0.04516528172819889,0.01987778951166863,0.030117845547139588
2024-11-22 13:58:00-05:00,66.44000244140625,66.45999908447266,66.43000030517578,66.43000030517578,3803.0,0.03162306501129919,0.01505212443915216,0.02529606563468345,-0.015054388716029266
2024-11-22 13:59:00-05:00,66.41999816894531,66.44999694824219,66.41999816894531,66.44499969482422,3463.0,-0.03010877743205853,-0.0150498591156345,-0.015056655403467012,0.022579240673681333
2024-11-22 14:00:00-05:00,66.43000030517578,66.43000030517578,66.4000015258789,66.43000030517578,12721.0,0.015058922773580896,-0.030092767471434634,-0.0301063589546402,-0.022574143603470986
2024-11-22 14:01:00-05:00,66.42510223388672,66.44000244140625,66.41999816894531,66.43990325927734,6360.0,-0.007373282051126306,0.015056655403467012,0.03011542561277558,0.014907352184367895
2024-11-22 14:02:00-05:00,66.41000366210938,66.44999694824219,66.41000366210938,66.44999694824219,12559.0,-0.02273021985601531,0.015042905582007826,-0.015047436181070406,0.015192209003456192
2024-11-22 14:03:00-05:00,66.45999908447266,66.4800033569336,66.45999908447266,66.47000122070312,10499.0,0.07528296883954066,0.04515637331747868,0.07528296883954066,0.030104248878326523
2024-11-22 14:04:00-05:00,66.45999908447266,66.48999786376953,66.44000244140625,66.48999786376953,5486.0,0.0,0.015033854288892812,-0.030088238552317126,0.03008371099619822
2024-11-22 14:05:00-05:00,66.4999008178711,66.55000305175781,66.4894027709961,66.54170227050781,12732.0,0.060038720957122926,0.0902469392632943,0.0743532928575874,0.07776268371104678
2024-11-22 14:06:00-05:00,66.55999755859375,66.55999755859375,66.5,66.51000213623047,14265.0,0.09037117346573087,0.015018041138437077,0.015938222577216443,-0.047639500036344984
2024-11-22 14:07:00-05:00,66.5199966430664,66.56999969482422,66.5156021118164,66.56999969482422,8342.0,-0.06009753154232467,0.015027248493604262,0.023461822280301803,0.09020832456276828
2024-11-22 14:08:00-05:00,66.58000183105469,66.62000274658203,66.55000305175781,66.58999633789062,13895.0,0.0902062402532211,0.07511349254474275,0.05171860262735972,0.030038520591979534
2024-11-22 14:09:00-05:00,66.56999969482422,66.58999633789062,66.55999755859375,66.56500244140625,4754.0,-0.015022733486624862,-0.045041139979462574,0.015018041138437077,-0.03753401090090813
2024-11-22 14:10:00-05:00,66.58000183105469,66.58000183105469,66.55000305175781,66.55000305175781,3133.0,0.015024990650935877,-0.015009021453049609,-0.01501578606150078,-0.022533447154371444
2024-11-22 14:11:00-05:00,66.55999755859375,66.55999755859375,66.5199966430664,66.55000305175781,4994.0,-0.030045466973249724,-0.030045466973249724,-0.04508851587590179,0.0
2024-11-22 14:12:00-05:00,66.51000213623047,66.5199966430664,66.51000213623047,66.5199966430664,2073.0,-0.07511331760381434,-0.06009753154232467,-0.01502481560479163,-0.04508851587590179
2024-11-22 14:13:00-05:00,66.5199966430664,66.54000091552734,66.50499725341797,66.5199966430664,11906.0,0.01502707339486875,0.030072569859362908,-0.00752500774582332,0.0
2024-11-22 14:14:00-05:00,66.54000091552734,66.55000305175781,66.5199966430664,66.55000305175781,5731.0,0.030072569859362908,0.01503176449180188,0.02255377831426042,0.045108854789055464
2024-11-22 14:15:00-05:00,66.52999877929688,66.54000091552734,66.4800033569336,66.4800033569336,6216.0,-0.015031764491812982,-0.015029505291963563,-0.06012220106896837,-0.10518360873669197
2024-11-22 14:16:00-05:00,66.48500061035156,66.51000213623047,66.45500183105469,66.51000213623047,13201.0,-0.06763590826837085,-0.04508382759861318,-0.037607588171550965,0.04512451531599737
2024-11-22 14:17:00-05:00,66.5,66.52999877929688,66.48999786376953,66.5,10539.0,0.022560561797013712,0.030065617838115344,0.05266124708538378,-0.015038544443257695
2024-11-22 14:18:00-05:00,66.47000122070312,66.4800033569336,66.43000030517578,66.44000244140625,6191.0,-0.045110946311088806,-0.0751471866535458,-0.09023546476371047,-0.09022189262217761
2024-11-22 14:19:00-05:00,66.44000244140625,66.45500183105469,66.41999816894531,66.45140075683594,6478.0,-0.045131305470069716,-0.037607588171550965,-0.015056655403467012,0.01715580224390667
2024-11-22 14:20:00-05:00,66.47000122070312,66.55999755859375,66.44999694824219,66.50589752197266,49734.0,0.04515168301406636,0.15799522179833492,0.04516528172819889,0.0820099569249777
2024-11-22 14:21:00-05:00,66.53500366210938,66.53500366210938,66.5,66.51000213623047,5172.0,0.09779214715284201,-0.03755092758586098,0.07524914078891332,0.006171804923704727
2024-11-22 14:22:00-05:00,66.54000091552734,66.55000305175781,66.5199966430664,66.5199966430664,6248.0,0.00751071337328213,0.02254360685784995,0.030070139949489594,0.01502707339486875
2024-11-22 14:23:00-05:00,66.5,66.56999969482422,66.5,66.55999755859375,3737.0,-0.06011559209042616,0.030047546430389538,-0.030061100534484186,0.060133670393858196
2024-11-22 14:24:00-05:00,66.56999969482422,66.56999969482422,66.51499938964844,66.51499938964844,5998.0,0.10526269898378793,0.0,0.022555473155549954,-0.0676054245730695
2024-11-22 14:25:00-05:00,66.52999877929688,66.58000183105469,66.5199966430664,66.58000183105469,5579.0,-0.06008850189382908,0.015024990650935877,0.007512972207512902,0.09772598963049273
2024-11-22 14:26:00-05:00,66.589599609375,66.62000274658203,66.56999969482422,66.58999633789062,10691.0,0.08958489579391493,0.06007947495831889,0.07516995532352855,0.015011274498455407
2024-11-22 14:27:00-05:00,66.58999633789062,66.62999725341797,66.57009887695312,66.61499786376953,7186.0,0.000595781500334347,0.015002261218688417,0.00014898922842121465,0.03754546816918669
2024-11-22 14:28:00-05:00,66.61499786376953,66.63999938964844,66.58000183105469,66.58999633789062,17741.0,0.03754546816918669,0.015011461267855353,0.014875979258888172,-0.03753137683804031
2024-11-22 14:29:00-05:00,66.58999633789062,66.58999633789062,66.56999969482422,66.58499908447266,9707.0,-0.03753137683804031,-0.07503459216054997,-0.015022733486624862,-0.0075045107265192534
2024-11-22 14:30:00-05:00,66.5999984741211,66.62999725341797,66.5999984741211,66.62999725341797,7126.0,0.015020478721328168,0.060070457617045214,0.045063511242893206,0.06758003989491002
2024-11-22 14:31:00-05:00,66.62999725341797,66.66000366210938,66.62000274658203,66.62999725341797,7706.0,0.045043213189455145,0.04503438380356606,0.030036445824710434,0.0
2024-11-22 14:32:00-05:00,66.6500015258789,66.66999816894531,66.63999938964844,66.65499877929688,4841.0,0.030022922535710705,0.014993258756179628,0.03001597454517224,0.037522927974631415
2024-11-22 14:33:00-05:00,66.63999938964844,66.66000366210938,66.62999725341797,66.66000366210938,4723.0,-0.015006955741159178,-0.014991011115095265,-0.015009208166383292,0.0075086383679590085
2024-11-22 14:34:00-05:00,66.65499877929688,66.68000030517578,66.6500015258789,66.68000030517578,9514.0,0.022508087913886143,0.029997962748051776,0.030022922535710705,0.029997962748051776
2024-11-22 14:35:00-05:00,66.69000244140625,66.76000213623047,66.68499755859375,66.76000213623047,12128.0,0.05251468419535943,0.11997875028275651,0.052507174664140344,0.11997875028275651
2024-11-22 14:36:00-05:00,66.74040222167969,66.81999969482422,66.74040222167969,66.79499816894531,20511.0,0.07557321701663344,0.08987051628805975,0.08308414953042131,0.05242065847066435
2024-11-22 14:37:00-05:00,66.77639770507812,66.80500030517578,66.72000122070312,66.7300033569336,11515.0,0.05393357276881616,-0.022447455427931917,-0.030567692578176153,-0.09730490874081399
2024-11-22 14:38:00-05:00,66.7300033569336,66.75,66.69999694824219,66.74500274658203,8466.0,-0.0694771651945536,-0.08232962341820915,-0.029982422204644088,0.02247772949779403
2024-11-22 14:39:00-05:00,66.74500274658203,66.74500274658203,66.72000122070312,66.74500274658203,10836.0,0.02247772949779403,-0.007486521974486848,0.029991414357133372,0.0
2024-11-22 14:40:00-05:00,66.73999786376953,66.77059936523438,66.7300033569336,66.75,13964.0,-0.007498513156856124,0.038349865306819275,0.014991211102333146,0.007487082496560049
2024-11-22 14:41:00-05:00,66.73999786376953,66.73999786376953,66.72000122070312,66.7300033569336,6210.0,0.0,-0.045830802412683,-0.014988964075079991,-0.02995751770248356
2024-11-22 14:42:00-05:00,66.7300033569336,66.75499725341797,66.72000122070312,66.75499725341797,7277.0,-0.014975287917062818,0.02247436339308795,0.0,0.03745526034322211
2024-11-22 14:43:00-05:00,66.76499938964844,66.76499938964844,66.65499877929688,66.65499877929688,19522.0,0.0524442244183021,0.014983352021569196,-0.0974257197496553,-0.1497992333689635
2024-11-22 14:44:00-05:00,66.66000366210938,66.70999908447266,66.66000366210938,66.70500183105469,5148.0,-0.15726163184139885,-0.08237894956726333,0.0075086383679590085,0.07501770710907074
2024-11-22 14:45:00-05:00,66.72000122070312,66.75,66.72000122070312,66.75,9293.0,0.09000533347982564,0.05996239855541319,0.09000533347982564,0.06745846294897717
2024-11-22 14:46:00-05:00,66.74250030517578,66.75,66.7300033569336,66.7300033569336,9607.0,0.03372164877251116,0.0,0.014991211102333146,-0.02995751770248356
2024-11-22 14:47:00-05:00,66.7300033569336,66.73999786376953,66.66000366210938,66.68000030517578,28981.0,-0.018724123586988384,-0.014984473753509864,-0.10489988206623391,-0.07493338714573694
2024-11-22 14:48:00-05:00,66.68000030517578,66.70999908447266,66.68000030517578,66.70999908447266,3951.0,-0.07493338714573694,-0.044948726786164794,0.029997962748051776,0.04498917090518528
2024-11-22 14:49:00-05:00,66.70999908447266,66.71499633789062,66.59819793701172,66.70999908447266,71524.0,0.04498917090518528,0.007491011072624509,-0.1226790158813329,0.0
2024-11-22 14:50:00-05:00,66.69499969482422,66.7300033569336,66.68000030517578,66.70999908447266,32327.0,-0.022484469876016266,0.02249422148952185,0.12282970215113931,0.0
2024-11-22 14:51:00-05:00,66.72000122070312,66.79000091552734,66.69499969482422,66.77999877929688,14134.0,0.0374863572881079,0.08991091799115392,0.022494585452603744,0.10493133830744572
2024-11-22 14:52:00-05:00,66.79000091552734,66.80000305175781,66.69000244140625,66.72000122070312,18743.0,0.10491560782899256,0.014975499466030051,-0.007492695765554114,-0.08984360540651437
2024-11-22 14:53:00-05:00,66.7300033569336,66.77999877929688,66.72000122070312,66.76499938964844,8354.0,-0.08983015087786761,-0.029946514291978588,0.044982423449790865,0.06744329754500011
2024-11-22 14:54:00-05:00,66.7699966430664,66.80000305175781,66.76000213623047,66.77999877929688,12183.0,0.05993298984099393,0.029955484915555886,0.05995340946567396,0.022465947405914122
2024-11-22 14:55:00-05:00,66.77999877929688,66.86000061035156,66.77999877929688,66.8499984741211,16348.0,0.014979986121521627,0.08981670037837564,0.029953029398654962,0.10482134786429231
2024-11-22 14:56:00-05:00,66.86000061035156,66.875,66.8301010131836,66.875,12259.0,0.11979909032207026,0.022434025593054407,0.0750258083296762,0.037399441211039
2024-11-22 14:57:00-05:00,66.86000061035156,66.87999725341797,66.83000183105469,66.83999633789062,11014.0,0.0,0.007472528475460649,-0.00014840936554127993,-0.05234192464953491
2024-11-22 14:58:00-05:00,66.83999633789062,66.86000061035156,66.83599853515625,66.86000061035156,7423.0,-0.029919641457254453,-0.029899288109469513,0.008973071879792016,0.029928595985873052
2024-11-22 14:59:00-05:00,66.87000274658203,66.87000274658203,66.84500122070312,66.87000274658203,9075.0,0.044892893978798476,0.014959820728632778,0.013469815285449549,0.014959820728632778
2024-11-22 15:00:00-05:00,66.8499984741211,66.86000061035156,66.83999633789062,66.8499984741211,7550.0,-0.029915166202021393,-0.014957583101016247,-0.007487295566011021,-0.029915166202021393
2024-11-22 15:01:00-05:00,66.85459899902344,66.85459899902344,66.7699966430664,66.77999877929688,10467.0,0.006881862389462867,-0.008078987853443742,-0.10472725712065145,-0.10471158776662604
2024-11-22 15:02:00-05:00,66.77999877929688,66.80000305175781,66.75,66.75,9737.0,-0.11158577097688527,-0.08166371212012802,-0.029948545861557818,-0.044921802703257185
2024-11-22 15:03:00-05:00,66.72000122070312,66.72000122070312,66.63999938964844,66.6500015258789,10611.0,-0.08984360540651437,-0.11976321467036533,-0.164794921875,-0.14981044812149014
2024-11-22 15:04:00-05:00,66.65499877929688,66.66000366210938,66.5999984741211,66.62000274658203,8976.0,-0.0974257197496553,-0.08992439672668162,-0.06002538399416668,-0.04500942027019228
2024-11-22 15:05:00-05:00,66.62000274658203,66.66999816894531,66.62000274658203,66.66999816894531,10907.0,-0.05250323810029878,0.014993258756179628,0.030036445824710434,0.07504566241682831
2024-11-22 15:06:00-05:00,66.66000366210938,66.66000366210938,66.6050033569336,66.6050033569336,6685.0,0.06004340119813989,-0.014991011115095265,-0.022514843935828033,-0.09748734632782918
2024-11-22 15:07:00-05:00,66.61000061035156,66.62999725341797,66.54660034179688,66.54660034179688,9597.0,-0.07501207472365712,-0.04501411197560534,-0.08768562749519315,-0.08768562749519315
2024-11-22 15:08:00-05:00,66.55500030517578,66.56999969482422,66.52999877929688,66.52999877929688,4876.0,-0.08257064205345888,-0.09004586682715976,-0.024947273661957148,-0.024947273661957148
2024-11-22 15:09:00-05:00,66.52999877929688,66.55000305175781,66.51000213623047,66.5250015258789,9988.0,-0.03756521037378002,-0.03003852059196843,-0.030056581141302274,-0.007511278385174958
2024-11-22 15:10:00-05:00,66.55000305175781,66.55000305175781,66.48999786376953,66.48999786376953,10423.0,0.030068048741882514,0.0,-0.03007708888651539,-0.05261730373017359
2024-11-22 15:11:00-05:00,66.48999786376953,66.48999786376953,66.44999694824219,66.44999694824219,5308.0,-0.090165567598266,-0.090165567598266,-0.060160801342334924,-0.060160801342334924
2024-11-22 15:12:00-05:00,66.45999908447266,66.5199966430664,66.45999908447266,66.50499725341797,8275.0,-0.045117732381849684,0.045117732381849684,0.01505212443915216,0.08276946230505455
2024-11-22 15:13:00-05:00,66.51640319824219,66.52999877929688,66.50499725341797,66.51069641113281,11695.0,0.08486926654609483,0.015036284929692556,0.06770714650194964,0.008569518006473764
2024-11-22 15:14:00-05:00,66.5250015258789,66.5250015258789,66.50499725341797,66.5199966430664,6855.0,0.012926627453224704,-0.007511278385174958,0.0,0.013983062026756699
2024-11-22 15:15:00-05:00,66.54000091552734,66.55999755859375,66.5,66.5199966430664,11339.0,0.0225469963237801,0.052605835268160206,-0.007514102134198453,0.0
2024-11-22 15:16:00-05:00,66.48999786376953,66.48999786376953,66.44999694824219,66.4800033569336,6780.0,-0.07514735658222804,-0.10516781459103397,-0.07519255903430944,-0.06012220106896837
2024-11-22 15:17:00-05:00,66.48999786376953,66.5,66.4749984741211,66.4749984741211,7093.0,0.0,0.015043068960474137,0.03762457039446776,-0.007528403369094772
2024-11-22 15:18:00-05:00,66.4749984741211,66.48999786376953,66.44999694824219,66.4749984741211,9689.0,-0.022558866190924842,-0.015040806361610315,-0.037610419635647485,0.0
2024-11-22 15:19:00-05:00,66.45999908447266,66.4800033569336,66.44999694824219,66.46499633789062,9674.0,-0.022563956363652604,-0.015031594460890307,0.0,-0.015046463271994881
2024-11-22 15:20:00-05:00,66.46499633789062,66.48999786376953,66.41999816894531,66.41999816894531,10997.0,0.00751918971833021,0.015033854288892812,-0.04514489191058679,-0.0677020558559227
2024-11-22 15:21:00-05:00,66.41999816894531,66.45999908447266,66.41000366210938,66.45999908447266,10302.0,-0.0677020558559227,-0.045117732381849684,-0.015047436181070406,0.06022420450177979
2024-11-22 15:22:00-05:00,66.45999908447266,66.47000122070312,66.43000030517578,66.44000244140625,4518.0,0.06022420450177979,0.015049859115645603,0.030110889871570734,-0.030088238552317126
2024-11-22 15:23:00-05:00,66.44000244140625,66.47000122070312,66.41500091552734,66.41500091552734,7030.0,-0.030088238552317126,0.0,-0.022579240673692436,-0.037630230223062444
2024-11-22 15:24:00-05:00,66.41500091552734,66.44999694824219,66.41500091552734,66.44999694824219,5954.0,-0.037630230223062444,-0.03009518894774299,0.0,0.052692964288825195
2024-11-22 15:25:00-05:00,66.44999694824219,66.45999908447266,66.43499755859375,66.44000244140625,7099.0,0.052692964288825195,0.01505212443915216,0.030108624242641824,-0.015040643032271372
2024-11-22 15:26:00-05:00,66.44999694824219,66.44999694824219,66.41999816894531,66.42500305175781,6154.0,0.0,-0.0150498591156345,-0.02257754225881703,-0.02257584150703318
2024-11-22 15:27:00-05:00,66.42500305175781,66.42500305175781,66.4000015258789,66.4000015258789,5812.0,-0.03761308898756477,-0.03761308898756477,-0.0301063589546402,-0.03763872748251407
2024-11-22 15:28:00-05:00,66.41999816894531,66.44999694824219,66.41999816894531,66.44000244140625,9560.0,-0.007534636932726713,0.03762724175548904,0.03011542561277558,0.06024234127728345
2024-11-22 15:29:00-05:00,66.44000244140625,66.44000244140625,66.37750244140625,66.38500213623047,30549.0,0.030117845547139588,-0.015040643032271372,-0.06398032025078937,-0.0827819132371177
2024-11-22 15:30:00-05:00,66.36000061035156,66.37000274658203,66.33000183105469,66.3499984741211,12161.0,-0.12041214346016904,-0.10535775474413978,-0.07156131008920763,-0.052728268408497314
2024-11-22 15:31:00-05:00,66.33000183105469,66.33000183105469,66.30999755859375,66.31999969482422,6239.0,-0.045206116668106144,-0.060269570396254135,-0.030158709345262658,-0.04521293140432592
2024-11-22 15:32:00-05:00,66.31999969482422,66.37999725341797,66.31999969482422,66.37999725341797,12368.0,-0.015079354672631329,0.07537376900821346,0.015083903783330577,0.09046676548527532
2024-11-22 15:33:00-05:00,66.37999725341797,66.38999938964844,66.37000274658203,66.38999938964844,8065.0,0.09046676548527532,0.015067997355111551,0.07539664051252615,0.015067997355111551
2024-11-22 15:34:00-05:00,66.37999725341797,66.38999938964844,66.3499984741211,66.3499984741211,10852.0,0.0,0.0,-0.030140532820710497,-0.06025141722411087
2024-11-22 15:35:00-05:00,66.3499984741211,66.36000061035156,66.2699966430664,66.30000305175781,14333.0,-0.04519249855094998,-0.04518568997238237,-0.1205754828854877,-0.0753510527702339
2024-11-22 15:36:00-05:00,66.30999755859375,66.3499984741211,66.2699966430664,66.28500366210938,12325.0,-0.06028774144274385,-0.015072537881966053,0.0,-0.022623512757202757
2024-11-22 15:37:00-05:00,66.28500366210938,66.31999969482422,66.2833023071289,66.31999969482422,10213.0,-0.03769250098718535,-0.04521293140432592,0.020077960972542108,0.05279630501831001
2024-11-22 15:38:00-05:00,66.31999969482422,66.41999816894531,66.31999969482422,66.33000183105469,16299.0,0.05279630501831001,0.15078177711285168,0.05536445291345338,0.015081628884949794
2024-11-22 15:39:00-05:00,66.33000183105469,66.33999633789062,66.30130004882812,66.31999969482422,8332.0,0.015081628884949794,-0.12044840900355958,-0.028196088784893103,-0.015079354672631329
2024-11-22 15:40:00-05:00,66.33000183105469,66.44999694824219,66.33000183105469,66.44000244140625,16198.0,0.0,0.16581341034644925,0.043289923735168045,0.18094503488272906
2024-11-22 15:41:00-05:00,66.44000244140625,66.48500061035156,66.43499755859375,66.44999694824219,16300.0,0.1658383948665243,0.05267669483361992,0.1582929664414756,0.015042905582007826
2024-11-22 15:42:00-05:00,66.44999694824219,66.48999786376953,66.43499755859375,66.4800033569336,18773.0,0.015042905582007826,0.0075163621449769735,0.0,0.04515637331747868
2024-11-22 15:43:00-05:00,66.4749984741211,66.48999786376953,66.47000122070312,66.4800033569336,10868.0,0.03762457039446776,0.0,0.05268858793665565,0.0
2024-11-22 15:44:00-05:00,66.4800033569336,66.48999786376953,66.44999694824219,66.4800033569336,17306.0,0.00752897018034826,0.0,-0.03009518894774299,0.0
2024-11-22 15:45:00-05:00,66.48989868164062,66.54000091552734,66.46499633789062,66.47000122070312,17144.0,0.01488466336847516,0.07520387030282016,0.022572445955293396,-0.01504533051355228
2024-11-22 15:46:00-05:00,66.47000122070312,66.55999755859375,66.47000122070312,66.53500366210938,13316.0,-0.029925539566200143,0.030052063106800198,0.007530103194564042,0.09779214715284201
2024-11-22 15:47:00-05:00,66.54000091552734,66.56999969482422,66.5199966430664,66.55000305175781,19342.0,0.10531020541402203,0.015027248493604262,0.07521501646627904,0.02254360685784995
2024-11-22 15:48:00-05:00,66.55000305175781,66.55000305175781,66.51000213623047,66.5199966430664,17100.0,0.01503176449180188,-0.03003852059196843,-0.01502481560479163,-0.04508851587590179
2024-11-22 15:49:00-05:00,66.53500366210938,66.53500366210938,66.51000213623047,66.5199966430664,18804.0,-0.0225385258611821,-0.0225385258611821,0.0,0.0
2024-11-22 15:50:00-05:00,66.51000213623047,66.55999755859375,66.47000122070312,66.55999755859375,32198.0,-0.03757650034239557,0.03756503360441421,-0.06014270672464184,0.060133670393858196
2024-11-22 15:51:00-05:00,66.55999755859375,66.5999984741211,66.55999755859375,66.58999633789062,24396.0,0.07516978011949949,0.06009753154232467,0.13539391641022025,0.045070283048720405
2024-11-22 15:52:00-05:00,66.58999633789062,66.68000030517578,66.55000305175781,66.66000366210938,46614.0,0.045070283048720405,0.12012287220362072,-0.01501578606150078,0.10513189378102972
2024-11-22 15:53:00-05:00,66.66000366210938,66.74500274658203,66.6500015258789,66.72000122070312,33577.0,0.10513189378102972,0.09748416483015276,0.15026066045906727,0.09000533347982564
2024-11-22 15:54:00-05:00,66.72000122070312,66.73999786376953,66.63999938964844,66.65499877929688,69477.0,0.09000533347982564,-0.007498513156856124,-0.015006955741159178,-0.0974257197496553
2024-11-22 15:55:00-05:00,66.68000030517578,66.72000122070312,66.51000213623047,66.5999984741211,86232.0,-0.059953409465662855,-0.029962007351613806,-0.19507391147749464,-0.082514899381958
2024-11-22 15:56:00-05:00,66.5999984741211,66.69999694824219,66.56999969482422,66.69499969482422,57948.0,-0.11997875028275651,-0.029982422204644088,0.09020832456276828,0.1426444787983483
2024-11-22 15:57:00-05:00,66.69499969482422,66.7699966430664,66.69249725341797,66.75,71535.0,0.1426444787983483,0.1049470735036806,0.18401315781180205,0.08246541034178101
2024-11-22 15:58:00-05:00,66.73999786376953,66.76000213623047,66.66999816894531,66.7300033569336,87759.0,0.06746857958048746,-0.014968559740036191,-0.03373555557105723,-0.02995751770248356
2024-11-22 15:59:00-05:00,66.7249984741211,66.79000091552734,66.66999816894531,66.7300033569336,219665.0,-0.022474363393076846,0.044935258144018775,0.0,0.0
